日期,時段,指標,系統,高鐵周邊,A19周邊,前期範圍,2 青昇,A,B,C,D,6 青心,A,B,C,D,11 高鐵北/青埔,A,C,D,12 高鐵南/青埔,A,B,C,16 公園,A,C,18 民權,A,C,19 高鐵南/領航南,B,20 高鐵南/中豐北,A,B,C,D,1 台31/中正東路,中正東 (台31往高鐵_左轉),中正東 (台31往高鐵),中正東 (台31往匝道),中正東 (中正東往北),2 台31/599巷,599巷 (台31往匝道),599巷 (台31往高鐵),3 台31/五福路,五福路 (台31往匝道),五福路 (台31往高鐵),4-5 台31/領航南北路,領航南北路口 (領航北路),領航南北路口 (台31往高鐵),領航南北路口 (領航南路),領航南北路口 (高鐵北路往匝道),南1_青昇-青埔,北1_青埔-青昇,南2_公園-中豐,北2_中豐-公園,南3_青昇-公園,北3_公園-青昇,(前期)南_下匝道-領航,(前期)北_領航-上匝道,領航-青昇,青昇-青埔,青埔-公園路,公園路-中豐北,中豐北-公園路,公園路-青埔,青埔-青昇,領航北-文康(往東北),文康-領航北(往西南),台31下匝道-五福路,五福路-領航南北,五福路-台31上匝道,領航南北-五福路
2026-07-01,07:00~09:00,總停等延滯,524915.0,393828.0,131087.0,264796.0,80541.0,25711.0,30821.0,0.0,24009.0,160058.0,18539.0,19565.0,36505.0,85449.0,68738.0,16197.0,28239.0,24302.0,84491.0,38060.0,19695.0,26736.0,10916.0,2251.0,8665.0,6945.0,6053.0,892.0,19653.0,19653.0,93573.0,37125.0,20286.0,29567.0,6595.0,127412.0,22424.0,55842.0,36097.0,13049.0,37553.0,37526.0,27.0,0.0,0.0,0.0,99831.0,1468.0,42909.0,31206.0,24248.0,127.7,nan,146.9,148.8,201.4,nan,157.9,nan,170.8,128.4,73.7,147.6,145.4,161.6,0.0,111.0,0.0,75.9,81.0,0.0,0.0
2026-07-01,07:00~09:00,通過量,10851,7504,3347,5498,3579,1525,771,591,692,2686,550,357,802,977,2702,1226,752,724,2463,757,519,1187,1299,392,907,1902,805,1097,552,552,3421,1018,1308,688,407,7435,463,3328,2176,1468,5253,2919,2334,5570,2835,2735,3658,695,1256,511,1196
2026-07-01,07:00~09:00,平均停等延滯,48.4,52.5,39.2,48.2,22.5,16.9,40.0,0.0,34.7,59.6,33.7,54.8,45.5,87.5,25.4,13.2,37.6,33.6,34.3,50.3,37.9,22.5,8.4,5.7,9.6,3.7,7.5,0.8,35.6,35.6,27.4,36.5,15.5,43.0,16.2,17.1,48.4,16.8,16.6,8.9,7.1,12.9,0.0,0.0,0.0,0.0,27.3,2.1,34.2,61.1,20.3
2026-07-01,10:00~17:00,總停等延滯,1270205.0,1017208.0,252997.0,731120.0,284551.0,90153.0,87808.0,0.0,106590.0,374390.0,51524.0,54198.0,133019.0,135649.0,159782.0,43831.0,47118.0,68833.0,198485.0,68097.0,54803.0,75585.0,18206.0,6128.0,12078.0,27801.0,20263.0,7538.0,48337.0,48337.0,158653.0,87089.0,2818.0,47154.0,21592.0,384930.0,93129.0,196844.0,72825.0,22132.0,46211.0,46081.0,130.0,0.0,0.0,0.0,299979.0,13960.0,148852.0,75584.0,61583.0,125.3,nan,173.8,125.9,227.0,nan,252.2,nan,105.5,125.1,101.6,178.9,130.3,195.1,0.0,168.4,0.0,78.4,169.5,0.0,0.0
2026-07-01,10:00~17:00,通過量,30187,22771,7416,18479,12231,5133,2244,1911,2943,8540,1626,1178,3234,2502,8222,4438,1248,2536,7049,2062,1465,3522,3362,1198,2164,5696,2616,3080,1441,1441,7804,3027,2311,1386,1080,23901,2470,10657,7314,3460,16348,8159,8189,17099,8086,9013,11776,1664,4760,1473,3879
2026-07-01,10:00~17:00,平均停等延滯,42.1,44.7,34.1,39.6,23.3,17.6,39.1,0.0,36.2,43.8,31.7,46.0,41.1,54.2,19.4,9.9,37.8,27.1,28.2,33.0,37.4,21.5,5.4,5.1,5.6,4.9,7.7,2.4,33.5,33.5,20.3,28.8,1.2,34.0,20.0,16.1,37.7,18.5,10.0,6.4,2.8,5.6,0.0,0.0,0.0,0.0,25.5,8.4,31.3,51.3,15.9
2026-07-01,17:00~20:00,總停等延滯,692543.0,539082.0,153461.0,312147.0,134810.0,40361.0,42786.0,0.0,51663.0,204920.0,21273.0,31870.0,43649.0,108128.0,94575.0,24211.0,26758.0,43606.0,104777.0,41337.0,27933.0,35507.0,10300.0,3586.0,6714.0,17946.0,12127.0,5819.0,25100.0,25100.0,100115.0,48646.0,3277.0,30126.0,18066.0,157301.0,34838.0,78501.0,39363.0,4599.0,16399.0,16099.0,300.0,0.0,0.0,0.0,138447.0,9364.0,74079.0,29529.0,25475.0,143.1,nan,143.6,105.2,254.2,nan,171.4,nan,101.6,144.2,111.2,144.1,112.7,199.8,0.0,141.9,0.0,86.5,85.6,0.0,0.0
2026-07-01,17:00~20:00,通過量,15211,11115,4096,8026,5811,2438,1056,960,1357,4076,792,606,1240,1438,4491,2417,693,1381,3400,1254,744,1402,1671,661,1010,2916,1442,1474,763,763,4590,1918,1154,824,694,9793,988,5066,2651,1088,6787,2875,3912,7102,2902,4200,4860,817,2071,562,1410
2026-07-01,17:00~20:00,平均停等延滯,45.5,48.5,37.5,38.9,23.2,16.6,40.5,0.0,38.1,50.3,26.9,52.6,35.2,75.2,21.1,10.0,38.6,31.6,30.8,33.0,37.5,25.3,6.2,5.4,6.6,6.2,8.4,3.9,32.9,32.9,21.8,25.4,2.8,36.6,26.0,16.1,35.3,15.5,14.8,4.2,2.4,5.6,0.1,0.0,0.0,0.0,28.5,11.5,35.8,52.5,18.1
2026-07-01,10:00~12:00,總停等延滯,330428.0,265675.0,64753.0,187930.0,73817.0,27322.0,23717.0,0.0,22778.0,98494.0,11045.0,12827.0,42969.0,31653.0,39936.0,11432.0,12883.0,15621.0,53428.0,19027.0,16271.0,18130.0,4272.0,1913.0,2359.0,7137.0,5488.0,1649.0,11084.0,11084.0,42260.0,22735.0,2356.0,12835.0,4334.0,101195.0,27037.0,58643.0,8172.0,7343.0,4668.0,4668.0,0.0,0.0,0.0,0.0,82067.0,4098.0,42627.0,20874.0,14468.0,124.5,nan,166.5,141.8,215.4,nan,244.9,nan,113.2,126.0,90.5,168.5,160.1,160.0,0.0,165.4,0.0,79.9,147.6,0.0,0.0
2026-07-01,10:00~12:00,通過量,8237,6103,2134,5084,3235,1457,639,437,702,2343,463,321,915,644,2246,1287,330,629,1974,593,425,956,913,322,591,1568,726,842,412,412,2164,764,697,438,265,6590,738,2979,1864,1009,4431,2119,2312,4553,2063,2490,3274,478,1429,448,919
2026-07-01,10:00~12:00,平均停等延滯,40.1,43.5,30.3,37.0,22.8,18.8,37.1,0.0,32.4,42.0,23.9,40.0,47.0,49.2,17.8,8.9,39.0,24.8,27.1,32.1,38.3,19.0,4.7,5.9,4.0,4.6,7.6,2.0,26.9,26.9,19.5,29.8,3.4,29.3,16.4,15.4,36.6,19.7,4.4,7.3,1.1,2.2,0.0,0.0,0.0,0.0,25.1,8.6,29.8,46.6,15.7
2026-07-01,14:00~16:00,總停等延滯,368614.0,295775.0,72839.0,214880.0,88747.0,26972.0,26952.0,0.0,34823.0,107646.0,16717.0,12824.0,36649.0,41456.0,43909.0,13138.0,11144.0,19627.0,55473.0,17861.0,15377.0,22235.0,5209.0,2090.0,3119.0,8498.0,6264.0,2234.0,14975.0,14975.0,44157.0,25289.0,72.0,13767.0,5029.0,115665.0,30742.0,59552.0,19302.0,6069.0,14883.0,14862.0,21.0,0.0,0.0,0.0,84332.0,2656.0,41711.0,20749.0,19216.0,115.4,nan,214.7,124.0,231.5,nan,332.0,nan,95.6,114.7,116.0,235.6,123.1,187.6,0.0,174.3,0.0,72.8,254.1,0.0,0.0
2026-07-01,14:00~16:00,通過量,8633,6624,2009,5395,3694,1456,675,626,937,2456,435,314,940,767,2251,1266,301,684,2052,562,417,1073,946,341,605,1550,765,785,395,395,2138,865,620,345,308,6917,746,3025,2128,1018,4700,2406,2294,5151,2505,2646,3404,461,1319,441,1183
2026-07-01,14:00~16:00,平均停等延滯,42.7,44.7,36.3,39.8,24.0,18.5,39.9,0.0,37.2,43.8,38.4,40.8,39.0,54.0,19.5,10.4,37.0,28.7,27.0,31.8,36.9,20.7,5.5,6.1,5.2,5.5,8.2,2.8,37.9,37.9,20.7,29.2,0.1,39.9,16.3,16.7,41.2,19.7,9.1,6.0,3.2,6.2,0.0,0.0,0.0,0.0,24.8,5.8,31.6,47.0,16.2
2026-07-01,16:00~19:00,總停等延滯,732520.0,560738.0,171782.0,380974.0,144275.0,42778.0,43212.0,0.0,58285.0,211027.0,25877.0,31933.0,48048.0,105169.0,98149.0,25957.0,27760.0,44432.0,107287.0,43818.0,29113.0,34356.0,13110.0,3856.0,9254.0,17252.0,12583.0,4669.0,27988.0,27988.0,113432.0,55279.0,3312.0,32472.0,22369.0,193719.0,35038.0,82903.0,69976.0,5802.0,34633.0,34246.0,387.0,0.0,0.0,0.0,152622.0,9609.0,79930.0,35932.0,27151.0,146.8,nan,144.0,111.2,252.7,nan,177.2,nan,106.4,147.9,105.3,143.6,116.2,170.4,0.0,142.8,0.0,85.9,92.8,0.0,0.0
2026-07-01,16:00~19:00,通過量,15641,11313,4328,8718,5977,2515,1059,912,1491,3895,765,530,1244,1356,4489,2400,678,1411,3517,1244,770,1503,1808,693,1115,3140,1562,1578,816,816,4774,1955,1266,788,765,10887,1107,5475,3073,1232,7201,3155,4046,7418,3103,4315,5165,912,2117,602,1534
2026-07-01,16:00~19:00,平均停等延滯,46.8,49.6,39.7,43.7,24.1,17.0,40.8,0.0,39.1,54.2,33.8,60.3,38.6,77.6,21.9,10.8,40.9,31.5,30.5,35.2,37.8,22.9,7.3,5.6,8.3,5.5,8.1,3.0,34.3,34.3,23.8,28.3,2.6,41.2,29.2,17.8,31.7,15.1,22.8,4.7,4.8,10.9,0.1,0.0,0.0,0.0,29.5,10.5,37.8,59.7,17.7
2026-07-01,20:00~23:00,總停等延滯,337913.0,262566.0,75347.0,150285.0,68461.0,21271.0,20618.0,0.0,26572.0,107417.0,11833.0,26275.0,21871.0,47438.0,40332.0,13036.0,6484.0,20812.0,46356.0,23468.0,9665.0,13223.0,2897.0,1257.0,1640.0,12562.0,3290.0,9272.0,13557.0,13557.0,46331.0,36326.0,28.0,5218.0,4759.0,82252.0,26292.0,47277.0,8301.0,382.0,879.0,879.0,0.0,0.0,0.0,0.0,67154.0,0.0,28556.0,23292.0,15306.0,120.1,nan,132.6,176.9,200.0,nan,149.3,nan,93.7,121.3,86.5,129.4,170.9,156.2,0.0,161.6,0.0,74.6,72.6,0.0,0.0
2026-07-01,20:00~23:00,通過量,8652,6621,2031,4665,3563,1210,606,740,1007,2558,566,503,410,1079,2343,1230,277,836,1826,723,328,775,852,394,458,1230,685,545,388,388,2511,1262,602,396,251,5454,550,2445,1886,573,4217,2091,2126,4656,2218,2438,2995,350,975,612,1058
2026-07-01,20:00~23:00,平均停等延滯,39.1,39.7,37.1,32.2,19.2,17.6,34.0,0.0,26.4,42.0,20.9,52.2,53.3,44.0,17.2,10.6,23.4,24.9,25.4,32.5,29.5,17.1,3.4,3.2,3.6,10.2,4.8,17.0,34.9,34.9,18.5,28.8,0.0,13.2,19.0,15.1,47.8,19.3,4.4,0.7,0.2,0.4,0.0,0.0,0.0,0.0,22.4,0.0,29.3,38.1,14.5
2026-07-02,07:00~09:00,總停等延滯,488773.0,381849.0,106924.0,232532.0,87538.0,25253.0,36953.0,0.0,25332.0,148179.0,16704.0,20528.0,36024.0,74923.0,69529.0,17757.0,26467.0,25305.0,76603.0,27936.0,21443.0,27224.0,9945.0,2422.0,7523.0,5774.0,4461.0,1313.0,19988.0,19988.0,71217.0,31296.0,5379.0,25956.0,8586.0,113349.0,17775.0,49056.0,33670.0,12848.0,34618.0,34579.0,39.0,0.0,0.0,0.0,84565.0,1123.0,40370.0,25410.0,17662.0,114.6,nan,159.0,115.9,207.3,nan,205.3,nan,87.7,116.8,94.3,175.0,116.7,123.7,0.0,162.7,0.0,75.2,136.7,0.0,0.0
2026-07-02,07:00~09:00,通過量,10685,7426,3259,5355,3529,1596,693,573,667,2565,514,361,834,856,2761,1253,738,770,2494,749,516,1229,1319,410,909,1895,810,1085,554,554,3434,1139,1186,751,358,7685,517,3244,2538,1386,5213,2782,2431,5364,2774,2590,3538,720,1224,496,1098
2026-07-02,07:00~09:00,平均停等延滯,45.7,51.4,32.8,43.4,24.8,15.8,53.3,0.0,38.0,57.8,32.5,56.9,43.2,87.5,25.2,14.2,35.9,32.9,30.7,37.3,41.6,22.2,7.5,5.9,8.3,3.0,5.5,1.2,36.1,36.1,20.7,27.5,4.5,34.6,24.0,14.7,34.4,15.1,13.3,9.3,6.6,12.4,0.0,0.0,0.0,0.0,23.9,1.6,33.0,51.2,16.1
2026-07-02,10:00~17:00,總停等延滯,1384997.0,1109614.0,275383.0,715449.0,312452.0,99477.0,107662.0,0.0,105313.0,431318.0,54058.0,57685.0,168558.0,151017.0,164782.0,47625.0,46774.0,70383.0,201062.0,69685.0,54054.0,77323.0,15872.0,5392.0,10480.0,30450.0,20605.0,9845.0,52616.0,52616.0,176445.0,92140.0,7550.0,54868.0,21887.0,367721.0,89912.0,195049.0,61095.0,21665.0,49896.0,49808.0,88.0,0.0,0.0,0.0,297832.0,9512.0,142303.0,79218.0,66799.0,119.9,nan,178.5,162.8,222.2,nan,215.5,nan,117.2,120.3,102.3,182.1,175.4,239.1,0.0,147.2,0.0,121.7,97.0,0.0,0.0
2026-07-02,10:00~17:00,通過量,30203,22701,7502,18546,12398,5202,2128,1850,3218,8768,1669,1207,3343,2549,8244,4649,1319,2276,6722,1920,1398,3404,3347,1192,2155,5773,2596,3177,1472,1472,8279,3441,2377,1355,1106,24079,2282,10955,7394,3448,16684,8413,8271,17171,8136,9035,11565,1593,4663,1501,3808
2026-07-02,10:00~17:00,平均停等延滯,45.9,48.9,36.7,38.6,25.2,19.1,50.6,0.0,32.7,49.2,32.4,47.8,50.4,59.2,20.0,10.2,35.5,30.9,29.9,36.3,38.7,22.7,4.7,4.5,4.9,5.3,7.9,3.1,35.7,35.7,21.3,26.8,3.2,40.5,19.8,15.3,39.4,17.8,8.3,6.3,3.0,5.9,0.0,0.0,0.0,0.0,25.8,6.0,30.5,52.8,17.5
2026-07-02,17:00~20:00,總停等延滯,779939.0,568588.0,211351.0,293042.0,144586.0,39472.0,50845.0,0.0,54269.0,219481.0,28329.0,28617.0,52860.0,109675.0,101011.0,27254.0,27372.0,46385.0,103510.0,42929.0,27399.0,33182.0,11871.0,4089.0,7782.0,42006.0,24326.0,17680.0,30683.0,30683.0,126791.0,54504.0,711.0,49542.0,22034.0,158284.0,33595.0,77962.0,43300.0,3427.0,14325.0,14181.0,144.0,0.0,0.0,0.0,120433.0,1937.0,72957.0,27467.0,18072.0,144.0,nan,187.5,140.9,248.1,nan,172.9,nan,119.6,143.9,104.1,193.9,144.7,124.7,0.0,149.6,0.0,85.4,88.3,0.0,0.0
2026-07-02,17:00~20:00,通過量,15285,11093,4192,7822,5647,2395,1018,828,1406,4095,786,566,1182,1561,4364,2283,708,1373,3298,1232,730,1336,1730,661,1069,3062,1533,1529,805,805,4675,1949,1085,912,729,9539,993,4914,2665,967,6704,2776,3928,7138,2866,4272,4659,775,1969,608,1307
2026-07-02,17:00~20:00,平均停等延滯,51.0,51.3,50.4,37.5,25.6,16.5,49.9,0.0,38.6,53.6,36.0,50.6,44.7,70.3,23.1,11.9,38.7,33.8,31.4,34.8,37.5,24.8,6.9,6.2,7.3,13.7,15.9,11.6,38.1,38.1,27.1,28.0,0.7,54.3,30.2,16.6,33.8,15.9,16.2,3.5,2.1,5.1,0.0,0.0,0.0,0.0,25.8,2.5,37.1,45.2,13.8
2026-07-02,10:00~12:00,總停等延滯,351762.0,286479.0,65283.0,164011.0,81415.0,29578.0,29267.0,0.0,22570.0,111179.0,12844.0,14587.0,45594.0,38154.0,36856.0,10343.0,13735.0,12778.0,57029.0,18568.0,17107.0,21354.0,3419.0,848.0,2571.0,6250.0,3858.0,2392.0,12641.0,12641.0,42973.0,22909.0,2142.0,14113.0,3809.0,89257.0,24633.0,53872.0,4823.0,5929.0,2267.0,2260.0,7.0,0.0,0.0,0.0,72487.0,237.0,37741.0,21118.0,13391.0,118.0,nan,168.7,158.6,215.3,nan,287.5,nan,128.2,118.3,98.0,168.9,171.1,204.4,0.0,139.5,0.0,221.8,81.2,0.0,0.0
2026-07-02,10:00~12:00,通過量,8352,6156,2196,5005,3232,1470,593,419,750,2405,490,301,886,728,2153,1255,379,519,1960,544,394,1022,894,308,586,1614,672,942,375,375,2415,902,725,491,297,6560,604,3064,1929,963,4515,2195,2320,4686,2140,2546,3074,415,1322,400,937
2026-07-02,10:00~12:00,平均停等延滯,42.1,46.5,29.7,32.8,25.2,20.1,49.4,0.0,30.1,46.2,26.2,48.5,51.5,52.4,17.1,8.2,36.2,24.6,29.1,34.1,43.4,20.9,3.8,2.8,4.4,3.9,5.7,2.5,33.7,33.7,17.8,25.4,3.0,28.7,12.8,13.6,40.8,17.6,2.5,6.2,0.5,1.0,0.0,0.0,0.0,0.0,23.6,0.6,28.5,52.8,14.3
2026-07-02,14:00~16:00,總停等延滯,411988.0,325151.0,86837.0,235059.0,92304.0,28575.0,30363.0,0.0,33366.0,130911.0,19690.0,17261.0,51483.0,42477.0,46606.0,15128.0,9368.0,22110.0,55330.0,20028.0,12621.0,22681.0,6818.0,2682.0,4136.0,9696.0,6309.0,3387.0,15018.0,15018.0,55305.0,29283.0,4214.0,15247.0,6561.0,120792.0,28649.0,59512.0,25324.0,7307.0,24150.0,24150.0,0.0,0.0,0.0,0.0,90117.0,4102.0,41471.0,21879.0,22665.0,119.7,nan,223.1,181.5,218.0,nan,194.7,nan,114.0,120.0,98.1,238.0,191.4,331.7,0.0,144.5,0.0,89.2,107.5,0.0,0.0
2026-07-02,14:00~16:00,通過量,8812,6678,2134,5452,3847,1528,613,605,1101,2480,474,373,958,675,2363,1348,317,698,1897,524,395,978,968,356,612,1638,741,897,415,415,2319,956,719,327,317,7112,650,3100,2285,1077,5038,2646,2392,5080,2532,2548,3502,472,1328,407,1295
2026-07-02,14:00~16:00,平均停等延滯,46.8,48.7,40.7,43.1,24.0,18.7,49.5,0.0,30.3,52.8,41.5,46.3,53.7,62.9,19.7,11.2,29.6,31.7,29.2,38.2,32.0,23.2,7.0,7.5,6.8,5.9,8.5,3.8,36.2,36.2,23.8,30.6,5.9,46.6,20.7,17.0,44.1,19.2,11.1,6.8,4.8,9.1,0.0,0.0,0.0,0.0,25.7,8.7,31.2,53.8,17.5
2026-07-02,16:00~19:00,總停等延滯,826334.0,598290.0,228044.0,358548.0,158835.0,44955.0,53582.0,0.0,60298.0,224507.0,31111.0,28424.0,58105.0,106867.0,108086.0,30755.0,28511.0,48820.0,106862.0,46463.0,28263.0,32136.0,11648.0,4358.0,7290.0,41162.0,25846.0,15316.0,35320.0,35320.0,139914.0,60251.0,802.0,53680.0,25181.0,191621.0,36429.0,88039.0,62107.0,5046.0,30836.0,30661.0,175.0,0.0,0.0,0.0,136091.0,4592.0,78422.0,32762.0,20315.0,130.0,nan,185.1,129.6,230.2,nan,184.1,nan,117.7,130.8,100.3,194.7,127.6,111.6,0.0,150.6,0.0,87.9,98.6,0.0,0.0
2026-07-02,16:00~19:00,通過量,15678,11321,4357,8522,5922,2575,1042,829,1476,4021,781,560,1236,1444,4491,2383,724,1384,3280,1164,737,1379,1758,663,1095,3222,1619,1603,887,887,4845,2038,1157,840,810,10773,1134,5351,3117,1171,7225,3119,4106,7585,3161,4424,4923,857,2029,653,1384
2026-07-02,16:00~19:00,平均停等延滯,52.7,52.8,52.3,42.1,26.8,17.5,51.4,0.0,40.9,55.8,39.8,50.8,47.0,74.0,24.1,12.9,39.4,35.3,32.6,39.9,38.3,23.3,6.6,6.6,6.7,12.8,16.0,9.6,39.8,39.8,28.9,29.6,0.7,63.9,31.1,17.8,32.1,16.5,19.9,4.3,4.3,9.8,0.0,0.0,0.0,0.0,27.6,5.4,38.7,50.2,14.7
2026-07-02,20:00~23:00,總停等延滯,392624.0,307031.0,85593.0,141385.0,80787.0,16958.0,32887.0,0.0,30942.0,120205.0,13529.0,18009.0,35013.0,53654.0,47157.0,16466.0,10347.0,20344.0,58882.0,24924.0,11185.0,22773.0,2329.0,535.0,1794.0,17170.0,6359.0,10811.0,12292.0,12292.0,53802.0,42218.0,4.0,8402.0,3178.0,77730.0,24732.0,47118.0,2921.0,2959.0,613.0,613.0,0.0,0.0,0.0,0.0,63042.0,102.0,28538.0,12987.0,21415.0,118.5,nan,198.5,183.4,219.8,nan,159.0,nan,126.6,118.7,99.8,203.6,180.2,249.5,0.0,0.0,0.0,77.1,81.1,0.0,0.0
2026-07-02,20:00~23:00,通過量,8815,6679,2136,4747,3673,1307,594,886,886,3175,573,502,1038,1062,2382,1231,371,780,1965,788,340,837,873,351,522,1346,685,661,326,326,2631,1172,662,535,262,6146,514,2614,2135,883,4421,2180,2241,4861,2263,2598,3119,348,1152,398,1221
2026-07-02,20:00~23:00,平均停等延滯,44.5,46.0,40.1,29.8,22.0,13.0,55.4,0.0,34.9,37.9,23.6,35.9,33.7,50.5,19.8,13.4,27.9,26.1,30.0,31.6,32.9,27.2,2.7,1.5,3.4,12.8,9.3,16.4,37.7,37.7,20.4,36.0,0.0,15.7,12.1,12.6,48.1,18.0,1.4,3.4,0.1,0.3,0.0,0.0,0.0,0.0,20.2,0.3,24.8,32.6,17.5
2026-07-03,07:00~09:00,總停等延滯,487352.0,360330.0,127022.0,237284.0,83957.0,28647.0,30473.0,0.0,24837.0,141161.0,14654.0,17257.0,30509.0,78741.0,66535.0,15709.0,26424.0,24402.0,68677.0,23829.0,18998.0,25850.0,5513.0,2046.0,3467.0,17010.0,9796.0,7214.0,17058.0,17058.0,87441.0,34609.0,3097.0,38034.0,11701.0,118969.0,23117.0,53984.0,31909.0,9959.0,27943.0,27932.0,11.0,0.0,0.0,0.0,90372.0,2067.0,37645.0,29786.0,20874.0,127.5,nan,202.9,124.8,216.2,nan,169.8,nan,110.6,128.6,89.9,204.9,126.8,201.4,0.0,84.0,0.0,78.5,92.6,0.0,0.0
2026-07-03,07:00~09:00,通過量,10587,7335,3252,5389,3513,1547,713,583,670,2484,498,328,700,958,2690,1182,706,802,2308,697,508,1103,1272,367,905,1906,795,1111,530,530,3451,1096,1250,698,407,7241,552,3295,2222,1172,4716,2809,1907,5498,2767,2731,3492,734,1216,530,1012
2026-07-03,07:00~09:00,平均停等延滯,46.0,49.1,39.1,44.0,23.9,18.5,42.7,0.0,37.1,56.8,29.4,52.6,43.6,82.2,24.7,13.3,37.4,30.4,29.8,34.2,37.4,23.4,4.3,5.6,3.8,8.9,12.3,6.5,32.2,32.2,25.3,31.6,2.5,54.5,28.7,16.4,41.9,16.4,14.4,8.5,5.9,9.9,0.0,0.0,0.0,0.0,25.9,2.8,31.0,56.2,20.6
2026-07-03,10:00~17:00,總停等延滯,1512429.0,1174616.0,337813.0,802586.0,299107.0,90040.0,91576.0,0.0,117491.0,469649.0,64003.0,70531.0,156857.0,178258.0,185318.0,47460.0,58241.0,79617.0,220542.0,84624.0,59450.0,76468.0,21210.0,6546.0,14664.0,56683.0,27025.0,29658.0,57131.0,57131.0,202789.0,112143.0,1271.0,66553.0,22822.0,404335.0,93522.0,202407.0,87703.0,20703.0,58577.0,58450.0,127.0,0.0,0.0,0.0,339674.0,26151.0,148731.0,87493.0,77299.0,127.6,nan,187.8,164.0,224.2,nan,256.0,nan,117.4,127.9,97.5,187.8,165.6,202.2,0.0,152.3,0.0,80.6,181.6,0.0,0.0
2026-07-03,10:00~17:00,通過量,32843,24891,7952,19192,12981,5301,2411,2101,3168,9578,1803,1321,3517,2937,9171,4767,1510,2894,7636,2287,1670,3679,3623,1228,2395,6162,2809,3353,1643,1643,8829,3748,2486,1489,1106,24484,2375,11456,7546,3107,16704,8182,8522,17571,8182,9389,11656,1654,4641,1452,3909
2026-07-03,10:00~17:00,平均停等延滯,46.1,47.2,42.5,41.8,23.0,17.0,38.0,0.0,37.1,49.0,35.5,53.4,44.6,60.7,20.2,10.0,38.6,27.5,28.9,37.0,35.6,20.8,5.9,5.3,6.1,9.2,9.6,8.8,34.8,34.8,23.0,29.9,0.5,44.7,20.6,16.5,39.4,17.7,11.6,6.7,3.5,7.1,0.0,0.0,0.0,0.0,29.1,15.8,32.0,60.3,19.8
2026-07-03,17:00~20:00,總停等延滯,1012486.0,768373.0,244113.0,399248.0,147984.0,40705.0,48042.0,0.0,59237.0,347701.0,41673.0,39957.0,78441.0,187630.0,143341.0,43796.0,39989.0,59556.0,129347.0,57081.0,34645.0,37621.0,20867.0,6575.0,14292.0,34704.0,20020.0,14684.0,36213.0,36213.0,152329.0,68408.0,1710.0,61172.0,21039.0,206310.0,35660.0,80692.0,84548.0,5410.0,41077.0,40623.0,454.0,0.0,0.0,0.0,151861.0,7870.0,89596.0,27561.0,26834.0,153.8,nan,208.1,193.1,261.2,nan,180.8,nan,141.9,154.8,107.5,210.8,185.9,178.0,0.0,159.7,0.0,89.2,92.2,0.0,0.0
2026-07-03,17:00~20:00,通過量,17743,12863,4880,8772,6463,2745,1206,973,1539,4733,1073,658,1290,1712,5283,2669,1041,1573,3900,1511,873,1516,2115,758,1357,3883,1681,2202,931,931,5481,2290,1246,1191,754,10725,1158,5370,3167,1030,7278,3029,4249,7500,3001,4499,5526,843,2439,600,1644
2026-07-03,17:00~20:00,平均停等延滯,57.1,59.7,50.0,45.5,22.9,14.8,39.8,0.0,38.5,73.5,38.8,60.7,60.8,109.6,27.1,16.4,38.4,37.9,33.2,37.8,39.7,24.8,9.9,8.7,10.5,8.9,11.9,6.7,38.9,38.9,27.8,29.9,1.4,51.4,27.9,19.2,30.8,15.0,26.7,5.3,5.6,13.4,0.1,0.0,0.0,0.0,27.5,9.3,36.7,45.9,16.3
2026-07-03,10:00~12:00,總停等延滯,374663.0,294802.0,79861.0,179170.0,73898.0,25843.0,24213.0,0.0,23842.0,119846.0,19220.0,15594.0,47014.0,38018.0,43226.0,11232.0,16660.0,15334.0,57832.0,18787.0,18386.0,20659.0,5170.0,1375.0,3795.0,12463.0,3227.0,9236.0,13406.0,13406.0,48822.0,30418.0,22.0,13878.0,4504.0,84314.0,22749.0,50602.0,5295.0,5668.0,1566.0,1555.0,11.0,0.0,0.0,0.0,93290.0,14495.0,40564.0,21273.0,16958.0,141.0,nan,187.1,165.3,237.0,nan,177.4,nan,137.5,141.7,97.8,181.5,169.8,189.8,0.0,146.9,0.0,81.1,97.7,0.0,0.0
2026-07-03,10:00~12:00,通過量,8532,6423,2109,5117,3266,1439,620,490,717,2512,518,320,983,691,2390,1302,414,674,2080,532,520,1028,995,335,660,1673,744,929,402,402,2323,951,712,395,265,6613,705,3113,1885,910,4499,2145,2354,4683,2098,2585,3065,460,1306,394,905
2026-07-03,10:00~12:00,平均停等延滯,43.9,45.9,37.9,35.0,22.6,18.0,39.1,0.0,33.3,47.7,37.1,48.7,47.8,55.0,18.1,8.6,40.2,22.8,27.8,35.3,35.4,20.1,5.2,4.1,5.8,7.4,4.3,9.9,33.3,33.3,21.0,32.0,0.0,35.1,17.0,12.7,32.3,16.3,2.8,6.2,0.3,0.7,0.0,0.0,0.0,0.0,30.4,31.5,31.1,54.0,18.7
2026-07-03,14:00~16:00,總停等延滯,443982.0,339546.0,104436.0,243022.0,91437.0,24398.0,28100.0,0.0,38939.0,136254.0,16012.0,23852.0,40482.0,55908.0,52398.0,13743.0,14030.0,24625.0,59457.0,23519.0,15124.0,20814.0,7622.0,2343.0,5279.0,16646.0,11558.0,5088.0,18599.0,18599.0,61569.0,33563.0,145.0,21651.0,6210.0,130327.0,30247.0,62198.0,30785.0,7097.0,25377.0,25340.0,37.0,0.0,0.0,0.0,87318.0,1526.0,40119.0,24705.0,20968.0,127.3,nan,183.3,138.7,223.1,nan,390.1,nan,121.1,127.4,95.9,189.4,146.2,209.7,0.0,158.0,0.0,81.1,318.6,0.0,0.0
2026-07-03,14:00~16:00,通過量,9642,7272,2370,5645,3891,1550,698,649,994,2857,491,423,1040,903,2630,1382,411,837,2183,727,421,1035,1057,380,677,1760,864,896,523,523,2642,1175,742,421,304,7312,628,3358,2423,903,4936,2496,2440,5142,2472,2670,3399,443,1297,427,1232
2026-07-03,14:00~16:00,平均停等延滯,46.0,46.7,44.1,43.1,23.5,15.7,40.3,0.0,39.2,47.7,32.6,56.4,38.9,61.9,19.9,9.9,34.1,29.4,27.2,32.4,35.9,20.1,7.2,6.2,7.8,9.5,13.4,5.7,35.6,35.6,23.3,28.6,0.2,51.4,20.4,17.8,48.2,18.5,12.7,7.9,5.1,10.2,0.0,0.0,0.0,0.0,25.7,3.4,30.9,57.9,17.0
2026-07-03,16:00~19:00,總停等延滯,987052.0,735955.0,251097.0,465128.0,155251.0,45050.0,45895.0,0.0,64306.0,309613.0,39052.0,36011.0,73021.0,161529.0,142245.0,41325.0,41471.0,59449.0,128846.0,55322.0,33628.0,39896.0,21153.0,6774.0,14379.0,33434.0,20887.0,12547.0,37289.0,37289.0,159221.0,69700.0,2456.0,63775.0,23290.0,247061.0,37875.0,88278.0,114003.0,6905.0,59428.0,58918.0,510.0,0.0,0.0,0.0,158639.0,10392.0,89147.0,31913.0,27187.0,139.6,nan,189.5,164.6,246.0,nan,205.5,nan,126.9,139.7,106.4,186.6,164.3,236.5,0.0,146.0,0.0,88.7,129.9,0.0,0.0
2026-07-03,16:00~19:00,通過量,17826,12846,4980,9042,6615,2759,1216,915,1725,4373,958,596,1294,1525,5262,2677,999,1586,3868,1428,844,1596,2140,757,1383,3934,1762,2172,938,938,5539,2254,1382,1075,828,11375,1212,5488,3479,1196,7432,3129,4303,7743,3147,4596,5530,915,2273,612,1730
2026-07-03,16:00~19:00,平均停等延滯,55.4,57.3,50.4,51.4,23.5,16.3,37.7,0.0,37.3,70.8,40.8,60.4,56.4,105.9,27.0,15.4,41.5,37.5,33.3,38.7,39.8,25.0,9.9,8.9,10.4,8.5,11.9,5.8,39.8,39.8,28.7,30.9,1.8,59.3,28.1,21.7,31.2,16.1,32.8,5.8,8.0,18.8,0.1,0.0,0.0,0.0,28.7,11.4,39.2,52.1,15.7
2026-07-03,20:00~23:00,總停等延滯,588145.0,462412.0,125733.0,194987.0,104532.0,25849.0,30048.0,0.0,48635.0,213770.0,24811.0,27542.0,50075.0,111342.0,72480.0,19412.0,19257.0,33811.0,71630.0,29400.0,18784.0,23446.0,3800.0,1478.0,2322.0,25890.0,7948.0,17942.0,16735.0,16735.0,79308.0,60328.0,0.0,11682.0,7298.0,89904.0,25728.0,50370.0,12762.0,1044.0,6434.0,6431.0,3.0,0.0,0.0,0.0,98649.0,274.0,46327.0,15941.0,36107.0,152.9,nan,207.3,184.2,251.9,nan,319.3,nan,92.0,157.1,101.6,203.3,177.2,109.6,0.0,144.7,0.0,82.3,244.5,0.0,0.0
2026-07-03,20:00~23:00,通過量,11827,9057,2770,6093,4994,1752,840,1135,1267,4192,849,608,1205,1530,3269,1635,511,1123,2525,1099,497,929,1176,495,681,1911,980,931,472,472,3280,1477,825,638,340,7074,576,3266,2622,610,5736,2893,2843,6058,3000,3058,4339,462,1626,385,1866
2026-07-03,20:00~23:00,平均停等延滯,49.7,51.1,45.4,32.0,20.9,14.8,35.8,0.0,38.4,51.0,29.2,45.3,41.6,72.8,22.2,11.9,37.7,30.1,28.4,26.8,37.8,25.2,3.2,3.0,3.4,13.5,8.1,19.3,35.5,35.5,24.2,40.8,0.0,18.3,21.5,12.7,44.7,15.4,4.9,1.7,1.1,2.2,0.0,0.0,0.0,0.0,22.7,0.6,28.5,41.4,19.3
2026-07-04,07:00~09:00,總停等延滯,245189.0,198069.0,47120.0,115343.0,49350.0,24688.0,14923.0,0.0,9739.0,81677.0,12183.0,5436.0,31919.0,32139.0,28631.0,8984.0,10315.0,9332.0,38411.0,13523.0,7900.0,16988.0,2624.0,1071.0,1553.0,4491.0,3064.0,1427.0,8696.0,8696.0,31309.0,16306.0,13.0,9806.0,5184.0,63311.0,16584.0,32321.0,9840.0,4566.0,3309.0,3309.0,0.0,0.0,0.0,0.0,48723.0,128.0,27632.0,9728.0,11235.0,101.0,nan,153.9,101.7,199.3,nan,170.6,nan,90.3,100.6,99.5,150.8,105.7,149.7,0.0,161.3,0.0,87.6,86.6,0.0,0.0
2026-07-04,07:00~09:00,通過量,5874,4283,1591,3154,2145,1143,351,318,333,1778,425,174,598,581,1542,811,319,412,1373,403,313,657,658,227,431,1010,446,564,229,229,1691,556,617,256,262,4449,358,1996,1362,733,2766,1593,1173,3629,1638,1991,2082,377,905,249,551
2026-07-04,07:00~09:00,平均停等延滯,41.7,46.2,29.6,36.6,23.0,21.6,42.5,0.0,29.2,45.9,28.7,31.2,53.4,55.3,18.6,11.1,32.3,22.7,28.0,33.6,25.2,25.9,4.0,4.7,3.6,4.4,6.9,2.5,38.0,38.0,18.5,29.3,0.0,38.3,19.8,14.2,46.3,16.2,7.2,6.2,1.2,2.1,0.0,0.0,0.0,0.0,23.4,0.3,30.5,39.1,20.4
2026-07-04,10:00~17:00,總停等延滯,2014400.0,1688835.0,325565.0,961399.0,376910.0,113173.0,112727.0,0.0,151010.0,674136.0,94594.0,86763.0,238155.0,254624.0,390448.0,174259.0,90244.0,125945.0,247341.0,79411.0,73488.0,94442.0,28544.0,5507.0,23037.0,44036.0,19289.0,24747.0,63421.0,63421.0,189564.0,91558.0,1428.0,73568.0,23010.0,350320.0,66190.0,158191.0,106757.0,19182.0,116515.0,116501.0,14.0,0.0,0.0,0.0,494564.0,39547.0,259261.0,75363.0,120393.0,139.8,nan,160.9,143.2,230.0,nan,173.5,nan,133.0,141.0,91.1,161.8,143.1,282.8,0.0,148.1,0.0,82.1,91.6,0.0,0.0
2026-07-04,10:00~17:00,通過量,36909,28528,8381,19339,15057,5778,3163,1981,4135,10453,1908,1472,3580,3493,12126,6634,2104,3388,7575,2580,1768,3227,3969,1182,2787,6474,2669,3805,1644,1644,8843,3288,2962,1317,1276,23273,2031,10636,7702,2904,18312,8634,9678,19536,8762,10774,13263,1844,4747,1479,5193
2026-07-04,10:00~17:00,平均停等延滯,54.6,59.2,38.8,49.7,25.0,19.6,35.6,0.0,36.5,64.5,49.6,58.9,66.5,72.9,32.2,26.3,42.9,37.2,32.7,30.8,41.6,29.3,7.2,4.7,8.3,6.8,7.2,6.5,38.6,38.6,21.4,27.8,0.5,55.9,18.0,15.1,32.6,14.9,13.9,6.6,6.4,13.5,0.0,0.0,0.0,0.0,37.3,21.4,54.6,51.0,23.2
2026-07-04,17:00~20:00,總停等延滯,794989.0,667894.0,127095.0,432877.0,173565.0,52683.0,43901.0,0.0,76981.0,249315.0,43560.0,39674.0,68019.0,98062.0,151241.0,66743.0,33927.0,50571.0,93773.0,37421.0,26397.0,29955.0,9597.0,3003.0,6594.0,18306.0,10354.0,7952.0,25398.0,25398.0,73794.0,38704.0,880.0,20677.0,13533.0,175982.0,31930.0,65947.0,71121.0,6984.0,63434.0,63355.0,79.0,0.0,0.0,0.0,193461.0,12729.0,93446.0,27411.0,59875.0,155.4,nan,155.5,126.5,251.1,nan,203.0,nan,138.7,155.4,95.6,151.3,132.4,180.1,0.0,143.8,0.0,101.4,91.9,0.0,0.0
2026-07-04,17:00~20:00,通過量,15413,11825,3588,7662,6529,2391,1077,968,2093,4259,821,736,1411,1291,4850,2513,723,1614,2948,1048,668,1232,1605,536,1069,2715,1219,1496,690,690,3958,1596,1097,651,614,9448,768,4176,3415,1089,7229,3573,3656,7887,3671,4216,5117,748,1651,484,2234
2026-07-04,17:00~20:00,平均停等延滯,51.6,56.5,35.4,56.5,26.6,22.0,40.8,0.0,36.8,58.5,53.1,53.9,48.2,76.0,31.2,26.6,46.9,31.3,31.8,35.7,39.5,24.3,6.0,5.6,6.2,6.7,8.5,5.3,36.8,36.8,18.6,24.3,0.8,31.8,22.0,18.6,41.6,15.8,20.8,6.4,8.8,17.7,0.0,0.0,0.0,0.0,37.8,17.0,56.6,56.6,26.8
2026-07-04,10:00~12:00,總停等延滯,549693.0,438486.0,111207.0,231974.0,86653.0,31652.0,27763.0,0.0,27238.0,174519.0,21348.0,20303.0,57232.0,75636.0,104923.0,48333.0,27707.0,28883.0,72391.0,22368.0,23393.0,26630.0,8760.0,1529.0,7231.0,16587.0,6365.0,10222.0,15862.0,15862.0,69998.0,28839.0,376.0,33827.0,6956.0,86384.0,17811.0,41990.0,22987.0,3596.0,17728.0,17728.0,0.0,0.0,0.0,0.0,127862.0,7079.0,70222.0,21527.0,29034.0,134.3,nan,191.1,182.5,217.6,nan,173.9,nan,127.0,132.6,84.4,186.7,178.5,393.2,0.0,151.1,0.0,83.3,92.3,0.0,0.0
2026-07-04,10:00~12:00,通過量,10089,7621,2468,4981,3635,1589,814,492,740,2950,521,382,984,1063,3271,1703,652,916,2207,742,512,953,1146,310,836,1914,714,1200,436,436,2651,929,834,547,341,6199,554,2971,1923,751,4918,2267,2651,5272,2262,3010,3325,509,1360,361,1095
2026-07-04,10:00~12:00,平均停等延滯,54.5,57.5,45.1,46.6,23.8,19.9,34.1,0.0,36.8,59.2,41.0,53.1,58.2,71.2,32.1,28.4,42.5,31.5,32.8,30.1,45.7,27.9,7.6,4.9,8.6,8.7,8.9,8.5,36.4,36.4,26.4,31.0,0.5,61.8,20.4,13.9,32.1,14.1,12.0,4.8,3.6,7.8,0.0,0.0,0.0,0.0,38.5,13.9,51.6,59.6,26.5
2026-07-04,14:00~16:00,總停等延滯,594538.0,506012.0,88526.0,302974.0,123262.0,36324.0,32619.0,0.0,54319.0,190527.0,34298.0,25960.0,70663.0,59606.0,120059.0,51689.0,23997.0,44373.0,72164.0,20521.0,19413.0,32230.0,8597.0,2170.0,6427.0,13230.0,6402.0,6828.0,18953.0,18953.0,47746.0,25815.0,432.0,15464.0,6035.0,112630.0,18544.0,48722.0,38268.0,7096.0,43083.0,43080.0,3.0,0.0,0.0,0.0,147261.0,13029.0,73884.0,20983.0,39365.0,113.3,nan,167.1,121.7,209.2,nan,173.8,nan,143.0,112.8,97.0,174.4,121.3,186.2,0.0,142.2,0.0,81.3,91.6,0.0,0.0
2026-07-04,14:00~16:00,通過量,10583,8244,2339,5632,4566,1672,865,615,1414,3107,548,464,1107,988,3488,1972,538,978,2106,781,463,862,1139,363,776,1860,811,1049,459,459,2452,935,886,286,345,6824,619,2869,2443,893,5472,2575,2897,5783,2678,3105,4104,546,1414,438,1706
2026-07-04,14:00~16:00,平均停等延滯,56.2,61.4,37.8,53.8,27.0,21.7,37.7,0.0,38.4,61.3,62.6,55.9,63.8,60.3,34.4,26.2,44.6,45.4,34.3,26.3,41.9,37.4,7.5,6.0,8.3,7.1,7.9,6.5,41.3,41.3,19.5,27.6,0.5,54.1,17.5,16.5,30.0,17.0,15.7,7.9,7.9,16.7,0.0,0.0,0.0,0.0,35.9,23.9,52.3,47.9,23.1
2026-07-04,16:00~19:00,總停等延滯,919240.0,774607.0,144633.0,480531.0,194821.0,57698.0,50757.0,0.0,86366.0,288111.0,44127.0,43818.0,85412.0,114754.0,187065.0,88263.0,41656.0,57146.0,104610.0,44260.0,26858.0,33492.0,9863.0,3034.0,6829.0,21300.0,11852.0,9448.0,28784.0,28784.0,84686.0,43695.0,1012.0,24973.0,15006.0,191790.0,34324.0,72196.0,75179.0,10091.0,80590.0,80500.0,90.0,0.0,0.0,0.0,208151.0,16559.0,106354.0,30419.0,54819.0,148.6,nan,152.4,150.9,248.8,nan,169.0,nan,142.4,148.9,100.9,149.5,158.8,155.6,0.0,139.5,0.0,77.5,91.8,0.0,0.0
2026-07-04,16:00~19:00,通過量,16400,12597,3803,8392,6797,2486,1282,857,2172,4355,844,758,1356,1397,5293,2824,822,1647,3214,1181,686,1347,1705,577,1128,2946,1347,1599,761,761,4013,1548,1191,600,674,10403,869,4626,3618,1290,7498,3636,3862,8254,3751,4503,5504,807,1800,597,2300
2026-07-04,16:00~19:00,平均停等延滯,56.1,61.5,38.0,57.3,28.7,23.2,39.6,0.0,39.8,66.2,52.3,57.8,63.0,82.1,35.3,31.3,50.7,34.7,32.5,37.5,39.2,24.9,5.8,5.3,6.1,7.2,8.8,5.9,37.8,37.8,21.1,28.2,0.8,41.6,22.3,18.4,39.5,15.6,20.8,7.8,10.7,22.1,0.0,0.0,0.0,0.0,37.8,20.5,59.1,51.0,23.8
2026-07-04,20:00~23:00,總停等延滯,531233.0,444639.0,86594.0,277085.0,130415.0,38936.0,31604.0,0.0,59875.0,176843.0,33795.0,27701.0,45923.0,69424.0,67173.0,19994.0,13960.0,33219.0,70208.0,23464.0,16210.0,30534.0,3420.0,2114.0,1306.0,13332.0,6880.0,6452.0,15348.0,15348.0,54494.0,43121.0,42.0,5705.0,5626.0,115075.0,25020.0,47045.0,39053.0,3957.0,32929.0,32929.0,0.0,0.0,0.0,0.0,129081.0,3416.0,49166.0,14462.0,62037.0,138.5,nan,171.8,135.4,241.3,nan,159.9,nan,116.7,138.7,103.5,167.3,137.6,155.4,0.0,140.4,0.0,71.2,88.7,0.0,0.0
2026-07-04,20:00~23:00,通過量,11498,9033,2465,6350,5288,1680,749,1035,1824,3765,694,597,1238,1236,3349,1644,428,1277,2121,879,448,794,1075,488,587,1624,940,684,417,417,3137,1577,756,469,335,7634,540,2960,3232,902,6214,3452,2762,6616,3573,3043,4499,527,1122,316,2534
2026-07-04,20:00~23:00,平均停等延滯,46.2,49.2,35.1,43.6,24.7,23.2,42.2,0.0,32.8,47.0,48.7,46.4,37.1,56.2,20.1,12.2,32.6,26.0,33.1,26.7,36.2,38.5,3.2,4.3,2.2,8.2,7.3,9.4,36.8,36.8,17.4,27.3,0.1,12.2,16.8,15.1,46.3,15.9,12.1,4.4,5.3,9.5,0.0,0.0,0.0,0.0,28.7,6.5,43.8,45.8,24.5
2026-07-05,07:00~09:00,總停等延滯,176338.0,151293.0,25045.0,84011.0,34240.0,16008.0,10664.0,0.0,7568.0,65507.0,8529.0,5381.0,31512.0,20085.0,21470.0,7119.0,8952.0,5399.0,30076.0,4942.0,7668.0,17466.0,2006.0,755.0,1251.0,775.0,441.0,334.0,6833.0,6833.0,15431.0,9062.0,0.0,3964.0,2405.0,50774.0,15685.0,26979.0,7085.0,1025.0,259.0,259.0,0.0,0.0,0.0,0.0,32978.0,8.0,17223.0,7325.0,8422.0,118.1,nan,144.8,95.6,196.1,nan,202.0,nan,120.1,119.2,80.6,144.0,96.4,181.7,0.0,0.0,0.0,93.2,109.3,0.0,0.0
2026-07-05,07:00~09:00,通過量,4353,3325,1028,2094,1753,821,286,270,376,1460,317,154,500,489,1166,643,239,284,989,313,165,511,530,169,361,705,312,393,152,152,1105,398,400,134,173,2885,223,1268,948,446,2000,1096,904,2444,1114,1330,1387,241,543,188,415
2026-07-05,07:00~09:00,平均停等延滯,40.5,45.5,24.4,40.1,19.5,19.5,37.3,0.0,20.1,44.9,26.9,34.9,63.0,41.1,18.4,11.1,37.5,19.0,30.4,15.8,46.5,34.2,3.8,4.5,3.5,1.1,1.4,0.8,45.0,45.0,14.0,22.8,0.0,29.6,13.9,17.6,70.3,21.3,7.5,2.3,0.1,0.2,0.0,0.0,0.0,0.0,23.8,0.0,31.7,39.0,20.3
2026-07-05,10:00~17:00,總停等延滯,2174195.0,1870026.0,304169.0,944878.0,413912.0,140528.0,111509.0,0.0,161875.0,796606.0,133399.0,96431.0,264686.0,302090.0,392212.0,185970.0,91123.0,115119.0,267296.0,66576.0,78282.0,122438.0,25296.0,5471.0,19825.0,43990.0,13584.0,30406.0,56469.0,56469.0,178414.0,84925.0,2515.0,65368.0,25606.0,338392.0,71184.0,155943.0,96968.0,14297.0,102111.0,102073.0,38.0,0.0,0.0,0.0,504375.0,30741.0,261664.0,68899.0,143071.0,141.9,nan,156.1,133.0,234.9,nan,172.8,nan,142.4,144.1,93.4,157.1,137.3,255.0,0.0,164.8,0.0,82.5,90.3,0.0,0.0
2026-07-05,10:00~17:00,通過量,37053,29206,7847,18720,15646,6193,3157,1972,4324,10817,2299,1463,3503,3552,12432,6768,2289,3375,7568,2715,1834,3019,3795,1050,2745,6494,2465,4029,1577,1577,8304,3084,2748,1174,1298,22047,1770,10528,7141,2608,18119,8252,9867,19356,8446,10910,12829,1698,4709,1250,5172
2026-07-05,10:00~17:00,平均停等延滯,58.7,64.0,38.8,50.5,26.5,22.7,35.3,0.0,37.4,73.6,58.0,65.9,75.6,85.0,31.5,27.5,39.8,34.1,35.3,24.5,42.7,40.6,6.7,5.2,7.2,6.8,5.5,7.5,35.8,35.8,21.5,27.5,0.9,55.7,19.7,15.3,40.2,14.8,13.6,5.5,5.6,12.4,0.0,0.0,0.0,0.0,39.3,18.1,55.6,55.1,27.7
2026-07-05,17:00~20:00,總停等延滯,935945.0,784066.0,151879.0,411257.0,185343.0,52721.0,46879.0,0.0,85743.0,334205.0,56462.0,35704.0,89520.0,152519.0,149032.0,54608.0,37089.0,57335.0,115486.0,19929.0,26584.0,68973.0,12886.0,3426.0,9460.0,23096.0,10022.0,13074.0,26499.0,26499.0,89398.0,49106.0,1305.0,25379.0,13608.0,156249.0,30192.0,59916.0,57715.0,8426.0,59576.0,59576.0,0.0,0.0,0.0,0.0,195432.0,10462.0,92438.0,27412.0,65120.0,172.9,nan,179.1,146.0,284.8,nan,171.6,nan,147.2,169.9,112.8,185.5,151.9,333.3,0.0,175.7,0.0,80.0,91.4,0.0,0.0
2026-07-05,17:00~20:00,通過量,16265,12600,3665,8209,6910,2626,999,1061,2224,4899,1008,625,1423,1843,4832,2341,880,1611,3048,1256,663,1129,1749,594,1155,2889,1342,1547,708,708,4208,1845,1031,750,582,9705,772,3983,3711,1239,7316,3893,3423,7886,4020,3866,5831,757,1620,533,2921
2026-07-05,17:00~20:00,平均停等延滯,57.5,62.2,41.4,50.1,26.8,20.1,46.9,0.0,38.6,68.2,56.0,57.1,62.9,82.8,30.8,23.3,42.1,35.6,37.9,15.9,40.1,61.1,7.4,5.8,8.2,8.0,7.5,8.5,37.4,37.4,21.2,26.6,1.3,33.8,23.4,16.1,39.1,15.0,15.6,6.8,8.1,15.3,0.0,0.0,0.0,0.0,33.5,13.8,57.1,51.4,22.3
2026-07-05,10:00~12:00,總停等延滯,488140.0,406574.0,81566.0,220912.0,100624.0,38305.0,27643.0,0.0,34676.0,159444.0,27667.0,17747.0,64591.0,49439.0,86816.0,40022.0,23274.0,23520.0,59690.0,21596.0,20645.0,17449.0,6674.0,1644.0,5030.0,10229.0,1407.0,8822.0,14952.0,14952.0,49711.0,19382.0,829.0,21902.0,7598.0,81242.0,19471.0,42802.0,17037.0,1932.0,11906.0,11906.0,0.0,0.0,0.0,0.0,127764.0,4776.0,68403.0,20549.0,34036.0,122.7,nan,149.4,93.0,204.3,nan,171.9,nan,128.0,122.8,81.5,153.9,93.6,247.0,0.0,0.0,0.0,82.7,89.4,0.0,0.0
2026-07-05,10:00~12:00,通過量,9077,6959,2118,4558,3570,1611,854,427,678,2805,575,366,1002,862,2952,1655,575,722,1938,647,435,856,994,240,754,1612,517,1095,386,386,2189,697,726,428,338,5553,464,2792,1715,582,4616,1967,2649,4796,1967,2829,3042,483,1257,327,975
2026-07-05,10:00~12:00,平均停等延滯,53.8,58.4,38.5,48.5,28.2,23.8,32.4,0.0,51.1,56.8,48.1,48.5,64.5,57.4,29.4,24.2,40.5,32.6,30.8,33.4,47.5,20.4,6.7,6.8,6.7,6.3,2.7,8.1,38.7,38.7,22.7,27.8,1.1,51.2,22.5,14.6,42.0,15.3,9.9,3.3,2.6,6.1,0.0,0.0,0.0,0.0,42.0,9.9,54.4,62.8,34.9
2026-07-05,14:00~16:00,總停等延滯,744365.0,645290.0,99075.0,298276.0,122411.0,34117.0,32114.0,0.0,56180.0,294722.0,49731.0,34185.0,83196.0,127610.0,130708.0,66480.0,26531.0,37697.0,97449.0,14476.0,21595.0,61378.0,7238.0,1918.0,5320.0,14210.0,5071.0,9139.0,20026.0,20026.0,57601.0,30065.0,1136.0,19223.0,7177.0,112156.0,21027.0,46461.0,37358.0,7310.0,43852.0,43820.0,32.0,0.0,0.0,0.0,142268.0,5846.0,76255.0,19460.0,40707.0,159.2,nan,161.7,159.0,266.9,nan,174.3,nan,139.6,161.7,107.0,159.5,166.5,317.2,0.0,197.0,0.0,83.1,90.7,0.0,0.0
2026-07-05,14:00~16:00,通過量,11851,9414,2437,5856,5060,1838,912,664,1646,3292,663,461,915,1253,3957,2152,716,1089,2421,922,632,867,1211,361,850,2096,853,1243,511,511,2617,1052,889,273,403,6896,485,3106,2422,883,5659,2642,3017,6065,2786,3279,4200,483,1452,424,1841
2026-07-05,14:00~16:00,平均停等延滯,62.8,68.5,40.7,50.9,24.2,18.6,35.2,0.0,34.1,89.5,75.0,74.2,90.9,101.8,33.0,30.9,37.1,34.6,40.3,15.7,34.2,70.8,6.0,5.3,6.3,6.8,5.9,7.4,39.2,39.2,22.0,28.6,1.3,70.4,17.8,16.3,43.4,15.0,15.4,8.3,7.7,16.6,0.0,0.0,0.0,0.0,33.9,12.1,52.5,45.9,22.1
2026-07-05,16:00~19:00,總停等延滯,1055689.0,895525.0,160164.0,453778.0,216043.0,69484.0,54023.0,0.0,92536.0,375978.0,65228.0,40781.0,112674.0,157295.0,179834.0,75299.0,45665.0,58870.0,123670.0,22559.0,29961.0,71150.0,12475.0,2834.0,9641.0,25161.0,12635.0,12526.0,29079.0,29079.0,93449.0,50622.0,1826.0,26529.0,14472.0,165899.0,32123.0,65357.0,59488.0,8931.0,68458.0,68452.0,6.0,0.0,0.0,0.0,219421.0,13911.0,104975.0,30949.0,69586.0,186.0,nan,174.6,160.7,296.3,nan,169.9,nan,162.8,186.8,111.2,176.6,168.6,334.4,0.0,182.7,0.0,79.0,90.6,0.0,0.0
2026-07-05,16:00~19:00,通過量,16602,12941,3661,8448,7172,2661,1154,952,2405,4714,1063,598,1440,1613,5314,2675,967,1672,3123,1252,702,1169,1696,557,1139,2994,1387,1607,763,763,3982,1641,1141,587,613,9951,754,4230,3610,1357,7521,3868,3653,8516,4163,4353,6093,832,1797,510,2954
2026-07-05,16:00~19:00,平均停等延滯,63.6,69.2,43.7,53.7,30.1,26.1,46.8,0.0,38.5,79.8,61.4,68.2,78.2,97.5,33.8,28.1,47.2,35.2,39.6,18.0,42.7,60.9,7.4,5.1,8.5,8.4,9.1,7.8,38.1,38.1,23.5,30.8,1.6,45.2,23.6,16.7,42.6,15.5,16.5,6.6,9.1,17.7,0.0,0.0,0.0,0.0,36.0,16.7,58.4,60.7,23.6
2026-07-05,20:00~23:00,總停等延滯,589456.0,493132.0,96324.0,261053.0,122486.0,38624.0,26401.0,0.0,57461.0,219159.0,31652.0,26274.0,52631.0,108602.0,65498.0,21597.0,14034.0,29867.0,85989.0,23893.0,17694.0,44402.0,3057.0,1245.0,1812.0,23077.0,10546.0,12531.0,10835.0,10835.0,59355.0,46646.0,20.0,7036.0,5653.0,109181.0,25520.0,46469.0,33269.0,3923.0,28048.0,28048.0,0.0,0.0,0.0,0.0,123824.0,1560.0,50980.0,16756.0,54528.0,137.9,nan,204.2,224.6,245.5,nan,191.9,nan,136.6,137.7,107.7,200.3,209.6,177.9,0.0,174.8,0.0,75.7,118.1,0.0,0.0
2026-07-05,20:00~23:00,通過量,11338,9076,2262,6032,5215,1894,664,1133,1524,4145,916,597,1150,1482,3066,1451,490,1125,2405,1105,420,880,1113,486,627,1694,954,740,353,353,2921,1498,682,426,315,7179,471,2798,3084,826,5794,3216,2578,6392,3440,2952,4345,457,1125,450,2313
2026-07-05,20:00~23:00,平均停等延滯,52.0,54.3,42.6,43.3,23.5,20.4,39.8,0.0,37.7,52.9,34.6,44.0,45.8,73.3,21.4,14.9,28.6,26.5,35.8,21.6,42.1,50.5,2.7,2.6,2.9,13.6,11.1,16.9,30.7,30.7,20.3,31.1,0.0,16.5,17.9,15.2,54.2,16.6,10.8,4.7,4.8,8.7,0.0,0.0,0.0,0.0,28.5,3.4,45.3,37.2,23.6
2026-07-06,07:00~09:00,總停等延滯,523495.0,413411.0,110084.0,262008.0,80147.0,27958.0,28585.0,0.0,23604.0,164446.0,21323.0,20195.0,38299.0,84629.0,75670.0,18681.0,32163.0,24826.0,93148.0,17343.0,19707.0,56098.0,8290.0,1212.0,7078.0,8038.0,6455.0,1583.0,20939.0,20939.0,72817.0,31982.0,4941.0,25939.0,9955.0,128064.0,23930.0,53952.0,37855.0,12327.0,43259.0,42954.0,305.0,0.0,0.0,0.0,90685.0,797.0,40246.0,29147.0,20495.0,119.7,nan,179.1,104.8,204.8,nan,226.5,nan,110.6,119.8,85.3,170.0,106.5,235.7,0.0,162.0,0.0,81.8,178.3,0.0,0.0
2026-07-06,07:00~09:00,通過量,10998,7783,3215,5269,3663,1535,812,668,648,2610,515,325,747,1023,2882,1274,787,821,2611,779,552,1280,1344,408,936,1929,824,1105,564,564,3444,1201,1260,561,422,7393,496,3148,2373,1376,5127,2970,2157,5592,2860,2732,3625,673,1327,523,1102
2026-07-06,07:00~09:00,平均停等延滯,47.6,53.1,34.2,49.7,21.9,18.2,35.2,0.0,36.4,63.0,41.4,62.1,51.3,82.7,26.3,14.7,40.9,30.2,35.7,22.3,35.7,43.8,6.2,3.0,7.6,4.2,7.8,1.4,37.1,37.1,21.1,26.6,3.9,46.2,23.6,17.3,48.2,17.1,16.0,9.0,8.4,14.5,0.1,0.0,0.0,0.0,25.0,1.2,30.3,55.7,18.6
2026-07-06,10:00~17:00,總停等延滯,1303292.0,1049290.0,254002.0,702359.0,274971.0,84997.0,84533.0,0.0,105441.0,365253.0,52071.0,57725.0,109181.0,146276.0,163751.0,43297.0,50189.0,70265.0,245315.0,38960.0,53668.0,152687.0,15143.0,5496.0,9647.0,30698.0,22448.0,8250.0,52510.0,52510.0,155651.0,79118.0,6107.0,49070.0,21356.0,373496.0,93152.0,194666.0,63950.0,21728.0,47548.0,47491.0,57.0,0.0,0.0,0.0,281315.0,13964.0,135971.0,72903.0,58477.0,135.1,nan,181.8,159.3,233.8,nan,186.7,nan,113.4,136.0,98.3,181.1,165.9,261.1,0.0,154.2,0.0,95.3,93.4,0.0,0.0
2026-07-06,10:00~17:00,通過量,30724,23327,7397,17976,12302,4962,2336,1962,3042,8625,1598,1274,3083,2670,8312,4464,1454,2394,7167,1972,1514,3681,3343,1152,2191,5496,2536,2960,1417,1417,8044,3216,2439,1248,1141,23571,2269,10493,7303,3506,15768,7851,7917,16682,7913,8769,11389,1542,4633,1381,3833
2026-07-06,10:00~17:00,平均停等延滯,42.4,45.0,34.3,39.1,22.4,17.1,36.2,0.0,34.7,42.3,32.6,45.3,35.4,54.8,19.7,9.7,34.5,29.4,34.2,19.8,35.4,41.5,4.5,4.8,4.4,5.6,8.9,2.8,37.1,37.1,19.3,24.6,2.5,39.3,18.7,15.8,41.1,18.6,8.8,6.2,3.0,6.0,0.0,0.0,0.0,0.0,24.7,9.1,29.3,52.8,15.3
2026-07-06,17:00~20:00,總停等延滯,682516.0,531028.0,151488.0,334021.0,131384.0,36690.0,40816.0,0.0,53878.0,194448.0,23639.0,32418.0,44871.0,93520.0,91888.0,26614.0,25470.0,39804.0,113308.0,25954.0,24767.0,62587.0,7040.0,1866.0,5174.0,17308.0,12652.0,4656.0,30192.0,30192.0,96948.0,50989.0,1331.0,28942.0,15686.0,181271.0,33746.0,73388.0,70516.0,3621.0,27943.0,27702.0,241.0,0.0,0.0,0.0,124807.0,10406.0,67468.0,26759.0,20174.0,147.3,nan,167.1,109.0,260.3,nan,180.5,nan,110.9,147.3,114.2,168.5,113.7,165.3,0.0,148.8,0.0,79.8,101.1,0.0,0.0
2026-07-06,17:00~20:00,通過量,14819,10797,4022,7394,5594,2216,1005,890,1483,3903,760,590,1162,1391,4400,2349,677,1374,3249,1188,692,1369,1570,640,930,2745,1459,1286,788,788,4661,2067,1106,799,689,9329,954,4572,2774,1029,6562,2731,3831,6892,2733,4159,4424,764,1792,589,1279
2026-07-06,17:00~20:00,平均停等延滯,46.1,49.2,37.7,45.2,23.5,16.6,40.6,0.0,36.3,49.8,31.1,54.9,38.6,67.2,20.9,11.3,37.6,29.0,34.9,21.8,35.8,45.7,4.5,2.9,5.6,6.3,8.7,3.6,38.3,38.3,20.8,24.7,1.2,36.2,22.8,19.4,35.4,16.1,25.4,3.5,4.3,10.1,0.1,0.0,0.0,0.0,28.2,13.6,37.6,45.4,15.8
2026-07-06,10:00~12:00,總停等延滯,333754.0,266638.0,67116.0,184317.0,69150.0,24589.0,22356.0,0.0,22205.0,90589.0,12168.0,12511.0,32289.0,33621.0,40064.0,9819.0,16007.0,14238.0,66835.0,9525.0,15815.0,41495.0,3691.0,1041.0,2650.0,6241.0,4668.0,1573.0,14544.0,14544.0,42640.0,20952.0,1530.0,14843.0,5315.0,105081.0,31206.0,62190.0,6695.0,4990.0,3181.0,3181.0,0.0,0.0,0.0,0.0,76055.0,5532.0,36782.0,19339.0,14402.0,142.0,nan,162.3,110.5,242.4,nan,173.6,nan,103.5,144.6,100.7,145.9,107.8,220.8,0.0,171.1,0.0,88.1,88.7,0.0,0.0
2026-07-06,10:00~12:00,通過量,8408,6186,2222,4889,3138,1434,623,424,657,2304,452,285,874,693,2281,1226,448,607,1963,524,452,987,974,357,617,1510,678,832,395,395,2400,930,720,449,301,6621,691,2927,1970,1033,4256,2118,2138,4387,2035,2352,3122,456,1395,369,902
2026-07-06,10:00~12:00,平均停等延滯,39.7,43.1,30.2,37.7,22.0,17.1,35.9,0.0,33.8,39.3,26.9,43.9,36.9,48.5,17.6,8.0,35.7,23.5,34.0,18.2,35.0,42.0,3.8,2.9,4.3,4.1,6.9,1.9,36.8,36.8,17.8,22.5,2.1,33.1,17.7,15.9,45.2,21.2,3.4,4.8,0.7,1.5,0.0,0.0,0.0,0.0,24.4,12.1,26.4,52.4,16.0
2026-07-06,14:00~16:00,總停等延滯,377954.0,302873.0,75081.0,208334.0,82785.0,24499.0,23851.0,0.0,34435.0,104554.0,16236.0,16899.0,29192.0,42227.0,47111.0,11170.0,13388.0,22553.0,68423.0,10661.0,13693.0,44069.0,3896.0,1859.0,2037.0,9874.0,7392.0,2482.0,14629.0,14629.0,46682.0,24242.0,3630.0,12927.0,5883.0,111330.0,27922.0,59014.0,18248.0,6146.0,17030.0,17026.0,4.0,0.0,0.0,0.0,79974.0,1906.0,39051.0,18728.0,20289.0,130.5,nan,192.3,175.6,229.7,nan,207.5,nan,142.2,130.3,99.2,196.9,180.3,199.8,0.0,144.9,0.0,126.6,86.3,0.0,0.0
2026-07-06,14:00~16:00,通過量,8854,6740,2114,5297,3759,1392,665,643,1059,2464,444,380,879,761,2321,1298,380,643,2011,551,375,1085,973,343,630,1604,776,828,412,412,2335,976,757,285,317,6794,682,2910,2213,989,4730,2418,2312,4937,2375,2562,3423,399,1319,439,1266
2026-07-06,14:00~16:00,平均停等延滯,42.7,44.9,35.5,39.3,22.0,17.6,35.9,0.0,32.5,42.4,36.6,44.5,33.2,55.5,20.3,8.6,35.2,35.1,34.0,19.3,36.5,40.6,4.0,5.4,3.2,6.2,9.5,3.0,35.5,35.5,20.0,24.8,4.8,45.4,18.6,16.4,40.9,20.3,8.2,6.2,3.6,7.0,0.0,0.0,0.0,0.0,23.4,4.8,29.6,42.7,16.0
2026-07-06,16:00~19:00,總停等延滯,734939.0,559992.0,174947.0,409288.0,143049.0,39318.0,43013.0,0.0,60718.0,197343.0,25070.0,31183.0,47949.0,93141.0,97644.0,28446.0,26427.0,42771.0,121956.0,26113.0,27268.0,68575.0,9239.0,2090.0,7149.0,22867.0,18080.0,4787.0,33943.0,33943.0,108898.0,55055.0,1740.0,33501.0,18602.0,222278.0,35190.0,81173.0,98115.0,7800.0,47785.0,47516.0,269.0,0.0,0.0,0.0,139225.0,12356.0,74762.0,31517.0,20590.0,141.4,nan,190.9,109.6,258.8,nan,174.5,nan,113.6,141.7,118.4,193.7,114.5,226.5,0.0,139.0,0.0,77.5,95.0,0.0,0.0
2026-07-06,16:00~19:00,通過量,15577,11360,4217,8075,5978,2404,1125,870,1579,3837,748,545,1213,1331,4556,2445,689,1422,3411,1146,723,1542,1614,617,997,2937,1550,1387,889,889,4705,1994,1164,798,749,10446,1023,5038,3126,1259,6942,3000,3942,7487,3136,4351,4729,839,1876,604,1410
2026-07-06,16:00~19:00,平均停等延滯,47.2,49.3,41.5,50.7,23.9,16.4,38.2,0.0,38.5,51.4,33.5,57.2,39.5,70.0,21.4,11.6,38.4,30.1,35.8,22.8,37.7,44.5,5.7,3.4,7.2,7.8,11.7,3.5,38.2,38.2,23.1,27.6,1.5,42.0,24.8,21.3,34.4,16.1,31.4,6.2,6.9,15.8,0.1,0.0,0.0,0.0,29.4,14.7,39.9,52.2,14.6
2026-07-06,20:00~23:00,總停等延滯,338725.0,275816.0,62909.0,135360.0,63799.0,25306.0,13873.0,0.0,24620.0,124351.0,19406.0,18443.0,45844.0,40658.0,38767.0,13877.0,8854.0,16036.0,48899.0,11950.0,10774.0,26175.0,2015.0,1124.0,891.0,9644.0,3230.0,6414.0,11875.0,11875.0,39375.0,30081.0,0.0,6316.0,2978.0,70325.0,23850.0,43739.0,2089.0,647.0,362.0,362.0,0.0,0.0,0.0,0.0,64673.0,1165.0,24131.0,11903.0,27474.0,115.2,nan,191.6,153.6,198.5,nan,150.5,nan,102.9,111.7,82.4,180.4,148.9,257.5,0.0,144.1,0.0,74.5,76.8,0.0,0.0
2026-07-06,20:00~23:00,通過量,8013,6084,1929,4067,3337,1278,496,785,778,3001,583,449,989,980,2229,1218,300,711,1781,689,338,754,839,349,490,1176,592,584,345,345,2278,1043,589,370,276,4782,365,2189,1709,519,3949,1950,1999,4360,2087,2273,2797,345,939,386,1127
2026-07-06,20:00~23:00,平均停等延滯,42.3,45.3,32.6,33.3,19.1,19.8,28.0,0.0,31.6,41.4,33.3,41.1,46.4,41.5,17.4,11.4,29.5,22.6,27.5,17.3,31.9,34.7,2.4,3.2,1.8,8.2,5.5,11.0,34.4,34.4,17.3,28.8,0.0,17.1,10.8,14.7,65.3,20.0,1.2,1.2,0.1,0.2,0.0,0.0,0.0,0.0,23.1,3.4,25.7,30.8,24.4
2026-07-07,07:00~09:00,總停等延滯,478890.0,377222.0,101668.0,249515.0,83262.0,26198.0,31375.0,153.0,25536.0,157058.0,21830.0,17601.0,41321.0,76306.0,65439.0,15582.0,27711.0,22146.0,71463.0,22577.0,20694.0,28192.0,7075.0,1840.0,5235.0,8800.0,7557.0,1243.0,20454.0,20454.0,65339.0,27320.0,3964.0,26008.0,8047.0,119389.0,22889.0,53893.0,30191.0,12416.0,38146.0,38060.0,86.0,0.0,0.0,0.0,91980.0,1245.0,40662.0,31156.0,18917.0,135.9,nan,141.5,92.8,223.5,nan,271.0,nan,95.6,136.9,87.8,137.6,95.2,127.9,0.0,0.0,0.0,172.9,97.2,0.0,0.0
2026-07-07,07:00~09:00,通過量,10804,7688,3116,5137,3621,1540,776,588,717,2705,574,332,770,1029,2887,1278,790,819,2349,664,532,1153,1295,388,907,1890,773,1117,559,559,3219,1050,1245,520,404,7480,570,3048,2406,1456,4797,2844,1953,5525,2855,2670,3499,681,1299,496,1023
2026-07-07,07:00~09:00,平均停等延滯,44.3,49.1,32.6,48.6,23.0,17.0,40.4,0.3,35.6,58.1,38.0,53.0,53.7,74.2,22.7,12.2,35.1,27.0,30.4,34.0,38.9,24.5,5.5,4.7,5.8,4.7,9.8,1.1,36.6,36.6,20.3,26.0,3.2,50.0,19.9,16.0,40.2,17.7,12.5,8.5,8.0,13.4,0.0,0.0,0.0,0.0,26.3,1.8,31.3,62.8,18.5
2026-07-07,10:00~17:00,總停等延滯,1247839.0,999086.0,248753.0,685997.0,272023.0,89709.0,86147.0,0.0,96167.0,400511.0,55626.0,58824.0,156588.0,129473.0,145171.0,41896.0,38220.0,65055.0,181381.0,60040.0,48050.0,73291.0,22159.0,6154.0,16005.0,25429.0,16852.0,8577.0,50445.0,50445.0,150720.0,76021.0,6016.0,49073.0,19610.0,366485.0,90554.0,190171.0,65132.0,20628.0,29431.0,29395.0,36.0,0.0,0.0,0.0,290081.0,14635.0,138703.0,69864.0,66879.0,111.8,310.8,162.6,137.1,208.6,490.0,202.4,nan,146.2,112.4,96.7,164.1,145.7,146.8,342.8,0.0,0.0,80.5,124.0,0.0,136.3
2026-07-07,10:00~17:00,通過量,29977,22464,7513,18444,12925,5030,2151,2770,2974,8520,1530,1126,3432,2432,8184,4568,1178,2438,7009,1874,1491,3644,3689,1174,2515,5369,2431,2938,1430,1430,8061,3152,2468,1282,1159,24378,2345,11114,7453,3466,15749,7910,7839,16207,7605,8602,10987,1546,4456,1327,3658
2026-07-07,10:00~17:00,平均停等延滯,41.6,44.5,33.1,37.2,21.0,17.8,40.0,0.0,32.3,47.0,36.4,52.2,45.6,53.2,17.7,9.2,32.4,26.7,25.9,32.0,32.2,20.1,6.0,5.2,6.4,4.7,6.9,2.9,35.3,35.3,18.7,24.1,2.4,38.3,16.9,15.0,38.6,17.1,8.7,6.0,1.9,3.7,0.0,0.0,0.0,0.0,26.4,9.5,31.1,52.6,18.3
2026-07-07,17:00~20:00,總停等延滯,699490.0,542286.0,157204.0,318843.0,129632.0,38220.0,41049.0,0.0,50363.0,206359.0,22142.0,34176.0,55305.0,94736.0,94914.0,28617.0,25327.0,40970.0,111381.0,44240.0,30222.0,36919.0,10503.0,4108.0,6395.0,15802.0,9638.0,6164.0,27447.0,27447.0,103452.0,52094.0,2224.0,29555.0,19579.0,172481.0,34944.0,73779.0,60216.0,3542.0,17079.0,17024.0,55.0,0.0,0.0,0.0,129283.0,10575.0,74172.0,21412.0,23124.0,142.3,161.2,145.6,135.8,256.8,393.5,187.8,nan,114.3,141.9,114.5,143.4,137.5,227.6,162.8,142.6,0.0,89.4,98.1,0.0,218.7
2026-07-07,17:00~20:00,通過量,15082,11122,3960,7641,5881,2216,1113,1061,1491,4019,689,633,1260,1437,4399,2332,667,1400,3391,1226,778,1387,1626,631,995,2675,1367,1308,829,829,4485,1985,1086,692,722,9648,1058,4654,2823,1113,6305,2765,3540,6925,2801,4124,4696,777,1990,498,1431
2026-07-07,17:00~20:00,平均停等延滯,46.4,48.8,39.7,41.7,22.0,17.2,36.9,0.0,33.8,51.3,32.1,54.0,43.9,65.9,21.6,12.3,38.0,29.3,32.8,36.1,38.8,26.6,6.5,6.5,6.4,5.9,7.1,4.7,33.1,33.1,23.1,26.2,2.0,42.7,27.1,17.9,33.0,15.9,21.3,3.2,2.7,6.2,0.0,0.0,0.0,0.0,27.5,13.6,37.3,43.0,16.2
2026-07-07,10:00~12:00,總停等延滯,324695.0,262686.0,62009.0,167223.0,69645.0,26633.0,21309.0,0.0,21703.0,112481.0,14485.0,13911.0,53165.0,30920.0,33771.0,9996.0,10626.0,13149.0,46789.0,17332.0,12970.0,16487.0,7799.0,1724.0,6075.0,3163.0,1772.0,1391.0,13475.0,13475.0,37572.0,19623.0,1469.0,13442.0,3038.0,93136.0,26495.0,54747.0,5649.0,6245.0,2502.0,2471.0,31.0,0.0,0.0,0.0,71585.0,3825.0,33673.0,17827.0,16260.0,106.4,nan,185.3,158.4,197.9,nan,196.2,nan,114.5,105.9,92.0,187.6,159.6,114.3,0.0,0.0,0.0,82.6,114.4,0.0,0.0
2026-07-07,10:00~12:00,通過量,8134,6009,2125,5042,3433,1386,569,707,771,2377,444,286,1018,629,2149,1201,341,607,1894,474,400,1020,1061,322,739,1395,568,827,389,389,2316,902,701,421,292,6678,677,3053,1924,1024,4324,2160,2164,4443,2126,2317,2995,421,1262,352,960
2026-07-07,10:00~12:00,平均停等延滯,39.9,43.7,29.2,33.2,20.3,19.2,37.4,0.0,28.1,47.3,32.6,48.6,52.2,49.2,15.7,8.3,31.2,21.7,24.7,36.6,32.4,16.2,7.4,5.4,8.2,2.3,3.1,1.7,34.6,34.6,16.2,21.8,2.1,31.9,10.4,13.9,39.1,17.9,2.9,6.1,0.6,1.1,0.0,0.0,0.0,0.0,23.9,9.1,26.7,50.6,16.9
2026-07-07,14:00~16:00,總停等延滯,365000.0,288341.0,76659.0,219403.0,78035.0,23921.0,25000.0,0.0,29114.0,110535.0,18000.0,16177.0,41036.0,35322.0,46582.0,13204.0,10404.0,22974.0,53189.0,15958.0,14109.0,23122.0,6216.0,2133.0,4083.0,9268.0,6209.0,3059.0,15527.0,15527.0,45648.0,22702.0,1704.0,15234.0,6008.0,120442.0,29491.0,56790.0,28196.0,5965.0,12619.0,12616.0,3.0,0.0,0.0,0.0,86342.0,5241.0,43098.0,19862.0,18141.0,112.3,76.3,167.5,104.2,206.6,155.5,223.9,nan,180.1,112.3,94.0,168.6,106.7,171.9,71.0,0.0,0.0,76.6,150.7,0.0,122.8
2026-07-07,14:00~16:00,通過量,8556,6332,2224,5667,3866,1464,668,881,853,2326,460,301,903,662,2337,1388,290,659,1929,494,405,1030,1055,338,717,1549,735,814,410,410,2403,927,781,365,330,7352,709,3405,2280,958,4650,2350,2300,4542,2080,2462,3282,424,1305,413,1140
2026-07-07,14:00~16:00,平均停等延滯,42.7,45.5,34.5,38.7,20.2,16.3,37.4,0.0,34.1,47.5,39.1,53.7,45.4,53.4,19.9,9.5,35.9,34.9,27.6,32.3,34.8,22.4,5.9,6.3,5.7,6.0,8.4,3.8,37.9,37.9,19.0,24.5,2.2,41.7,18.2,16.4,41.6,16.7,12.4,6.2,2.7,5.4,0.0,0.0,0.0,0.0,26.3,12.4,33.0,48.1,15.9
2026-07-07,16:00~19:00,總停等延滯,728764.0,559496.0,169268.0,378658.0,135493.0,40461.0,41055.0,0.0,53977.0,213243.0,24479.0,36812.0,61505.0,90447.0,95687.0,29361.0,25609.0,40717.0,115073.0,43961.0,31241.0,39871.0,11170.0,4458.0,6712.0,17969.0,11367.0,6602.0,29637.0,29637.0,110492.0,54299.0,2476.0,31290.0,22427.0,207507.0,37354.0,82297.0,82490.0,5366.0,28138.0,28083.0,55.0,0.0,0.0,0.0,143013.0,12695.0,77942.0,27185.0,25191.0,142.7,220.4,140.1,176.2,257.3,462.3,184.0,nan,105.7,141.0,114.6,137.4,185.1,230.6,240.9,136.0,0.0,82.5,103.0,0.0,180.2
2026-07-07,16:00~19:00,通過量,16013,11790,4223,8309,6393,2326,1167,1201,1699,4009,673,582,1382,1372,4548,2381,670,1497,3759,1282,856,1621,1759,673,1086,2922,1495,1427,921,921,4482,1853,1189,634,806,10897,1090,5135,3403,1269,6609,3073,3536,7330,3078,4252,4917,871,1962,566,1518
2026-07-07,16:00~19:00,平均停等延滯,45.5,47.5,40.1,45.6,21.2,17.4,35.2,0.0,31.8,53.2,36.4,63.3,44.5,65.9,21.0,12.3,38.2,27.2,30.6,34.3,36.5,24.6,6.4,6.6,6.2,6.1,7.6,4.6,32.2,32.2,24.7,29.3,2.1,49.4,27.8,19.0,34.3,16.0,24.2,4.2,4.3,9.1,0.0,0.0,0.0,0.0,29.1,14.6,39.7,48.0,16.6
2026-07-07,20:00~23:00,總停等延滯,365036.0,301862.0,63174.0,143102.0,72003.0,17772.0,24271.0,0.0,29960.0,125661.0,12242.0,21899.0,44836.0,46684.0,51384.0,18972.0,10833.0,21579.0,52814.0,17787.0,14284.0,20743.0,1575.0,595.0,980.0,9235.0,2805.0,6430.0,13405.0,13405.0,38959.0,31911.0,9.0,3787.0,3252.0,74910.0,24907.0,46089.0,3523.0,391.0,919.0,895.0,24.0,0.0,0.0,0.0,67273.0,38.0,30941.0,14294.0,22000.0,114.4,185.7,162.3,225.8,191.7,493.3,219.1,nan,136.4,113.7,77.8,170.1,237.9,255.5,183.4,162.2,0.0,145.9,78.8,0.0,139.4
2026-07-07,20:00~23:00,通過量,8558,6478,2080,4673,3530,1289,576,887,778,2942,527,471,980,964,2436,1262,326,848,1939,713,361,865,888,358,530,1271,631,640,471,471,2298,1047,633,382,236,5528,567,2531,1896,534,4180,2009,2171,4718,2224,2494,3024,377,1072,384,1191
2026-07-07,20:00~23:00,平均停等延滯,42.7,46.6,30.4,30.6,20.4,13.8,42.1,0.0,38.5,42.7,23.2,46.5,45.8,48.4,21.1,15.0,33.2,25.4,27.2,24.9,39.6,24.0,1.8,1.7,1.8,7.3,4.4,10.0,28.5,28.5,17.0,30.5,0.0,9.9,13.8,13.6,43.9,18.2,1.9,0.7,0.2,0.4,0.0,0.0,0.0,0.0,22.2,0.1,28.9,37.2,18.5
2026-07-08,07:00~09:00,總停等延滯,479594.0,374763.0,104831.0,243470.0,75972.0,23855.0,29049.0,0.0,23068.0,144710.0,19375.0,19544.0,38170.0,67621.0,65384.0,16000.0,28833.0,20551.0,88697.0,13980.0,20474.0,54243.0,12522.0,2777.0,9745.0,4318.0,3519.0,799.0,20700.0,20700.0,67291.0,29062.0,3257.0,25874.0,9098.0,124581.0,22519.0,54889.0,33655.0,13518.0,31045.0,31045.0,0.0,0.0,0.0,0.0,87844.0,1335.0,38593.0,28766.0,19150.0,131.9,187.7,138.5,144.6,221.0,494.8,160.0,nan,106.9,131.6,91.6,140.8,150.5,312.8,192.5,136.4,0.0,77.8,81.4,0.0,172.5
2026-07-08,07:00~09:00,通過量,10866,7625,3241,5264,3485,1427,824,590,644,2615,478,347,760,1030,2774,1230,821,723,2518,709,541,1268,1399,416,983,1835,788,1047,560,560,3254,989,1247,616,402,7707,581,3247,2362,1517,4682,2787,1895,5363,2731,2632,3401,716,1249,490,946
2026-07-08,07:00~09:00,平均停等延滯,44.1,49.1,32.3,46.3,21.8,16.7,35.3,0.0,35.8,55.3,40.5,56.3,50.2,65.7,23.6,13.0,35.1,28.4,35.2,19.7,37.8,42.8,9.0,6.7,9.9,2.4,4.5,0.8,37.0,37.0,20.7,29.4,2.6,42.0,22.6,16.2,38.8,16.9,14.2,8.9,6.6,11.1,0.0,0.0,0.0,0.0,25.8,1.9,30.9,58.7,20.2
2026-07-08,10:00~17:00,總停等延滯,1311351.0,1049700.0,261651.0,697877.0,270498.0,81389.0,88836.0,107.0,100166.0,379196.0,50021.0,49399.0,128531.0,151245.0,162809.0,44448.0,52647.0,65714.0,237197.0,38567.0,52794.0,145836.0,24341.0,4849.0,19492.0,22501.0,15672.0,6829.0,56185.0,56185.0,158624.0,84676.0,489.0,49849.0,23610.0,365413.0,85188.0,192279.0,66256.0,21690.0,50228.0,50063.0,165.0,0.0,0.0,0.0,282236.0,12533.0,141395.0,67428.0,60880.0,124.9,202.4,164.9,133.5,231.1,404.8,227.8,nan,139.2,125.0,106.7,165.2,134.5,195.1,204.8,147.8,0.0,125.0,114.6,0.0,133.1
2026-07-08,10:00~17:00,通過量,30888,23467,7421,18502,13151,5039,2327,2842,2943,8706,1493,1131,3224,2858,8460,4444,1485,2531,7145,1992,1577,3576,3730,1194,2536,5515,2601,2914,1535,1535,8172,3480,2304,1245,1143,24270,2463,10983,7289,3535,15620,7991,7629,16341,7694,8647,11192,1600,4536,1375,3681
2026-07-08,10:00~17:00,平均停等延滯,42.5,44.7,35.3,37.7,20.6,16.2,38.2,0.0,34.0,43.6,33.5,43.7,39.9,52.9,19.2,10.0,35.5,26.0,33.2,19.4,33.5,40.8,6.5,4.1,7.7,4.1,6.0,2.3,36.6,36.6,19.4,24.3,0.2,40.0,20.7,15.1,34.6,17.5,9.1,6.1,3.2,6.3,0.0,0.0,0.0,0.0,25.2,7.8,31.2,49.0,16.5
2026-07-08,17:00~20:00,總停等延滯,818278.0,582030.0,236248.0,374745.0,130184.0,62560.0,31884.0,0.0,35740.0,229370.0,35637.0,26811.0,66814.0,100108.0,128810.0,63346.0,27693.0,37771.0,93666.0,18601.0,26187.0,48878.0,20163.0,8028.0,12135.0,36345.0,23669.0,12676.0,32330.0,32330.0,147410.0,64638.0,1275.0,58779.0,22718.0,195184.0,31516.0,71238.0,86704.0,5726.0,38849.0,38719.0,130.0,0.0,0.0,0.0,140712.0,7686.0,72952.0,24248.0,35826.0,179.6,230.2,207.3,136.2,268.5,488.9,196.8,nan,108.3,181.1,92.3,213.2,135.9,250.0,230.9,144.4,0.0,102.4,93.1,0.0,143.8
2026-07-08,17:00~20:00,通過量,15537,11183,4354,7574,5840,2407,978,899,1556,4029,783,594,1227,1425,4548,2465,668,1415,3331,1191,791,1349,1745,698,1047,2960,1459,1501,883,883,4831,2058,1065,977,731,9732,1070,4608,2930,1124,6400,2783,3617,6973,2808,4165,4812,878,2038,548,1348
2026-07-08,17:00~20:00,平均停等延滯,52.7,52.0,54.3,49.5,22.3,26.0,32.6,0.0,23.0,56.9,45.5,45.1,54.5,70.3,28.3,25.7,41.5,26.7,28.1,15.6,33.1,36.2,11.6,11.5,11.6,12.3,16.2,8.4,36.6,36.6,30.5,31.4,1.2,60.2,31.1,20.1,29.5,15.5,29.6,5.1,6.1,13.9,0.0,0.0,0.0,0.0,29.2,8.8,35.8,44.2,26.6
2026-07-08,10:00~12:00,總停等延滯,330111.0,261439.0,68672.0,172919.0,65090.0,21921.0,23257.0,5.0,19907.0,97226.0,16421.0,10922.0,31757.0,38126.0,40056.0,10425.0,14846.0,14785.0,59067.0,8681.0,14653.0,35733.0,5405.0,612.0,4793.0,4276.0,2057.0,2219.0,16598.0,16598.0,42393.0,22952.0,184.0,13958.0,5299.0,95920.0,23703.0,55653.0,9506.0,7058.0,5539.0,5430.0,109.0,0.0,0.0,0.0,71460.0,2089.0,36020.0,18653.0,14698.0,116.5,193.1,143.9,114.1,221.0,377.0,237.4,nan,150.1,118.5,105.1,140.0,108.8,183.2,196.4,139.4,0.0,115.3,120.1,0.0,121.8
2026-07-08,10:00~12:00,通過量,8124,6015,2109,5092,3371,1334,695,686,656,2365,421,268,934,742,2188,1140,416,632,1827,555,416,856,951,284,667,1531,692,839,440,440,2329,944,647,436,302,6943,705,3162,2017,1059,4300,2187,2113,4511,2133,2378,2920,451,1244,390,835
2026-07-08,10:00~12:00,平均停等延滯,40.6,43.5,32.6,34.0,19.3,16.4,33.5,0.0,30.3,41.1,39.0,40.8,34.0,51.4,18.3,9.1,35.7,23.4,32.3,15.6,35.2,41.7,5.7,2.2,7.2,2.8,3.0,2.6,37.7,37.7,18.2,24.3,0.3,32.0,17.5,13.8,33.6,17.6,4.7,6.7,1.3,2.5,0.1,0.0,0.0,0.0,24.5,4.6,29.0,47.8,17.6
2026-07-08,14:00~16:00,總停等延滯,374640.0,303191.0,71449.0,202482.0,80166.0,22409.0,24857.0,24.0,32876.0,109882.0,12303.0,14259.0,39787.0,43533.0,46708.0,13333.0,12895.0,20480.0,66435.0,9519.0,13925.0,42991.0,6448.0,2115.0,4333.0,6395.0,5328.0,1067.0,16552.0,16552.0,42054.0,24226.0,55.0,11307.0,6466.0,99362.0,24248.0,51889.0,15938.0,7287.0,17044.0,16997.0,47.0,0.0,0.0,0.0,86076.0,6922.0,39902.0,19740.0,19512.0,129.7,184.7,177.4,109.0,229.7,372.3,179.3,nan,109.0,128.8,100.6,178.3,111.8,187.2,190.1,151.6,0.0,84.4,99.1,0.0,125.3
2026-07-08,14:00~16:00,通過量,9060,6972,2088,5457,3996,1478,630,929,959,2595,424,387,920,864,2495,1342,424,729,2033,532,396,1105,1112,357,755,1520,775,745,443,443,2299,1011,691,284,313,7150,720,3086,2303,1041,4624,2438,2186,4755,2307,2448,3388,452,1285,425,1226
2026-07-08,14:00~16:00,平均停等延滯,41.4,43.5,34.2,37.1,20.1,15.2,39.5,0.0,34.3,42.3,29.0,36.8,43.2,50.4,18.7,9.9,30.4,28.1,32.7,17.9,35.2,38.9,5.8,5.9,5.7,4.2,6.9,1.4,37.4,37.4,18.3,24.0,0.1,39.8,20.7,13.9,33.7,16.8,6.9,7.0,3.7,7.0,0.0,0.0,0.0,0.0,25.4,15.3,31.1,46.4,15.9
2026-07-08,16:00~19:00,總停等延滯,842605.0,604562.0,238043.0,437910.0,136662.0,56341.0,35366.0,2.0,44953.0,234461.0,35061.0,27081.0,68397.0,103922.0,123973.0,55336.0,28961.0,39676.0,109466.0,21585.0,28553.0,59328.0,21221.0,7694.0,13527.0,32425.0,23137.0,9288.0,34353.0,34353.0,150044.0,67845.0,1476.0,56063.0,24660.0,233772.0,33382.0,79109.0,114131.0,7150.0,60070.0,59931.0,139.0,0.0,0.0,0.0,144068.0,7120.0,79553.0,25818.0,31577.0,146.8,237.3,188.7,157.2,250.3,509.9,189.2,nan,108.5,148.3,104.6,191.2,149.6,256.0,232.2,138.7,0.0,103.9,83.1,0.0,130.3
2026-07-08,16:00~19:00,通過量,16089,11542,4547,8222,6110,2527,1028,968,1587,4007,781,556,1281,1389,4708,2583,701,1424,3516,1186,835,1495,1935,780,1155,3239,1637,1602,941,941,4851,2025,1213,825,788,10542,1181,4989,3091,1281,6623,3027,3596,7221,2903,4318,5030,908,2070,596,1456
2026-07-08,16:00~19:00,平均停等延滯,52.4,52.4,52.4,53.3,22.4,22.3,34.4,0.0,28.3,58.5,44.9,48.7,53.4,74.8,26.3,21.4,41.3,27.9,31.1,18.2,34.2,39.7,11.0,9.9,11.7,10.0,14.1,5.8,36.5,36.5,30.9,33.5,1.2,68.0,31.3,22.2,28.3,15.9,36.9,5.6,9.1,19.8,0.0,0.0,0.0,0.0,28.6,7.8,38.4,43.3,21.7
2026-07-08,20:00~23:00,總停等延滯,370604.0,293634.0,76970.0,154270.0,69120.0,33762.0,14643.0,0.0,20715.0,122613.0,18067.0,18662.0,36300.0,49584.0,53110.0,26760.0,12357.0,13993.0,48791.0,10170.0,13394.0,25227.0,7002.0,1428.0,5574.0,6964.0,5356.0,1608.0,12408.0,12408.0,50596.0,33622.0,31.0,12311.0,4632.0,70343.0,24216.0,44125.0,1759.0,243.0,1464.0,1426.0,38.0,0.0,0.0,0.0,82463.0,77.0,29459.0,14345.0,38582.0,146.6,241.3,194.7,128.1,216.6,378.9,159.5,nan,106.5,148.8,66.8,198.6,130.9,142.0,237.3,147.9,0.0,79.9,81.3,0.0,130.9
2026-07-08,20:00~23:00,通過量,8675,6527,2148,4534,3626,1319,622,847,838,3007,640,473,911,983,2337,1237,311,789,1924,732,391,801,947,372,575,1220,680,540,340,340,2604,1168,606,562,268,5213,481,2389,1806,537,4202,2072,2130,4825,2301,2524,3006,356,986,308,1356
2026-07-08,20:00~23:00,平均停等延滯,42.7,45.0,35.8,34.0,19.1,25.6,23.5,0.0,24.7,40.8,28.2,39.5,39.8,50.4,22.7,21.6,39.7,17.7,25.4,13.9,34.3,31.5,7.4,3.8,9.7,5.7,7.9,3.0,36.5,36.5,19.4,28.8,0.1,21.9,17.3,13.5,50.3,18.5,1.0,0.5,0.3,0.7,0.0,0.0,0.0,0.0,27.4,0.2,29.9,46.6,28.5
2026-07-09,07:00~09:00,總停等延滯,547754.0,396589.0,151165.0,254423.0,84017.0,42820.0,25408.0,0.0,15789.0,149956.0,26478.0,15411.0,43277.0,64790.0,84183.0,35345.0,28003.0,20835.0,78433.0,6149.0,20209.0,52075.0,17592.0,2601.0,14991.0,15199.0,9466.0,5733.0,20264.0,20264.0,98110.0,33974.0,2945.0,49537.0,11654.0,116353.0,20699.0,51046.0,31449.0,13159.0,36164.0,36125.0,39.0,0.0,0.0,0.0,101906.0,1615.0,40764.0,23861.0,35666.0,153.3,208.9,168.1,127.2,209.4,481.6,239.6,nan,98.9,153.1,56.5,168.8,129.7,257.4,208.1,74.5,0.0,119.5,121.7,0.0,172.4
2026-07-09,07:00~09:00,通過量,10837,7549,3288,5511,3601,1468,860,626,647,2521,505,326,726,964,2745,1216,753,776,2461,706,545,1210,1384,410,974,1944,807,1137,568,568,3367,1057,1224,664,422,7577,512,3372,2297,1396,4681,2830,1851,5318,2690,2628,3525,698,1200,462,1165
2026-07-09,07:00~09:00,平均停等延滯,50.5,52.5,46.0,46.2,23.3,29.2,29.5,0.0,24.4,59.5,52.4,47.3,59.6,67.2,30.7,29.1,37.2,26.8,31.9,8.7,37.1,43.0,12.7,6.3,15.4,7.8,11.7,5.0,35.7,35.7,29.1,32.1,2.4,74.6,27.6,15.4,40.4,15.1,13.7,9.4,7.7,12.8,0.0,0.0,0.0,0.0,28.9,2.3,34.0,51.6,30.6
2026-07-09,10:00~17:00,總停等延滯,1454706.0,1123188.0,331518.0,774764.0,256062.0,132247.0,61943.0,73.0,61799.0,424507.0,74546.0,51177.0,161449.0,137335.0,249371.0,130027.0,53305.0,66039.0,193248.0,20987.0,42999.0,129262.0,35736.0,9256.0,26480.0,36396.0,28690.0,7706.0,47497.0,47497.0,211889.0,86132.0,174.0,94794.0,30789.0,402019.0,94312.0,196291.0,89307.0,22109.0,56124.0,56063.0,61.0,0.0,0.0,0.0,316621.0,9191.0,134970.0,63231.0,109229.0,151.5,236.3,217.3,154.3,216.0,508.0,295.8,nan,103.3,151.6,64.7,220.8,158.1,270.7,243.2,0.0,0.0,79.7,232.1,0.0,165.5
2026-07-09,10:00~17:00,通過量,31668,23682,7986,18308,13102,4768,2424,2883,3027,8854,1748,1215,3106,2785,8855,4757,1481,2617,7381,2016,1519,3846,3806,1333,2473,5974,2680,3294,1455,1455,8550,3352,2450,1534,1214,24212,2391,10608,7662,3551,15446,8095,7351,16620,8000,8620,11302,1568,4425,1311,3998
2026-07-09,10:00~17:00,平均停等延滯,45.9,47.4,41.5,42.3,19.5,27.7,25.6,0.0,20.4,47.9,42.6,42.1,52.0,49.3,28.2,27.3,36.0,25.2,26.2,10.4,28.3,33.6,9.4,6.9,10.7,6.1,10.7,2.3,32.6,32.6,24.8,25.7,0.1,61.8,25.4,16.6,39.4,18.5,11.7,6.2,3.6,6.9,0.0,0.0,0.0,0.0,28.0,5.9,30.5,48.2,27.3
2026-07-09,17:00~20:00,總停等延滯,889668.0,652067.0,237601.0,395332.0,131087.0,60972.0,34806.0,0.0,35309.0,278642.0,44442.0,33538.0,75619.0,125043.0,138770.0,61950.0,33663.0,43157.0,103568.0,21582.0,23614.0,58372.0,26907.0,8357.0,18550.0,32431.0,24998.0,7433.0,29393.0,29393.0,148870.0,58601.0,666.0,65808.0,23795.0,202856.0,35027.0,75999.0,85402.0,6428.0,37262.0,37082.0,180.0,0.0,0.0,0.0,155214.0,3653.0,81587.0,22065.0,47909.0,157.1,311.7,179.6,142.7,228.0,562.0,201.2,nan,105.6,157.0,70.9,183.6,152.0,242.9,318.9,149.0,0.0,92.6,109.5,0.0,147.1
2026-07-09,17:00~20:00,通過量,16983,12345,4638,8258,6060,2441,1107,923,1589,4663,916,695,1278,1774,5008,2547,778,1683,3669,1391,840,1438,2001,750,1251,3607,1544,2063,901,901,5026,2039,1100,1103,784,10422,1128,4892,3131,1271,6632,2981,3651,7533,3069,4464,5285,863,2184,576,1662
2026-07-09,17:00~20:00,平均停等延滯,52.4,52.8,51.2,47.9,21.6,25.0,31.4,0.0,22.2,59.8,48.5,48.3,59.2,70.5,27.7,24.3,43.3,25.6,28.2,15.5,28.1,40.6,13.4,11.1,14.8,9.0,16.2,3.6,32.6,32.6,29.6,28.7,0.6,59.7,30.4,19.5,31.1,15.5,27.3,5.1,5.6,12.4,0.0,0.0,0.0,0.0,29.4,4.2,37.4,38.3,28.8
2026-07-09,10:00~12:00,總停等延滯,379582.0,292108.0,87474.0,181400.0,74739.0,42461.0,17211.0,0.0,15067.0,101288.0,17864.0,14021.0,38424.0,30979.0,67911.0,40352.0,12535.0,15024.0,48170.0,4311.0,12597.0,31262.0,7944.0,2748.0,5196.0,10040.0,7304.0,2736.0,12777.0,12777.0,56713.0,23509.0,59.0,24667.0,8478.0,92709.0,25415.0,53411.0,6678.0,7205.0,2734.0,2734.0,0.0,0.0,0.0,0.0,85957.0,503.0,39057.0,20930.0,25467.0,148.9,222.8,215.3,148.2,211.5,519.7,432.7,nan,99.6,149.1,62.7,225.3,176.7,304.8,230.9,0.0,0.0,82.0,376.5,0.0,175.5
2026-07-09,10:00~12:00,通過量,8383,6160,2223,4984,3435,1334,637,716,748,2313,428,318,858,709,2364,1337,385,642,1876,489,417,970,983,339,644,1620,710,910,376,376,2451,943,701,479,328,6610,769,2814,1977,1050,4310,2232,2078,4538,2172,2366,3113,421,1291,369,1032
2026-07-09,10:00~12:00,平均停等延滯,45.3,47.4,39.3,36.4,21.8,31.8,27.0,0.0,20.1,43.8,41.7,44.1,44.8,43.7,28.7,30.2,32.6,23.4,25.7,8.8,30.2,32.2,8.1,8.1,8.1,6.2,10.3,3.0,34.0,34.0,23.1,24.9,0.1,51.5,25.8,14.0,33.0,19.0,3.4,6.9,0.6,1.2,0.0,0.0,0.0,0.0,27.6,1.2,30.3,56.7,24.7
2026-07-09,14:00~16:00,總停等延滯,425010.0,319970.0,105040.0,239795.0,67679.0,33055.0,17261.0,73.0,17290.0,126620.0,22640.0,14397.0,47658.0,41925.0,67289.0,34435.0,14510.0,18344.0,58382.0,6077.0,11174.0,41131.0,12223.0,3176.0,9047.0,14094.0,11929.0,2165.0,13449.0,13449.0,65274.0,27185.0,19.0,29267.0,8803.0,128406.0,29371.0,58741.0,33104.0,7190.0,21683.0,21666.0,17.0,0.0,0.0,0.0,89706.0,3929.0,38067.0,15538.0,32172.0,152.2,267.3,249.0,153.7,220.5,575.0,219.4,nan,112.0,152.0,68.1,248.8,153.7,292.6,269.1,0.0,0.0,79.0,142.7,0.0,146.5
2026-07-09,14:00~16:00,通過量,9383,7037,2346,5334,3921,1344,710,920,947,2547,469,376,852,850,2610,1419,432,759,2235,616,406,1213,1187,418,769,1798,847,951,446,446,2494,1012,720,433,329,7213,654,3129,2393,1037,4472,2373,2099,4833,2341,2492,3252,452,1249,358,1193
2026-07-09,14:00~16:00,平均停等延滯,45.3,45.5,44.8,45.0,17.3,24.6,24.3,0.1,18.3,49.7,48.3,38.3,55.9,49.3,25.8,24.3,33.6,24.2,26.1,9.9,27.5,33.9,10.3,7.6,11.8,7.8,14.1,2.3,30.2,30.2,26.2,26.9,0.0,67.6,26.8,17.8,44.9,18.8,13.8,6.9,4.8,9.1,0.0,0.0,0.0,0.0,27.6,8.7,30.5,43.4,27.0
2026-07-09,16:00~19:00,總停等延滯,877846.0,640431.0,237415.0,443577.0,132164.0,60722.0,33707.0,0.0,37735.0,260811.0,44737.0,27358.0,83075.0,105641.0,138776.0,63761.0,34608.0,40407.0,108680.0,20186.0,23520.0,64974.0,27947.0,8758.0,19189.0,28877.0,22490.0,6387.0,31154.0,31154.0,149437.0,57603.0,666.0,66679.0,24489.0,234833.0,35208.0,79446.0,113089.0,7090.0,55188.0,54995.0,193.0,0.0,0.0,0.0,153556.0,6245.0,78535.0,23532.0,45244.0,156.1,330.9,183.5,167.6,224.0,613.3,194.5,nan,101.5,156.0,67.9,188.5,161.3,270.6,331.1,0.0,0.0,93.3,103.1,0.0,147.4
2026-07-09,16:00~19:00,通過量,17208,12473,4735,8469,6218,2477,1099,969,1673,4524,875,648,1348,1653,5036,2553,796,1687,3748,1308,838,1602,2098,793,1305,3439,1639,1800,948,948,4990,1996,1275,904,815,10847,1100,5109,3282,1356,6540,3090,3450,7529,3118,4411,5297,902,2135,546,1714
2026-07-09,16:00~19:00,平均停等延滯,51.0,51.3,50.1,52.4,21.3,24.5,30.7,0.0,22.6,57.7,51.1,42.2,61.6,63.9,27.6,25.0,43.5,24.0,29.0,15.4,28.1,40.6,13.3,11.0,14.7,8.4,13.7,3.5,32.9,32.9,29.9,28.9,0.5,73.8,30.0,21.6,32.0,15.6,34.5,5.2,8.4,17.8,0.1,0.0,0.0,0.0,29.0,6.9,36.8,43.1,26.4
2026-07-09,20:00~23:00,總停等延滯,568082.0,460179.0,107903.0,213581.0,93201.0,46701.0,17737.0,0.0,28763.0,221678.0,33193.0,24352.0,61733.0,102400.0,79058.0,38570.0,19731.0,20757.0,66242.0,19435.0,14436.0,32371.0,12877.0,2619.0,10258.0,11975.0,9824.0,2151.0,17180.0,17180.0,65871.0,41059.0,15.0,18230.0,6567.0,84722.0,23983.0,49675.0,10141.0,923.0,5035.0,5026.0,9.0,0.0,0.0,0.0,123824.0,1044.0,50507.0,17414.0,54859.0,147.1,297.1,220.2,156.9,224.6,512.1,182.7,nan,100.3,149.5,75.8,235.3,158.7,230.3,312.0,102.5,0.0,97.0,89.0,0.0,176.7
2026-07-09,20:00~23:00,通過量,11673,8949,2724,6167,4648,1837,723,1094,994,4596,947,609,1391,1649,3242,1626,551,1065,2620,1099,501,1020,1323,495,828,1730,905,825,464,464,3257,1492,777,653,335,6944,556,3234,2486,668,5660,2801,2859,6242,2993,3249,4575,488,1710,410,1967
2026-07-09,20:00~23:00,平均停等延滯,48.7,51.4,39.6,34.6,20.1,25.4,24.5,0.0,28.9,48.2,35.1,40.0,44.4,62.1,24.4,23.7,35.8,19.5,25.3,17.7,28.8,31.7,9.7,5.3,12.4,6.9,10.9,2.6,37.0,37.0,20.2,27.5,0.0,27.9,19.6,12.2,43.1,15.4,4.1,1.4,0.9,1.8,0.0,0.0,0.0,0.0,27.1,2.1,29.5,42.5,27.9
2026-07-10,07:00~09:00,總停等延滯,184677.0,144026.0,40651.0,88050.0,35867.0,20561.0,9185.0,0.0,6121.0,48781.0,11075.0,3773.0,21588.0,12345.0,30394.0,17582.0,6264.0,6548.0,28984.0,2211.0,6428.0,20345.0,1252.0,299.0,953.0,2184.0,2163.0,21.0,7590.0,7590.0,29625.0,12416.0,0.0,13242.0,3967.0,54179.0,18618.0,33942.0,483.0,1136.0,0.0,0.0,0.0,0.0,0.0,0.0,33871.0,129.0,14890.0,7114.0,11738.0,135.3,134.3,155.6,120.9,190.3,450.4,178.0,nan,89.1,134.3,55.2,158.1,134.5,240.2,134.6,150.2,0.0,112.2,67.2,0.0,137.1
2026-07-10,07:00~09:00,通過量,4739,3436,1303,2429,1807,830,369,320,288,1288,323,154,428,383,1252,630,218,404,1069,279,212,578,486,157,329,732,379,353,223,223,1384,461,499,253,171,3202,377,1450,827,548,1892,996,896,2571,1138,1433,1399,255,542,187,415
2026-07-10,07:00~09:00,平均停等延滯,39.0,41.9,31.2,36.2,19.8,24.8,24.9,0.0,21.3,37.9,34.3,24.5,50.4,32.2,24.3,27.9,28.7,16.2,27.1,7.9,30.3,35.2,2.6,1.9,2.9,3.0,5.7,0.1,34.0,34.0,21.4,26.9,0.0,52.3,23.2,16.9,49.4,23.4,0.6,2.1,0.0,0.0,0.0,0.0,0.0,0.0,24.2,0.5,27.5,38.0,28.3
2026-07-10,10:00~17:00,總停等延滯,1476611.0,1175224.0,301387.0,541373.0,252139.0,132920.0,57366.0,0.0,61853.0,530136.0,82469.0,70718.0,235338.0,141611.0,214226.0,102612.0,37222.0,74392.0,178723.0,21728.0,36059.0,120936.0,23595.0,4977.0,18618.0,42227.0,22622.0,19605.0,51406.0,51406.0,184159.0,75180.0,95.0,86651.0,22233.0,234099.0,73832.0,140539.0,12881.0,6847.0,22478.0,22463.0,15.0,0.0,0.0,0.0,284796.0,22191.0,111740.0,54691.0,96174.0,163.8,219.7,201.9,142.9,223.7,426.2,186.8,nan,111.0,164.8,59.7,198.3,150.3,226.0,214.1,161.4,0.0,74.8,123.5,0.0,163.5
2026-07-10,10:00~17:00,通過量,28817,21992,6825,13381,10902,4409,2032,1853,2608,9920,1927,1429,3791,2773,8219,4260,1302,2657,6747,1965,1262,3520,3007,897,2110,4903,2010,2893,1458,1458,7391,2921,2167,1364,939,16143,1505,7455,5167,2016,12704,6658,6046,13900,6768,7132,9092,1292,3379,1086,3335
2026-07-10,10:00~17:00,平均停等延滯,51.2,53.4,44.2,40.5,23.1,30.1,28.2,0.0,23.7,53.4,42.8,49.5,62.1,51.1,26.1,24.1,28.6,28.0,26.5,11.1,28.6,34.4,7.8,5.5,8.8,8.6,11.3,6.8,35.3,35.3,24.9,25.7,0.0,63.5,23.7,14.5,49.1,18.9,2.5,3.4,1.8,3.4,0.0,0.0,0.0,0.0,31.3,17.2,33.1,50.4,28.8
2026-07-10,17:00~20:00,總停等延滯,393796.0,322995.0,70801.0,134763.0,69693.0,33632.0,18019.0,0.0,18042.0,149232.0,29574.0,15636.0,72396.0,31626.0,63921.0,25814.0,9458.0,28649.0,40149.0,4605.0,10817.0,24727.0,3098.0,784.0,2314.0,9289.0,6057.0,3232.0,14799.0,14799.0,43615.0,21884.0,0.0,15116.0,6615.0,62751.0,20609.0,36764.0,4904.0,474.0,12327.0,12327.0,0.0,0.0,0.0,0.0,59685.0,762.0,22276.0,11701.0,24946.0,146.2,191.0,188.3,141.0,204.6,329.3,147.5,nan,129.4,146.4,58.3,178.8,136.3,189.6,185.8,146.3,0.0,84.7,63.9,0.0,132.9
2026-07-10,17:00~20:00,通過量,8790,6749,2041,3429,3187,1137,637,618,795,3181,596,516,1136,933,2511,1197,330,984,2041,624,407,1010,809,265,544,1325,637,688,471,471,2151,846,569,416,320,4404,370,1797,1643,594,3457,1872,1585,3950,1949,2001,2392,343,787,314,948
2026-07-10,17:00~20:00,平均停等延滯,44.8,47.9,34.7,39.3,21.9,29.6,28.3,0.0,22.7,46.9,49.6,30.3,63.7,33.9,25.5,21.6,28.7,29.1,19.7,7.4,26.6,24.5,3.8,3.0,4.3,7.0,9.5,4.7,31.4,31.4,20.3,25.9,0.0,36.3,20.7,14.2,55.7,20.5,3.0,0.8,3.6,6.6,0.0,0.0,0.0,0.0,25.0,2.2,28.3,37.3,26.3
2026-07-10,10:00~12:00,總停等延滯,406825.0,314013.0,92812.0,156130.0,73269.0,41188.0,14884.0,0.0,17197.0,127199.0,25377.0,14776.0,51505.0,35541.0,61606.0,29006.0,11509.0,21091.0,51939.0,4645.0,10921.0,36373.0,8474.0,1575.0,6899.0,10097.0,5313.0,4784.0,14233.0,14233.0,60008.0,20055.0,0.0,32365.0,7588.0,68920.0,21882.0,43046.0,2281.0,1711.0,580.0,565.0,15.0,0.0,0.0,0.0,86630.0,15792.0,33053.0,15061.0,22724.0,176.1,328.9,177.8,134.9,232.4,590.8,217.6,nan,100.2,176.7,56.4,171.5,129.0,252.2,292.4,173.5,0.0,73.9,152.9,0.0,148.9
2026-07-10,10:00~12:00,通過量,8441,6385,2056,3817,3024,1321,515,452,736,2585,532,323,957,773,2386,1186,379,821,2013,496,354,1163,896,272,624,1454,552,902,381,381,2184,781,676,440,287,4694,446,2223,1458,567,3688,1834,1854,4056,1868,2188,2528,392,988,287,861
2026-07-10,10:00~12:00,平均停等延滯,48.2,49.2,45.1,40.9,24.2,31.2,28.9,0.0,23.4,49.2,47.7,45.7,53.8,46.0,25.8,24.5,30.4,25.7,25.8,9.4,30.9,31.3,9.5,5.8,11.1,6.9,9.6,5.3,37.4,37.4,27.5,25.7,0.0,73.6,26.4,14.7,49.1,19.4,1.6,3.0,0.2,0.3,0.0,0.0,0.0,0.0,34.3,40.3,33.5,52.5,26.4
2026-07-10,14:00~16:00,總停等延滯,413177.0,331047.0,82130.0,161879.0,73602.0,38187.0,16927.0,0.0,18488.0,153675.0,22496.0,20301.0,68718.0,42160.0,57448.0,30292.0,9584.0,17572.0,46322.0,8538.0,9180.0,28604.0,5876.0,1441.0,4435.0,14076.0,6947.0,7129.0,15390.0,15390.0,46788.0,21487.0,95.0,19319.0,5887.0,70046.0,21965.0,40195.0,5639.0,2247.0,13651.0,13651.0,0.0,0.0,0.0,0.0,78182.0,1915.0,31864.0,15918.0,28485.0,166.7,186.2,185.9,124.8,225.2,331.7,148.6,nan,134.1,167.1,58.5,183.2,126.2,267.9,200.1,177.2,0.0,76.5,72.0,0.0,141.3
2026-07-10,14:00~16:00,通過量,7767,5915,1852,3851,3144,1254,621,545,724,2925,580,425,1102,818,2296,1313,340,643,1706,616,307,783,817,257,560,1306,578,728,429,429,1974,808,572,341,253,4552,427,2061,1465,599,3643,2001,1642,3953,1958,1995,2709,366,980,350,1013
2026-07-10,14:00~16:00,平均停等延滯,53.2,56.0,44.3,42.0,23.4,30.5,27.3,0.0,25.5,52.5,38.8,47.8,62.4,51.5,25.0,23.1,28.2,27.3,27.2,13.9,29.9,36.5,7.2,5.6,7.9,10.8,12.0,9.8,35.9,35.9,23.7,26.6,0.2,56.7,23.3,15.4,51.4,19.5,3.8,3.8,3.7,6.8,0.0,0.0,0.0,0.0,28.9,5.2,32.5,45.5,28.1
2026-07-10,16:00~19:00,總停等延滯,484361.0,392446.0,91915.0,167473.0,81009.0,39243.0,19115.0,0.0,22651.0,181811.0,32130.0,18487.0,90638.0,40556.0,77236.0,33415.0,10720.0,33101.0,52390.0,6112.0,12651.0,33627.0,3191.0,562.0,2629.0,15471.0,7922.0,7549.0,18466.0,18466.0,54787.0,25882.0,0.0,21021.0,7884.0,75329.0,23495.0,43951.0,6857.0,1026.0,12750.0,12750.0,0.0,0.0,0.0,0.0,79394.0,968.0,31420.0,14188.0,32818.0,139.4,188.4,165.1,134.7,195.2,394.0,137.0,nan,130.4,138.5,55.3,170.4,129.2,171.9,190.4,155.4,0.0,74.1,62.9,0.0,138.3
2026-07-10,16:00~19:00,通過量,9673,7378,2295,4156,3830,1379,712,799,940,3485,687,520,1336,942,2714,1417,355,942,2271,683,522,1066,906,278,628,1555,704,851,527,527,2526,1036,713,428,349,5208,447,2217,1879,665,4212,2264,1948,4811,2389,2422,2816,389,935,350,1142
2026-07-10,16:00~19:00,平均停等延滯,50.1,53.2,40.1,40.3,21.2,28.5,26.8,0.0,24.1,52.2,46.8,35.6,67.8,43.1,28.5,23.6,30.2,35.1,23.1,8.9,24.2,31.5,3.5,2.0,4.2,9.9,11.3,8.9,35.0,35.0,21.7,25.0,0.0,49.1,22.6,14.5,52.6,19.8,3.6,1.5,3.0,5.6,0.0,0.0,0.0,0.0,28.2,2.5,33.6,40.5,28.7
2026-07-10,20:00~23:00,總停等延滯,135511.0,111041.0,24470.0,57206.0,21906.0,10901.0,5860.0,0.0,5145.0,53613.0,9021.0,8153.0,21732.0,14707.0,18686.0,9024.0,4805.0,4857.0,16836.0,3027.0,4660.0,9149.0,2476.0,410.0,2066.0,1653.0,1371.0,282.0,5044.0,5044.0,15297.0,11611.0,0.0,1520.0,2166.0,28283.0,10910.0,17221.0,103.0,49.0,4444.0,4444.0,0.0,0.0,0.0,0.0,24479.0,0.0,5056.0,4565.0,14858.0,136.3,167.3,161.8,146.6,210.7,453.8,223.5,nan,95.1,137.9,74.3,165.3,146.1,231.3,172.4,163.4,0.0,107.4,119.9,0.0,135.0
2026-07-10,20:00~23:00,通過量,4563,3517,1046,1936,1415,571,354,202,288,2025,377,377,678,593,1180,620,200,360,1124,350,258,516,457,165,292,541,279,262,216,216,1085,420,341,163,161,2312,192,961,804,355,1725,1031,694,2237,1211,1026,1451,202,466,172,611
2026-07-10,20:00~23:00,平均停等延滯,29.7,31.6,23.4,29.5,15.5,19.1,16.6,0.0,17.9,26.5,23.9,21.6,32.1,24.8,15.8,14.6,24.0,13.5,15.0,8.6,18.1,17.7,5.4,2.5,7.1,3.1,4.9,1.1,23.4,23.4,14.1,27.6,0.0,9.3,13.5,12.2,56.8,17.9,0.1,0.1,2.6,4.3,0.0,0.0,0.0,0.0,16.9,0.0,10.8,26.5,24.3
2026-07-11,07:00~09:00,總停等延滯,43250.0,34987.0,8263.0,22810.0,5308.0,1841.0,2573.0,0.0,894.0,16362.0,3179.0,916.0,9094.0,3173.0,6374.0,2649.0,1641.0,2084.0,6943.0,375.0,2405.0,4163.0,290.0,100.0,190.0,489.0,454.0,35.0,2501.0,2501.0,4983.0,3491.0,0.0,1070.0,422.0,19225.0,8360.0,10841.0,24.0,0.0,0.0,0.0,0.0,0.0,0.0,0.0,3585.0,1.0,956.0,1246.0,1382.0,138.5,188.1,218.0,107.0,216.2,331.5,128.7,nan,85.0,144.3,75.4,228.8,106.0,113.3,238.3,104.8,0.0,76.6,52.8,0.0,165.2
2026-07-11,07:00~09:00,通過量,1810,1364,446,652,499,234,124,57,84,581,115,62,197,207,493,241,78,174,504,103,96,305,193,68,125,222,111,111,82,82,444,148,154,71,71,843,107,326,263,147,641,338,303,806,381,425,444,100,125,72,147
2026-07-11,07:00~09:00,平均停等延滯,23.9,25.7,18.5,35.0,10.6,7.9,20.8,0.0,10.6,28.2,27.6,14.8,46.2,15.3,12.9,11.0,21.0,12.0,13.8,3.6,25.1,13.6,1.5,1.5,1.5,2.2,4.1,0.3,30.5,30.5,11.2,23.6,0.0,15.1,5.9,22.8,78.1,33.3,0.1,0.0,0.0,0.0,0.0,0.0,0.0,0.0,8.1,0.0,7.6,17.3,9.4
2026-07-11,10:00~17:00,總停等延滯,444612.0,382387.0,62225.0,120555.0,58299.0,12387.0,22817.0,0.0,23095.0,147634.0,22597.0,22972.0,68992.0,33073.0,104194.0,25057.0,13996.0,65141.0,72260.0,5129.0,13909.0,53222.0,1353.0,346.0,1007.0,9237.0,8418.0,819.0,16464.0,16464.0,35171.0,19214.0,65.0,9797.0,6095.0,68470.0,24358.0,39542.0,4557.0,13.0,0.0,0.0,0.0,0.0,0.0,0.0,52085.0,9421.0,5627.0,9207.0,27830.0,171.2,283.0,173.5,431.9,255.9,794.8,130.1,nan,141.5,171.9,84.4,171.8,431.9,336.6,283.0,89.5,0.0,81.1,48.9,0.0,177.4
2026-07-11,10:00~17:00,通過量,12010,9679,2331,3865,3774,1543,908,468,855,4451,772,860,1478,1341,3386,1473,537,1376,3063,804,656,1603,1092,337,755,1518,677,841,502,502,2592,1100,688,370,434,4343,412,1799,1516,616,3644,1901,1743,4586,2114,2472,2671,560,457,468,1186
2026-07-11,10:00~17:00,平均停等延滯,37.0,39.5,26.7,31.2,15.4,8.0,25.1,0.0,27.0,33.2,29.3,26.7,46.7,24.7,30.8,17.0,26.1,47.3,23.6,6.4,21.2,33.2,1.2,1.0,1.3,6.1,12.4,1.0,32.8,32.8,13.6,17.5,0.1,26.5,14.0,15.8,59.1,22.0,3.0,0.0,0.0,0.0,0.0,0.0,0.0,0.0,19.5,16.8,12.3,19.7,23.5
2026-07-11,17:00~20:00,總停等延滯,238435.0,208463.0,29972.0,55324.0,30160.0,15751.0,13650.0,0.0,759.0,76932.0,8004.0,16663.0,36018.0,16247.0,67536.0,14065.0,4753.0,48718.0,33835.0,2665.0,9842.0,21328.0,1234.0,404.0,830.0,4898.0,3802.0,1096.0,8698.0,8698.0,15142.0,9072.0,0.0,3945.0,2125.0,33463.0,12224.0,18017.0,3185.0,37.0,192.0,192.0,0.0,0.0,0.0,0.0,21669.0,33.0,2346.0,4133.0,15157.0,166.9,191.7,216.7,120.8,256.6,327.8,129.6,nan,118.8,166.9,89.7,205.6,116.6,143.6,191.7,0.0,0.0,77.2,52.3,0.0,109.4
2026-07-11,17:00~20:00,通過量,5866,4674,1192,1980,1768,657,447,248,416,2279,359,647,721,552,1698,760,238,700,1435,418,347,670,510,172,338,682,303,379,306,306,1201,487,317,181,216,2188,296,834,784,274,1872,1063,809,2309,1244,1065,1344,214,280,178,672
2026-07-11,17:00~20:00,平均停等延滯,40.6,44.6,25.1,27.9,17.1,24.0,30.5,0.0,1.8,33.8,22.3,25.8,50.0,29.4,39.8,18.5,20.0,69.6,23.6,6.4,28.4,31.8,2.4,2.3,2.5,7.2,12.5,2.9,28.4,28.4,12.6,18.6,0.0,21.8,9.8,15.3,41.3,21.6,4.1,0.1,0.1,0.2,0.0,0.0,0.0,0.0,16.1,0.2,8.4,23.2,22.6
2026-07-11,10:00~12:00,總停等延滯,114515.0,99234.0,15281.0,26996.0,7657.0,1237.0,4503.0,0.0,1917.0,31031.0,4801.0,2867.0,17108.0,6255.0,43055.0,5597.0,4294.0,33164.0,17491.0,1194.0,3129.0,13168.0,364.0,161.0,203.0,1843.0,1751.0,92.0,3681.0,3681.0,9393.0,4826.0,0.0,2831.0,1736.0,16190.0,5998.0,9552.0,627.0,13.0,0.0,0.0,0.0,0.0,0.0,0.0,10806.0,2023.0,525.0,2057.0,6201.0,160.5,222.9,179.8,315.2,247.6,nan,119.7,nan,92.3,159.8,87.1,177.6,315.2,161.6,214.0,89.5,0.0,74.9,43.2,0.0,86.0
2026-07-11,10:00~12:00,通過量,3222,2634,588,914,914,349,294,64,207,1075,193,134,338,410,961,327,150,484,785,179,150,456,309,81,228,346,148,198,120,120,613,226,174,84,129,1079,103,471,334,171,833,433,400,1095,551,544,662,211,111,75,265
2026-07-11,10:00~12:00,平均停等延滯,35.5,37.7,26.0,29.5,8.4,3.5,15.3,0.0,9.3,28.9,24.9,21.4,50.6,15.3,44.8,17.1,28.6,68.5,22.3,6.7,20.9,28.9,1.2,2.0,0.9,5.3,11.8,0.5,30.7,30.7,15.3,21.4,0.0,33.7,13.5,15.0,58.2,20.3,1.9,0.1,0.0,0.0,0.0,0.0,0.0,0.0,16.3,9.6,4.7,27.4,23.4
2026-07-11,14:00~16:00,總停等延滯,132129.0,111684.0,20445.0,44248.0,20173.0,2643.0,6686.0,0.0,10844.0,49013.0,8987.0,8740.0,20120.0,11166.0,17765.0,7470.0,3618.0,6677.0,24733.0,1935.0,4398.0,18400.0,547.0,132.0,415.0,2602.0,2260.0,342.0,5149.0,5149.0,12147.0,6574.0,0.0,3526.0,2047.0,24251.0,8558.0,13314.0,2379.0,0.0,0.0,0.0,0.0,0.0,0.0,0.0,19997.0,3421.0,2809.0,4059.0,9708.0,173.5,488.8,202.3,112.0,252.2,490.3,129.0,nan,230.1,173.5,79.0,198.3,112.0,232.8,488.8,0.0,0.0,75.3,53.2,0.0,108.7
2026-07-11,14:00~16:00,通過量,3551,2768,783,1180,1218,489,295,192,242,1375,256,293,450,376,927,438,173,316,865,281,166,418,311,106,205,490,207,283,155,155,846,324,250,134,138,1351,99,553,504,195,1186,633,553,1408,650,758,836,159,149,141,387
2026-07-11,14:00~16:00,平均停等延滯,37.2,40.3,26.1,37.5,16.6,5.4,22.7,0.0,44.8,35.6,35.1,29.8,44.7,29.7,19.2,17.1,20.9,21.1,28.6,6.9,26.5,44.0,1.8,1.2,2.0,5.3,10.9,1.2,33.2,33.2,14.4,20.3,0.0,26.3,14.8,18.0,86.4,24.1,4.7,0.0,0.0,0.0,0.0,0.0,0.0,0.0,23.9,21.5,18.9,28.8,25.1
2026-07-11,16:00~19:00,總停等延滯,269900.0,236617.0,33283.0,61002.0,33370.0,18106.0,13856.0,0.0,1408.0,92899.0,9881.0,17357.0,46812.0,18849.0,75361.0,14874.0,5935.0,54552.0,34987.0,2435.0,9927.0,22625.0,1074.0,351.0,723.0,5765.0,4737.0,1028.0,9943.0,9943.0,16501.0,9429.0,65.0,4559.0,2448.0,34656.0,12085.0,19286.0,3268.0,17.0,2.0,2.0,0.0,0.0,0.0,0.0,26344.0,3610.0,3474.0,4072.0,15188.0,163.7,178.5,207.0,121.8,255.1,319.7,126.6,nan,127.6,163.7,91.5,197.6,121.0,130.8,178.5,0.0,0.0,75.1,51.4,0.0,288.4
2026-07-11,16:00~19:00,通過量,5908,4700,1208,2142,1931,753,418,326,434,2279,368,516,846,549,1737,785,231,721,1484,406,379,699,528,166,362,757,346,411,320,320,1291,569,334,190,198,2343,342,926,779,296,1926,1005,921,2366,1214,1152,1330,222,234,234,640
2026-07-11,16:00~19:00,平均停等延滯,45.7,50.3,27.6,28.5,17.3,24.0,33.1,0.0,3.2,40.8,26.9,33.6,55.3,34.3,43.4,18.9,25.7,75.7,23.6,6.0,26.2,32.4,2.0,2.1,2.0,7.6,13.7,2.5,31.1,31.1,12.8,16.6,0.2,24.0,12.4,14.8,35.3,20.8,4.2,0.1,0.0,0.0,0.0,0.0,0.0,0.0,19.8,16.3,14.8,17.4,23.7
2026-07-11,20:00~23:00,總停等延滯,100870.0,82463.0,18407.0,47206.0,14778.0,6380.0,6969.0,0.0,1429.0,34623.0,4851.0,7505.0,14256.0,8011.0,14785.0,6774.0,3507.0,4504.0,18277.0,2816.0,4637.0,10824.0,3283.0,415.0,2868.0,1214.0,789.0,425.0,3550.0,3550.0,10360.0,7587.0,0.0,1554.0,1219.0,33910.0,12369.0,20156.0,1371.0,14.0,0.0,0.0,0.0,0.0,0.0,0.0,13296.0,10.0,1415.0,2701.0,9170.0,159.2,140.4,184.3,141.4,236.7,283.7,124.7,nan,192.6,158.6,76.7,181.0,142.7,160.1,140.4,0.0,0.0,83.2,41.3,0.0,110.7
2026-07-11,20:00~23:00,通過量,3365,2644,721,1575,1174,401,359,212,202,1192,234,238,397,323,977,466,157,354,892,282,200,410,350,124,226,474,239,235,161,161,793,357,219,78,139,1785,127,823,623,212,1337,737,600,1579,830,749,1005,151,229,155,470
2026-07-11,20:00~23:00,平均停等延滯,30.0,31.2,25.5,30.0,12.6,15.9,19.4,0.0,7.1,29.0,20.7,31.5,35.9,24.8,15.1,14.5,22.3,12.7,20.5,10.0,23.2,26.4,9.4,3.3,12.7,2.6,3.3,1.8,22.0,22.0,13.1,21.3,0.0,19.9,8.8,19.0,97.4,24.5,2.2,0.1,0.0,0.0,0.0,0.0,0.0,0.0,13.2,0.1,6.2,17.4,19.5
2026-07-12,07:00~09:00,總停等延滯,176156.0,142275.0,33881.0,76716.0,29786.0,19492.0,7001.0,0.0,3293.0,59315.0,13747.0,2411.0,20480.0,22677.0,29748.0,13647.0,9030.0,7071.0,23426.0,2635.0,5445.0,15346.0,1526.0,377.0,1149.0,4283.0,3917.0,366.0,4866.0,4866.0,23206.0,8489.0,0.0,11644.0,3073.0,45397.0,14254.0,23924.0,6705.0,514.0,0.0,0.0,0.0,0.0,0.0,0.0,31319.0,212.0,14135.0,5225.0,11747.0,155.2,198.1,158.4,123.9,214.1,409.0,121.0,nan,91.3,160.1,58.7,165.6,122.5,193.8,202.8,91.4,0.0,73.2,47.2,0.0,108.4
2026-07-12,07:00~09:00,通過量,4266,3132,1134,2024,1550,730,300,326,194,1435,338,148,419,530,1215,589,273,353,955,351,175,429,529,174,355,733,349,384,147,147,1282,469,368,282,163,2545,214,1156,832,343,1994,1040,954,2328,1108,1220,1438,233,551,164,490
2026-07-12,07:00~09:00,平均停等延滯,41.3,45.4,29.9,37.9,19.2,26.7,23.3,0.0,17.0,41.3,40.7,16.3,48.9,42.8,24.5,23.2,33.1,20.0,24.5,7.5,31.1,35.8,2.9,2.2,3.2,5.8,11.2,1.0,33.1,33.1,18.1,18.1,0.0,41.3,18.9,17.8,66.6,20.7,8.1,1.5,0.0,0.0,0.0,0.0,0.0,0.0,21.8,0.9,25.7,31.9,24.0
2026-07-12,10:00~17:00,總停等延滯,2479323.0,2028175.0,451148.0,886353.0,403120.0,118688.0,163032.0,0.0,121400.0,802360.0,125063.0,106847.0,289013.0,281437.0,526066.0,275499.0,115025.0,135542.0,296629.0,23755.0,65828.0,207046.0,55482.0,5729.0,49753.0,75919.0,46822.0,29097.0,57124.0,57124.0,262623.0,88166.0,3316.0,132182.0,38959.0,326213.0,71398.0,151601.0,88355.0,14859.0,80154.0,80151.0,3.0,0.0,0.0,0.0,479986.0,20726.0,265633.0,72688.0,120939.0,169.8,242.2,190.1,147.1,257.8,639.6,181.7,nan,109.8,167.7,87.3,195.8,143.3,389.4,241.9,140.8,0.0,91.9,90.5,0.0,145.3
2026-07-12,10:00~17:00,通過量,37065,28523,8542,18295,14644,6155,2782,1781,3926,10339,2124,1599,3341,3275,13379,7598,2499,3282,7423,2418,2048,2957,4223,1113,3110,7098,2705,4393,1564,1564,9284,3419,3014,1447,1404,21690,1761,10559,6813,2557,17416,7846,9570,18875,8020,10855,12345,1603,4767,1258,4717
2026-07-12,10:00~17:00,平均停等延滯,66.9,71.1,52.8,48.4,27.5,19.3,58.6,0.0,30.9,77.6,58.9,66.8,86.5,85.9,39.3,36.3,46.0,41.3,40.0,9.8,32.1,70.0,13.1,5.1,16.0,10.7,17.3,6.6,36.5,36.5,28.3,25.8,1.1,91.3,27.7,15.0,40.5,14.4,13.0,5.8,4.6,10.2,0.0,0.0,0.0,0.0,38.9,12.9,55.7,57.8,25.6
2026-07-12,17:00~20:00,總停等延滯,874496.0,704306.0,170190.0,372196.0,119868.0,62767.0,38723.0,0.0,18378.0,305757.0,45355.0,36204.0,95542.0,128656.0,165257.0,84291.0,32732.0,48234.0,113424.0,13470.0,24639.0,75315.0,15040.0,3377.0,11663.0,30385.0,24211.0,6174.0,22930.0,22930.0,101835.0,43373.0,183.0,39697.0,18582.0,147367.0,29526.0,57381.0,54551.0,5909.0,54654.0,54651.0,3.0,0.0,0.0,0.0,170175.0,6671.0,82343.0,20741.0,60420.0,170.4,303.9,215.1,139.3,259.9,536.0,168.4,nan,125.0,168.8,86.2,215.3,137.5,229.4,296.8,147.9,0.0,75.9,92.5,0.0,250.1
2026-07-12,17:00~20:00,通過量,15059,11655,3404,7216,6443,2171,942,1039,2291,4372,787,622,1483,1480,4880,2613,707,1560,3027,1145,732,1150,1578,618,960,2600,1293,1307,608,608,3946,1768,973,610,595,8700,560,3560,3474,1106,6669,3624,3045,7473,3823,3650,5224,718,1410,479,2617
2026-07-12,17:00~20:00,平均停等延滯,58.1,60.4,50.0,51.6,18.6,28.9,41.1,0.0,8.0,69.9,57.6,58.2,64.4,86.9,33.9,32.3,46.3,30.9,37.5,11.8,33.7,65.5,9.5,5.5,12.1,11.7,18.7,4.7,37.7,37.7,25.8,24.5,0.2,65.1,31.2,16.9,52.7,16.1,15.7,5.3,8.2,15.1,0.0,0.0,0.0,0.0,32.6,9.3,58.4,43.3,23.1
2026-07-12,10:00~12:00,總停等延滯,527046.0,417466.0,109580.0,192543.0,68199.0,22814.0,39276.0,0.0,6109.0,152613.0,30109.0,16432.0,54876.0,51196.0,115641.0,63930.0,28854.0,22857.0,81013.0,4504.0,16628.0,59881.0,13547.0,1392.0,12155.0,18551.0,11070.0,7481.0,12399.0,12399.0,65083.0,16706.0,32.0,38117.0,10228.0,75656.0,20219.0,40219.0,13429.0,1789.0,6428.0,6428.0,0.0,0.0,0.0,0.0,110459.0,2024.0,65344.0,17868.0,25223.0,164.3,207.3,173.9,189.0,253.5,464.9,163.6,nan,107.2,165.0,89.6,176.3,182.2,255.2,213.2,123.3,0.0,76.1,87.8,0.0,164.9
2026-07-12,10:00~12:00,通過量,8754,6596,2158,4301,3206,1490,645,434,637,2550,510,360,897,783,3080,1742,625,713,1930,587,501,842,1049,256,793,1753,571,1182,333,333,2303,734,684,527,358,5055,418,2626,1489,522,4207,1814,2393,4504,1807,2697,2806,384,1165,344,913
2026-07-12,10:00~12:00,平均停等延滯,60.2,63.3,50.8,44.8,21.3,15.3,60.9,0.0,9.6,59.8,59.0,45.6,61.2,65.4,37.5,36.7,46.2,32.1,42.0,7.7,33.2,71.1,12.9,5.4,15.3,10.6,19.4,6.3,37.2,37.2,28.3,22.8,0.0,72.3,28.6,15.0,48.4,15.3,9.0,3.4,1.5,3.5,0.0,0.0,0.0,0.0,39.4,5.3,56.1,51.9,27.6
2026-07-12,14:00~16:00,總停等延滯,860334.0,712148.0,148186.0,299658.0,157539.0,36189.0,55926.0,0.0,65424.0,287670.0,40080.0,40243.0,99499.0,107848.0,179652.0,89166.0,34351.0,56135.0,87287.0,7675.0,20651.0,58961.0,18391.0,1884.0,16507.0,24075.0,14406.0,9669.0,19630.0,19630.0,86090.0,31912.0,2176.0,40556.0,11446.0,110070.0,20963.0,47148.0,34983.0,6976.0,37063.0,37060.0,3.0,0.0,0.0,0.0,152525.0,9369.0,82340.0,23423.0,37393.0,168.5,291.7,229.7,139.5,258.1,826.7,176.5,nan,110.6,165.0,89.2,242.9,139.1,501.0,292.6,142.2,0.0,85.3,90.8,0.0,178.7
2026-07-12,14:00~16:00,通過量,11871,9178,2693,6007,4900,1928,881,627,1464,3220,689,470,974,1087,4239,2382,812,1045,2263,772,655,836,1368,362,1006,2178,851,1327,537,537,2830,1036,1015,343,436,7132,595,3381,2271,885,5565,2575,2990,6150,2712,3438,3994,501,1462,398,1633
2026-07-12,14:00~16:00,平均停等延滯,72.5,77.6,55.0,49.9,32.2,18.8,63.5,0.0,44.7,89.3,58.2,85.6,102.2,99.2,42.4,37.4,42.3,53.7,38.6,9.9,31.5,70.5,13.4,5.2,16.4,11.1,16.9,7.3,36.6,36.6,30.4,30.8,2.1,118.2,26.3,15.4,35.2,13.9,15.4,7.9,6.7,14.4,0.0,0.0,0.0,0.0,38.2,18.7,56.3,58.9,22.9
2026-07-12,16:00~19:00,總停等延滯,1054800.0,855519.0,199281.0,427535.0,146997.0,77728.0,46817.0,0.0,22452.0,370143.0,54345.0,41422.0,117954.0,156422.0,209107.0,110567.0,45590.0,52950.0,129272.0,15052.0,27434.0,86786.0,19674.0,3927.0,15747.0,32460.0,25077.0,7383.0,27618.0,27618.0,119529.0,49413.0,885.0,48999.0,20232.0,160147.0,30337.0,62012.0,60734.0,7064.0,65092.0,65092.0,0.0,0.0,0.0,0.0,202296.0,10012.0,102019.0,26752.0,63513.0,183.0,328.8,219.8,134.7,278.3,626.0,189.5,nan,132.4,182.2,94.7,218.8,131.3,326.8,342.3,149.2,0.0,100.8,90.2,0.0,149.4
2026-07-12,16:00~19:00,通過量,16389,12698,3691,7906,6984,2553,1017,911,2503,4314,809,632,1414,1459,5538,3047,850,1641,3296,1253,782,1261,1737,629,1108,3010,1461,1549,674,674,4166,1778,1153,595,640,9534,661,4081,3564,1228,7190,3712,3478,8184,3977,4207,5676,775,1737,489,2675
2026-07-12,16:00~19:00,平均停等延滯,64.4,67.4,54.0,54.1,21.0,30.4,46.0,0.0,9.0,85.8,67.2,65.5,83.4,107.2,37.8,36.3,53.6,32.3,39.2,12.0,35.1,68.8,11.3,6.2,14.2,10.8,17.2,4.8,41.0,41.0,28.7,27.8,0.8,82.4,31.6,16.8,45.9,15.2,17.0,5.8,9.1,17.5,0.0,0.0,0.0,0.0,35.6,12.9,58.7,54.7,23.7
2026-07-12,20:00~23:00,總停等延滯,523447.0,425757.0,97690.0,281298.0,77918.0,36838.0,21354.0,0.0,19726.0,192760.0,35439.0,22781.0,52426.0,82114.0,84191.0,41419.0,17382.0,25390.0,70888.0,11716.0,11356.0,47816.0,11380.0,2046.0,9334.0,10729.0,9407.0,1322.0,13647.0,13647.0,61934.0,39799.0,81.0,11235.0,10819.0,112993.0,23829.0,44046.0,38360.0,6758.0,33640.0,33640.0,0.0,0.0,0.0,0.0,134665.0,2929.0,45677.0,13344.0,72715.0,165.0,203.7,215.4,139.7,264.7,522.7,173.0,nan,105.9,162.3,99.6,225.2,139.5,297.5,209.0,141.2,0.0,80.7,92.8,0.0,196.7
2026-07-12,20:00~23:00,通過量,10816,8364,2452,5876,4738,1540,625,1029,1544,3882,749,520,1203,1410,2882,1404,477,1001,2263,1016,375,872,1167,416,751,1664,961,703,403,403,3209,1576,620,541,472,7253,406,2548,3270,1029,5747,3305,2442,5962,3410,2552,4408,508,978,412,2510
2026-07-12,20:00~23:00,平均停等延滯,48.4,50.9,39.8,47.9,16.4,23.9,34.2,0.0,12.8,49.7,47.3,43.8,43.6,58.2,29.2,29.5,36.4,25.4,31.3,11.5,30.3,54.8,9.8,4.9,12.4,6.4,9.8,1.9,33.9,33.9,19.3,25.3,0.1,20.8,22.9,15.6,58.7,17.3,11.7,6.6,5.9,10.2,0.0,0.0,0.0,0.0,30.6,5.8,46.7,32.4,29.0
2026-07-13,07:00~09:00,總停等延滯,620844.0,466146.0,154698.0,276715.0,82940.0,44626.0,23865.0,0.0,14449.0,203141.0,28262.0,16038.0,49765.0,109076.0,95049.0,35751.0,32053.0,27245.0,85016.0,6760.0,17297.0,60959.0,20654.0,3819.0,16835.0,17265.0,12284.0,4981.0,19749.0,19749.0,97030.0,31220.0,2284.0,52189.0,11337.0,123528.0,20724.0,51317.0,36161.0,15326.0,41772.0,41721.0,51.0,0.0,0.0,0.0,111415.0,1375.0,39335.0,31621.0,39084.0,149.5,210.6,203.1,114.5,218.3,396.3,157.4,nan,103.7,149.3,68.7,232.0,115.4,201.8,215.5,133.9,0.0,75.8,86.2,0.0,156.5
2026-07-13,07:00~09:00,通過量,11145,7673,3472,5437,3665,1413,774,810,668,2789,565,325,799,1100,2911,1260,836,815,2583,841,545,1197,1442,420,1022,2106,886,1220,552,552,3695,1195,1215,872,413,7280,514,2976,2409,1381,5290,2876,2414,5589,3025,2564,3891,723,1221,485,1462
2026-07-13,07:00~09:00,平均停等延滯,55.7,60.8,44.6,50.9,22.6,31.6,30.8,0.0,21.6,72.8,50.0,49.3,62.3,99.2,32.7,28.4,38.3,33.4,32.9,8.0,31.7,50.9,14.3,9.1,16.5,8.2,13.9,4.1,35.8,35.8,26.3,26.1,1.9,59.8,27.5,17.0,40.3,17.2,15.0,11.1,7.9,14.5,0.0,0.0,0.0,0.0,28.6,1.9,32.2,65.2,26.7
2026-07-13,10:00~17:00,總停等延滯,1505735.0,1119763.0,385972.0,849062.0,264884.0,143258.0,62949.0,130.0,58547.0,412119.0,71896.0,48268.0,152693.0,139262.0,231888.0,120248.0,43959.0,67681.0,210872.0,22003.0,46331.0,142538.0,40310.0,12083.0,28227.0,49623.0,36041.0,13582.0,52881.0,52881.0,243158.0,111851.0,2291.0,95129.0,33887.0,463901.0,100993.0,196721.0,142559.0,23628.0,73628.0,73548.0,80.0,0.0,0.0,0.0,311533.0,15245.0,129646.0,67883.0,98759.0,156.0,249.4,212.7,154.6,221.6,610.9,166.9,nan,109.0,156.2,66.0,223.9,155.9,353.8,267.5,139.3,0.0,85.1,83.1,0.0,172.3
2026-07-13,10:00~17:00,通過量,30325,22493,7832,18131,11948,4689,2242,2343,2674,8842,1655,1237,3303,2647,8263,4524,1279,2460,7331,2066,1568,3697,3838,1307,2531,5969,2657,3312,1548,1548,8427,3450,2018,1820,1139,23634,2172,10614,7353,3495,15242,7830,7412,15741,7522,8219,10965,1459,4161,1342,4003
2026-07-13,10:00~17:00,平均停等延滯,49.7,49.8,49.3,46.8,22.2,30.6,28.1,0.1,21.9,46.6,43.4,39.0,46.2,52.6,28.1,26.6,34.4,27.5,28.8,10.7,29.5,38.6,10.5,9.2,11.2,8.3,13.6,4.1,34.2,34.2,28.9,32.4,1.1,52.3,29.8,19.6,46.5,18.5,19.4,6.8,4.8,9.4,0.0,0.0,0.0,0.0,28.4,10.4,31.2,50.6,24.7
2026-07-13,17:00~20:00,總停等延滯,796235.0,573175.0,223060.0,396674.0,121902.0,55636.0,31986.0,0.0,34280.0,229209.0,36650.0,30237.0,63365.0,98957.0,125108.0,60950.0,23758.0,40400.0,96956.0,17630.0,22435.0,56891.0,25472.0,11309.0,14163.0,32372.0,24088.0,8284.0,25150.0,25150.0,140066.0,60461.0,199.0,55831.0,23575.0,211224.0,32073.0,70459.0,98644.0,10048.0,48219.0,47956.0,263.0,0.0,0.0,0.0,137231.0,7278.0,71959.0,19445.0,38549.0,147.4,183.5,179.5,289.8,227.5,364.0,180.2,nan,99.6,147.2,81.3,180.9,235.2,179.8,186.4,0.0,0.0,95.3,87.5,0.0,171.4
2026-07-13,17:00~20:00,通過量,15908,11431,4477,7837,5829,2220,1141,996,1472,4106,800,653,1189,1464,4587,2443,670,1474,3550,1213,784,1553,1921,813,1108,3157,1613,1544,832,832,4891,2059,1184,917,731,9957,987,4868,2830,1272,6498,2623,3875,6911,2765,4146,4916,864,2070,537,1445
2026-07-13,17:00~20:00,平均停等延滯,50.1,50.1,49.8,50.6,20.9,25.1,28.0,0.0,23.3,55.8,45.8,46.3,53.3,67.6,27.3,24.9,35.5,27.4,27.3,14.5,28.6,36.6,13.3,13.9,12.8,10.3,14.9,5.4,30.2,30.2,28.6,29.4,0.2,60.9,32.3,21.2,32.5,14.5,34.9,7.9,7.4,18.3,0.1,0.0,0.0,0.0,27.9,8.4,34.8,36.2,26.7
2026-07-13,10:00~12:00,總停等延滯,394598.0,299724.0,94874.0,184077.0,71731.0,43151.0,15780.0,83.0,12717.0,110606.0,20965.0,13010.0,43408.0,33223.0,61506.0,33509.0,13309.0,14688.0,55881.0,5665.0,10776.0,39440.0,9511.0,2326.0,7185.0,10087.0,8300.0,1787.0,13301.0,13301.0,61975.0,30843.0,365.0,24504.0,6263.0,91567.0,24037.0,53224.0,7145.0,7161.0,2864.0,2844.0,20.0,0.0,0.0,0.0,89646.0,2908.0,38291.0,18476.0,29971.0,166.1,346.9,247.8,153.1,226.8,587.6,160.4,nan,103.8,166.1,60.6,268.1,148.5,217.2,404.9,155.5,0.0,78.5,82.0,0.0,162.6
2026-07-13,10:00~12:00,通過量,8207,6129,2078,5124,3175,1381,608,589,597,2390,464,344,901,681,2213,1252,373,588,2109,552,399,1158,1031,327,704,1516,709,807,404,404,2301,954,583,465,299,6683,585,3103,1940,1055,4357,2213,2144,4532,2119,2413,2978,374,1168,380,1056
2026-07-13,10:00~12:00,平均停等延滯,48.1,48.9,45.7,35.9,22.6,31.2,26.0,0.1,21.3,46.3,45.2,37.8,48.2,48.8,27.8,26.8,35.7,25.0,26.5,10.3,27.0,34.1,9.2,7.1,10.2,6.7,11.7,2.2,32.9,32.9,26.9,32.3,0.6,52.7,20.9,13.7,41.1,17.2,3.7,6.8,0.7,1.3,0.0,0.0,0.0,0.0,30.1,7.8,32.8,48.6,28.4
2026-07-13,14:00~16:00,總停等延滯,425908.0,303616.0,122292.0,294351.0,69926.0,34853.0,17182.0,0.0,17891.0,113131.0,17745.0,13491.0,42297.0,39598.0,65279.0,29459.0,11959.0,23861.0,55280.0,6472.0,15747.0,33061.0,13126.0,3534.0,9592.0,18876.0,12092.0,6784.0,15482.0,15482.0,74808.0,33513.0,1116.0,29211.0,10968.0,179728.0,35004.0,61718.0,76075.0,6931.0,40632.0,40624.0,8.0,0.0,0.0,0.0,73991.0,4111.0,29179.0,14101.0,26600.0,150.8,244.6,220.1,217.9,221.7,761.2,162.9,nan,101.5,151.1,71.6,236.5,218.1,492.1,241.3,126.8,0.0,96.2,66.7,0.0,143.6
2026-07-13,14:00~16:00,通過量,8821,6362,2459,5188,3420,1168,606,775,871,2672,465,394,964,849,2283,1191,343,749,1949,567,510,872,1163,371,792,1824,757,1067,444,444,2566,922,620,662,362,7001,655,2953,2409,984,4187,2275,1912,4239,2103,2136,3033,392,1061,331,1249
2026-07-13,14:00~16:00,平均停等延滯,48.3,47.7,49.7,56.7,20.4,29.8,28.4,0.0,20.5,42.3,38.2,34.2,43.9,46.6,28.6,24.7,34.9,31.9,28.4,11.4,30.9,37.9,11.3,9.5,12.1,10.3,16.0,6.4,34.9,34.9,29.2,36.3,1.8,44.1,30.3,25.7,53.4,20.9,31.6,7.0,9.7,17.9,0.0,0.0,0.0,0.0,24.4,10.5,27.5,42.6,21.3
2026-07-13,16:00~19:00,總停等延滯,860646.0,609416.0,251230.0,489685.0,134861.0,62010.0,33100.0,0.0,39751.0,230251.0,34214.0,27096.0,65643.0,103298.0,131804.0,64339.0,25186.0,42279.0,112500.0,16559.0,23675.0,72266.0,28354.0,12821.0,15533.0,35412.0,26559.0,8853.0,31556.0,31556.0,155908.0,66204.0,812.0,61328.0,27564.0,267912.0,38467.0,80152.0,136642.0,12651.0,68937.0,68645.0,292.0,0.0,0.0,0.0,152836.0,12808.0,79373.0,24260.0,36395.0,148.1,191.7,179.5,160.9,223.8,478.2,180.0,nan,115.2,148.6,76.4,180.5,166.7,269.0,195.0,0.0,0.0,97.5,84.9,0.0,178.9
2026-07-13,16:00~19:00,通過量,16431,11762,4669,8258,6127,2368,1173,1037,1549,4108,765,591,1322,1430,4928,2645,731,1552,3628,1260,834,1534,2098,876,1222,3371,1751,1620,936,936,5199,2342,1257,812,788,10762,1008,5136,3155,1463,6743,2743,4000,7048,2869,4179,5235,973,2148,595,1519
2026-07-13,16:00~19:00,平均停等延滯,52.4,51.8,53.8,59.3,22.0,26.2,28.2,0.0,25.7,56.0,44.7,45.8,49.7,72.2,26.7,24.3,34.5,27.2,31.0,13.1,28.4,47.1,13.5,14.6,12.7,10.5,15.2,5.5,33.7,33.7,30.0,28.3,0.6,75.5,35.0,24.9,38.2,15.6,43.3,8.6,10.2,25.0,0.1,0.0,0.0,0.0,29.2,13.2,37.0,40.8,24.0
2026-07-13,20:00~23:00,總停等延滯,328566.0,267782.0,60784.0,135466.0,57436.0,30464.0,11538.0,0.0,15434.0,122578.0,20882.0,17872.0,37107.0,46717.0,46526.0,23489.0,10966.0,12071.0,41242.0,10076.0,10201.0,20965.0,6796.0,2019.0,4777.0,6776.0,5922.0,854.0,10983.0,10983.0,36229.0,25875.0,0.0,8030.0,2324.0,64814.0,21337.0,41701.0,1271.0,505.0,2159.0,2159.0,0.0,0.0,0.0,0.0,68493.0,2.0,25728.0,10683.0,32080.0,136.2,201.8,159.1,242.3,210.4,345.9,165.7,nan,97.3,136.2,72.7,159.4,272.7,121.6,216.3,0.0,0.0,73.5,94.4,0.0,134.3
2026-07-13,20:00~23:00,通過量,8240,6249,1991,4203,3315,1239,623,726,727,3138,663,439,951,1085,2185,1145,330,710,1806,710,388,708,857,360,497,1180,688,492,325,325,2381,1075,575,541,190,4901,433,2278,1645,545,3777,1878,1899,4425,2056,2369,2782,331,959,319,1173
2026-07-13,20:00~23:00,平均停等延滯,39.9,42.9,30.5,32.2,17.3,24.6,18.5,0.0,21.2,39.1,31.5,40.7,39.0,43.1,21.3,20.5,33.2,17.0,22.8,14.2,26.3,29.6,7.9,5.6,9.6,5.7,8.6,1.7,33.8,33.8,15.2,24.1,0.0,14.8,12.2,13.2,49.3,18.3,0.8,0.9,0.6,1.1,0.0,0.0,0.0,0.0,24.6,0.0,26.8,33.5,27.3
2026-07-14,07:00~09:00,總停等延滯,542394.0,398265.0,144129.0,332430.0,80902.0,43528.0,22389.0,0.0,14985.0,160087.0,25437.0,16699.0,39888.0,78063.0,79746.0,34731.0,24693.0,20322.0,77530.0,7508.0,18830.0,51192.0,16979.0,2703.0,14276.0,15554.0,11831.0,3723.0,18178.0,18178.0,93418.0,31873.0,734.0,50250.0,10561.0,171776.0,29014.0,61882.0,61746.0,19134.0,46768.0,46720.0,48.0,0.0,0.0,0.0,113886.0,3240.0,35248.0,27956.0,47442.0,154.7,191.1,183.2,113.3,215.4,410.1,158.9,nan,96.0,154.7,60.4,191.7,113.7,221.8,193.8,114.7,0.0,81.0,79.3,0.0,276.3
2026-07-14,07:00~09:00,通過量,10730,7511,3219,5769,3458,1476,785,583,614,2611,558,354,719,980,2766,1256,694,816,2500,708,535,1257,1350,400,950,1900,778,1122,553,553,3383,1117,1220,655,391,8168,573,3414,2650,1531,4217,2431,1786,5096,2533,2563,3612,706,1124,463,1319
2026-07-14,07:00~09:00,平均停等延滯,50.5,53.0,44.8,57.6,23.4,29.5,28.5,0.0,24.4,61.3,45.6,47.2,55.5,79.7,28.8,27.7,35.6,24.9,31.0,10.6,35.2,40.7,12.6,6.8,15.0,8.2,15.2,3.3,32.9,32.9,27.6,28.5,0.6,76.7,27.0,21.0,50.6,18.1,23.3,12.5,11.1,19.2,0.0,0.0,0.0,0.0,31.5,4.6,31.4,60.4,36.0
2026-07-14,10:00~17:00,總停等延滯,1441064.0,1096073.0,344991.0,731917.0,271522.0,147873.0,62586.0,2.0,61061.0,391664.0,71800.0,43178.0,152250.0,124436.0,230838.0,127539.0,43209.0,60090.0,202049.0,20271.0,40984.0,140794.0,33444.0,9448.0,23996.0,39382.0,27617.0,11765.0,50552.0,50552.0,221613.0,98132.0,4006.0,90315.0,29160.0,351388.0,86157.0,183161.0,60509.0,21561.0,36122.0,35946.0,176.0,0.0,0.0,0.0,344407.0,23194.0,146608.0,70228.0,104377.0,151.6,232.0,188.6,168.4,211.0,476.3,210.7,nan,109.9,151.7,59.4,191.8,175.2,248.0,232.4,143.6,0.0,117.6,100.4,0.0,161.7
2026-07-14,10:00~17:00,通過量,30000,22275,7725,18239,12738,5025,2124,2676,2913,8573,1638,1206,3220,2509,8313,4636,1222,2455,6755,1934,1413,3408,3563,1195,2368,5613,2514,3099,1490,1490,8279,3239,2415,1465,1160,23852,2315,10543,7553,3441,16296,8417,7879,17112,8142,8970,11637,1619,4637,1411,3970
2026-07-14,10:00~17:00,平均停等延滯,48.0,49.2,44.7,40.1,21.3,29.4,29.5,0.0,21.0,45.7,43.8,35.8,47.3,49.6,27.8,27.5,35.4,24.5,29.9,10.5,29.0,41.3,9.4,7.9,10.1,7.0,11.0,3.8,33.9,33.9,26.8,30.3,1.7,61.6,25.1,14.7,37.2,17.4,8.0,6.3,2.2,4.3,0.0,0.0,0.0,0.0,29.6,14.3,31.6,49.8,26.3
2026-07-14,17:00~20:00,總停等延滯,818704.0,600954.0,217750.0,346706.0,128977.0,62955.0,28070.0,0.0,37952.0,243459.0,39735.0,27073.0,62651.0,114000.0,131487.0,62142.0,24712.0,44633.0,97031.0,18922.0,20641.0,57468.0,23008.0,8878.0,14130.0,30177.0,20675.0,9502.0,25965.0,25965.0,138600.0,57901.0,600.0,57074.0,23025.0,173907.0,35807.0,77482.0,57550.0,3068.0,22103.0,21989.0,114.0,0.0,0.0,0.0,150696.0,9652.0,78063.0,23176.0,39805.0,152.6,178.8,218.5,138.9,222.1,392.7,175.5,nan,104.5,152.8,69.0,223.3,142.3,205.2,179.2,137.2,0.0,81.2,94.7,0.0,125.7
2026-07-14,17:00~20:00,通過量,15543,11175,4368,8092,5578,2297,961,919,1401,4332,803,654,1369,1506,4479,2381,663,1435,3516,1258,813,1445,1900,742,1158,3103,1519,1584,783,783,4866,2023,1143,929,771,10207,1002,5116,2999,1090,6951,2988,3963,7342,3072,4270,4952,890,2088,528,1446
2026-07-14,17:00~20:00,平均停等延滯,52.7,53.8,49.9,42.8,23.1,27.4,29.2,0.0,27.1,56.2,49.5,41.4,45.8,75.7,29.4,26.1,37.3,31.1,27.6,15.0,25.4,39.8,12.1,12.0,12.2,9.7,13.6,6.0,33.2,33.2,28.5,28.6,0.5,61.4,29.9,17.0,35.7,15.1,19.2,2.8,3.2,7.4,0.0,0.0,0.0,0.0,30.4,10.8,37.4,43.9,27.5
2026-07-14,10:00~12:00,總停等延滯,363901.0,280368.0,83533.0,173844.0,71335.0,39489.0,17160.0,2.0,14684.0,98439.0,18229.0,10420.0,41181.0,28609.0,58696.0,33394.0,12403.0,12899.0,51898.0,4621.0,10272.0,37005.0,8306.0,1494.0,6812.0,10531.0,5986.0,4545.0,12156.0,12156.0,52540.0,21463.0,711.0,24025.0,6341.0,88857.0,24775.0,52365.0,4729.0,6988.0,2163.0,2144.0,19.0,0.0,0.0,0.0,82824.0,2270.0,38813.0,14522.0,27219.0,156.7,293.8,165.5,150.6,213.1,554.5,175.2,nan,117.0,158.0,56.6,168.3,152.0,284.1,273.2,184.0,0.0,81.8,94.0,0.0,126.0
2026-07-14,10:00~12:00,通過量,7957,5909,2048,4991,3424,1365,607,756,696,2365,447,347,921,650,2113,1216,331,566,1859,512,388,959,925,282,643,1501,633,868,376,376,2239,849,699,398,293,6478,617,3020,1829,1012,4253,2169,2084,4546,2113,2433,3054,394,1306,400,954
2026-07-14,10:00~12:00,平均停等延滯,45.7,47.4,40.8,34.8,20.8,28.9,28.3,0.0,21.1,41.6,40.8,30.0,44.7,44.0,27.8,27.5,37.5,22.8,27.9,9.0,26.5,38.6,9.0,5.3,10.6,7.0,9.5,5.2,32.3,32.3,23.5,25.3,1.0,60.4,21.6,13.7,40.2,17.3,2.6,6.9,0.5,1.0,0.0,0.0,0.0,0.0,27.1,5.8,29.7,36.3,28.5
2026-07-14,14:00~16:00,總停等延滯,422723.0,314372.0,108351.0,231305.0,79416.0,43547.0,17546.0,0.0,18323.0,110588.0,20391.0,13121.0,39630.0,37446.0,65480.0,34248.0,10827.0,20405.0,58888.0,5420.0,11799.0,41669.0,9794.0,3471.0,6323.0,11813.0,9344.0,2469.0,14796.0,14796.0,71948.0,35153.0,2587.0,25324.0,8884.0,118995.0,27212.0,56593.0,28582.0,6608.0,13428.0,13391.0,37.0,0.0,0.0,0.0,98882.0,7833.0,40575.0,20808.0,29666.0,145.5,195.1,190.5,160.6,205.3,411.5,288.1,nan,108.9,144.3,59.6,192.0,181.3,216.9,205.3,147.5,0.0,212.3,109.2,0.0,129.9
2026-07-14,14:00~16:00,通過量,8874,6638,2236,5277,3815,1398,596,857,964,2413,467,344,849,753,2492,1316,352,824,1980,573,405,1002,1026,367,659,1657,795,862,431,431,2406,968,709,403,326,7038,693,2961,2394,990,4959,2608,2351,5038,2437,2601,3365,483,1259,408,1215
2026-07-14,14:00~16:00,平均停等延滯,47.6,47.4,48.5,43.8,20.8,31.1,29.4,0.0,19.0,45.8,43.7,38.1,46.7,49.7,26.3,26.0,30.8,24.8,29.7,9.5,29.1,41.6,9.5,9.5,9.6,7.1,11.8,2.9,34.3,34.3,29.9,36.3,3.6,62.8,27.3,16.9,39.3,19.1,11.9,6.7,2.7,5.1,0.0,0.0,0.0,0.0,29.4,16.2,32.2,51.0,24.4
2026-07-14,16:00~19:00,總停等延滯,871759.0,627181.0,244578.0,402243.0,137800.0,67850.0,28887.0,0.0,41063.0,247226.0,40267.0,27131.0,66647.0,113181.0,138728.0,68901.0,27810.0,42017.0,103427.0,18217.0,20897.0,64313.0,25716.0,9471.0,16245.0,31121.0,21334.0,9787.0,32180.0,32180.0,155561.0,64888.0,704.0,64022.0,25947.0,192996.0,35884.0,80574.0,71980.0,4558.0,36369.0,36214.0,155.0,0.0,0.0,0.0,172878.0,15227.0,82445.0,31166.0,44040.0,152.0,179.4,212.9,174.8,221.6,414.8,173.0,nan,103.0,152.2,69.0,212.2,175.1,225.8,183.3,140.8,0.0,85.4,87.6,0.0,172.8
2026-07-14,16:00~19:00,通過量,16116,11387,4729,8683,5902,2449,972,969,1512,4170,799,563,1406,1402,4657,2547,697,1413,3588,1209,842,1537,2065,779,1286,3402,1636,1766,896,896,5177,2123,1272,967,815,11081,1094,5351,3388,1248,7430,3304,4126,7794,3345,4449,5346,961,2147,600,1638
2026-07-14,16:00~19:00,平均停等延滯,54.1,55.1,51.7,46.3,23.3,27.7,29.7,0.0,27.2,59.3,50.4,48.2,47.4,80.7,29.8,27.1,39.9,29.7,28.8,15.1,24.8,41.8,12.5,12.2,12.6,9.1,13.0,5.5,35.9,35.9,30.0,30.6,0.6,66.2,31.8,17.4,32.8,15.1,21.2,3.7,4.9,11.0,0.0,0.0,0.0,0.0,32.3,15.8,38.4,51.9,26.9
2026-07-14,20:00~23:00,總停等延滯,334149.0,266774.0,67375.0,138822.0,65775.0,32618.0,12635.0,0.0,20522.0,109788.0,20495.0,11166.0,32363.0,45764.0,50220.0,25669.0,10725.0,13826.0,40991.0,10622.0,9844.0,20525.0,5922.0,1532.0,4390.0,9081.0,6083.0,2998.0,11136.0,11136.0,41236.0,29931.0,62.0,7498.0,3745.0,64193.0,21440.0,39973.0,2161.0,619.0,856.0,853.0,3.0,0.0,0.0,0.0,73773.0,446.0,28249.0,12699.0,32379.0,147.4,172.3,189.1,175.2,221.0,342.1,178.7,nan,111.9,146.7,71.7,196.1,179.4,158.2,172.5,137.8,0.0,70.0,116.3,0.0,160.4
2026-07-14,20:00~23:00,通過量,8230,6156,2074,4509,3359,1260,528,737,834,2988,626,387,902,1073,2285,1248,303,734,1771,734,388,649,910,389,521,1198,702,496,374,374,2609,1298,588,453,270,5264,416,2508,1780,560,4263,2001,2262,4547,2113,2434,3032,380,1067,365,1220
2026-07-14,20:00~23:00,平均停等延滯,40.6,43.3,32.5,30.8,19.6,25.9,23.9,0.0,24.6,36.7,32.7,28.9,35.9,42.7,22.0,20.6,35.4,18.8,23.1,14.5,25.4,31.6,6.5,3.9,8.4,7.6,8.7,6.0,29.8,29.8,15.8,23.1,0.1,16.6,13.9,12.2,51.5,15.9,1.2,1.1,0.2,0.4,0.0,0.0,0.0,0.0,24.3,1.2,26.5,34.8,26.5
2026-07-15,07:00~09:00,總停等延滯,559915.0,398514.0,161401.0,227409.0,79231.0,40787.0,23612.0,3.0,14829.0,163049.0,26877.0,17222.0,38375.0,80575.0,85453.0,36403.0,27056.0,21994.0,70781.0,7670.0,16303.0,46808.0,17195.0,2755.0,14440.0,14686.0,11343.0,3343.0,18885.0,18885.0,110635.0,34728.0,15983.0,47986.0,11938.0,108968.0,21071.0,48279.0,27746.0,11872.0,23295.0,23264.0,31.0,0.0,0.0,0.0,95146.0,1185.0,34789.0,23910.0,35262.0,137.8,253.0,187.3,118.8,208.1,455.0,186.8,nan,99.0,137.3,72.4,194.0,118.8,204.0,228.9,138.6,0.0,95.9,81.1,0.0,125.6
2026-07-15,07:00~09:00,通過量,10755,7413,3342,5182,3895,1416,804,975,700,2562,532,354,706,970,2801,1293,729,779,2352,691,498,1163,1375,401,974,2020,856,1164,578,578,3442,1079,1315,634,414,7199,556,2998,2355,1290,4470,2769,1701,5299,2735,2564,3571,746,1197,495,1133
2026-07-15,07:00~09:00,平均停等延滯,52.1,53.8,48.3,43.9,20.3,28.8,29.4,0.0,21.2,63.6,50.5,48.6,54.4,83.1,30.5,28.2,37.1,28.2,30.1,11.1,32.7,40.2,12.5,6.9,14.8,7.3,13.3,2.9,32.7,32.7,32.1,32.2,12.2,75.7,28.8,15.1,37.9,16.1,11.8,9.2,5.2,8.4,0.0,0.0,0.0,0.0,26.6,1.6,29.1,48.3,31.1
2026-07-15,10:00~17:00,總停等延滯,1461375.0,1120596.0,340779.0,730497.0,268503.0,146112.0,66065.0,0.0,56326.0,430503.0,76225.0,53212.0,163879.0,137187.0,231029.0,125408.0,41524.0,64097.0,190561.0,20477.0,43498.0,126586.0,29463.0,7969.0,21494.0,37354.0,30012.0,7342.0,49937.0,49937.0,224025.0,94371.0,4225.0,95942.0,29487.0,342789.0,78770.0,172998.0,69459.0,21562.0,35174.0,35066.0,108.0,0.0,0.0,0.0,352534.0,23568.0,152901.0,64789.0,111276.0,152.4,342.4,199.0,141.1,217.2,571.4,190.6,nan,109.9,152.3,65.4,204.3,144.9,221.9,354.3,158.9,0.0,84.5,109.5,0.0,173.1
2026-07-15,10:00~17:00,通過量,31151,23230,7921,18593,12357,4993,2366,2055,2943,8632,1734,1271,3002,2625,8651,4836,1264,2551,7298,2081,1469,3748,3535,1271,2264,5586,2462,3124,1616,1616,8046,3012,2437,1480,1117,24044,2370,10721,7420,3533,15757,8131,7626,17130,8163,8967,11920,1540,4878,1474,4028
2026-07-15,10:00~17:00,平均停等延滯,46.9,48.2,43.0,39.3,21.7,29.3,27.9,0.0,19.1,49.9,44.0,41.9,54.6,52.3,26.7,25.9,32.9,25.1,26.1,9.8,29.6,33.8,8.3,6.3,9.5,6.7,12.2,2.4,30.9,30.9,27.8,31.3,1.7,64.8,26.4,14.3,33.2,16.1,9.4,6.1,2.2,4.3,0.0,0.0,0.0,0.0,29.6,15.3,31.3,44.0,27.6
2026-07-15,17:00~20:00,總停等延滯,846766.0,610334.0,236432.0,373104.0,136510.0,66021.0,34974.0,0.0,35515.0,245796.0,32118.0,28063.0,65524.0,120091.0,135414.0,67056.0,26912.0,41446.0,92614.0,17899.0,19698.0,55017.0,24562.0,9220.0,15342.0,34487.0,24705.0,9782.0,29644.0,29644.0,147739.0,57248.0,1650.0,65930.0,22911.0,185743.0,32633.0,73979.0,74126.0,5005.0,30756.0,30724.0,32.0,0.0,0.0,0.0,156605.0,8577.0,77129.0,25083.0,45816.0,182.8,198.5,176.2,130.0,261.7,410.7,175.0,nan,101.0,182.5,79.4,177.5,132.3,204.8,194.5,140.4,0.0,76.7,97.9,0.0,133.0
2026-07-15,17:00~20:00,通過量,16097,11451,4646,8175,5857,2320,1121,918,1498,4164,715,632,1238,1579,4940,2729,736,1475,3370,1280,728,1362,1944,754,1190,3272,1553,1719,837,837,5143,2088,1296,977,782,10177,1077,5045,2916,1139,6397,2696,3701,7074,2754,4320,4990,888,2049,571,1482
2026-07-15,17:00~20:00,平均停等延滯,52.6,53.3,50.9,45.6,23.3,28.5,31.2,0.0,23.7,59.0,44.9,44.4,52.9,76.1,27.4,24.6,36.6,28.1,27.5,14.0,27.1,40.4,12.6,12.2,12.9,10.5,15.9,5.7,35.4,35.4,28.7,27.4,1.3,67.5,29.3,18.3,30.3,14.7,25.4,4.4,4.8,11.4,0.0,0.0,0.0,0.0,31.4,9.7,37.6,43.9,30.9
2026-07-15,10:00~12:00,總停等延滯,385236.0,294223.0,91013.0,167401.0,72378.0,42033.0,18786.0,0.0,11559.0,111178.0,18945.0,12805.0,45157.0,34271.0,59835.0,33127.0,11820.0,14888.0,50832.0,5015.0,12881.0,32936.0,7474.0,1836.0,5638.0,7223.0,6346.0,877.0,13843.0,13843.0,62473.0,25664.0,2422.0,27669.0,6718.0,76630.0,19839.0,44260.0,6192.0,6339.0,3059.0,3042.0,17.0,0.0,0.0,0.0,87712.0,1348.0,41258.0,17800.0,27306.0,147.5,383.5,195.6,169.3,205.4,525.2,195.8,nan,101.2,147.5,58.1,204.3,167.5,155.1,431.8,154.9,0.0,92.7,106.5,0.0,132.2
2026-07-15,10:00~12:00,通過量,8151,5991,2160,5058,3141,1350,659,466,666,2265,468,331,823,643,2149,1161,352,636,1886,532,412,942,936,283,653,1446,626,820,444,444,2239,806,721,457,255,6607,639,3000,1925,1043,4342,2250,2092,4659,2196,2463,3415,424,1572,422,997
2026-07-15,10:00~12:00,平均停等延滯,47.3,49.1,42.1,33.1,23.0,31.1,28.5,0.0,17.4,49.1,40.5,38.7,54.9,53.3,27.8,28.5,33.6,23.4,27.0,9.4,31.3,35.0,8.0,6.5,8.6,5.0,10.1,1.1,31.2,31.2,27.9,31.8,3.4,60.5,26.3,11.6,31.0,14.8,3.2,6.1,0.7,1.4,0.0,0.0,0.0,0.0,25.7,3.2,26.2,42.2,27.4
2026-07-15,14:00~16:00,總停等延滯,409382.0,316373.0,93009.0,229516.0,79067.0,42089.0,17312.0,0.0,19666.0,116353.0,22178.0,15357.0,43661.0,35157.0,65824.0,36117.0,10544.0,19163.0,55129.0,5271.0,12820.0,37038.0,8129.0,2983.0,5146.0,10446.0,9220.0,1226.0,14165.0,14165.0,60269.0,25980.0,1175.0,24885.0,8229.0,111322.0,25319.0,53954.0,25014.0,7035.0,10118.0,10113.0,5.0,0.0,0.0,0.0,108076.0,11790.0,43943.0,16832.0,35511.0,151.8,257.1,191.2,118.0,217.0,453.8,180.1,nan,101.4,151.8,65.6,196.3,128.9,183.2,263.7,153.3,0.0,76.9,104.3,0.0,234.2
2026-07-15,14:00~16:00,通過量,9032,6786,2246,5550,3660,1436,637,639,948,2436,538,353,789,756,2505,1482,315,708,2184,551,411,1222,1019,388,631,1560,722,838,439,439,2294,875,728,413,278,7046,722,3117,2225,982,4638,2420,2218,4881,2359,2522,3529,440,1378,413,1298
2026-07-15,14:00~16:00,平均停等延滯,45.3,46.6,41.4,41.4,21.6,29.3,27.2,0.0,20.7,47.8,41.2,43.5,55.3,46.5,26.3,24.4,33.5,27.1,25.2,9.6,31.2,30.3,8.0,7.7,8.2,6.7,12.8,1.5,32.3,32.3,26.3,29.7,1.6,60.3,29.6,15.8,35.1,17.3,11.2,7.2,2.2,4.2,0.0,0.0,0.0,0.0,30.6,26.8,31.9,40.8,27.4
2026-07-15,16:00~19:00,總停等延滯,898064.0,635710.0,262354.0,425885.0,139233.0,69374.0,33539.0,0.0,36320.0,253594.0,33524.0,29250.0,72025.0,118795.0,141294.0,71007.0,29452.0,40835.0,101589.0,17209.0,21195.0,63185.0,26490.0,9843.0,16647.0,37027.0,26402.0,10625.0,33378.0,33378.0,165459.0,64035.0,2111.0,71590.0,27723.0,218218.0,33839.0,79181.0,99408.0,5790.0,45401.0,45331.0,70.0,0.0,0.0,0.0,162266.0,8073.0,82086.0,31475.0,40632.0,156.7,247.1,180.7,130.5,235.9,579.5,173.5,nan,102.1,156.9,79.5,182.5,132.6,325.6,250.8,139.3,0.0,75.6,98.0,0.0,132.4
2026-07-15,16:00~19:00,通過量,17119,12097,5022,8496,6169,2555,1136,905,1573,4141,700,668,1257,1516,5243,2845,814,1584,3549,1298,756,1495,2117,854,1263,3577,1665,1912,923,923,5308,2063,1505,865,875,10972,1168,5161,3327,1316,6661,2961,3700,7567,3096,4471,5230,962,2101,654,1513
2026-07-15,16:00~19:00,平均停等延滯,52.5,52.6,52.2,50.1,22.6,27.2,29.5,0.0,23.1,61.2,47.9,43.8,57.3,78.4,26.9,25.0,36.2,25.8,28.6,13.3,28.0,42.3,12.5,11.5,13.2,10.4,15.9,5.6,36.2,36.2,31.2,31.0,1.4,82.8,31.7,19.9,29.0,15.3,29.9,4.4,6.8,15.3,0.0,0.0,0.0,0.0,31.0,8.4,39.1,48.1,26.9
2026-07-15,20:00~23:00,總停等延滯,374538.0,303127.0,71411.0,161469.0,70259.0,35802.0,14205.0,0.0,20252.0,126096.0,17937.0,18833.0,40771.0,48555.0,53533.0,28810.0,10998.0,13725.0,53239.0,9091.0,10592.0,33556.0,7362.0,1777.0,5585.0,5972.0,5637.0,335.0,12741.0,12741.0,45336.0,29480.0,0.0,11349.0,4507.0,71064.0,23432.0,43783.0,3145.0,704.0,793.0,792.0,1.0,0.0,0.0,0.0,89612.0,2606.0,28834.0,14498.0,43674.0,136.9,236.3,194.8,157.5,210.6,407.1,145.1,nan,96.5,138.5,74.1,193.6,158.9,186.7,251.9,0.0,0.0,73.1,72.2,0.0,207.3
2026-07-15,20:00~23:00,通過量,8787,6616,2171,4785,3588,1288,527,880,893,3186,651,433,1109,993,2414,1292,333,789,2021,661,379,981,1083,378,705,1338,702,636,398,398,2664,1269,530,538,327,5615,469,2491,2094,561,4597,2361,2236,4913,2456,2457,3261,423,1013,378,1447
2026-07-15,20:00~23:00,平均停等延滯,42.6,45.8,32.9,33.7,19.6,27.8,27.0,0.0,22.7,39.6,27.6,43.5,36.8,48.9,22.2,22.3,33.0,17.4,26.3,13.8,27.9,34.2,6.8,4.7,7.9,4.5,8.0,0.5,32.0,32.0,17.0,23.2,0.0,21.1,13.8,12.7,50.0,17.6,1.5,1.3,0.2,0.3,0.0,0.0,0.0,0.0,27.5,6.2,28.5,38.4,30.2
2026-07-16,07:00~09:00,總停等延滯,539487.0,391181.0,148306.0,250758.0,83928.0,42836.0,24130.0,0.0,16962.0,154953.0,26065.0,16190.0,42814.0,69884.0,80288.0,34216.0,24103.0,21969.0,72012.0,6206.0,17514.0,48292.0,19408.0,3214.0,16194.0,14973.0,11459.0,3514.0,17884.0,17884.0,96041.0,33714.0,2108.0,49360.0,10859.0,115613.0,20630.0,52149.0,31224.0,11610.0,27666.0,27617.0,49.0,0.0,0.0,0.0,107479.0,1193.0,37174.0,29303.0,39809.0,145.8,211.6,176.9,112.1,202.3,414.8,212.5,nan,121.3,146.4,57.4,180.1,114.9,215.4,228.4,246.0,0.0,89.7,123.1,0.0,146.6
2026-07-16,07:00~09:00,通過量,10711,7459,3252,5383,3537,1432,779,615,711,2567,505,363,789,910,2808,1293,681,834,2421,672,526,1223,1385,437,948,1967,808,1159,543,543,3364,1092,1199,685,388,7265,481,3153,2229,1402,4760,2818,1942,5347,2711,2636,3684,707,1228,481,1268
2026-07-16,07:00~09:00,平均停等延滯,50.4,52.4,45.6,46.6,23.7,29.9,31.0,0.0,23.9,60.4,51.6,44.6,54.3,76.8,28.6,26.5,35.4,26.3,29.7,9.2,33.3,39.5,14.0,7.4,17.1,7.6,14.2,3.0,32.9,32.9,28.5,30.9,1.8,72.1,28.0,15.9,42.9,16.5,14.0,8.3,5.8,9.8,0.0,0.0,0.0,0.0,29.2,1.7,30.3,60.9,31.4
2026-07-16,10:00~17:00,總停等延滯,1456246.0,1112037.0,344209.0,375867.0,266823.0,140680.0,66551.0,0.0,59592.0,420335.0,78904.0,47802.0,152459.0,141170.0,234866.0,121181.0,47694.0,65991.0,190013.0,22123.0,46031.0,121859.0,35544.0,9638.0,25906.0,42792.0,33122.0,9670.0,50879.0,50879.0,214994.0,90207.0,499.0,91012.0,33276.0,179164.0,46867.0,97609.0,20707.0,13981.0,9705.0,9664.0,41.0,0.0,0.0,0.0,186998.0,1506.0,83502.0,39676.0,62314.0,152.1,219.7,202.7,123.2,215.6,467.8,252.1,nan,105.7,152.2,63.8,211.3,126.2,251.2,231.1,147.9,0.0,79.1,184.0,0.0,182.3
2026-07-16,10:00~17:00,通過量,32497,24387,8110,19442,12597,5015,2568,1984,3030,9036,1678,1284,3024,3050,8967,4949,1321,2697,7522,2100,1521,3901,3682,1305,2377,6218,2607,3611,1513,1513,8856,3564,2529,1530,1233,24367,2483,11191,7221,3472,15749,8016,7733,17148,8044,9104,12343,1593,4982,1472,4296
2026-07-16,10:00~17:00,平均停等延滯,44.8,45.6,42.4,19.3,21.2,28.1,25.9,0.0,19.7,46.5,47.0,37.2,50.4,46.3,26.2,24.5,36.1,24.5,25.3,10.5,30.3,31.2,9.7,7.4,10.9,6.9,12.7,2.7,33.6,33.6,24.3,25.3,0.2,59.5,27.0,7.4,18.9,8.7,2.9,4.0,0.6,1.2,0.0,0.0,0.0,0.0,15.2,0.9,16.8,27.0,14.5
2026-07-16,17:00~20:00,總停等延滯,853508.0,603286.0,250222.0,0.0,137496.0,67032.0,34973.0,0.0,35491.0,250692.0,38804.0,25889.0,63741.0,122258.0,128598.0,65429.0,23445.0,39724.0,86500.0,16552.0,20485.0,49463.0,27152.0,12430.0,14722.0,38924.0,25954.0,12970.0,29306.0,29306.0,154840.0,61508.0,2771.0,66989.0,23572.0,0.0,0.0,0.0,0.0,0.0,0.0,0.0,0.0,0.0,0.0,0.0,0.0,0.0,0.0,0.0,0.0,159.0,184.6,224.2,185.6,231.8,360.0,238.7,nan,100.8,160.8,72.9,221.3,177.3,201.8,186.7,136.5,0.0,142.7,104.7,0.0,150.5
2026-07-16,17:00~20:00,通過量,16255,11533,4722,7972,6084,2470,1046,986,1582,4204,787,638,1243,1536,4905,2730,684,1491,3415,1329,753,1333,2000,856,1144,3470,1593,1877,835,835,5074,2043,1211,1075,745,10063,1010,4907,3054,1092,7000,3079,3921,7420,2988,4432,4916,817,2044,537,1518
2026-07-16,17:00~20:00,平均停等延滯,52.5,52.3,53.0,0.0,22.6,27.1,33.4,0.0,22.4,59.6,49.3,40.6,51.3,79.6,26.2,24.0,34.3,26.6,25.3,12.5,27.2,37.1,13.6,14.5,12.9,11.2,16.3,6.9,35.1,35.1,30.5,30.1,2.3,62.3,31.6,0.0,0.0,0.0,0.0,0.0,0.0,0.0,0.0,0.0,0.0,0.0,0.0,0.0,0.0,0.0,0.0
2026-07-16,10:00~12:00,總停等延滯,369357.0,285461.0,83896.0,172179.0,73236.0,39010.0,21052.0,0.0,13174.0,106355.0,20170.0,11402.0,43560.0,31223.0,56172.0,30316.0,11326.0,14530.0,49698.0,5713.0,12979.0,31006.0,7741.0,2182.0,5559.0,10234.0,7910.0,2324.0,11876.0,11876.0,54045.0,22940.0,98.0,24458.0,6549.0,87871.0,25282.0,50695.0,4990.0,6904.0,1747.0,1733.0,14.0,0.0,0.0,0.0,82561.0,499.0,36353.0,18076.0,27633.0,153.9,183.8,163.5,106.2,218.4,496.5,209.1,nan,99.0,153.9,65.2,165.4,108.2,251.6,198.2,88.0,0.0,82.9,127.6,0.0,262.0
2026-07-16,10:00~12:00,通過量,8225,6082,2143,5353,3105,1336,687,463,619,2430,455,295,916,764,2274,1312,330,632,1942,523,432,987,952,326,626,1668,740,928,373,373,2316,872,744,436,264,6784,690,3255,1832,1007,4179,2134,2045,4517,2078,2439,3151,422,1321,389,1019
2026-07-16,10:00~12:00,平均停等延滯,44.9,46.9,39.1,32.2,23.6,29.2,30.6,0.0,21.3,43.8,44.3,38.7,47.6,40.9,24.7,23.1,34.3,23.0,25.6,10.9,30.0,31.4,8.1,6.7,8.9,6.1,10.7,2.5,31.8,31.8,23.3,26.3,0.1,56.1,24.8,13.0,36.6,15.6,2.7,6.9,0.4,0.8,0.0,0.0,0.0,0.0,26.2,1.2,27.5,46.5,27.1
2026-07-16,14:00~16:00,總停等延滯,408771.0,309096.0,99675.0,7528.0,75849.0,39280.0,17418.0,0.0,19151.0,115108.0,22461.0,14681.0,39536.0,38430.0,64068.0,32237.0,12346.0,19485.0,54071.0,6672.0,10957.0,36442.0,10656.0,3068.0,7588.0,11276.0,8934.0,2342.0,15121.0,15121.0,62622.0,28393.0,93.0,23548.0,10588.0,4135.0,1157.0,1843.0,926.0,209.0,472.0,472.0,0.0,0.0,0.0,0.0,2921.0,3.0,1056.0,786.0,1076.0,152.0,200.1,279.5,148.2,220.0,421.3,257.1,nan,105.2,151.9,68.4,304.0,152.7,224.9,195.9,159.2,0.0,76.8,181.1,0.0,144.5
2026-07-16,14:00~16:00,通過量,9336,7007,2329,5589,3774,1461,786,590,937,2445,484,349,771,841,2506,1443,346,717,2130,560,399,1171,1014,390,624,1858,727,1131,459,459,2552,1072,717,399,364,6971,661,3127,2207,976,4618,2394,2224,4889,2363,2526,3727,435,1491,395,1406
2026-07-16,14:00~16:00,平均停等延滯,43.8,44.1,42.8,1.3,20.1,26.9,22.2,0.0,20.4,47.1,46.4,42.1,51.3,45.7,25.6,22.3,35.7,27.2,25.4,11.9,27.5,31.1,10.5,7.9,12.2,6.1,12.3,2.1,32.9,32.9,24.5,26.5,0.1,59.0,29.1,0.6,1.8,0.6,0.4,0.2,0.1,0.2,0.0,0.0,0.0,0.0,0.8,0.0,0.7,2.0,0.8
2026-07-16,16:00~19:00,總停等延滯,921005.0,640887.0,280118.0,0.0,146345.0,72753.0,36296.0,0.0,37296.0,260534.0,38452.0,26142.0,69563.0,126377.0,141893.0,72087.0,26385.0,43421.0,92115.0,16582.0,21569.0,53964.0,28502.0,12906.0,15596.0,44284.0,29664.0,14620.0,34606.0,34606.0,172726.0,66736.0,3072.0,74716.0,28202.0,0.0,0.0,0.0,0.0,0.0,0.0,0.0,0.0,0.0,0.0,0.0,0.0,0.0,0.0,0.0,0.0,158.9,222.6,220.0,160.3,228.7,429.7,240.6,nan,103.2,161.1,70.0,219.4,151.6,239.9,243.7,144.4,0.0,141.3,107.6,0.0,160.5
2026-07-16,16:00~19:00,通過量,17338,12296,5042,8674,6354,2624,1153,932,1645,4186,760,675,1216,1535,5270,2896,730,1644,3639,1349,763,1527,2136,924,1212,3885,1757,2128,949,949,5358,2189,1391,915,863,10985,1091,5389,3240,1265,7174,3218,3956,7780,3142,4638,5105,864,2047,603,1591
2026-07-16,16:00~19:00,平均停等延滯,53.1,52.1,55.6,0.0,23.0,27.7,31.5,0.0,22.7,62.2,50.6,38.7,57.2,82.3,26.9,24.9,36.1,26.4,25.3,12.3,28.3,35.3,13.3,14.0,12.9,11.4,16.9,6.9,36.5,36.5,32.2,30.5,2.2,81.7,32.7,0.0,0.0,0.0,0.0,0.0,0.0,0.0,0.0,0.0,0.0,0.0,0.0,0.0,0.0,0.0,0.0
2026-07-16,20:00~23:00,總停等延滯,425935.0,335286.0,90649.0,0.0,72994.0,37939.0,13609.0,0.0,21446.0,138661.0,23296.0,15886.0,40395.0,59084.0,67285.0,32835.0,17207.0,17243.0,56346.0,11366.0,10601.0,34379.0,8646.0,2201.0,6445.0,12282.0,8115.0,4167.0,13357.0,13357.0,56364.0,39758.0,58.0,8526.0,8022.0,0.0,0.0,0.0,0.0,0.0,0.0,0.0,0.0,0.0,0.0,0.0,0.0,0.0,0.0,0.0,0.0,160.5,289.5,206.0,210.6,241.7,486.4,278.2,nan,112.5,163.6,81.3,225.4,212.8,193.2,278.9,143.0,0.0,87.9,224.1,0.0,185.8
2026-07-16,20:00~23:00,通過量,9573,7251,2322,5404,4018,1610,555,963,890,3347,676,426,1100,1145,2731,1485,427,819,2154,775,380,999,1145,439,706,1597,934,663,385,385,3053,1555,616,439,443,6312,525,2814,2395,578,5000,2540,2460,5414,2666,2748,3972,456,1451,345,1720
2026-07-16,20:00~23:00,平均停等延滯,44.5,46.2,39.0,0.0,18.2,23.6,24.5,0.0,24.1,41.4,34.5,37.3,36.7,51.6,24.6,22.1,40.3,21.1,26.2,14.7,27.9,34.4,7.6,5.0,9.1,7.7,8.7,6.3,34.7,34.7,18.5,25.6,0.1,19.4,18.1,0.0,0.0,0.0,0.0,0.0,0.0,0.0,0.0,0.0,0.0,0.0,0.0,0.0,0.0,0.0,0.0
2026-07-17,07:00~09:00,總停等延滯,540080.0,392574.0,147506.0,246148.0,79564.0,42078.0,22911.0,0.0,14575.0,153488.0,27026.0,18104.0,41324.0,67034.0,79897.0,35277.0,23727.0,20893.0,79625.0,7808.0,17813.0,54004.0,19154.0,1959.0,17195.0,17524.0,13172.0,4352.0,18290.0,18290.0,92538.0,31656.0,863.0,47622.0,12397.0,112982.0,20968.0,49943.0,31331.0,10740.0,30244.0,30194.0,50.0,0.0,0.0,0.0,102922.0,1938.0,41459.0,22832.0,36693.0,153.2,200.0,161.0,125.8,212.7,423.8,206.9,nan,103.7,154.1,60.4,161.3,126.1,228.6,196.3,124.4,0.0,96.2,114.9,0.0,140.9
2026-07-17,07:00~09:00,通過量,10647,7544,3103,5646,3454,1337,831,651,635,2683,548,348,797,990,2787,1275,703,809,2599,708,515,1376,1467,352,1115,1940,815,1125,510,510,3317,1076,1213,632,396,7459,608,3340,2224,1287,4692,2803,1889,5475,2730,2745,3723,738,1287,537,1161
2026-07-17,07:00~09:00,平均停等延滯,50.7,52.0,47.5,43.6,23.0,31.5,27.6,0.0,23.0,57.2,49.3,52.0,51.8,67.7,28.7,27.7,33.8,25.8,30.6,11.0,34.6,39.2,13.1,5.6,15.4,9.0,16.2,3.9,35.9,35.9,27.9,29.4,0.7,75.4,31.3,15.1,34.5,15.0,14.1,8.3,6.4,10.8,0.0,0.0,0.0,0.0,27.6,2.6,32.2,42.5,31.6
2026-07-17,10:00~17:00,總停等延滯,1655981.0,1266415.0,389566.0,786731.0,273853.0,143354.0,67469.0,0.0,63030.0,521619.0,97788.0,54702.0,181306.0,187823.0,255777.0,124449.0,57397.0,73931.0,215166.0,26029.0,49883.0,139254.0,46863.0,12111.0,34752.0,52926.0,43052.0,9874.0,49771.0,49771.0,240006.0,101864.0,5030.0,101789.0,31323.0,376303.0,82563.0,174054.0,94562.0,25124.0,60982.0,60852.0,130.0,0.0,0.0,0.0,349446.0,20135.0,151590.0,61209.0,116512.0,150.5,311.2,192.9,158.4,213.3,644.6,261.8,nan,116.2,150.6,62.8,194.0,158.4,353.4,323.8,146.5,0.0,80.3,180.0,0.0,162.8
2026-07-17,10:00~17:00,通過量,34751,26273,8478,19204,13185,5271,2502,2226,3186,10164,1984,1355,3395,3430,9837,5351,1659,2827,8256,2213,1748,4295,4367,1624,2743,6778,3077,3701,1510,1510,9190,3846,2592,1604,1148,24662,2394,10934,7727,3607,16342,8372,7970,17507,8361,9146,12607,1666,5065,1441,4435
2026-07-17,10:00~17:00,平均停等延滯,47.7,48.2,46.0,41.0,20.8,27.2,27.0,0.0,19.8,51.3,49.3,40.4,53.4,54.8,26.0,23.3,34.6,26.2,26.1,11.8,28.5,32.4,10.7,7.5,12.7,7.8,14.0,2.7,33.0,33.0,26.1,26.5,1.9,63.5,27.3,15.3,34.5,15.9,12.2,7.0,3.7,7.3,0.0,0.0,0.0,0.0,27.7,12.1,29.9,42.5,26.3
2026-07-17,17:00~20:00,總停等延滯,1070668.0,807645.0,263023.0,407956.0,144880.0,69414.0,35672.0,0.0,39794.0,372444.0,76727.0,36054.0,118030.0,141633.0,177026.0,73228.0,51379.0,52419.0,113295.0,28489.0,23726.0,61080.0,33711.0,8900.0,24811.0,33278.0,25908.0,7370.0,30999.0,30999.0,165035.0,66519.0,568.0,74612.0,23336.0,207352.0,39391.0,82596.0,80275.0,5090.0,37644.0,37521.0,123.0,0.0,0.0,0.0,162960.0,9553.0,84506.0,21645.0,47256.0,159.3,414.2,191.0,117.9,231.4,600.7,195.9,nan,100.5,160.8,72.4,190.5,120.9,225.7,446.0,140.3,0.0,85.8,109.4,0.0,202.9
2026-07-17,17:00~20:00,通過量,18233,13467,4766,8807,6391,2594,1224,996,1577,5374,1192,710,1546,1926,5553,2714,1056,1783,4260,1663,947,1650,2266,807,1459,3609,1693,1916,843,843,5329,2213,1197,1158,761,11025,1215,5417,3214,1179,7262,3129,4133,7539,2990,4549,5333,879,2279,548,1627
2026-07-17,17:00~20:00,平均停等延滯,58.7,60.0,55.2,46.3,22.7,26.8,29.1,0.0,25.2,69.3,64.4,50.8,76.3,73.5,31.9,27.0,48.7,29.4,26.6,17.1,25.1,37.0,14.9,11.0,17.0,9.2,15.3,3.8,36.8,36.8,31.0,30.1,0.5,64.4,30.7,18.8,32.4,15.2,25.0,4.3,5.2,12.0,0.0,0.0,0.0,0.0,30.6,10.9,37.1,39.5,29.0
2026-07-17,10:00~12:00,總停等延滯,433319.0,325876.0,107443.0,171074.0,73603.0,41272.0,19985.0,0.0,12346.0,129934.0,24860.0,15152.0,45064.0,44858.0,62891.0,32099.0,14931.0,15861.0,59448.0,6458.0,14106.0,38884.0,14943.0,3864.0,11079.0,13054.0,11265.0,1789.0,13119.0,13119.0,66327.0,27550.0,2202.0,28074.0,8501.0,75981.0,18909.0,42283.0,8314.0,6475.0,3901.0,3893.0,8.0,0.0,0.0,0.0,91192.0,1626.0,41800.0,15275.0,32491.0,152.0,222.4,180.0,147.8,215.9,444.9,189.7,nan,106.0,152.0,63.9,180.1,150.1,227.6,260.9,122.3,0.0,82.1,110.3,0.0,121.1
2026-07-17,10:00~12:00,通過量,9352,6947,2405,5255,3385,1501,699,600,585,2663,532,314,932,885,2683,1566,409,708,2429,583,484,1362,1252,385,867,1919,868,1051,375,375,2758,1113,781,550,314,6852,670,3150,1986,1046,4416,2254,2162,4742,2168,2574,3430,462,1533,358,1077
2026-07-17,10:00~12:00,平均停等延滯,46.3,46.9,44.7,32.6,21.7,27.5,28.6,0.0,21.1,48.8,46.7,48.3,48.4,50.7,23.4,20.5,36.5,22.4,24.5,11.1,29.1,28.5,11.9,10.0,12.8,6.8,13.0,1.7,35.0,35.0,24.0,24.8,2.8,51.0,27.1,11.1,28.2,13.4,4.2,6.2,0.9,1.7,0.0,0.0,0.0,0.0,26.6,3.5,27.3,42.7,30.2
2026-07-17,14:00~16:00,總停等延滯,473333.0,364739.0,108594.0,248052.0,80232.0,41375.0,18204.0,0.0,20653.0,150902.0,30024.0,14087.0,54510.0,52281.0,74272.0,36650.0,14133.0,23489.0,59333.0,7535.0,14264.0,37534.0,11432.0,3161.0,8271.0,17122.0,14318.0,2804.0,14443.0,14443.0,65597.0,28306.0,1732.0,26960.0,8599.0,119665.0,25572.0,53223.0,32653.0,8217.0,18687.0,18582.0,105.0,0.0,0.0,0.0,109700.0,13883.0,42403.0,18154.0,35260.0,150.7,291.9,200.0,177.3,209.4,594.4,236.9,nan,128.7,150.7,58.9,202.6,176.1,413.6,285.8,158.1,0.0,83.7,158.6,0.0,237.8
2026-07-17,14:00~16:00,通過量,10385,7914,2471,5468,4081,1495,743,669,1174,2950,593,419,939,999,2729,1479,442,808,2497,663,499,1335,1198,476,722,1867,896,971,444,444,2562,1011,791,434,326,6996,676,2969,2306,1045,4830,2468,2362,5137,2530,2607,3615,468,1324,382,1441
2026-07-17,14:00~16:00,平均停等延滯,45.6,46.1,43.9,45.4,19.7,27.7,24.5,0.0,17.6,51.2,50.6,33.6,58.1,52.3,27.2,24.8,32.0,29.1,23.8,11.4,28.6,28.1,9.5,6.6,11.5,9.2,16.0,2.9,32.5,32.5,25.6,28.0,2.2,62.1,26.4,17.1,37.8,17.9,14.2,7.9,3.9,7.5,0.0,0.0,0.0,0.0,30.3,29.7,32.0,47.5,24.5
2026-07-17,16:00~19:00,總停等延滯,1051259.0,772113.0,279146.0,457426.0,146709.0,68805.0,35812.0,0.0,42092.0,343180.0,66170.0,32459.0,112895.0,131656.0,166882.0,68825.0,47186.0,50871.0,115342.0,23535.0,24375.0,67432.0,33599.0,10054.0,23545.0,37172.0,29011.0,8161.0,35580.0,35580.0,172795.0,69357.0,1175.0,76292.0,25971.0,237782.0,40205.0,85076.0,105345.0,7156.0,53025.0,52901.0,124.0,0.0,0.0,0.0,166619.0,12064.0,82623.0,27568.0,44364.0,156.0,419.9,182.4,123.4,228.1,693.9,211.3,nan,105.3,157.1,72.5,183.8,126.2,300.1,443.1,149.7,0.0,81.5,136.0,0.0,144.6
2026-07-17,16:00~19:00,通過量,18002,13136,4866,9011,6387,2586,1203,928,1670,4945,1093,633,1528,1691,5459,2715,1005,1739,4090,1481,935,1674,2336,893,1443,3822,1847,1975,939,939,5304,2270,1304,902,828,11348,1240,5410,3328,1370,6970,3171,3799,7501,3101,4400,5349,933,2055,731,1630
2026-07-17,16:00~19:00,平均停等延滯,58.4,58.8,57.4,50.8,23.0,26.6,29.8,0.0,25.2,69.4,60.5,51.3,73.9,77.9,30.6,25.3,47.0,29.3,28.2,15.9,26.1,40.3,14.4,11.3,16.3,9.7,15.7,4.1,37.9,37.9,32.6,30.6,0.9,84.6,31.4,21.0,32.4,15.7,31.7,5.2,7.6,16.7,0.0,0.0,0.0,0.0,31.1,12.9,40.2,37.7,27.2
2026-07-17,20:00~23:00,總停等延滯,603905.0,489575.0,114330.0,237428.0,97124.0,49688.0,18587.0,0.0,28849.0,235065.0,44400.0,22750.0,71192.0,96723.0,90294.0,41778.0,22516.0,26000.0,67092.0,19024.0,13339.0,34729.0,17340.0,4213.0,13127.0,12627.0,11420.0,1207.0,14342.0,14342.0,70021.0,46428.0,75.0,16956.0,6562.0,99133.0,27957.0,55722.0,14333.0,1121.0,8745.0,8745.0,0.0,0.0,0.0,0.0,129550.0,616.0,54065.0,13546.0,61323.0,148.5,257.1,191.1,148.0,233.9,477.2,173.7,nan,101.5,149.8,84.1,196.2,147.4,233.4,271.5,147.3,0.0,72.7,100.8,0.0,156.1
2026-07-17,20:00~23:00,通過量,12098,9345,2753,6522,4922,1940,752,1060,1170,4764,997,648,1390,1729,3427,1765,584,1078,2585,1141,489,955,1418,552,866,1907,1074,833,420,420,3378,1597,838,647,296,7508,628,3408,2792,680,5976,2946,3030,6391,3076,3315,4733,475,1772,362,2124
2026-07-17,20:00~23:00,平均停等延滯,49.9,52.4,41.5,36.4,19.7,25.6,24.7,0.0,24.7,49.3,44.5,35.1,51.2,55.9,26.3,23.7,38.6,24.1,26.0,16.7,27.3,36.4,12.2,7.6,15.2,6.6,10.6,1.4,34.1,34.1,20.7,29.1,0.1,26.2,22.2,13.2,44.5,16.4,5.1,1.6,1.5,3.0,0.0,0.0,0.0,0.0,27.4,1.3,30.5,37.4,28.9
2026-07-18,07:00~09:00,總停等延滯,279836.0,221880.0,57956.0,137622.0,56809.0,38252.0,11046.0,0.0,7511.0,86415.0,21285.0,4014.0,28767.0,32349.0,41848.0,23461.0,9221.0,9166.0,36808.0,3930.0,8960.0,23918.0,4459.0,642.0,3817.0,6699.0,6003.0,696.0,7784.0,7784.0,39014.0,13669.0,0.0,19348.0,5997.0,65035.0,15126.0,33098.0,13105.0,3706.0,4934.0,4928.0,6.0,0.0,0.0,0.0,67653.0,128.0,31404.0,12906.0,23215.0,169.8,161.8,160.1,126.4,227.7,307.1,143.9,nan,97.5,170.7,58.0,152.9,124.3,144.2,159.3,0.0,0.0,66.4,76.5,0.0,109.5
2026-07-18,07:00~09:00,通過量,6418,4859,1559,3497,2387,1085,397,504,401,2071,458,204,610,799,1650,875,296,479,1643,445,308,890,768,248,520,1013,450,563,252,252,1609,550,597,241,221,4530,372,2098,1309,751,2950,1657,1293,3710,1653,2057,2415,385,1003,290,737
2026-07-18,07:00~09:00,平均停等延滯,43.6,45.7,37.2,39.4,23.8,35.3,27.8,0.0,18.7,41.7,46.5,19.7,47.2,40.5,25.4,26.8,31.2,19.1,22.4,8.8,29.1,26.9,5.8,2.6,7.3,6.6,13.3,1.2,30.9,30.9,24.2,24.9,0.0,80.3,27.1,14.4,40.7,15.8,10.0,4.9,1.7,3.0,0.0,0.0,0.0,0.0,28.0,0.3,31.3,44.5,31.5
2026-07-18,10:00~17:00,總停等延滯,2288751.0,1867667.0,421084.0,995450.0,387405.0,102559.0,165163.0,0.0,119683.0,753116.0,126058.0,80609.0,236261.0,310188.0,424026.0,201303.0,102791.0,119932.0,303120.0,26645.0,66104.0,210371.0,48904.0,6051.0,42853.0,67028.0,47320.0,19708.0,54599.0,54599.0,250553.0,92007.0,1618.0,121137.0,35791.0,348446.0,63753.0,142343.0,124093.0,18257.0,117076.0,116323.0,753.0,0.0,0.0,0.0,529928.0,49317.0,263514.0,71992.0,145105.0,158.7,269.7,196.2,147.0,256.5,604.6,255.8,nan,123.8,158.5,97.4,204.8,149.3,331.4,272.3,118.3,0.0,89.5,179.3,0.0,125.8
2026-07-18,10:00~17:00,通過量,38100,29600,8500,19257,15786,6012,3186,2359,4229,10650,2057,1333,3628,3632,12920,7277,2415,3228,8129,2564,2014,3551,4309,1169,3140,6879,2711,4168,1561,1561,9303,3533,2909,1554,1307,23628,1943,11014,7788,2883,18981,9158,9823,19628,8819,10809,13165,1835,5030,1378,4922
2026-07-18,10:00~17:00,平均停等延滯,60.1,63.1,49.5,51.7,24.5,17.1,51.8,0.0,28.3,70.7,61.3,60.5,65.1,85.4,32.8,27.7,42.6,37.2,37.3,10.4,32.8,59.2,11.3,5.2,13.6,9.7,17.5,4.7,35.0,35.0,26.9,26.0,0.6,78.0,27.4,14.7,32.8,12.9,15.9,6.3,6.2,12.7,0.1,0.0,0.0,0.0,40.3,26.9,52.4,52.2,29.5
2026-07-18,17:00~20:00,總停等延滯,876975.0,696398.0,180577.0,406665.0,126934.0,63840.0,46825.0,0.0,16269.0,278819.0,43516.0,34488.0,94300.0,106515.0,175283.0,91714.0,37556.0,46013.0,115362.0,12642.0,29237.0,73483.0,14861.0,3492.0,11369.0,33181.0,25307.0,7874.0,23007.0,23007.0,109528.0,45808.0,675.0,44828.0,18217.0,145308.0,29439.0,60281.0,48053.0,7535.0,44021.0,43969.0,52.0,0.0,0.0,0.0,217336.0,27261.0,93520.0,27522.0,69033.0,167.1,245.3,176.2,172.7,256.6,567.1,167.3,nan,127.6,167.9,89.7,179.5,180.2,325.2,254.8,150.5,0.0,77.1,90.1,0.0,161.8
2026-07-18,17:00~20:00,通過量,15450,11939,3511,6934,6715,2387,1155,959,2214,4425,823,581,1714,1307,5147,2746,747,1654,2962,1068,757,1137,1605,560,1045,2734,1308,1426,696,696,4130,1875,979,668,608,9535,793,4038,3582,1122,7296,3730,3566,7941,3779,4162,4978,1166,1709,470,1633
2026-07-18,17:00~20:00,平均停等延滯,56.8,58.3,51.4,58.6,18.9,26.7,40.5,0.0,7.3,63.0,52.9,59.4,55.0,81.5,34.1,33.4,50.3,27.8,38.9,11.8,38.6,64.6,9.3,6.2,10.9,12.1,19.3,5.5,33.1,33.1,26.5,24.4,0.7,67.1,30.0,15.2,37.1,14.9,13.4,6.7,6.0,11.8,0.0,0.0,0.0,0.0,43.7,23.4,54.7,58.6,42.3
2026-07-18,10:00~12:00,總停等延滯,605832.0,484627.0,121205.0,240986.0,88892.0,25883.0,50975.0,0.0,12034.0,202211.0,35436.0,18217.0,58075.0,90483.0,107631.0,50246.0,31698.0,25687.0,85893.0,6486.0,18475.0,60932.0,14996.0,1512.0,13484.0,16908.0,11806.0,5102.0,15460.0,15460.0,73841.0,24062.0,754.0,39964.0,9061.0,87135.0,14898.0,38468.0,28956.0,4813.0,24663.0,23922.0,741.0,0.0,0.0,0.0,129188.0,9709.0,65644.0,18577.0,35258.0,160.1,221.2,183.4,140.6,256.7,493.5,351.6,nan,103.3,160.1,96.4,188.6,139.2,290.6,219.6,0.0,0.0,101.7,278.3,0.0,141.4
2026-07-18,10:00~12:00,通過量,10168,7797,2371,5271,3894,1693,841,617,743,2968,584,325,1000,1059,3312,1760,761,791,2278,694,579,1005,1342,317,1025,1864,671,1193,427,427,2661,1034,812,461,354,6383,547,3040,2042,754,5323,2526,2797,5353,2444,2909,3684,543,1457,388,1296
2026-07-18,10:00~12:00,平均停等延滯,59.6,62.2,51.1,45.7,22.8,15.3,60.6,0.0,16.2,68.1,60.7,56.1,58.1,85.4,32.5,28.5,41.7,32.5,37.7,9.3,31.9,60.6,11.2,4.8,13.2,9.1,17.6,4.3,36.2,36.2,27.7,23.3,0.9,86.7,25.6,13.7,27.2,12.7,14.2,6.4,4.6,9.5,0.3,0.0,0.0,0.0,35.1,17.9,45.1,47.9,27.2
2026-07-18,14:00~16:00,總停等延滯,707857.0,585540.0,122317.0,307358.0,132584.0,27800.0,51846.0,0.0,52938.0,234538.0,38024.0,24753.0,78677.0,93084.0,131953.0,59424.0,27924.0,44605.0,86465.0,7841.0,18041.0,60583.0,13392.0,1328.0,12064.0,22932.0,15234.0,7698.0,15314.0,15314.0,70679.0,29554.0,260.0,31522.0,9343.0,101338.0,18826.0,39648.0,35871.0,6993.0,42426.0,42426.0,0.0,0.0,0.0,0.0,163594.0,20817.0,76146.0,21176.0,45455.0,158.4,216.7,208.3,121.9,268.3,518.4,176.6,nan,135.2,158.0,109.4,218.7,125.4,302.6,227.5,133.3,0.0,83.7,92.7,0.0,129.3
2026-07-18,14:00~16:00,通過量,11181,8745,2436,5480,4750,1679,852,713,1506,3010,561,370,1004,1075,4022,2345,669,1008,2343,757,563,1023,1219,339,880,1973,859,1114,477,477,2582,962,843,430,347,6791,513,3078,2306,894,5513,2752,2761,5782,2638,3144,3827,546,1392,402,1487
2026-07-18,14:00~16:00,平均停等延滯,63.3,67.0,50.2,56.1,27.9,16.6,60.9,0.0,35.2,77.9,67.8,66.9,78.4,86.6,32.8,25.3,41.7,44.3,36.9,10.4,32.0,59.2,11.0,3.9,13.7,11.6,17.7,6.9,32.1,32.1,27.4,30.7,0.3,73.3,26.9,14.9,36.7,12.9,15.6,7.8,7.7,15.4,0.0,0.0,0.0,0.0,42.7,38.1,54.7,52.7,30.6
2026-07-18,16:00~19:00,總停等延滯,977186.0,768702.0,208484.0,465552.0,140121.0,67922.0,52489.0,0.0,19710.0,308106.0,42778.0,36239.0,98671.0,130418.0,194989.0,100682.0,46559.0,47748.0,125486.0,13074.0,31751.0,80661.0,19691.0,4664.0,15027.0,35584.0,27899.0,7685.0,27639.0,27639.0,125570.0,51200.0,955.0,50585.0,22830.0,170719.0,30996.0,65286.0,65862.0,8575.0,56648.0,56596.0,52.0,0.0,0.0,0.0,238185.0,30907.0,108933.0,32128.0,66217.0,165.7,322.5,207.1,207.9,256.1,705.5,170.9,nan,125.2,165.9,90.5,216.4,208.9,383.0,329.9,146.0,0.0,80.7,90.2,0.0,118.6
2026-07-18,16:00~19:00,通過量,16497,12693,3804,7784,7151,2551,1300,962,2338,4381,792,547,1641,1401,5573,3082,877,1614,3201,1136,821,1244,1757,594,1163,3056,1442,1614,724,724,4294,1808,1161,612,713,10422,935,4583,3681,1223,7768,3887,3881,8295,3709,4586,4951,1005,1680,539,1727
2026-07-18,16:00~19:00,平均停等延滯,59.2,60.6,54.8,59.8,19.6,26.6,40.4,0.0,8.4,70.3,54.0,66.3,60.1,93.1,35.0,32.7,53.1,29.6,39.2,11.5,38.7,64.8,11.2,7.9,12.9,11.6,19.3,4.8,38.2,38.2,29.2,28.3,0.8,82.7,32.0,16.4,33.2,14.2,17.9,7.0,7.3,14.6,0.0,0.0,0.0,0.0,48.1,30.8,64.8,59.6,38.3
2026-07-18,20:00~23:00,總停等延滯,507067.0,416308.0,90759.0,261909.0,89606.0,37399.0,20629.0,0.0,31578.0,172284.0,27834.0,25106.0,44866.0,74478.0,90096.0,45374.0,15374.0,29348.0,64322.0,11743.0,13779.0,38800.0,10315.0,2596.0,7719.0,10824.0,9672.0,1152.0,11236.0,11236.0,58384.0,39329.0,30.0,12792.0,6233.0,107520.0,23927.0,43629.0,35579.0,4385.0,28295.0,28295.0,0.0,0.0,0.0,0.0,126094.0,5456.0,45699.0,14235.0,60704.0,175.4,170.4,217.2,151.7,265.6,396.2,160.1,nan,132.3,174.7,89.6,220.8,157.2,226.7,177.2,147.1,0.0,72.2,87.7,0.0,165.7
2026-07-18,20:00~23:00,通過量,11179,8725,2454,5976,4969,1565,600,916,1888,3509,615,511,1102,1281,3260,1581,425,1254,2123,922,407,794,1146,494,652,1559,947,612,356,356,3214,1610,690,596,318,7396,525,2761,3217,893,5849,3281,2568,6054,3276,2778,4304,577,1037,318,2372
2026-07-18,20:00~23:00,平均停等延滯,45.4,47.7,37.0,43.8,18.0,23.9,34.4,0.0,16.7,49.1,45.3,49.1,40.7,58.1,27.6,28.7,36.2,23.4,30.3,12.7,33.9,48.9,9.0,5.3,11.8,6.9,10.2,1.9,31.6,31.6,18.2,24.4,0.0,21.5,19.6,14.5,45.6,15.8,11.1,4.9,4.8,8.6,0.0,0.0,0.0,0.0,29.3,9.5,44.1,44.8,25.6
2026-07-19,07:00~09:00,總停等延滯,171327.0,138376.0,32951.0,79430.0,34263.0,20982.0,7834.0,0.0,5447.0,54123.0,13521.0,2555.0,21224.0,16823.0,28741.0,15978.0,7523.0,5240.0,21249.0,2167.0,4426.0,14656.0,1556.0,228.0,1328.0,3807.0,3502.0,305.0,5080.0,5080.0,22508.0,7348.0,83.0,11071.0,4006.0,45848.0,13913.0,25257.0,5678.0,1000.0,166.0,166.0,0.0,0.0,0.0,0.0,33416.0,2.0,14964.0,5304.0,13146.0,171.6,246.6,151.2,190.6,233.1,408.3,127.0,nan,90.6,170.6,62.7,151.9,175.7,188.4,293.4,150.7,0.0,63.4,61.9,0.0,104.5
2026-07-19,07:00~09:00,通過量,4122,3059,1063,2034,1539,760,243,259,277,1284,331,126,376,451,1174,605,235,334,978,345,173,460,526,169,357,713,315,398,157,157,1143,406,385,180,172,2727,213,1225,797,492,1785,994,791,2428,1083,1345,1346,224,526,170,426
2026-07-19,07:00~09:00,平均停等延滯,41.6,45.2,31.0,39.1,22.3,27.6,32.2,0.0,19.7,42.2,40.8,20.3,56.4,37.3,24.5,26.4,32.0,15.7,21.7,6.3,25.6,31.9,3.0,1.3,3.7,5.3,11.1,0.8,32.4,32.4,19.7,18.1,0.2,61.5,23.3,16.8,65.3,20.6,7.1,2.0,0.1,0.2,0.0,0.0,0.0,0.0,24.8,0.0,28.4,31.2,30.9
2026-07-19,10:00~17:00,總停等延滯,2256295.0,1852170.0,404125.0,899618.0,349308.0,105144.0,113708.0,0.0,130456.0,781770.0,132385.0,81574.0,253665.0,314146.0,432054.0,217108.0,96865.0,118081.0,289038.0,26084.0,61190.0,201764.0,47526.0,6800.0,40726.0,65677.0,41276.0,24401.0,52733.0,52733.0,238189.0,82290.0,1562.0,121009.0,33328.0,306085.0,64448.0,141739.0,85327.0,14571.0,84640.0,84618.0,22.0,0.0,0.0,0.0,508893.0,18440.0,256188.0,62634.0,171631.0,159.9,337.9,185.9,130.1,254.9,670.2,172.0,nan,134.9,160.3,96.1,195.1,133.4,327.8,390.9,140.0,0.0,82.3,89.5,0.0,222.8
2026-07-19,10:00~17:00,通過量,35810,28106,7704,17113,15171,6003,2828,2269,4071,10414,2202,1316,3446,3450,12448,7078,2289,3081,7706,2638,1999,3069,4077,1071,3006,6513,2476,4037,1433,1433,8444,3244,2659,1358,1183,21229,1728,10033,6948,2520,17267,7942,9325,18801,8170,10631,11617,1606,4659,1115,4237
2026-07-19,10:00~17:00,平均停等延滯,63.0,65.9,52.5,52.6,23.0,17.5,40.2,0.0,32.0,75.1,60.1,62.0,73.6,91.1,34.7,30.7,42.3,38.3,37.5,9.9,30.6,65.7,11.7,6.3,13.5,10.1,16.7,6.0,36.8,36.8,28.2,25.4,0.6,89.1,28.2,14.4,37.3,14.1,12.3,5.8,4.9,10.7,0.0,0.0,0.0,0.0,43.8,11.5,55.0,56.2,40.5
2026-07-19,17:00~20:00,總停等延滯,917076.0,744805.0,172271.0,412626.0,122828.0,61930.0,41507.0,0.0,19391.0,346914.0,56091.0,34770.0,94042.0,162011.0,164367.0,80837.0,37643.0,45887.0,110696.0,14945.0,25141.0,70610.0,16023.0,3241.0,12782.0,31569.0,24747.0,6822.0,20324.0,20324.0,104355.0,46983.0,127.0,41716.0,15529.0,150947.0,31163.0,58318.0,52909.0,8557.0,57321.0,57321.0,0.0,0.0,0.0,0.0,204358.0,13970.0,83802.0,23381.0,83205.0,159.8,246.4,199.2,149.0,256.7,553.4,209.4,nan,142.3,160.0,97.8,209.1,157.0,331.6,249.0,161.9,0.0,124.1,92.0,0.0,284.4
2026-07-19,17:00~20:00,通過量,15670,12242,3428,7089,6680,2367,973,1057,2283,4852,1043,588,1607,1614,4890,2516,860,1514,3327,1284,837,1206,1580,563,1017,2647,1339,1308,613,613,4002,1750,979,755,518,8910,541,3567,3538,1264,7123,3872,3251,7720,4012,3708,5365,871,1513,455,2526
2026-07-19,17:00~20:00,平均停等延滯,58.5,60.8,50.3,58.2,18.4,26.2,42.7,0.0,8.5,71.5,53.8,59.1,58.5,100.4,33.6,32.1,43.8,30.3,33.3,11.6,30.0,58.5,10.1,5.8,12.6,11.9,18.5,5.2,33.2,33.2,26.1,26.8,0.1,55.3,30.0,16.9,57.6,16.3,15.0,6.8,8.0,14.8,0.0,0.0,0.0,0.0,38.1,16.0,55.4,51.4,32.9
2026-07-19,10:00~12:00,總停等延滯,515843.0,410574.0,105269.0,198071.0,63978.0,21850.0,29089.0,0.0,13039.0,157471.0,31171.0,14794.0,51912.0,59594.0,104074.0,56827.0,24560.0,22687.0,85051.0,5526.0,15207.0,64318.0,12996.0,935.0,12061.0,16213.0,8061.0,8152.0,11887.0,11887.0,64173.0,17625.0,322.0,36790.0,9436.0,70558.0,16883.0,35960.0,16560.0,1155.0,8810.0,8810.0,0.0,0.0,0.0,0.0,118703.0,1766.0,66690.0,12964.0,37283.0,161.1,440.3,171.5,116.5,252.0,764.1,170.9,nan,105.8,161.7,92.4,174.9,118.4,361.4,565.0,152.3,0.0,81.8,88.6,0.0,87.3
2026-07-19,10:00~12:00,通過量,8882,6888,1994,4291,3497,1553,727,528,689,2646,516,314,969,847,3178,1848,657,673,2089,661,492,936,1096,237,859,1768,503,1265,334,334,2178,755,656,452,315,5216,462,2649,1555,550,4461,1959,2502,4757,1945,2812,2901,428,1293,266,914
2026-07-19,10:00~12:00,平均停等延滯,58.1,59.6,52.8,46.2,18.3,14.1,40.0,0.0,18.9,59.5,60.4,47.1,53.6,70.4,32.7,30.8,37.4,33.7,40.7,8.4,30.9,68.7,11.9,3.9,14.0,9.2,16.0,6.4,35.6,35.6,29.5,23.3,0.5,81.4,30.0,13.5,36.5,13.6,10.6,2.1,2.0,4.5,0.0,0.0,0.0,0.0,40.9,4.1,51.6,48.7,40.8
2026-07-19,14:00~16:00,總停等延滯,772185.0,648559.0,123626.0,303050.0,130811.0,35149.0,36566.0,0.0,59096.0,291298.0,44702.0,32020.0,88184.0,126392.0,139785.0,64194.0,30695.0,44896.0,86665.0,7918.0,19147.0,59600.0,15787.0,3105.0,12682.0,19000.0,14627.0,4373.0,17105.0,17105.0,71734.0,29175.0,712.0,32532.0,9315.0,105054.0,20625.0,45133.0,33380.0,5916.0,39901.0,39891.0,10.0,0.0,0.0,0.0,158095.0,7501.0,79384.0,20192.0,51018.0,162.4,230.9,207.4,144.8,258.3,443.1,173.5,nan,120.2,162.3,96.2,235.5,144.3,270.5,221.6,125.4,0.0,83.9,89.2,0.0,326.9
2026-07-19,14:00~16:00,通過量,11261,8835,2426,5269,5015,1840,852,762,1561,3054,694,386,939,1035,3847,2121,704,1022,2277,842,640,795,1283,367,916,2019,875,1144,485,485,2613,1039,895,337,342,6699,498,3066,2336,799,5452,2569,2883,5790,2631,3159,3666,502,1459,346,1359
2026-07-19,14:00~16:00,平均停等延滯,68.6,73.4,51.0,57.5,26.1,19.1,42.9,0.0,37.9,95.4,64.4,83.0,93.9,122.1,36.3,30.3,43.6,43.9,38.1,9.4,29.9,75.0,12.3,8.5,13.8,9.4,16.7,3.8,35.3,35.3,27.5,28.1,0.8,96.5,27.2,15.7,41.4,14.7,14.3,7.4,7.3,15.5,0.0,0.0,0.0,0.0,43.1,14.9,54.4,58.4,37.5
2026-07-19,16:00~19:00,總停等延滯,988063.0,799077.0,188986.0,445206.0,138499.0,68866.0,47286.0,0.0,22347.0,367000.0,56864.0,33982.0,103349.0,172805.0,178184.0,90972.0,42082.0,45130.0,115394.0,16332.0,27688.0,71374.0,16815.0,4043.0,12772.0,37075.0,26086.0,10989.0,24743.0,24743.0,110353.0,45819.0,342.0,47665.0,16527.0,155227.0,31252.0,62264.0,51027.0,10684.0,60947.0,60935.0,12.0,0.0,0.0,0.0,229032.0,12357.0,96616.0,31895.0,88164.0,157.9,338.3,195.2,152.2,257.8,631.8,170.4,nan,138.2,157.7,102.0,206.6,162.0,342.8,369.7,164.6,0.0,78.3,92.0,0.0,246.2
2026-07-19,16:00~19:00,通過量,15889,12349,3540,7419,6846,2474,1088,998,2286,4566,1006,531,1462,1567,5151,2817,902,1432,3361,1292,862,1207,1636,562,1074,2810,1370,1440,672,672,4041,1735,1082,671,553,9241,496,3850,3443,1452,7270,3805,3465,8231,4037,4194,5500,795,1632,519,2554
2026-07-19,16:00~19:00,平均停等延滯,62.2,64.7,53.4,60.0,20.2,27.8,43.5,0.0,9.8,80.4,56.5,64.0,70.7,110.3,34.6,32.3,46.7,31.5,34.3,12.6,32.1,59.1,10.3,7.2,11.9,13.2,19.0,7.6,36.8,36.8,27.3,26.4,0.3,71.0,29.9,16.8,63.0,16.2,14.8,7.4,8.4,16.0,0.0,0.0,0.0,0.0,41.6,15.5,59.2,61.5,34.5
2026-07-19,20:00~23:00,總停等延滯,575025.0,476369.0,98656.0,247159.0,81239.0,41949.0,21779.0,0.0,17511.0,237398.0,43081.0,26083.0,56092.0,112142.0,92159.0,42864.0,21089.0,28206.0,65573.0,13468.0,13171.0,38934.0,12957.0,2175.0,10782.0,11824.0,11221.0,603.0,11824.0,11824.0,62051.0,39764.0,0.0,16025.0,6262.0,100404.0,23382.0,42338.0,31239.0,3445.0,26219.0,26219.0,0.0,0.0,0.0,0.0,120536.0,1606.0,50593.0,12868.0,55469.0,176.2,228.4,165.4,183.9,262.4,448.2,173.5,nan,141.2,173.1,85.0,166.8,178.2,237.6,220.4,144.9,0.0,91.9,84.6,0.0,235.8
2026-07-19,20:00~23:00,通過量,10920,8471,2449,5709,4879,1810,624,1099,1346,4250,955,494,1285,1516,2999,1487,562,950,2259,1090,455,714,1284,528,756,1567,898,669,340,340,3102,1521,595,690,296,7032,466,2733,3066,767,5707,3116,2591,6181,3288,2893,4137,454,1173,419,2091
2026-07-19,20:00~23:00,平均停等延滯,52.7,56.2,40.3,43.3,16.7,23.2,34.9,0.0,13.0,55.9,45.1,52.8,43.7,74.0,30.7,28.8,37.5,29.7,29.0,12.4,28.9,54.5,10.1,4.1,14.3,7.5,12.5,0.9,34.8,34.8,20.0,26.1,0.0,23.2,21.2,14.3,50.2,15.5,10.2,4.5,4.6,8.4,0.0,0.0,0.0,0.0,29.1,3.5,43.1,30.7,26.5
2026-07-20,07:00~09:00,總停等延滯,544968.0,405092.0,139876.0,263296.0,82647.0,42216.0,26151.0,0.0,14280.0,172642.0,27135.0,14608.0,40359.0,90540.0,81634.0,34503.0,25730.0,21401.0,68169.0,6642.0,16002.0,45525.0,18032.0,2820.0,15212.0,15283.0,11513.0,3770.0,16867.0,16867.0,89694.0,32207.0,2085.0,45835.0,9567.0,113046.0,18239.0,47213.0,36687.0,10907.0,47169.0,47157.0,12.0,0.0,0.0,0.0,103081.0,1550.0,37291.0,23352.0,40888.0,146.6,175.8,164.0,114.0,214.1,372.3,177.2,nan,170.6,147.1,67.1,164.1,117.0,197.3,180.6,0.0,0.0,74.8,103.1,0.0,140.4
2026-07-20,07:00~09:00,通過量,10492,7383,3109,5536,3387,1360,748,530,749,2676,533,346,738,1059,2784,1240,703,841,2265,688,505,1072,1303,382,921,1933,810,1123,517,517,3305,1095,1270,554,386,7262,509,3294,2162,1297,4639,2874,1765,5373,2846,2527,3580,689,1158,454,1279
2026-07-20,07:00~09:00,平均停等延滯,51.9,54.9,45.0,47.6,24.4,31.0,35.0,0.0,19.1,64.5,50.9,42.2,54.7,85.5,29.3,27.8,36.6,25.4,30.1,9.7,31.7,42.5,13.8,7.4,16.5,7.9,14.2,3.4,32.6,32.6,27.1,29.4,1.6,82.7,24.8,15.6,35.8,14.3,17.0,8.4,10.2,16.4,0.0,0.0,0.0,0.0,28.8,2.2,32.2,51.4,32.0
2026-07-20,10:00~17:00,總停等延滯,1408864.0,1103806.0,305058.0,692980.0,261900.0,139298.0,63158.0,0.0,59444.0,430235.0,73883.0,53881.0,170959.0,131512.0,228619.0,117082.0,43456.0,68081.0,183052.0,20729.0,43204.0,119119.0,27672.0,7990.0,19682.0,37594.0,30277.0,7317.0,44433.0,44433.0,195359.0,81301.0,200.0,88970.0,24888.0,317965.0,79638.0,169352.0,46429.0,22546.0,32147.0,31003.0,1144.0,0.0,0.0,0.0,342868.0,15183.0,146608.0,64603.0,116474.0,156.1,233.5,209.7,145.2,217.2,429.9,329.2,nan,113.8,157.6,61.0,217.5,157.3,192.4,249.2,0.0,0.0,155.2,170.8,0.0,185.8
2026-07-20,10:00~17:00,通過量,29976,22793,7183,18455,12053,4562,2310,2076,3105,8912,1714,1267,3175,2756,8557,4627,1238,2692,6735,1872,1467,3396,3433,1128,2305,5316,2496,2820,1336,1336,8014,3295,2321,1421,977,23653,2246,10868,7205,3334,16182,8208,7974,16611,7804,8807,11781,1529,4911,1453,3888
2026-07-20,10:00~17:00,平均停等延滯,47.0,48.4,42.5,37.5,21.7,30.5,27.3,0.0,19.1,48.3,43.1,42.5,53.8,47.7,26.7,25.3,35.1,25.3,27.2,11.1,29.5,35.1,8.1,7.1,8.5,7.1,12.1,2.6,33.3,33.3,24.4,24.7,0.1,62.6,25.5,13.4,35.5,15.6,6.4,6.8,2.0,3.8,0.1,0.0,0.0,0.0,29.1,9.9,29.9,44.5,30.0
2026-07-20,17:00~20:00,總停等延滯,736402.0,539394.0,197008.0,310646.0,122959.0,58579.0,30590.0,0.0,33790.0,209761.0,29967.0,27217.0,59954.0,92623.0,119162.0,55456.0,26812.0,36894.0,87512.0,15250.0,21921.0,50341.0,18131.0,6482.0,11649.0,26604.0,21796.0,4808.0,26349.0,26349.0,125924.0,50943.0,381.0,54176.0,20424.0,178908.0,36782.0,93108.0,45185.0,3833.0,8374.0,8243.0,131.0,0.0,0.0,0.0,123364.0,8790.0,56230.0,20827.0,37517.0,148.8,287.5,182.8,140.2,211.6,557.2,198.2,nan,97.5,148.7,62.6,187.3,151.3,294.7,250.5,148.7,0.0,96.1,102.5,0.0,142.5
2026-07-20,17:00~20:00,通過量,15208,10901,4307,7727,5443,1969,1061,906,1507,3923,717,569,1200,1437,4417,2194,714,1509,3305,1170,794,1341,1729,659,1070,2946,1498,1448,766,766,4813,1931,1189,979,714,9438,1600,4131,2642,1065,5715,2705,3010,6231,2751,3480,4358,755,1607,543,1453
2026-07-20,17:00~20:00,平均停等延滯,48.4,49.5,45.7,40.2,22.6,29.8,28.8,0.0,22.4,53.5,41.8,47.8,50.0,64.5,27.0,25.3,37.6,24.4,26.5,13.0,27.6,37.5,10.5,9.8,10.9,9.0,14.6,3.3,34.4,34.4,26.2,26.4,0.3,55.3,28.6,19.0,23.0,22.5,17.1,3.6,1.5,3.0,0.0,0.0,0.0,0.0,28.3,11.6,35.0,38.4,25.8
2026-07-20,10:00~12:00,總停等延滯,363646.0,282951.0,80695.0,164878.0,69239.0,38298.0,18110.0,0.0,12831.0,110081.0,20260.0,11612.0,46840.0,31369.0,54543.0,29118.0,12643.0,12782.0,49088.0,5584.0,12317.0,31187.0,9275.0,1878.0,7397.0,7709.0,6450.0,1259.0,10997.0,10997.0,52714.0,19590.0,62.0,26668.0,6394.0,72457.0,17506.0,40782.0,8408.0,5761.0,4238.0,3303.0,935.0,0.0,0.0,0.0,88183.0,1162.0,34065.0,18256.0,34700.0,185.6,240.8,248.8,126.9,250.6,414.6,223.1,nan,132.9,192.6,65.0,265.7,125.4,163.1,242.4,0.0,0.0,127.4,96.8,0.0,305.6
2026-07-20,10:00~12:00,通過量,8212,6175,2037,4981,3193,1238,685,534,736,2413,477,321,916,699,2360,1235,337,788,1896,525,451,920,1002,292,710,1455,622,833,336,336,2260,851,670,471,268,6337,634,3001,1749,953,4440,2188,2252,4607,2176,2431,3041,422,1273,373,973
2026-07-20,10:00~12:00,平均停等延滯,44.3,45.8,39.6,33.1,21.7,30.9,26.4,0.0,17.4,45.6,42.5,36.2,51.1,44.9,23.1,23.6,37.5,16.2,25.9,10.6,27.3,33.9,9.3,6.4,10.4,5.3,10.4,1.5,32.7,32.7,23.3,23.0,0.1,56.6,23.9,11.4,27.6,13.6,4.8,6.0,1.0,1.5,0.4,0.0,0.0,0.0,29.0,2.8,26.8,48.9,35.7
2026-07-20,14:00~16:00,總停等延滯,409976.0,320242.0,89734.0,226125.0,80891.0,42751.0,18172.0,0.0,19968.0,119314.0,19994.0,18178.0,45526.0,35616.0,65709.0,34058.0,9064.0,22587.0,54328.0,5034.0,10881.0,38413.0,6999.0,2535.0,4464.0,11447.0,9734.0,1713.0,13770.0,13770.0,57518.0,27024.0,58.0,23798.0,6638.0,106128.0,27592.0,55397.0,16695.0,6444.0,14027.0,13901.0,126.0,0.0,0.0,0.0,105970.0,7455.0,47855.0,18480.0,32180.0,142.4,217.6,223.1,159.8,200.9,399.5,383.3,nan,111.4,142.4,58.4,237.3,166.4,187.4,238.1,0.0,0.0,155.1,250.1,0.0,155.6
2026-07-20,14:00~16:00,通過量,8673,6618,2055,5500,3620,1340,624,632,1024,2534,486,349,902,797,2368,1315,313,740,1936,505,386,1045,937,317,620,1465,720,745,404,404,2267,933,690,382,262,7020,659,3115,2282,964,4872,2574,2298,5114,2506,2608,3662,443,1493,468,1258
2026-07-20,14:00~16:00,平均停等延滯,47.3,48.4,43.7,41.1,22.3,31.9,29.1,0.0,19.5,47.1,41.1,52.1,50.5,44.7,27.7,25.9,29.0,30.5,28.1,10.0,28.2,36.8,7.5,8.0,7.2,7.8,13.5,2.3,34.1,34.1,25.4,29.0,0.1,62.3,25.3,15.1,41.9,17.8,7.3,6.7,2.9,5.4,0.1,0.0,0.0,0.0,28.9,16.8,32.1,39.5,25.6
2026-07-20,16:00~19:00,總停等延滯,784543.0,568963.0,215580.0,347385.0,128737.0,61986.0,30431.0,0.0,36320.0,210133.0,31276.0,28039.0,66115.0,84703.0,132201.0,61710.0,28475.0,42016.0,97892.0,14362.0,23373.0,60157.0,19948.0,7475.0,12473.0,27224.0,22899.0,4325.0,29084.0,29084.0,139324.0,56196.0,393.0,59160.0,23575.0,194334.0,36857.0,91936.0,59449.0,6092.0,18011.0,17864.0,147.0,0.0,0.0,0.0,135040.0,9056.0,61521.0,25295.0,39168.0,146.8,198.2,179.9,146.0,208.7,526.9,264.3,nan,95.5,146.8,61.9,188.0,161.1,347.4,188.9,152.3,0.0,154.5,103.2,0.0,121.8
2026-07-20,16:00~19:00,通過量,15639,11190,4449,8295,5633,2108,1012,881,1632,3862,738,589,1236,1299,4605,2363,717,1525,3431,1123,784,1524,1878,717,1161,3160,1599,1561,845,845,4921,2034,1225,901,761,10457,1462,4634,3116,1245,6224,3056,3168,6733,3004,3729,4750,815,1736,631,1568
2026-07-20,16:00~19:00,平均停等延滯,50.2,50.8,48.5,41.9,22.9,29.4,30.1,0.0,22.3,54.4,42.4,47.6,53.5,65.2,28.7,26.1,39.7,27.6,28.5,12.8,29.8,39.5,10.6,10.4,10.7,8.6,14.3,2.8,34.4,34.4,28.3,27.6,0.3,65.7,31.0,18.6,25.2,19.8,19.1,4.9,2.9,5.8,0.0,0.0,0.0,0.0,28.4,11.1,35.4,40.1,25.0
2026-07-20,20:00~23:00,總停等延滯,347746.0,285130.0,62616.0,149629.0,68322.0,36899.0,13272.0,0.0,18151.0,120599.0,19823.0,18420.0,36190.0,46166.0,53058.0,27623.0,9757.0,15678.0,43151.0,8818.0,10837.0,23496.0,5594.0,872.0,4722.0,8420.0,6851.0,1569.0,11674.0,11674.0,36928.0,26262.0,0.0,6861.0,3805.0,76708.0,24792.0,49029.0,2265.0,622.0,185.0,185.0,0.0,0.0,0.0,0.0,72736.0,2168.0,28879.0,8384.0,33305.0,143.3,179.4,180.7,134.3,220.9,419.6,166.4,nan,90.1,144.6,76.3,183.0,135.7,207.9,185.9,127.6,0.0,82.4,84.8,0.0,137.6
2026-07-20,20:00~23:00,通過量,8270,6363,1907,5035,3499,1308,569,777,845,2998,609,421,945,1023,2336,1271,265,800,1825,693,345,787,841,341,500,1142,672,470,316,316,2305,1055,586,453,211,5798,782,2675,1777,564,4048,1908,2140,4499,2073,2426,3026,362,1086,296,1282
2026-07-20,20:00~23:00,平均停等延滯,42.0,44.8,32.8,29.7,19.5,28.2,23.3,0.0,21.5,40.2,32.6,43.8,38.3,45.1,22.7,21.7,36.8,19.6,23.6,12.7,31.4,29.9,6.7,2.6,9.4,7.4,10.2,3.3,36.9,36.9,16.0,24.9,0.0,15.1,18.0,13.2,31.7,18.3,1.3,1.1,0.0,0.1,0.0,0.0,0.0,0.0,24.0,6.0,26.6,28.3,26.0
2026-07-21,07:00~09:00,總停等延滯,537757.0,391259.0,146498.0,270685.0,81259.0,41886.0,21947.0,0.0,17426.0,160908.0,26208.0,17046.0,45268.0,72386.0,80124.0,36521.0,23830.0,19773.0,68968.0,5874.0,14333.0,48761.0,19000.0,3037.0,15963.0,13533.0,11142.0,2391.0,18877.0,18877.0,95088.0,33560.0,1915.0,48336.0,11277.0,129322.0,23422.0,56049.0,35845.0,14006.0,35999.0,35954.0,45.0,0.0,0.0,0.0,105364.0,3149.0,42523.0,23652.0,36040.0,148.0,214.7,172.4,124.4,211.0,436.2,175.5,nan,96.6,147.9,63.8,176.6,115.4,219.0,214.1,167.5,0.0,90.1,85.6,0.0,193.7
2026-07-21,07:00~09:00,通過量,10644,7433,3211,5379,3580,1429,731,753,667,2618,532,379,779,928,2745,1265,719,761,2520,701,505,1314,1431,447,984,1917,837,1080,548,548,3351,1135,1204,622,390,7422,555,3075,2371,1421,4764,2817,1947,5366,2801,2565,3788,745,1294,483,1266
2026-07-21,07:00~09:00,平均停等延滯,50.5,52.6,45.6,50.3,22.7,29.3,30.0,0.0,26.1,61.5,49.3,45.0,58.1,78.0,29.2,28.9,33.1,26.0,27.4,8.4,28.4,37.1,13.3,6.8,16.2,7.1,13.3,2.2,34.4,34.4,28.4,29.6,1.6,77.7,28.9,17.4,42.2,18.2,15.1,9.9,7.6,12.8,0.0,0.0,0.0,0.0,27.8,4.2,32.9,49.0,28.5
2026-07-21,10:00~17:00,總停等延滯,1368882.0,1053544.0,315338.0,741454.0,256185.0,134746.0,63942.0,0.0,57497.0,383009.0,67156.0,41281.0,146743.0,127829.0,228046.0,119171.0,45387.0,63488.0,186304.0,18425.0,42076.0,125803.0,31666.0,9266.0,22400.0,36680.0,25305.0,11375.0,46081.0,46081.0,200911.0,91695.0,916.0,84398.0,23902.0,359070.0,79743.0,165554.0,87297.0,26476.0,65467.0,65445.0,22.0,0.0,0.0,0.0,316917.0,10124.0,135470.0,64209.0,107114.0,148.1,242.0,190.7,146.4,210.1,467.8,190.5,nan,111.4,148.0,62.0,196.6,146.9,229.1,233.3,143.5,0.0,81.2,107.5,0.0,233.9
2026-07-21,10:00~17:00,通過量,30031,22334,7697,18637,11529,4609,2245,1934,2741,8299,1633,1109,2920,2637,8590,4767,1318,2505,7010,1840,1483,3687,3535,1321,2214,5490,2704,2786,1421,1421,8590,3635,2362,1555,1038,23570,2216,10866,6821,3667,15107,7535,7572,16105,7660,8445,11596,1491,4550,1336,4219
2026-07-21,10:00~17:00,平均停等延滯,45.6,47.2,41.0,39.8,22.2,29.2,28.5,0.0,21.0,46.2,41.1,37.2,50.3,48.5,26.5,25.0,34.4,25.3,26.6,10.0,28.4,34.1,9.0,7.0,10.1,6.7,9.4,4.1,32.4,32.4,23.4,25.2,0.4,54.3,23.0,15.2,36.0,15.2,12.8,7.2,4.3,8.7,0.0,0.0,0.0,0.0,27.3,6.8,29.8,48.1,25.4
2026-07-21,17:00~20:00,總停等延滯,772675.0,598379.0,174296.0,380696.0,122387.0,60421.0,29303.0,0.0,32663.0,238931.0,35671.0,27981.0,63839.0,111440.0,134963.0,62573.0,33557.0,38833.0,102098.0,18347.0,21981.0,61770.0,16703.0,3964.0,12739.0,15315.0,9548.0,5767.0,22538.0,22538.0,119740.0,56553.0,2511.0,44157.0,16519.0,208947.0,33610.0,72207.0,96824.0,6306.0,46160.0,46014.0,146.0,0.0,0.0,0.0,125589.0,7423.0,67815.0,16023.0,34328.0,161.8,234.3,163.9,149.0,240.0,531.5,172.0,nan,101.7,161.0,77.9,164.3,147.8,295.6,254.5,146.5,0.0,81.0,96.6,0.0,140.1
2026-07-21,17:00~20:00,通過量,15564,11402,4162,7550,5587,2252,1061,906,1368,4309,825,647,1316,1521,4626,2389,764,1473,3639,1323,822,1494,1859,749,1110,3162,1648,1514,795,795,4899,2281,1146,754,718,9426,976,4713,2632,1105,6038,2517,3521,6558,2578,3980,4706,982,1863,518,1343
2026-07-21,17:00~20:00,平均停等延滯,49.6,52.5,41.9,50.4,21.9,26.8,27.6,0.0,23.9,55.4,43.2,43.2,48.5,73.3,29.2,26.2,43.9,26.4,28.1,13.9,26.7,41.3,9.0,5.3,11.5,4.8,5.8,3.8,28.3,28.3,24.4,24.8,2.2,58.6,23.0,22.2,34.4,15.3,36.8,5.7,7.6,18.3,0.0,0.0,0.0,0.0,26.7,7.6,36.4,30.9,25.6
2026-07-21,10:00~12:00,總停等延滯,365567.0,283652.0,81915.0,178581.0,74812.0,40294.0,21909.0,0.0,12609.0,99830.0,19456.0,9050.0,40403.0,30921.0,56607.0,32401.0,10703.0,13503.0,52403.0,4709.0,11768.0,35926.0,8499.0,1991.0,6508.0,7467.0,5553.0,1914.0,11792.0,11792.0,54157.0,22745.0,133.0,25692.0,5587.0,88537.0,24023.0,46834.0,12701.0,4979.0,8457.0,8457.0,0.0,0.0,0.0,0.0,81587.0,1252.0,34009.0,17618.0,28708.0,148.4,190.7,201.8,131.3,209.7,411.6,159.1,nan,99.4,148.3,61.5,207.5,128.1,219.2,190.2,159.9,0.0,80.9,76.1,0.0,206.2
2026-07-21,10:00~12:00,通過量,7781,5649,2132,5079,2861,1238,557,477,589,2239,460,296,813,670,2127,1233,349,545,1870,465,419,986,913,306,607,1388,627,761,399,399,2300,873,660,526,241,6357,628,2967,1769,993,4159,2111,2048,4230,2020,2210,3152,407,1261,353,1131
2026-07-21,10:00~12:00,平均停等延滯,47.0,50.2,38.4,35.2,26.1,32.5,39.3,0.0,21.4,44.6,42.3,30.6,49.7,46.2,26.6,26.3,30.7,24.8,28.0,10.1,28.1,36.4,9.3,6.5,10.7,5.4,8.9,2.5,29.6,29.6,23.5,26.1,0.2,48.8,23.2,13.9,38.3,15.8,7.2,5.0,2.0,4.0,0.0,0.0,0.0,0.0,25.9,3.1,27.0,49.9,25.4
2026-07-21,14:00~16:00,總停等延滯,401783.0,299084.0,102699.0,201584.0,70971.0,38699.0,15129.0,0.0,17143.0,112460.0,20579.0,12574.0,42056.0,37251.0,62764.0,30517.0,12336.0,19911.0,52889.0,5529.0,12313.0,35047.0,11452.0,3812.0,7640.0,13496.0,9767.0,3729.0,15317.0,15317.0,62434.0,29643.0,238.0,25194.0,7359.0,96593.0,23493.0,48824.0,16534.0,7742.0,12169.0,12157.0,12.0,0.0,0.0,0.0,92822.0,4497.0,39511.0,18450.0,30364.0,150.0,273.0,179.5,148.3,215.7,480.2,184.5,nan,119.7,149.9,65.5,182.8,154.2,216.4,267.1,141.5,0.0,83.8,100.6,0.0,167.6
2026-07-21,14:00~16:00,通過量,8985,6631,2354,5468,3659,1391,745,634,889,2377,480,297,858,742,2449,1383,356,710,2057,556,432,1069,1110,451,659,1628,860,768,433,433,2645,1175,740,424,306,7048,693,3137,2201,1017,4603,2398,2205,5009,2457,2552,3321,416,1267,402,1236
2026-07-21,14:00~16:00,平均停等延滯,44.7,45.1,43.6,36.9,19.4,27.8,20.3,0.0,19.3,47.3,42.9,42.3,49.0,50.2,25.6,22.1,34.7,28.0,25.7,9.9,28.5,32.8,10.3,8.5,11.6,8.3,11.4,4.9,35.4,35.4,23.6,25.2,0.3,59.4,24.0,13.7,33.9,15.6,7.5,7.6,2.6,5.1,0.0,0.0,0.0,0.0,28.0,10.8,31.2,45.9,24.6
2026-07-21,16:00~19:00,總停等延滯,816864.0,620505.0,196359.0,474354.0,131691.0,64110.0,31798.0,0.0,35783.0,237058.0,33530.0,25473.0,70515.0,107540.0,144388.0,68421.0,34334.0,41633.0,107368.0,16256.0,23020.0,68092.0,17982.0,5245.0,12737.0,18554.0,10213.0,8341.0,25500.0,25500.0,134323.0,62958.0,3056.0,48915.0,19394.0,262463.0,36559.0,80921.0,135163.0,9820.0,71074.0,70918.0,156.0,0.0,0.0,0.0,140817.0,7428.0,72940.0,21651.0,38798.0,152.1,253.9,176.2,141.4,228.9,472.1,178.0,nan,103.0,151.8,76.5,181.7,140.3,207.3,280.0,139.9,0.0,84.8,96.1,0.0,142.7
2026-07-21,16:00~19:00,通過量,15965,11477,4488,8507,5725,2334,1089,893,1409,4100,744,624,1326,1406,4924,2589,750,1585,3494,1214,820,1460,2007,818,1189,3446,1821,1625,868,868,5101,2299,1252,756,794,10672,1063,5302,2992,1315,6392,2708,3684,6901,2831,4070,5010,878,1990,588,1554
2026-07-21,16:00~19:00,平均停等延滯,51.2,54.1,43.8,55.8,23.0,27.5,29.2,0.0,25.4,57.8,45.1,40.8,53.2,76.5,29.3,26.4,45.8,26.3,30.7,13.4,28.1,46.6,9.0,6.4,10.7,5.4,5.6,5.1,29.4,29.4,26.3,27.4,2.4,64.7,24.4,24.6,34.4,15.3,45.2,7.5,11.1,26.2,0.0,0.0,0.0,0.0,28.1,8.5,36.7,36.8,25.0
2026-07-21,20:00~23:00,總停等延滯,328685.0,266560.0,62125.0,139294.0,63443.0,32964.0,12074.0,0.0,18405.0,114008.0,18446.0,15360.0,36948.0,43254.0,48215.0,26400.0,8907.0,12908.0,40894.0,10392.0,9480.0,21022.0,2684.0,569.0,2115.0,8182.0,2450.0,5732.0,11323.0,11323.0,39936.0,34160.0,32.0,3048.0,2696.0,66275.0,22015.0,42723.0,1190.0,347.0,105.0,105.0,0.0,0.0,0.0,0.0,72914.0,147.0,28402.0,10209.0,34156.0,142.3,222.1,191.5,182.2,218.5,324.2,155.5,nan,105.9,143.4,73.4,186.7,177.5,140.3,219.1,144.7,0.0,78.5,80.3,0.0,164.1
2026-07-21,20:00~23:00,通過量,7716,5974,1742,4475,3265,1286,486,802,691,2908,590,396,970,952,2258,1210,293,755,1873,758,373,742,772,316,456,1142,613,529,308,308,2107,989,589,279,250,5144,490,2384,1714,556,3958,1870,2088,4550,2104,2446,2934,298,1035,357,1244
2026-07-21,20:00~23:00,平均停等延滯,42.6,44.6,35.7,31.1,19.4,25.6,24.8,0.0,26.6,39.2,31.3,38.8,38.1,45.4,21.4,21.8,30.4,17.1,21.8,13.7,25.4,28.3,3.5,1.8,4.6,7.2,4.0,10.8,36.8,36.8,19.0,34.5,0.1,10.9,10.8,12.9,44.9,17.9,0.7,0.6,0.0,0.1,0.0,0.0,0.0,0.0,24.9,0.5,27.4,28.6,27.5
2026-07-22,07:00~09:00,總停等延滯,527002.0,377469.0,149533.0,238110.0,82222.0,43946.0,23656.0,0.0,14620.0,143812.0,26428.0,16473.0,39390.0,61521.0,78303.0,35045.0,25546.0,17712.0,73132.0,6623.0,16662.0,49847.0,18273.0,2833.0,15440.0,14483.0,10405.0,4078.0,18373.0,18373.0,98404.0,31737.0,3375.0,50872.0,12420.0,115693.0,21685.0,56146.0,26563.0,11299.0,20207.0,20070.0,137.0,0.0,0.0,0.0,102210.0,1667.0,40019.0,25425.0,35099.0,150.3,175.3,183.6,124.8,214.9,424.0,176.7,nan,95.7,150.9,64.8,189.5,120.4,237.7,173.7,121.3,0.0,83.2,95.5,0.0,167.1
2026-07-22,07:00~09:00,通過量,10511,7220,3291,5477,3397,1418,709,580,690,2558,544,351,746,917,2685,1239,678,768,2387,698,535,1154,1355,417,938,1924,831,1093,576,576,3462,1164,1236,669,393,7664,540,3327,2411,1386,4922,2802,2120,5327,2702,2625,3524,714,1200,478,1132
2026-07-22,07:00~09:00,平均停等延滯,50.1,52.3,45.4,43.5,24.2,31.0,33.4,0.0,21.2,56.2,48.6,46.9,52.8,67.1,29.2,28.3,37.7,23.1,30.6,9.5,31.1,43.2,13.5,6.8,16.5,7.5,12.5,3.7,31.9,31.9,28.4,27.3,2.7,76.0,31.6,15.1,40.2,16.9,11.0,8.2,4.1,7.2,0.1,0.0,0.0,0.0,29.0,2.3,33.3,53.2,31.0
2026-07-22,10:00~17:00,總停等延滯,1430373.0,1095776.0,334597.0,730241.0,257255.0,139205.0,62361.0,0.0,55689.0,411349.0,74304.0,44858.0,158642.0,133545.0,215347.0,111649.0,43889.0,59809.0,211825.0,23698.0,45085.0,143042.0,32404.0,9464.0,22940.0,38652.0,32047.0,6605.0,50782.0,50782.0,212759.0,92723.0,289.0,90209.0,29538.0,363551.0,87645.0,178639.0,73490.0,23777.0,44715.0,44612.0,103.0,0.0,0.0,0.0,321975.0,12177.0,135243.0,64688.0,109867.0,156.0,213.5,200.9,159.0,216.7,453.4,218.2,nan,118.0,156.7,60.7,207.4,164.3,230.2,222.7,0.0,0.0,85.3,137.2,0.0,142.4
2026-07-22,10:00~17:00,通過量,31463,23736,7727,18762,12858,4894,2414,2214,3336,8651,1723,1174,3012,2742,8300,4529,1267,2504,7490,2085,1498,3907,3681,1260,2421,5555,2529,3026,1486,1486,8460,3479,2336,1499,1146,23705,2280,10766,7340,3319,15694,8232,7462,16953,8130,8823,11976,1581,4679,1510,4206
2026-07-22,10:00~17:00,平均停等延滯,45.5,46.2,43.3,38.9,20.0,28.4,25.8,0.0,16.7,47.5,43.1,38.2,52.7,48.7,25.9,24.7,34.6,23.9,28.3,11.4,30.1,36.6,8.8,7.5,9.5,7.0,12.7,2.2,34.2,34.2,25.1,26.7,0.1,60.2,25.8,15.3,38.4,16.6,10.0,7.2,2.8,5.4,0.0,0.0,0.0,0.0,26.9,7.7,28.9,42.8,26.1
2026-07-22,17:00~20:00,總停等延滯,811195.0,597655.0,213540.0,314918.0,125958.0,62736.0,31177.0,0.0,32045.0,250489.0,36517.0,29124.0,61452.0,123396.0,131356.0,66043.0,25308.0,40005.0,89852.0,18472.0,21185.0,50195.0,21466.0,7771.0,13695.0,29349.0,24548.0,4801.0,26903.0,26903.0,135822.0,54267.0,821.0,59094.0,21640.0,157048.0,30915.0,68392.0,53913.0,3828.0,20310.0,20182.0,128.0,0.0,0.0,0.0,137560.0,7169.0,71430.0,21486.0,37475.0,149.2,209.4,184.5,148.3,220.6,406.8,176.5,nan,108.0,149.2,71.2,187.2,141.7,202.0,224.0,0.0,0.0,86.0,92.1,0.0,132.8
2026-07-22,17:00~20:00,通過量,15262,11032,4230,7397,5612,2305,1083,940,1284,4148,819,566,1271,1492,4622,2396,773,1453,3281,1205,755,1321,1830,701,1129,2906,1437,1469,815,815,4725,2011,1103,882,729,9379,929,4510,2854,1086,6370,2810,3560,6803,2722,4081,4672,830,1884,538,1420
2026-07-22,17:00~20:00,平均停等延滯,53.2,54.2,50.5,42.6,22.4,27.2,28.8,0.0,25.0,60.4,44.6,51.5,48.3,82.7,28.4,27.6,32.7,27.5,27.4,15.3,28.1,38.0,11.7,11.1,12.1,10.1,17.1,3.3,33.0,33.0,28.7,27.0,0.7,67.0,29.7,16.7,33.3,15.2,18.9,3.5,3.2,7.2,0.0,0.0,0.0,0.0,29.4,8.6,37.9,39.9,26.4
2026-07-22,10:00~12:00,總停等延滯,367294.0,284516.0,82778.0,173506.0,68947.0,38197.0,16491.0,0.0,14259.0,99986.0,20464.0,10663.0,40156.0,28703.0,55596.0,31433.0,11943.0,12220.0,59987.0,6023.0,12597.0,41367.0,8565.0,1881.0,6684.0,7646.0,5487.0,2159.0,12693.0,12693.0,53874.0,22760.0,171.0,24168.0,6775.0,89485.0,25072.0,52326.0,6204.0,5883.0,2191.0,2156.0,35.0,0.0,0.0,0.0,81830.0,182.0,33078.0,18760.0,29810.0,150.4,177.5,230.5,167.6,209.2,410.4,247.1,nan,118.1,150.4,58.7,243.1,178.7,231.7,178.8,0.0,0.0,84.4,168.2,0.0,130.0
2026-07-22,10:00~12:00,通過量,8276,6123,2153,5080,3293,1305,704,499,785,2257,449,303,808,697,2190,1261,319,610,1934,534,410,990,981,321,660,1500,641,859,412,412,2382,962,683,447,290,6476,623,3025,1854,974,4262,2187,2075,4591,2177,2414,3221,382,1407,416,1016
2026-07-22,10:00~12:00,平均停等延滯,44.4,46.5,38.4,34.2,20.9,29.3,23.4,0.0,18.2,44.3,45.6,35.2,49.7,41.2,25.4,24.9,37.4,20.0,31.0,11.3,30.7,41.8,8.7,5.9,10.1,5.1,8.6,2.5,30.8,30.8,22.6,23.7,0.3,54.1,23.4,13.8,40.2,17.3,3.3,6.0,0.5,1.0,0.0,0.0,0.0,0.0,25.4,0.5,23.5,45.1,29.3
2026-07-22,14:00~16:00,總停等延滯,419357.0,318784.0,100573.0,232036.0,74321.0,39843.0,17441.0,0.0,17037.0,120254.0,21365.0,14080.0,48094.0,36715.0,61006.0,32113.0,11121.0,17772.0,63203.0,5703.0,13141.0,44359.0,11490.0,4618.0,6872.0,12803.0,10998.0,1805.0,14449.0,14449.0,61831.0,27990.0,1.0,26014.0,7826.0,115393.0,30768.0,55864.0,21892.0,6869.0,18342.0,18306.0,36.0,0.0,0.0,0.0,98301.0,6392.0,39092.0,19720.0,33097.0,143.6,239.0,191.4,159.9,207.9,426.5,232.9,nan,100.3,143.7,64.4,189.2,158.7,177.7,285.2,0.0,0.0,85.5,151.4,0.0,119.6
2026-07-22,14:00~16:00,通過量,9144,6929,2215,5455,3987,1423,626,779,1159,2443,493,318,854,778,2425,1320,344,761,2069,549,402,1118,1106,401,705,1623,780,843,403,403,2438,1027,708,372,331,6828,613,3031,2293,891,4767,2602,2165,5044,2501,2543,3578,481,1286,431,1380
2026-07-22,14:00~16:00,平均停等延滯,45.9,46.0,45.4,42.5,18.6,28.0,27.9,0.0,14.7,49.2,43.3,44.3,56.3,47.2,25.2,24.3,32.3,23.4,30.5,10.4,32.7,39.7,10.4,11.5,9.7,7.9,14.1,2.1,35.9,35.9,25.4,27.3,0.0,69.9,23.6,16.9,50.2,18.4,9.5,7.7,3.8,7.0,0.0,0.0,0.0,0.0,27.5,13.3,30.4,45.8,24.0
2026-07-22,16:00~19:00,總停等延滯,874866.0,640043.0,234823.0,399623.0,132787.0,67120.0,31458.0,0.0,34209.0,268911.0,41155.0,29199.0,72688.0,125869.0,137806.0,68114.0,27447.0,42245.0,100539.0,19333.0,20534.0,60672.0,22701.0,7472.0,15229.0,32535.0,28021.0,4514.0,30628.0,30628.0,148959.0,58936.0,925.0,64250.0,24848.0,206317.0,33638.0,76504.0,89071.0,7104.0,40353.0,40225.0,128.0,0.0,0.0,0.0,152953.0,10807.0,78182.0,24552.0,39412.0,151.0,218.7,188.8,141.2,217.4,434.9,179.5,nan,106.6,150.7,66.5,195.7,132.6,219.3,214.0,0.0,0.0,91.2,87.8,0.0,137.2
2026-07-22,16:00~19:00,通過量,16165,11798,4367,8215,6151,2517,1139,964,1531,4285,874,570,1341,1500,4742,2484,756,1502,3532,1249,765,1518,1959,719,1240,3262,1587,1675,864,864,4830,2046,1195,798,791,10611,1077,4958,3304,1272,6734,3047,3687,7459,3043,4416,5110,904,2026,590,1590
2026-07-22,16:00~19:00,平均停等延滯,54.1,54.3,53.8,48.6,21.6,26.7,27.6,0.0,22.3,62.8,47.1,51.2,54.2,83.9,29.1,27.4,36.3,28.1,28.5,15.5,26.8,40.0,11.6,10.4,12.3,10.0,17.7,2.7,35.4,35.4,30.8,28.8,0.8,80.5,31.4,19.4,31.2,15.4,27.0,5.6,6.0,13.2,0.0,0.0,0.0,0.0,29.9,12.0,38.6,41.6,24.8
2026-07-22,20:00~23:00,總停等延滯,336838.0,269217.0,67621.0,135682.0,68298.0,35181.0,11610.0,0.0,21507.0,105634.0,17031.0,12364.0,34574.0,41665.0,52248.0,26842.0,11569.0,13837.0,43037.0,9791.0,9722.0,23524.0,6750.0,2043.0,4707.0,9560.0,5411.0,4149.0,9543.0,9543.0,41768.0,28444.0,0.0,9082.0,4242.0,69309.0,23129.0,43971.0,1615.0,594.0,386.0,386.0,0.0,0.0,0.0,0.0,65987.0,456.0,25549.0,8844.0,31138.0,138.1,195.3,190.9,144.5,214.8,418.6,146.5,nan,124.4,138.7,76.4,196.2,148.0,355.4,204.0,0.0,0.0,70.9,75.2,0.0,126.8
2026-07-22,20:00~23:00,通過量,8545,6409,2136,4476,3357,1266,599,683,809,2900,551,449,891,1009,2331,1217,385,729,1851,688,365,798,937,420,517,1165,681,484,331,331,2545,1160,653,508,224,5196,509,2417,1764,506,3941,1880,2061,4476,2055,2421,2883,363,970,340,1210
2026-07-22,20:00~23:00,平均停等延滯,39.4,42.0,31.7,30.3,20.3,27.8,19.4,0.0,26.6,36.4,30.9,27.5,38.8,41.3,22.4,22.1,30.0,19.0,23.3,14.2,26.6,29.5,7.2,4.9,9.1,8.2,7.9,8.6,28.8,28.8,16.4,24.5,0.0,17.9,18.9,13.3,45.4,18.2,0.9,1.2,0.1,0.2,0.0,0.0,0.0,0.0,22.9,1.3,26.3,26.0,25.7
2026-07-23,07:00~09:00,總停等延滯,507328.0,406053.0,101275.0,249216.0,81235.0,43204.0,21237.0,0.0,16794.0,154940.0,24113.0,16420.0,44322.0,70085.0,94275.0,36731.0,35437.0,22107.0,75603.0,7122.0,17422.0,51059.0,12780.0,437.0,12343.0,3608.0,2104.0,1504.0,14489.0,14489.0,70398.0,26600.0,4749.0,32924.0,6125.0,115695.0,20953.0,50007.0,32644.0,12091.0,36549.0,36364.0,185.0,0.0,0.0,0.0,96972.0,1575.0,39425.0,23045.0,32927.0,151.4,205.8,179.4,167.9,207.2,430.1,163.0,nan,102.1,151.8,56.0,189.4,162.6,204.9,210.6,109.2,0.0,76.8,86.8,0.0,171.8
2026-07-23,07:00~09:00,通過量,10536,7380,3156,5515,3423,1426,710,607,680,2682,543,361,805,973,2764,1268,786,710,2423,689,504,1230,1369,385,984,2135,877,1258,506,506,3481,1216,1196,705,364,7438,588,3200,2272,1378,5240,2845,2395,5529,2802,2727,3652,722,1203,508,1219
2026-07-23,07:00~09:00,平均停等延滯,48.2,55.0,32.1,45.2,23.7,30.3,29.9,0.0,24.7,57.8,44.4,45.5,55.1,72.0,34.1,29.0,45.1,31.1,31.2,10.3,34.6,41.5,9.3,1.1,12.5,1.7,2.4,1.2,28.6,28.6,20.2,21.9,4.0,46.7,16.8,15.6,35.6,15.6,14.4,8.8,7.0,12.8,0.1,0.0,0.0,0.0,26.6,2.2,32.8,45.4,27.0
2026-07-23,10:00~17:00,總停等延滯,1308795.0,1087038.0,221757.0,923810.0,256675.0,138395.0,63463.0,0.0,54817.0,392231.0,68046.0,45877.0,147790.0,130518.0,252304.0,122640.0,61024.0,68640.0,185828.0,18412.0,43508.0,123908.0,27199.0,3511.0,23688.0,15407.0,6218.0,9189.0,36459.0,36459.0,142692.0,71521.0,706.0,43332.0,27133.0,333861.0,80724.0,171179.0,60782.0,21176.0,44684.0,43980.0,704.0,204226.0,88788.0,115438.0,341039.0,15118.0,138864.0,58879.0,128178.0,159.8,221.1,185.9,185.9,217.9,433.2,220.9,nan,131.4,160.7,58.1,186.9,180.6,225.6,213.5,136.2,0.0,80.3,143.2,0.0,127.8
2026-07-23,10:00~17:00,通過量,30519,23105,7414,17648,12339,5149,2263,2037,2890,8408,1640,1182,3049,2537,8805,4939,1328,2538,7182,1964,1480,3738,3677,1271,2406,5858,2676,3182,1439,1439,8213,3509,2422,1124,1158,23698,2182,10865,7347,3304,15879,8046,7833,16788,7826,8962,10576,1603,4372,1263,3338
2026-07-23,10:00~17:00,平均停等延滯,42.9,47.0,29.9,52.3,20.8,26.9,28.0,0.0,19.0,46.6,41.5,38.8,48.5,51.4,28.7,24.8,46.0,27.0,25.9,9.4,29.4,33.1,7.4,2.8,9.8,2.6,2.3,2.9,25.3,25.3,17.4,20.4,0.3,38.6,23.4,14.1,37.0,15.8,8.3,6.4,2.8,5.5,0.1,12.2,11.3,12.9,32.2,9.4,31.8,46.6,38.4
2026-07-23,17:00~20:00,總停等延滯,769105.0,605228.0,163877.0,447791.0,128754.0,65323.0,31357.0,0.0,32074.0,239109.0,35866.0,31377.0,62639.0,109227.0,137064.0,63310.0,33231.0,40523.0,100301.0,20294.0,22599.0,57408.0,15027.0,2854.0,12173.0,15138.0,10169.0,4969.0,22693.0,22693.0,111019.0,52552.0,1511.0,36368.0,20588.0,169518.0,33840.0,74053.0,57280.0,4345.0,22373.0,22308.0,65.0,100234.0,38696.0,61538.0,155666.0,2412.0,72430.0,20792.0,60032.0,148.8,207.7,181.2,139.0,234.0,456.6,177.9,nan,99.0,149.0,86.1,181.6,137.7,231.0,202.4,132.2,0.0,79.2,100.5,0.0,150.0
2026-07-23,17:00~20:00,通過量,15583,11484,4099,7830,5921,2314,1129,1017,1461,4233,811,603,1283,1536,4559,2446,697,1416,3692,1364,764,1564,1770,714,1056,3016,1530,1486,831,831,4687,2133,1104,781,669,9769,938,4859,2920,1052,6639,2908,3731,7178,2931,4247,4946,830,2083,525,1508
2026-07-23,17:00~20:00,平均停等延滯,49.4,52.7,40.0,57.2,21.7,28.2,27.8,0.0,22.0,56.5,44.2,52.0,48.8,71.1,30.1,25.9,47.7,28.6,27.2,14.9,29.6,36.7,8.5,4.0,11.5,5.0,6.6,3.3,27.3,27.3,23.7,24.6,1.4,46.6,30.8,17.4,36.1,15.2,19.6,4.1,3.4,7.7,0.0,14.0,13.2,14.5,31.5,2.9,34.8,39.6,39.8
2026-07-23,10:00~12:00,總停等延滯,342094.0,287289.0,54805.0,219589.0,72199.0,41662.0,17392.0,0.0,13145.0,100979.0,17529.0,10852.0,42196.0,30402.0,65597.0,34124.0,18394.0,13079.0,48514.0,4930.0,11282.0,32302.0,7278.0,701.0,6577.0,3310.0,982.0,2328.0,8939.0,8939.0,35278.0,15232.0,169.0,13036.0,6841.0,78081.0,20722.0,47784.0,4465.0,5110.0,1432.0,1409.0,23.0,50681.0,23234.0,27447.0,89395.0,4455.0,39451.0,14642.0,30847.0,156.2,229.7,185.7,180.4,213.3,421.6,250.2,nan,131.4,156.2,57.1,189.5,176.2,199.5,219.0,99.3,0.0,84.6,174.0,0.0,120.8
2026-07-23,10:00~12:00,通過量,8171,6188,1983,5197,3246,1452,596,528,670,2344,465,346,865,668,2365,1403,368,594,1999,505,370,1124,1051,345,706,1675,684,991,359,359,2222,943,668,324,287,6683,756,3105,1904,918,4489,2205,2284,4737,2155,2582,3041,413,1292,360,976
2026-07-23,10:00~12:00,平均停等延滯,41.9,46.4,27.6,42.3,22.2,28.7,29.2,0.0,19.6,43.1,37.7,31.4,48.8,45.5,27.7,24.3,50.0,22.0,24.3,9.8,30.5,28.7,6.9,2.0,9.3,2.0,1.4,2.3,24.9,24.9,15.9,16.2,0.3,40.2,23.8,11.7,27.4,15.4,2.3,5.6,0.3,0.6,0.0,10.7,10.8,10.6,29.4,10.8,30.5,40.7,31.6
2026-07-23,14:00~16:00,總停等延滯,364666.0,299659.0,65007.0,288089.0,66027.0,34016.0,16184.0,0.0,15827.0,113836.0,20419.0,13052.0,43946.0,36419.0,68849.0,33534.0,14874.0,20441.0,50947.0,4974.0,12649.0,33324.0,7561.0,1274.0,6287.0,4072.0,1531.0,2541.0,11915.0,11915.0,41459.0,23007.0,50.0,10702.0,7700.0,104561.0,28546.0,54679.0,14067.0,7269.0,17568.0,17014.0,554.0,61029.0,25415.0,35614.0,104931.0,4872.0,39413.0,18293.0,42353.0,150.3,202.0,154.1,186.8,209.9,402.9,236.2,nan,174.0,150.6,59.1,155.1,182.5,202.8,205.0,143.3,0.0,81.6,155.4,0.0,124.0
2026-07-23,14:00~16:00,通過量,8677,6465,2212,5280,3593,1370,632,659,932,2366,450,347,856,713,2380,1358,334,688,2013,564,413,1036,1017,356,661,1682,836,846,451,451,2478,1073,722,326,357,6939,565,3217,2165,992,4566,2403,2163,4844,2359,2485,3172,459,1215,390,1108
2026-07-23,14:00~16:00,平均停等延滯,42.0,46.4,29.4,54.6,18.4,24.8,25.6,0.0,17.0,48.1,45.4,37.6,51.3,51.1,28.9,24.7,44.5,29.7,25.3,8.8,30.6,32.2,7.4,3.6,9.5,2.4,1.8,3.0,26.4,26.4,16.7,21.4,0.1,32.8,21.6,15.1,50.5,17.0,6.5,7.3,3.8,7.1,0.3,12.6,10.8,14.3,33.1,10.6,32.4,46.9,38.2
2026-07-23,16:00~19:00,總停等延滯,822627.0,643232.0,179395.0,523250.0,138818.0,69275.0,33425.0,0.0,36118.0,247197.0,37743.0,29625.0,65716.0,114113.0,151557.0,69031.0,34921.0,47605.0,105660.0,17671.0,23911.0,64078.0,16327.0,3598.0,12729.0,15735.0,11013.0,4722.0,23827.0,23827.0,123506.0,55278.0,1925.0,41364.0,24939.0,207611.0,34935.0,79012.0,87625.0,6039.0,38650.0,38521.0,129.0,112010.0,40433.0,71577.0,164979.0,3180.0,77063.0,25031.0,59705.0,147.9,183.3,179.1,150.6,227.7,445.0,188.7,nan,99.1,148.2,79.7,178.3,151.4,256.2,185.6,145.3,0.0,79.7,114.6,0.0,146.3
2026-07-23,16:00~19:00,通過量,16448,11979,4469,8361,6240,2577,1120,1012,1531,4150,810,547,1269,1524,4796,2572,749,1475,3774,1318,800,1656,1945,786,1159,3319,1703,1616,897,897,4931,2145,1241,785,760,10715,1016,5284,3206,1209,6909,3053,3856,7437,3021,4416,5064,919,2084,587,1474
2026-07-23,16:00~19:00,平均停等延滯,50.0,53.7,40.1,62.6,22.2,26.9,29.8,0.0,23.6,59.6,46.6,54.2,51.8,74.9,31.6,26.8,46.6,32.3,28.0,13.4,29.9,38.7,8.4,4.6,11.0,4.7,6.5,2.9,26.6,26.6,25.0,25.8,1.6,52.7,32.8,19.4,34.4,15.0,27.3,5.0,5.6,12.6,0.0,15.1,13.4,16.2,32.6,3.5,37.0,42.6,40.5
2026-07-23,20:00~23:00,總停等延滯,368116.0,292730.0,75386.0,215101.0,66815.0,35742.0,13309.0,0.0,17764.0,126423.0,18146.0,15701.0,40247.0,52329.0,53777.0,26959.0,11745.0,15073.0,45715.0,9529.0,11490.0,24696.0,3404.0,651.0,2753.0,14741.0,4388.0,10353.0,10161.0,10161.0,47080.0,40108.0,0.0,3816.0,3156.0,72441.0,23788.0,45224.0,2160.0,1269.0,444.0,444.0,0.0,57144.0,29359.0,27785.0,85072.0,141.0,32170.0,11362.0,41399.0,141.7,207.5,255.9,204.9,214.9,398.0,155.3,nan,108.6,144.7,71.5,254.7,202.7,174.8,215.5,152.4,0.0,72.3,85.6,0.0,140.2
2026-07-23,20:00~23:00,通過量,8437,6527,1910,4829,3530,1397,513,837,783,3091,602,404,973,1112,2403,1272,376,755,1945,758,412,775,898,362,536,1325,689,636,326,326,2397,1175,602,376,244,5536,520,2593,1893,530,4380,2112,2268,4715,2266,2449,3233,393,1124,381,1335
2026-07-23,20:00~23:00,平均停等延滯,43.6,44.8,39.5,44.5,18.9,25.6,25.9,0.0,22.7,40.9,30.1,38.9,41.4,47.1,22.4,21.2,31.2,20.0,23.5,12.6,27.9,31.9,3.8,1.8,5.1,11.1,6.4,16.3,31.2,31.2,19.6,34.1,0.0,10.1,12.9,13.1,45.7,17.4,1.1,2.4,0.1,0.2,0.0,12.1,13.0,11.3,26.3,0.4,28.6,29.8,31.0
2026-07-24,07:00~09:00,總停等延滯,495032.0,394113.0,100919.0,257069.0,65558.0,27854.0,21292.0,0.0,16412.0,160282.0,26301.0,18225.0,41150.0,74606.0,93623.0,38864.0,35202.0,19557.0,74650.0,6660.0,15273.0,52717.0,13537.0,919.0,12618.0,2378.0,1624.0,754.0,15280.0,15280.0,69724.0,28309.0,5970.0,29547.0,5898.0,109140.0,22287.0,49994.0,23004.0,13855.0,32333.0,31974.0,359.0,42744.0,25733.0,17011.0,72852.0,5591.0,33542.0,18630.0,15089.0,145.5,189.4,142.0,133.0,203.1,490.5,157.8,nan,127.3,145.6,57.8,141.7,131.7,298.7,190.7,135.9,0.0,79.5,78.8,0.0,215.4
2026-07-24,07:00~09:00,通過量,10352,7275,3077,5344,3543,1560,698,630,655,2575,533,347,788,907,2779,1295,769,715,2329,705,490,1134,1321,373,948,1950,813,1137,512,512,3338,1146,1189,630,373,7445,646,3247,2207,1345,5205,2855,2350,5536,2821,2715,3327,752,1124,489,962
2026-07-24,07:00~09:00,平均停等延滯,47.8,54.2,32.8,48.1,18.5,17.9,30.5,0.0,25.1,62.2,49.3,52.5,52.2,82.3,33.7,30.0,45.8,27.4,32.1,9.4,31.2,46.5,10.2,2.5,13.3,1.2,2.0,0.7,29.8,29.8,20.9,24.7,5.0,46.9,15.8,14.7,34.5,15.4,10.4,10.3,6.2,11.2,0.2,7.7,9.1,6.3,21.9,7.4,29.8,38.1,15.7
2026-07-24,10:00~17:00,總停等延滯,1571566.0,1292114.0,279452.0,880341.0,233889.0,100692.0,66867.0,0.0,66330.0,529372.0,91674.0,54373.0,182755.0,200570.0,297590.0,140845.0,75064.0,81681.0,231263.0,28544.0,45964.0,156755.0,34088.0,5198.0,28890.0,21528.0,11732.0,9796.0,42394.0,42394.0,181442.0,89516.0,5075.0,57513.0,29338.0,395851.0,83162.0,172929.0,112554.0,27206.0,88073.0,86550.0,1523.0,154889.0,81091.0,73798.0,241528.0,15349.0,129116.0,44592.0,52471.0,179.7,243.2,189.2,193.3,246.7,550.2,243.1,nan,147.5,184.1,67.3,196.6,189.1,300.4,237.2,150.7,0.0,109.4,130.9,0.0,149.5
2026-07-24,10:00~17:00,通過量,35165,26768,8397,19397,13798,5833,2603,2181,3181,9972,1891,1400,3439,3242,10059,5485,1610,2964,8293,2358,1632,4303,4058,1332,2726,6359,2944,3415,1595,1595,9513,4043,2689,1545,1236,25661,2434,11510,8161,3556,17566,8745,8821,18058,8282,9776,11628,1693,4482,1510,3943
2026-07-24,10:00~17:00,平均停等延滯,44.7,48.3,33.3,45.4,17.0,17.3,25.7,0.0,20.9,53.1,48.5,38.8,53.1,61.9,29.6,25.7,46.6,27.6,27.9,12.1,28.2,36.4,8.4,3.9,10.6,3.4,4.0,2.9,26.6,26.6,19.1,22.1,1.9,37.2,23.7,15.4,34.2,15.0,13.8,7.7,5.0,9.9,0.2,8.6,9.8,7.5,20.8,9.1,28.8,29.5,13.3
2026-07-24,17:00~20:00,總停等延滯,937332.0,741606.0,195726.0,436630.0,109564.0,39988.0,33418.0,0.0,36158.0,341772.0,73770.0,30842.0,110812.0,126348.0,179115.0,70126.0,57456.0,51533.0,111155.0,24611.0,24035.0,62509.0,22151.0,4165.0,17986.0,9249.0,5237.0,4012.0,21925.0,21925.0,142401.0,58917.0,1898.0,60571.0,21015.0,203122.0,34094.0,70885.0,90587.0,7556.0,46325.0,45834.0,491.0,75031.0,41559.0,33472.0,112152.0,12910.0,63934.0,18826.0,16482.0,147.0,313.1,194.6,157.8,212.8,553.1,171.5,nan,127.4,146.8,66.4,196.7,157.1,225.0,309.5,0.0,0.0,88.9,83.4,0.0,125.5
2026-07-24,17:00~20:00,通過量,18722,14065,4657,8457,6714,2744,1222,969,1779,5635,1082,741,1622,2190,5708,2680,1200,1828,3996,1635,860,1501,2218,775,1443,3611,1718,1893,821,821,5376,2315,1182,1124,755,10531,1063,5118,3146,1204,7008,3151,3857,7626,3182,4444,5179,921,1982,748,1528
2026-07-24,17:00~20:00,平均停等延滯,50.1,52.7,42.0,51.6,16.3,14.6,27.3,0.0,20.3,60.7,68.2,41.6,68.3,57.7,31.4,26.2,47.9,28.2,27.8,15.1,27.9,41.6,10.0,5.4,12.5,2.6,3.0,2.1,26.7,26.7,26.5,25.5,1.6,53.9,27.8,19.3,32.1,13.9,28.8,6.3,6.6,14.5,0.1,9.8,13.1,7.5,21.7,14.0,32.3,25.2,10.8
2026-07-24,10:00~12:00,總停等延滯,384930.0,319471.0,65459.0,205635.0,59796.0,27405.0,18271.0,0.0,14120.0,121912.0,24290.0,15185.0,45415.0,37022.0,76880.0,38914.0,18497.0,19469.0,60883.0,7016.0,13747.0,40120.0,7995.0,1074.0,6921.0,5045.0,2331.0,2714.0,10742.0,10742.0,41677.0,21869.0,590.0,14373.0,4845.0,89679.0,22459.0,46828.0,13036.0,7356.0,12159.0,11600.0,559.0,40468.0,20448.0,20020.0,63329.0,2112.0,36019.0,12784.0,12414.0,150.2,181.9,197.1,296.9,206.6,527.4,215.7,nan,152.1,150.0,56.6,208.9,292.4,327.8,179.3,150.7,0.0,83.2,124.7,0.0,153.2
2026-07-24,10:00~12:00,通過量,9155,6854,2301,5194,3492,1588,721,541,642,2533,528,363,944,698,2636,1468,397,771,2329,655,485,1189,1054,337,717,1737,783,954,450,450,2588,1074,789,447,278,6981,694,3147,2146,994,4935,2398,2537,4845,2130,2715,3179,467,1359,408,945
2026-07-24,10:00~12:00,平均停等延滯,42.0,46.6,28.4,39.6,17.1,17.3,25.3,0.0,22.0,48.1,46.0,41.8,48.1,53.0,29.2,26.5,46.6,25.3,26.1,10.7,28.3,33.7,7.6,3.2,9.7,2.9,3.0,2.8,23.9,23.9,16.1,20.4,0.7,32.2,17.4,12.8,32.4,14.9,6.1,7.4,2.5,4.8,0.2,8.4,9.6,7.4,19.9,4.5,26.5,31.3,13.1
2026-07-24,14:00~16:00,總停等延滯,457118.0,377957.0,79161.0,264649.0,63656.0,27558.0,16740.0,0.0,19358.0,163549.0,27262.0,16063.0,56287.0,63937.0,84437.0,41951.0,19380.0,23106.0,66315.0,8398.0,11539.0,46378.0,10243.0,1371.0,8872.0,6142.0,4253.0,1889.0,11683.0,11683.0,51093.0,26489.0,2753.0,13642.0,8209.0,121228.0,26485.0,50507.0,37056.0,7180.0,26930.0,26626.0,304.0,40475.0,20323.0,20152.0,76016.0,6595.0,37872.0,12403.0,19146.0,154.2,222.4,169.3,158.5,229.3,418.7,239.2,nan,158.7,154.2,75.1,172.8,159.0,184.9,225.9,0.0,0.0,116.4,127.2,0.0,131.1
2026-07-24,14:00~16:00,通過量,10447,7953,2494,5736,4183,1632,772,738,1041,3038,539,422,999,1078,2944,1602,425,917,2342,676,449,1217,1176,396,780,1791,894,897,469,469,2968,1339,824,419,386,7659,671,3410,2558,1020,5095,2576,2519,5190,2429,2761,3326,466,1205,402,1253
2026-07-24,14:00~16:00,平均停等延滯,43.8,47.5,31.7,46.1,15.2,16.9,21.7,0.0,18.6,53.8,50.6,38.1,56.3,59.3,28.7,26.2,45.6,25.2,28.3,12.4,25.7,38.1,8.7,3.5,11.4,3.4,4.8,2.1,24.9,24.9,17.2,19.8,3.3,32.6,21.3,15.8,39.5,14.8,14.5,7.0,5.3,10.3,0.1,7.8,8.4,7.3,22.9,14.2,31.4,30.9,15.3
2026-07-24,16:00~19:00,總停等延滯,962560.0,741096.0,221464.0,518050.0,121431.0,44561.0,34966.0,0.0,41904.0,321784.0,63752.0,28252.0,102575.0,127205.0,177995.0,71326.0,54178.0,52491.0,119886.0,23761.0,23547.0,72578.0,23702.0,4895.0,18807.0,11338.0,7109.0,4229.0,25039.0,25039.0,161385.0,64929.0,1960.0,66623.0,27873.0,255349.0,36511.0,81216.0,126317.0,11305.0,67035.0,66388.0,647.0,86809.0,51524.0,35285.0,108857.0,13395.0,61058.0,19885.0,14519.0,213.4,292.2,172.9,150.0,282.4,530.2,198.5,nan,125.6,220.6,69.7,173.4,150.7,248.9,291.0,0.0,0.0,86.5,117.1,0.0,127.3
2026-07-24,16:00~19:00,通過量,18737,13913,4824,8717,6762,2786,1228,919,1829,5082,959,625,1533,1965,5711,2809,1138,1764,4079,1501,841,1737,2299,786,1513,3774,1807,1967,921,921,5445,2328,1216,1035,866,11278,1138,5331,3375,1434,6933,3177,3756,7799,3282,4517,5100,971,1881,753,1495
2026-07-24,16:00~19:00,平均停等延滯,51.4,53.3,45.9,59.4,18.0,16.0,28.5,0.0,22.9,63.3,66.5,45.2,66.9,64.7,31.2,25.4,47.6,29.8,29.4,15.8,28.0,41.8,10.3,6.2,12.4,3.0,3.9,2.1,27.2,27.2,29.6,27.9,1.6,64.4,32.2,22.6,32.1,15.2,37.4,7.9,9.7,20.9,0.2,11.1,15.7,7.8,21.3,13.8,32.5,26.4,9.7
2026-07-24,20:00~23:00,總停等延滯,542303.0,449244.0,93059.0,220690.0,75019.0,28996.0,18195.0,0.0,27828.0,224538.0,43114.0,24903.0,64170.0,92351.0,80370.0,38105.0,21529.0,20736.0,69317.0,16104.0,15255.0,37958.0,6858.0,1265.0,5593.0,17523.0,8164.0,9359.0,13310.0,13310.0,55368.0,46762.0,8.0,5107.0,3491.0,78081.0,24246.0,41241.0,11373.0,1221.0,11481.0,11408.0,73.0,42139.0,23775.0,18364.0,88989.0,506.0,44756.0,13196.0,30531.0,149.1,323.7,213.4,201.6,228.4,663.7,201.4,nan,102.4,150.4,79.1,211.5,203.1,286.7,292.5,0.0,0.0,126.4,61.3,0.0,159.8
2026-07-24,20:00~23:00,通過量,11983,9563,2420,5913,4876,1815,725,1057,1279,4903,969,675,1432,1827,3338,1666,549,1123,2712,1142,547,1023,1236,505,731,1909,1065,844,383,383,3031,1499,776,461,295,6913,587,3111,2545,670,5621,2838,2783,6026,2981,3045,3917,471,1231,443,1772
2026-07-24,20:00~23:00,平均停等延滯,45.3,47.0,38.5,37.3,15.4,16.0,25.1,0.0,21.8,45.8,44.5,36.9,44.8,50.5,24.1,22.9,39.2,18.5,25.6,14.1,27.9,37.1,5.5,2.5,7.7,9.2,7.7,11.1,34.8,34.8,18.3,31.2,0.0,11.1,11.8,11.3,41.3,13.3,4.5,1.8,2.0,4.0,0.0,7.0,8.0,6.0,22.7,1.1,36.4,29.8,17.2
2026-07-25,07:00~09:00,總停等延滯,248039.0,210120.0,37919.0,136390.0,39308.0,18530.0,12448.0,0.0,8330.0,86383.0,23532.0,4720.0,28425.0,29706.0,49894.0,29005.0,12808.0,8081.0,34535.0,5054.0,6991.0,22490.0,6333.0,220.0,6113.0,1378.0,732.0,646.0,7854.0,7854.0,22354.0,13831.0,30.0,5661.0,2832.0,60717.0,17822.0,34060.0,6121.0,2714.0,3930.0,3892.0,38.0,32906.0,15047.0,17859.0,38837.0,128.0,22735.0,8598.0,7376.0,142.9,141.4,189.8,141.5,200.2,367.2,135.1,nan,95.3,142.8,57.7,204.3,136.4,289.4,141.8,138.6,0.0,75.4,58.7,0.0,207.2
2026-07-25,07:00~09:00,通過量,6150,4586,1564,3151,2377,1224,379,428,346,1801,451,171,572,607,1587,846,320,421,1549,431,286,832,720,209,511,1012,430,582,254,254,1730,629,571,297,233,4463,379,1964,1373,747,3256,1665,1591,3598,1612,1986,1862,345,709,271,537
2026-07-25,07:00~09:00,平均停等延滯,40.3,45.8,24.2,43.3,16.5,15.1,32.8,0.0,24.1,48.0,52.2,27.6,49.7,48.9,31.4,34.3,40.0,19.2,22.3,11.7,24.4,27.0,8.8,1.1,12.0,1.4,1.7,1.1,30.9,30.9,12.9,22.0,0.1,19.1,12.2,13.6,47.0,17.3,4.5,3.6,1.2,2.3,0.0,9.1,9.3,9.0,20.9,0.4,32.1,31.7,13.7
2026-07-25,10:00~17:00,總停等延滯,2181900.0,1842833.0,339067.0,938582.0,385760.0,113702.0,156467.0,0.0,115591.0,718086.0,97244.0,84063.0,245059.0,291720.0,447071.0,226456.0,90217.0,130398.0,291916.0,25891.0,66640.0,199385.0,33292.0,5608.0,27684.0,46113.0,19567.0,26546.0,57375.0,57375.0,202287.0,88121.0,10145.0,73606.0,30415.0,315004.0,75080.0,149598.0,73132.0,17194.0,93953.0,91191.0,2762.0,191134.0,95155.0,95979.0,338491.0,16667.0,157861.0,51738.0,112225.0,162.0,272.8,167.7,160.8,264.1,556.5,306.3,nan,134.6,162.1,101.7,163.4,162.4,311.3,295.8,157.4,0.0,101.7,209.4,0.0,183.9
2026-07-25,10:00~17:00,通過量,36688,27934,8754,17197,14631,6154,2656,2095,3726,10253,1987,1375,3541,3350,12703,7049,2298,3356,7519,2500,2006,3013,4140,1224,2916,6688,2642,4046,1619,1619,9443,3532,3041,1462,1408,23658,1916,11088,7936,2718,19225,9130,10095,19612,8699,10913,11227,1833,5201,1388,2805
2026-07-25,10:00~17:00,平均停等延滯,59.5,66.0,38.7,54.6,26.4,18.5,58.9,0.0,31.0,70.0,48.9,61.1,69.2,87.1,35.2,32.1,39.3,38.9,38.8,10.4,33.2,66.2,8.0,4.6,9.5,6.9,7.4,6.6,35.4,35.4,21.4,24.9,3.3,50.3,21.6,13.3,39.2,13.5,9.2,6.3,4.9,10.0,0.3,9.7,10.9,8.8,30.1,9.1,30.4,37.3,40.0
2026-07-25,17:00~20:00,總停等延滯,771070.0,628729.0,142341.0,343288.0,116306.0,55514.0,44734.0,0.0,16058.0,261302.0,32810.0,34668.0,94986.0,98838.0,152836.0,84412.0,24291.0,44133.0,98285.0,11665.0,23286.0,63334.0,9780.0,3751.0,6029.0,26349.0,13209.0,13140.0,23307.0,23307.0,82905.0,42167.0,119.0,21513.0,19106.0,137762.0,34055.0,61933.0,37887.0,3887.0,29186.0,29109.0,77.0,60273.0,34931.0,25342.0,116067.0,2197.0,45829.0,19038.0,49003.0,173.7,275.5,185.3,160.5,266.1,487.9,147.2,nan,127.7,173.6,92.8,196.5,146.4,221.7,271.9,158.3,0.0,76.5,73.0,0.0,116.3
2026-07-25,17:00~20:00,通過量,15238,11570,3668,6673,6453,2320,1026,1015,2092,4395,756,674,1593,1372,4680,2513,734,1433,2968,1049,720,1199,1648,635,1013,2682,1252,1430,670,670,4129,1766,1039,638,686,8939,717,4042,3260,920,7199,3618,3581,7503,3644,3859,4358,733,1711,466,1448
2026-07-25,17:00~20:00,平均停等延滯,50.6,54.3,38.8,51.4,18.0,23.9,43.6,0.0,7.7,59.5,43.4,51.4,59.6,72.0,32.7,33.6,33.1,30.8,33.1,11.1,32.3,52.8,5.9,5.9,6.0,9.8,10.6,9.2,34.8,34.8,20.1,23.9,0.1,33.7,27.9,15.4,47.5,15.3,11.6,4.2,4.1,8.0,0.0,8.0,9.6,6.6,26.6,3.0,26.8,40.9,33.8
2026-07-25,10:00~12:00,總停等延滯,554359.0,457174.0,97185.0,226185.0,83553.0,28294.0,46147.0,0.0,9112.0,180919.0,25602.0,16585.0,58736.0,79996.0,115604.0,60360.0,20676.0,34568.0,77098.0,6975.0,17352.0,52771.0,11715.0,1873.0,9842.0,13985.0,2398.0,11587.0,14944.0,14944.0,56541.0,21311.0,101.0,29810.0,5319.0,79720.0,21385.0,43193.0,10617.0,4525.0,11307.0,10848.0,459.0,51454.0,25408.0,26046.0,83704.0,4128.0,45356.0,12279.0,21941.0,162.9,383.5,165.6,197.2,255.7,635.1,208.8,nan,136.8,162.9,92.5,167.3,188.9,278.7,424.5,161.4,0.0,123.1,72.5,0.0,268.4
2026-07-25,10:00~12:00,通過量,9847,7420,2427,4807,3738,1800,754,545,639,2803,573,322,906,1002,3281,1789,628,864,2125,714,567,844,1165,314,851,1886,636,1250,423,423,2610,920,815,540,335,6422,531,3161,1989,741,5136,2358,2778,5319,2204,3115,3072,537,1420,365,750
2026-07-25,10:00~12:00,平均停等延滯,56.3,61.6,40.0,47.1,22.4,15.7,61.2,0.0,14.3,64.5,44.7,51.5,64.8,79.8,35.2,33.7,32.9,40.0,36.3,9.8,30.6,62.5,10.1,6.0,11.6,7.4,3.8,9.3,35.3,35.3,21.7,23.2,0.1,55.2,15.9,12.4,40.3,13.7,5.3,6.1,2.2,4.6,0.2,9.7,11.5,8.4,27.2,7.7,31.9,33.6,29.3
2026-07-25,14:00~16:00,總停等延滯,671786.0,579282.0,92504.0,283041.0,136340.0,36348.0,44262.0,0.0,55730.0,221320.0,28604.0,29042.0,78401.0,85273.0,136642.0,66749.0,26426.0,43467.0,84980.0,6980.0,19531.0,58469.0,8684.0,1292.0,7392.0,11592.0,6821.0,4771.0,16450.0,16450.0,55778.0,25644.0,6268.0,15527.0,8339.0,91799.0,22063.0,44081.0,19445.0,6210.0,37443.0,37278.0,165.0,50928.0,23977.0,26951.0,102871.0,5467.0,45354.0,15201.0,36849.0,162.4,211.3,182.7,151.7,260.5,562.4,497.1,nan,134.3,162.2,98.5,168.1,158.8,398.2,197.6,177.0,0.0,81.5,434.8,0.0,127.1
2026-07-25,14:00~16:00,通過量,10790,8277,2513,5012,4455,1663,750,703,1339,2965,559,412,1042,952,3875,2154,695,1026,2119,679,568,872,1220,381,839,1918,810,1108,460,460,2632,960,938,308,426,7011,587,3251,2383,790,5785,2841,2944,5799,2636,3163,3211,524,1513,362,812
2026-07-25,14:00~16:00,平均停等延滯,62.3,70.0,36.8,56.5,30.6,21.9,59.0,0.0,41.6,74.6,51.2,70.5,75.2,89.6,35.3,31.0,38.0,42.4,40.1,10.3,34.4,67.1,7.1,3.4,8.8,6.0,8.4,4.3,35.8,35.8,21.2,26.7,6.7,50.4,19.6,13.1,37.6,13.6,8.2,7.9,6.5,13.1,0.1,8.8,9.1,8.5,32.0,10.4,30.0,42.0,45.4
2026-07-25,16:00~19:00,總停等延滯,881477.0,713688.0,167789.0,435142.0,129081.0,61876.0,48195.0,0.0,19010.0,293680.0,37212.0,36591.0,108381.0,111496.0,172112.0,93764.0,31475.0,46873.0,118815.0,13236.0,27695.0,77884.0,10780.0,3656.0,7124.0,32555.0,18754.0,13801.0,27112.0,27112.0,97342.0,45948.0,127.0,26545.0,24722.0,171576.0,36464.0,68980.0,59927.0,6205.0,50896.0,48953.0,1943.0,75473.0,43501.0,31972.0,137197.0,3976.0,53970.0,25351.0,53900.0,165.6,299.9,155.7,139.9,262.8,541.3,185.6,nan,139.1,165.5,97.4,150.2,127.5,240.5,309.8,142.6,0.0,98.5,83.9,0.0,0.0
2026-07-25,16:00~19:00,通過量,16187,12193,3994,7189,6763,2544,1071,924,2224,4284,770,695,1519,1300,5057,2760,799,1498,3227,1165,803,1259,1748,648,1100,3018,1456,1562,778,778,4485,1917,1155,617,796,10142,826,4565,3656,1095,7879,3802,4077,8060,3783,4277,4529,788,1943,521,1277
2026-07-25,16:00~19:00,平均停等延滯,54.5,58.5,42.0,60.5,19.1,24.3,45.0,0.0,8.5,68.6,48.3,52.6,71.4,85.8,34.0,34.0,39.4,31.3,36.8,11.4,34.5,61.9,6.2,5.6,6.5,10.8,12.9,8.8,34.8,34.8,21.7,24.0,0.1,43.0,31.1,16.9,44.1,15.1,16.4,5.7,6.5,12.9,0.5,9.4,11.5,7.5,30.3,5.0,27.8,48.7,42.2
2026-07-25,20:00~23:00,總停等延滯,459239.0,398156.0,61083.0,234416.0,82657.0,33244.0,21281.0,0.0,28132.0,167795.0,23803.0,26646.0,51180.0,66166.0,79699.0,44984.0,10675.0,24040.0,68005.0,13979.0,13097.0,40929.0,3049.0,603.0,2446.0,8003.0,5518.0,2485.0,12024.0,12024.0,38007.0,28311.0,99.0,5770.0,3827.0,87978.0,26693.0,42923.0,17715.0,647.0,16688.0,16687.0,1.0,40304.0,21268.0,19036.0,89446.0,1193.0,32608.0,11907.0,43738.0,163.4,303.8,244.2,144.0,268.5,474.6,226.2,nan,116.5,161.8,106.0,244.6,146.3,188.8,310.9,155.3,0.0,170.3,60.1,0.0,199.2
2026-07-25,20:00~23:00,通過量,10535,8312,2223,5793,4885,1686,625,956,1618,3597,701,505,1170,1221,2940,1466,408,1066,2113,930,397,786,968,438,530,1428,800,628,364,364,2876,1455,669,441,311,6690,520,2766,2748,656,5702,3156,2546,6080,3214,2866,3981,463,1011,386,2121
2026-07-25,20:00~23:00,平均停等延滯,43.6,47.9,27.5,40.5,16.9,19.7,34.0,0.0,17.4,46.6,34.0,52.8,43.7,54.2,27.1,30.7,26.2,22.6,32.2,15.0,33.0,52.1,3.1,1.4,4.6,5.6,6.9,4.0,33.0,33.0,13.2,19.5,0.1,13.1,12.3,13.2,51.3,15.5,6.4,1.0,2.9,5.3,0.0,6.6,6.6,6.6,22.5,2.6,32.3,30.8,20.6
2026-07-26,07:00~09:00,總停等延滯,136928.0,118818.0,18110.0,73835.0,25706.0,13427.0,7932.0,0.0,4347.0,42932.0,8629.0,2363.0,18669.0,13271.0,32236.0,19360.0,7564.0,5312.0,17944.0,2845.0,4828.0,10271.0,3262.0,67.0,3195.0,655.0,211.0,444.0,3482.0,3482.0,10711.0,9357.0,0.0,243.0,1111.0,36096.0,12576.0,22311.0,371.0,838.0,960.0,960.0,0.0,18054.0,8943.0,9111.0,18725.0,9.0,7471.0,7150.0,4095.0,157.8,139.2,147.5,120.2,215.3,237.9,123.4,nan,138.1,158.8,58.1,148.7,122.2,104.8,142.4,110.4,0.0,73.3,51.3,0.0,210.2
2026-07-26,07:00~09:00,通過量,3981,3069,912,1979,1600,812,246,255,287,1239,251,118,404,466,1094,592,200,302,941,303,180,458,474,151,323,612,318,294,163,163,1067,469,331,117,150,2633,226,1209,778,420,2000,947,1053,2380,1053,1327,1075,221,310,192,352
2026-07-26,07:00~09:00,平均停等延滯,34.4,38.7,19.9,37.3,16.1,16.5,32.2,0.0,15.1,34.7,34.4,20.0,46.2,28.5,29.5,32.7,37.8,17.6,19.1,9.4,26.8,22.4,6.9,0.4,9.9,1.1,0.7,1.5,21.4,21.4,10.0,20.0,0.0,2.1,7.4,13.7,55.6,18.5,0.5,2.0,0.5,1.0,0.0,7.6,8.5,6.9,17.4,0.0,24.1,37.2,11.6
2026-07-26,10:00~17:00,總停等延滯,2316784.0,1993626.0,323158.0,910869.0,406435.0,128652.0,146305.0,0.0,131478.0,793275.0,117572.0,96741.0,280218.0,298744.0,485244.0,256683.0,94964.0,133597.0,308672.0,29543.0,64046.0,215083.0,26844.0,2925.0,23919.0,55666.0,25376.0,30290.0,55774.0,55774.0,184874.0,78723.0,2846.0,70539.0,32766.0,292502.0,76573.0,146108.0,56598.0,13223.0,74249.0,73936.0,313.0,190723.0,91001.0,99722.0,353395.0,16127.0,171982.0,33981.0,131305.0,196.1,341.7,170.4,134.9,295.1,664.4,166.6,nan,127.1,203.7,97.9,175.9,147.6,332.2,363.5,149.7,0.0,87.6,79.3,0.0,135.6
2026-07-26,10:00~17:00,通過量,36775,28762,8013,17422,15078,6428,2480,2215,3955,10975,2190,1527,3699,3559,13013,7443,2325,3245,7916,2673,1978,3265,4051,1167,2884,6602,2568,4034,1485,1485,8721,3360,2688,1292,1381,22101,1722,10766,7183,2430,18546,8512,10034,19120,8167,10953,11899,1746,5219,1013,3921
2026-07-26,10:00~17:00,平均停等延滯,63.0,69.3,40.3,52.3,27.0,20.0,59.0,0.0,33.2,72.3,53.7,63.4,75.8,83.9,37.3,34.5,40.8,41.2,39.0,11.1,32.4,65.9,6.6,2.5,8.3,8.4,9.9,7.5,37.6,37.6,21.2,23.4,1.1,54.6,23.7,13.2,44.5,13.6,7.9,5.4,4.0,8.7,0.0,10.0,11.1,9.1,29.7,9.2,33.0,33.5,33.5
2026-07-26,17:00~20:00,總停等延滯,874312.0,748557.0,125755.0,364672.0,117186.0,58509.0,40002.0,0.0,18675.0,359255.0,48071.0,33046.0,103406.0,174732.0,162066.0,89838.0,26369.0,45859.0,110050.0,14082.0,25660.0,70308.0,12760.0,4011.0,8749.0,18673.0,10277.0,8396.0,20595.0,20595.0,73727.0,42099.0,720.0,18108.0,12800.0,127314.0,32980.0,59045.0,30030.0,5259.0,42247.0,42103.0,144.0,69861.0,46419.0,23442.0,125250.0,4009.0,48595.0,17032.0,55614.0,180.4,344.2,159.4,152.0,295.6,695.3,156.1,nan,109.1,181.6,115.6,160.8,169.1,308.6,322.1,0.0,0.0,85.9,70.8,0.0,185.7
2026-07-26,17:00~20:00,通過量,15296,11884,3412,7416,6594,2500,894,1009,2191,4718,908,566,1710,1534,4794,2465,860,1469,3136,1266,707,1163,1684,627,1057,2633,1285,1348,576,576,4118,1909,977,601,631,8806,594,3821,3399,992,7666,4094,3572,7897,4094,3803,5453,738,1714,501,2500
2026-07-26,17:00~20:00,平均停等延滯,57.2,63.0,36.9,49.2,17.8,23.4,44.7,0.0,8.5,76.1,52.9,58.4,60.5,113.9,33.8,36.4,30.7,31.2,35.1,11.1,36.3,60.5,7.6,6.4,8.3,7.1,8.0,6.2,35.8,35.8,17.9,22.1,0.7,30.1,20.3,14.5,55.5,15.5,8.8,5.3,5.5,10.3,0.0,8.8,11.3,6.2,23.0,5.4,28.4,34.0,22.2
2026-07-26,10:00~12:00,總停等延滯,515567.0,433432.0,82135.0,199006.0,77547.0,26904.0,42633.0,0.0,8010.0,155873.0,22835.0,17837.0,58182.0,57019.0,119404.0,67418.0,21775.0,30211.0,80608.0,6623.0,15864.0,58121.0,8695.0,591.0,8104.0,18054.0,4685.0,13369.0,12330.0,12330.0,43056.0,14539.0,645.0,21926.0,5946.0,65719.0,18843.0,36746.0,8758.0,1372.0,10097.0,10067.0,30.0,40814.0,13635.0,27179.0,82376.0,1761.0,51051.0,7224.0,22340.0,244.7,433.1,158.1,112.6,335.4,705.4,168.3,nan,135.6,263.7,93.8,160.6,117.1,295.7,442.7,140.5,0.0,88.8,79.3,0.0,110.9
2026-07-26,10:00~12:00,通過量,9230,7083,2147,4274,3542,1717,628,591,606,2850,520,401,1015,914,3262,1824,613,825,2026,647,504,875,1147,286,861,1707,568,1139,358,358,2232,729,745,417,341,5479,429,2848,1646,556,4647,1949,2698,4873,1844,3029,3007,481,1529,282,715
2026-07-26,10:00~12:00,平均停等延滯,55.9,61.2,38.3,46.6,21.9,15.7,67.9,0.0,13.2,54.7,43.9,44.5,57.3,62.4,36.6,37.0,35.5,36.6,39.8,10.2,31.5,66.4,7.6,2.1,9.4,10.6,8.2,11.7,34.4,34.4,19.3,19.9,0.9,52.6,17.4,12.0,43.9,12.9,5.3,2.5,2.2,5.2,0.0,8.4,7.4,9.0,27.4,3.7,33.4,25.6,31.2
2026-07-26,14:00~16:00,總停等延滯,813651.0,706581.0,107070.0,311776.0,158487.0,47571.0,44723.0,0.0,66193.0,295815.0,45490.0,34829.0,96477.0,119019.0,160306.0,77793.0,32078.0,50435.0,91973.0,9495.0,19192.0,63286.0,6814.0,661.0,6153.0,17504.0,9738.0,7766.0,19634.0,19634.0,63118.0,29097.0,1175.0,20462.0,12384.0,94616.0,22815.0,43809.0,22242.0,5750.0,32632.0,32469.0,163.0,66826.0,34185.0,32641.0,117702.0,9185.0,48901.0,9176.0,50440.0,169.2,372.0,162.3,138.4,276.5,757.5,160.7,nan,125.0,168.8,107.2,162.2,147.1,359.6,412.4,135.6,0.0,86.6,74.4,0.0,197.7
2026-07-26,14:00~16:00,通過量,11641,9096,2545,5413,4906,1916,803,702,1485,3456,755,466,1072,1163,3957,2266,708,983,2453,881,628,944,1172,373,799,2026,870,1156,481,481,2812,1121,867,385,439,6949,532,3280,2342,795,5884,2763,3121,6158,2814,3344,3658,529,1528,298,1303
2026-07-26,14:00~16:00,平均停等延滯,69.9,77.7,42.1,57.6,32.3,24.8,55.7,0.0,44.6,85.6,60.3,74.7,90.0,102.3,40.5,34.3,45.3,51.3,37.5,10.8,30.6,67.0,5.8,1.8,7.7,8.6,11.2,6.7,40.8,40.8,22.4,26.0,1.4,53.1,28.2,13.6,42.9,13.4,9.5,7.2,5.5,11.8,0.1,10.9,12.1,9.8,32.2,17.4,32.0,30.8,38.7
2026-07-26,16:00~19:00,總停等延滯,972189.0,827445.0,144744.0,422999.0,134735.0,65166.0,46525.0,0.0,23044.0,389585.0,51732.0,34742.0,122557.0,180554.0,182086.0,104342.0,30436.0,47308.0,121039.0,14944.0,27674.0,78421.0,11697.0,3374.0,8323.0,24617.0,15272.0,9345.0,23254.0,23254.0,85176.0,45605.0,876.0,21254.0,17441.0,145767.0,36048.0,67262.0,34362.0,8095.0,50169.0,49922.0,247.0,85885.0,57782.0,28103.0,141178.0,5692.0,54445.0,20971.0,60070.0,188.7,362.6,171.2,147.6,297.7,689.0,167.2,nan,114.5,192.0,109.5,174.0,167.9,303.2,345.6,0.0,0.0,88.0,79.0,0.0,184.8
2026-07-26,16:00~19:00,通過量,15960,12437,3523,8067,6899,2640,999,951,2309,4642,936,578,1645,1483,5377,2925,917,1535,3253,1277,755,1221,1730,639,1091,2854,1344,1510,642,642,4064,1822,1039,502,701,9648,625,4302,3590,1131,8313,4306,4007,8418,4235,4183,5845,802,1903,518,2622
2026-07-26,16:00~19:00,平均停等延滯,60.9,66.5,41.1,52.4,19.5,24.7,46.6,0.0,10.0,83.9,55.3,60.1,74.5,121.7,33.9,35.7,33.2,30.8,37.2,11.7,36.7,64.2,6.8,5.3,7.6,8.6,11.4,6.2,36.2,36.2,21.0,25.0,0.8,42.3,24.9,15.1,57.7,15.6,9.6,7.2,6.0,11.6,0.1,10.2,13.6,6.7,24.2,7.1,28.6,40.5,22.9
2026-07-26,20:00~23:00,總停等延滯,553245.0,463180.0,90065.0,224235.0,80138.0,39284.0,21903.0,0.0,18951.0,235335.0,35746.0,26394.0,55928.0,117267.0,82712.0,41365.0,13616.0,27731.0,64995.0,13508.0,13455.0,38032.0,5982.0,2212.0,3770.0,14099.0,8322.0,5777.0,12074.0,12074.0,57910.0,44822.0,0.0,7289.0,5799.0,85307.0,25042.0,41251.0,16557.0,2457.0,21674.0,21636.0,38.0,42387.0,27770.0,14617.0,74867.0,354.0,29801.0,9491.0,35221.0,180.3,234.7,230.4,142.0,290.5,417.5,145.8,nan,118.8,179.7,110.9,226.7,130.4,158.1,235.3,0.0,0.0,87.9,60.8,0.0,143.3
2026-07-26,20:00~23:00,通過量,10963,8774,2189,5492,4960,1780,593,1080,1507,4203,862,503,1242,1596,3001,1445,497,1059,2393,1154,424,815,1087,422,665,1731,936,795,346,346,2929,1508,603,517,301,6673,514,2673,2834,652,5867,3294,2573,6111,3352,2759,3854,408,1141,315,1990
2026-07-26,20:00~23:00,平均停等延滯,50.5,52.8,41.1,40.8,16.2,22.1,36.9,0.0,12.6,56.0,41.5,52.5,45.0,73.5,27.6,28.6,27.4,26.2,27.2,11.7,31.7,46.7,5.5,5.2,5.7,8.1,8.9,7.3,34.9,34.9,19.8,29.7,0.0,14.1,19.3,12.8,48.7,15.4,5.8,3.8,3.7,6.6,0.0,6.9,8.3,5.3,19.4,0.9,26.1,30.1,17.7
2026-07-27,07:00~09:00,總停等延滯,523124.0,417031.0,106093.0,324954.0,78295.0,43063.0,20545.0,0.0,14687.0,178833.0,28552.0,14007.0,45876.0,90398.0,86818.0,33883.0,30080.0,22855.0,73085.0,8112.0,15525.0,49448.0,17865.0,525.0,17340.0,2643.0,2094.0,549.0,17034.0,17034.0,68551.0,29355.0,4333.0,28674.0,6189.0,121035.0,22506.0,51254.0,34306.0,12969.0,32370.0,32360.0,10.0,72159.0,34932.0,37227.0,99390.0,1122.0,40916.0,20723.0,36629.0,159.4,215.8,202.8,151.6,224.0,414.4,192.5,nan,108.4,159.4,64.2,186.2,152.5,191.2,213.3,128.0,0.0,73.5,119.5,0.0,134.1
2026-07-27,07:00~09:00,通過量,10228,7166,3062,5394,3327,1459,613,598,657,2774,595,346,816,1017,2672,1170,758,744,2335,763,497,1075,1372,346,1026,1989,845,1144,526,526,3374,1184,1151,650,389,7438,437,3145,2488,1368,5203,2765,2438,5369,2780,2589,4029,677,1540,457,1355
2026-07-27,07:00~09:00,平均停等延滯,51.1,58.2,34.6,60.2,23.5,29.5,33.5,0.0,22.4,64.5,48.0,40.5,56.2,88.9,32.5,29.0,39.7,30.7,31.3,10.6,31.2,46.0,13.0,1.5,16.9,1.3,2.5,0.5,32.4,32.4,20.3,24.8,3.8,44.1,15.9,16.3,51.5,16.3,13.8,9.5,6.2,11.7,0.0,13.4,12.6,14.4,24.7,1.7,26.6,45.3,27.0
2026-07-27,10:00~17:00,總停等延滯,1327349.0,1082950.0,244399.0,860659.0,235485.0,98684.0,75011.0,0.0,61790.0,410984.0,68299.0,50355.0,157011.0,135319.0,254422.0,132136.0,59032.0,63254.0,182059.0,21151.0,40365.0,120543.0,9180.0,5573.0,3607.0,39240.0,26548.0,12692.0,39160.0,39160.0,156819.0,79550.0,1456.0,53538.0,22275.0,393826.0,88932.0,170499.0,111037.0,23358.0,77191.0,76427.0,764.0,159050.0,86100.0,72950.0,230592.0,17317.0,114073.0,41991.0,57211.0,152.4,301.7,175.2,206.4,211.3,524.1,165.8,nan,117.6,152.6,58.9,176.9,207.4,221.4,287.4,143.3,0.0,93.3,74.1,0.0,147.2
2026-07-27,10:00~17:00,通過量,30217,22842,7375,17963,12302,5151,2203,2045,2903,8754,1616,1328,3140,2670,8555,4786,1279,2490,6696,1878,1438,3380,3623,1283,2340,5837,2873,2964,1393,1393,8485,3786,2393,1325,981,23454,2397,10552,7148,3357,15635,7807,7828,16262,7632,8630,10973,1583,4376,1304,3710
2026-07-27,10:00~17:00,平均停等延滯,43.9,47.4,33.1,47.9,19.1,19.2,34.0,0.0,21.3,46.9,42.3,37.9,50.0,50.7,29.7,27.6,46.2,25.4,27.2,11.3,28.1,35.7,2.5,4.3,1.5,6.7,9.2,4.3,28.1,28.1,18.5,21.0,0.6,40.4,22.7,16.8,37.1,16.2,15.5,7.0,4.9,9.8,0.1,9.8,11.3,8.5,21.0,10.9,26.1,32.2,15.4
2026-07-27,17:00~20:00,總停等延滯,702421.0,542671.0,159750.0,415361.0,103264.0,38837.0,32186.0,0.0,32241.0,215189.0,34580.0,28543.0,58817.0,93249.0,137562.0,64632.0,31344.0,41586.0,86656.0,16887.0,21064.0,48705.0,6077.0,5439.0,638.0,14949.0,12291.0,2658.0,21990.0,21990.0,116734.0,53411.0,1902.0,42623.0,18798.0,212129.0,41155.0,78123.0,84808.0,8043.0,37743.0,37251.0,492.0,77087.0,38600.0,38487.0,88402.0,2971.0,55606.0,16390.0,13435.0,149.1,240.8,196.2,163.1,217.9,445.8,195.8,nan,114.9,149.0,68.9,207.9,160.7,192.3,257.3,137.6,0.0,96.2,108.5,0.0,120.8
2026-07-27,17:00~20:00,通過量,15311,11191,4120,8029,5690,2416,991,875,1408,4146,755,631,1263,1497,4598,2394,691,1513,3228,1184,769,1275,1661,674,987,2987,1539,1448,800,800,4868,2222,1112,897,637,10105,1028,5210,2757,1110,6497,2699,3798,6649,2641,4008,4616,820,2005,500,1291
2026-07-27,17:00~20:00,平均停等延滯,45.9,48.5,38.8,51.7,18.1,16.1,32.5,0.0,22.9,51.9,45.8,45.2,46.6,62.3,29.9,27.0,45.4,27.5,26.8,14.3,27.4,38.2,3.7,8.1,0.6,5.0,8.0,1.8,27.5,27.5,24.0,24.0,1.7,47.5,29.5,21.0,40.0,15.0,30.8,7.2,5.8,13.8,0.1,11.6,14.6,9.6,19.2,3.6,27.7,32.8,10.4
2026-07-27,10:00~12:00,總停等延滯,356945.0,301535.0,55410.0,217655.0,67353.0,30584.0,20349.0,0.0,16420.0,110195.0,17928.0,14329.0,42832.0,35106.0,72003.0,38628.0,19760.0,13615.0,51984.0,5195.0,12284.0,34505.0,1433.0,748.0,685.0,7879.0,7021.0,858.0,9716.0,9716.0,36382.0,19195.0,699.0,12498.0,3990.0,92274.0,27029.0,52554.0,6712.0,5979.0,8098.0,7795.0,303.0,44791.0,23618.0,21173.0,72492.0,10377.0,34641.0,12023.0,15451.0,148.5,273.6,169.5,183.4,204.2,471.2,161.6,nan,122.0,148.5,55.7,172.7,187.2,210.6,278.1,118.9,0.0,87.4,75.1,0.0,128.8
2026-07-27,10:00~12:00,通過量,8221,6243,1978,5047,3321,1513,654,534,620,2379,461,383,837,698,2369,1362,385,622,1844,476,424,944,994,304,690,1666,777,889,385,385,2302,1013,662,388,239,6586,664,3074,1883,965,4504,2183,2321,4649,2137,2512,3020,429,1282,353,956
2026-07-27,10:00~12:00,平均停等延滯,43.4,48.3,28.0,43.1,20.3,20.2,31.1,0.0,26.5,46.3,38.9,37.4,51.2,50.3,30.4,28.4,51.3,21.9,28.2,10.9,29.0,36.6,1.4,2.5,1.0,4.7,9.0,1.0,25.2,25.2,15.8,18.9,1.1,32.2,16.7,14.0,40.7,17.1,3.6,6.2,1.8,3.6,0.1,9.6,11.1,8.4,24.0,24.2,27.0,34.1,16.2
2026-07-27,14:00~16:00,總停等延滯,391566.0,318371.0,73195.0,258895.0,75421.0,32491.0,22293.0,0.0,20637.0,118939.0,19883.0,13218.0,45943.0,39895.0,73707.0,36123.0,15381.0,22203.0,50304.0,5727.0,10419.0,34158.0,3138.0,1974.0,1164.0,10033.0,7344.0,2689.0,10471.0,10471.0,49553.0,25379.0,456.0,16543.0,7175.0,127657.0,24130.0,45117.0,50569.0,7841.0,28910.0,28774.0,136.0,43509.0,23808.0,19701.0,58819.0,1790.0,27070.0,10050.0,19909.0,160.8,314.8,166.5,301.9,220.9,607.1,185.3,nan,115.4,161.0,60.0,169.8,315.1,297.2,279.9,189.2,0.0,109.6,74.9,0.0,126.8
2026-07-27,14:00~16:00,通過量,8938,6641,2297,4963,3482,1344,527,601,1010,2652,487,373,935,857,2525,1338,358,829,1865,522,377,966,1092,401,691,1660,850,810,381,381,2668,1153,745,451,319,6584,652,2742,2196,994,4296,2278,2018,4701,2350,2351,3201,482,1150,348,1221
2026-07-27,14:00~16:00,平均停等延滯,43.8,47.9,31.9,52.2,21.7,24.2,42.3,0.0,20.4,44.8,40.8,35.4,49.1,46.6,29.2,27.0,43.0,26.8,27.0,11.0,27.6,35.4,2.9,4.9,1.7,6.0,8.6,3.3,27.5,27.5,18.6,22.0,0.6,36.7,22.5,19.4,37.0,16.5,23.0,7.9,6.7,12.6,0.1,9.3,10.1,8.4,18.4,3.7,23.5,28.9,16.3
2026-07-27,16:00~19:00,總停等延滯,772291.0,579222.0,193069.0,507391.0,112346.0,42951.0,34715.0,0.0,34680.0,229073.0,31710.0,28610.0,67346.0,101407.0,141279.0,66489.0,32668.0,42122.0,96524.0,16660.0,21927.0,57937.0,8679.0,7473.0,1206.0,22017.0,12754.0,9263.0,26319.0,26319.0,136054.0,59934.0,1909.0,51465.0,22746.0,272414.0,46952.0,90469.0,124011.0,10982.0,66440.0,65828.0,612.0,79330.0,49010.0,30320.0,89207.0,5245.0,50321.0,17962.0,15679.0,152.3,393.7,205.4,164.6,222.1,602.9,187.6,nan,112.8,152.3,69.8,213.6,164.0,199.9,384.3,145.4,0.0,91.7,101.1,0.0,125.4
2026-07-27,16:00~19:00,通過量,15867,11396,4471,8732,5934,2451,1085,929,1469,4070,690,623,1291,1466,4607,2448,720,1439,3300,1157,790,1353,1839,782,1057,3268,1722,1546,866,866,5131,2308,1261,872,690,11145,1154,5627,3073,1291,6759,2853,3906,6767,2777,3990,4754,871,1932,583,1368
2026-07-27,16:00~19:00,平均停等延滯,48.7,50.8,43.2,58.1,18.9,17.5,32.0,0.0,23.6,56.3,46.0,45.9,52.2,69.2,30.7,27.2,45.4,29.3,29.2,14.4,27.8,42.8,4.7,9.6,1.1,6.7,7.4,6.0,30.4,30.4,26.5,26.0,1.5,59.0,33.0,24.4,40.7,16.1,40.4,8.5,9.8,23.1,0.2,11.7,17.6,7.6,18.8,6.0,26.0,30.8,11.5
2026-07-27,20:00~23:00,總停等延滯,314673.0,257080.0,57593.0,141846.0,43257.0,15996.0,10007.0,0.0,17254.0,120967.0,18991.0,21829.0,38153.0,41994.0,54849.0,26640.0,10446.0,17763.0,38007.0,9393.0,9414.0,19200.0,1266.0,348.0,918.0,12541.0,6607.0,5934.0,7412.0,7412.0,36374.0,31981.0,20.0,2659.0,1714.0,54519.0,18736.0,33165.0,2461.0,157.0,2962.0,2962.0,0.0,37732.0,22961.0,14771.0,46633.0,122.0,24959.0,9320.0,12232.0,135.8,167.5,208.6,201.6,202.8,303.1,201.5,nan,114.5,135.6,65.7,210.5,204.5,185.0,166.5,131.9,0.0,135.5,67.2,0.0,110.3
2026-07-27,20:00~23:00,通過量,7778,6119,1659,4309,3350,1348,488,759,755,2895,591,400,955,949,2220,1146,310,764,1811,706,350,755,873,331,542,1266,683,583,258,258,2156,1086,577,298,195,4960,468,2305,1673,514,3785,1977,1808,4155,1976,2179,2619,331,752,422,1114
2026-07-27,20:00~23:00,平均停等延滯,40.5,42.0,34.7,32.9,12.9,11.9,20.5,0.0,22.9,41.8,32.1,54.6,40.0,44.3,24.7,23.2,33.7,23.2,21.0,13.3,26.9,25.4,1.5,1.1,1.7,9.9,9.7,10.2,28.7,28.7,16.9,29.4,0.0,8.9,8.8,11.0,40.0,14.4,1.5,0.3,0.8,1.5,0.0,9.1,11.6,6.8,17.8,0.4,33.2,22.1,11.0
2026-07-28,07:00~09:00,總停等延滯,478198.0,380145.0,98053.0,243977.0,60273.0,27174.0,19263.0,0.0,13836.0,160049.0,28117.0,17957.0,35729.0,78246.0,90573.0,36758.0,27942.0,25873.0,69250.0,5724.0,16413.0,47113.0,14288.0,1546.0,12742.0,2779.0,1783.0,996.0,16061.0,16061.0,64925.0,27087.0,1788.0,30512.0,5538.0,108752.0,23302.0,51966.0,20000.0,13484.0,25448.0,25025.0,423.0,40421.0,27242.0,13179.0,69356.0,2403.0,30980.0,18598.0,17375.0,146.5,169.4,170.9,133.7,203.6,360.5,214.6,nan,124.2,146.9,58.8,185.3,132.5,201.0,168.8,119.8,0.0,83.1,143.0,0.0,338.6
2026-07-28,07:00~09:00,通過量,10091,7169,2922,5395,3367,1494,602,578,693,2467,526,343,667,931,2711,1220,711,780,2308,693,521,1094,1370,413,957,1872,780,1092,495,495,3146,1132,1095,563,356,7591,520,3311,2422,1338,5071,2824,2247,5356,2738,2618,3277,705,1008,550,1014
2026-07-28,07:00~09:00,平均停等延滯,47.4,53.0,33.6,45.2,17.9,18.2,32.0,0.0,20.0,64.9,53.5,52.4,53.6,84.0,33.4,30.1,39.3,33.2,30.0,8.3,31.5,43.1,10.4,3.7,13.3,1.5,2.3,0.9,32.4,32.4,20.6,23.9,1.6,54.2,15.6,14.3,44.8,15.7,8.3,10.1,5.0,8.9,0.2,7.5,9.9,5.0,21.2,3.4,30.7,33.8,17.1
2026-07-28,10:00~17:00,總停等延滯,1263659.0,1047079.0,216580.0,755572.0,205131.0,89187.0,60794.0,0.0,55150.0,381730.0,71584.0,40368.0,145163.0,124615.0,256793.0,133778.0,58218.0,64797.0,203425.0,19602.0,43166.0,140657.0,25810.0,3925.0,21885.0,23300.0,11880.0,11420.0,35702.0,35702.0,131768.0,66525.0,2150.0,45972.0,17121.0,323612.0,82112.0,163887.0,55739.0,21874.0,42867.0,42283.0,584.0,157086.0,90556.0,66530.0,232007.0,9876.0,125816.0,45144.0,51171.0,165.3,275.5,179.1,188.4,226.2,547.1,217.4,nan,112.0,167.9,61.2,178.6,187.9,296.5,296.1,130.1,0.0,106.3,132.5,0.0,157.4
2026-07-28,10:00~17:00,通過量,29582,22544,7038,17340,11849,5018,2106,1916,2809,8472,1675,1172,3135,2490,8480,4735,1336,2409,7095,1891,1468,3736,3470,1184,2286,5603,2523,3080,1388,1388,7947,3481,2313,1202,951,23207,2278,10279,7317,3333,15585,7945,7640,13995,6630,7365,10476,1525,4168,1244,3539
2026-07-28,10:00~17:00,平均停等延滯,42.7,46.4,30.8,43.6,17.3,17.8,28.9,0.0,19.6,45.1,42.7,34.4,46.3,50.0,30.3,28.3,43.6,26.9,28.7,10.4,29.4,37.6,7.4,3.3,9.6,4.2,4.7,3.7,25.7,25.7,16.6,19.1,0.9,38.2,18.0,13.9,36.0,15.9,7.6,6.6,2.8,5.3,0.1,11.2,13.7,9.0,22.1,6.5,30.2,36.3,14.5
2026-07-28,17:00~20:00,總停等延滯,704753.0,551582.0,153171.0,331923.0,104372.0,40330.0,30674.0,0.0,33368.0,215861.0,34924.0,24626.0,62497.0,93814.0,137470.0,67464.0,30522.0,39484.0,93879.0,16604.0,20456.0,56819.0,14823.0,2299.0,12524.0,11327.0,6766.0,4561.0,24948.0,24948.0,102073.0,46617.0,1382.0,36253.0,17821.0,161490.0,38223.0,76625.0,42416.0,4226.0,13691.0,13262.0,429.0,63320.0,27491.0,35829.0,93422.0,2104.0,54219.0,17986.0,19113.0,146.1,217.4,207.0,147.2,209.9,377.0,167.1,nan,136.0,144.7,63.4,200.5,147.4,163.3,220.4,132.8,0.0,97.3,71.5,0.0,137.0
2026-07-28,17:00~20:00,通過量,15150,11087,4063,7690,5706,2361,987,986,1372,4081,766,582,1350,1383,4461,2314,674,1473,3437,1182,753,1502,1745,653,1092,2812,1396,1416,786,786,4651,2027,1093,798,733,9605,1020,4727,2768,1090,6696,2868,3828,7060,2931,4129,4477,750,1784,525,1418
2026-07-28,17:00~20:00,平均停等延滯,46.5,49.8,37.7,43.2,18.3,17.1,31.1,0.0,24.3,52.9,45.6,42.3,46.3,67.8,30.8,29.2,45.3,26.8,27.3,14.0,27.2,37.8,8.5,3.5,11.5,4.0,4.8,3.2,31.7,31.7,21.9,23.0,1.3,45.4,24.3,16.8,37.5,16.2,15.3,3.9,2.0,4.6,0.1,9.0,9.4,8.7,20.9,2.8,30.4,34.3,13.5
2026-07-28,10:00~12:00,總停等延滯,335514.0,278697.0,56817.0,194697.0,51574.0,21742.0,18049.0,0.0,11783.0,105499.0,21158.0,9818.0,43523.0,31000.0,65176.0,35499.0,15778.0,13899.0,56448.0,5051.0,13851.0,37546.0,7083.0,955.0,6128.0,4025.0,2501.0,1524.0,9729.0,9729.0,35980.0,17724.0,332.0,13249.0,4675.0,82241.0,23165.0,46081.0,7283.0,5712.0,6967.0,6878.0,89.0,45483.0,27718.0,17765.0,60006.0,4471.0,30384.0,11694.0,13457.0,153.4,269.2,198.1,184.5,223.2,673.5,351.7,nan,102.3,154.6,71.1,201.6,179.2,285.0,282.8,125.0,0.0,175.6,256.9,0.0,186.5
2026-07-28,10:00~12:00,通過量,8005,5964,2041,4796,3016,1387,631,458,540,2340,487,307,889,657,2332,1308,402,622,1972,554,425,993,982,346,636,1622,696,926,366,366,2265,936,689,398,242,6461,679,2917,1868,997,4263,2088,2175,3878,1789,2089,2729,417,1112,310,890
2026-07-28,10:00~12:00,平均停等延滯,41.9,46.7,27.8,40.6,17.1,15.7,28.6,0.0,21.8,45.1,43.4,32.0,49.0,47.2,27.9,27.1,39.2,22.3,28.6,9.1,32.6,37.8,7.2,2.8,9.6,2.5,3.6,1.6,26.6,26.6,15.9,18.9,0.5,33.3,19.3,12.7,34.1,15.8,3.9,5.7,1.6,3.3,0.0,11.7,15.5,8.5,22.0,10.7,27.3,37.7,15.1
2026-07-28,14:00~16:00,總停等延滯,375906.0,308670.0,67236.0,236161.0,64581.0,29756.0,17713.0,0.0,17112.0,107401.0,19779.0,11989.0,40199.0,35434.0,77721.0,40989.0,16246.0,20486.0,58967.0,5395.0,11108.0,42464.0,6512.0,1109.0,5403.0,13641.0,5869.0,7772.0,10084.0,10084.0,36999.0,18466.0,895.0,13314.0,4324.0,94677.0,22210.0,47334.0,17268.0,7865.0,19735.0,19525.0,210.0,42833.0,22918.0,19915.0,78916.0,2379.0,44521.0,13672.0,18344.0,156.0,191.3,166.6,206.4,214.4,482.3,169.5,nan,110.5,157.6,58.5,168.2,208.6,291.7,215.8,111.4,0.0,78.5,88.7,0.0,130.5
2026-07-28,14:00~16:00,通過量,8642,6608,2034,5107,3589,1422,631,619,917,2413,470,351,893,699,2473,1371,374,728,2008,522,398,1088,986,342,644,1714,805,909,410,410,2347,1065,683,338,261,6763,593,2968,2214,988,4688,2488,2200,4915,2361,2554,3370,443,1381,376,1170
2026-07-28,14:00~16:00,平均停等延滯,43.5,46.7,33.1,46.2,18.0,20.9,28.1,0.0,18.7,44.5,42.1,34.2,45.0,50.7,31.4,29.9,43.4,28.1,29.4,10.3,27.9,39.0,6.6,3.2,8.4,8.0,7.3,8.6,24.6,24.6,15.8,17.3,1.3,39.4,16.6,14.0,37.5,15.9,7.8,8.0,4.2,7.8,0.1,8.7,9.7,7.8,23.4,5.4,32.2,36.4,15.7
2026-07-28,16:00~19:00,總停等延滯,731599.0,568344.0,163255.0,380727.0,105852.0,40307.0,30273.0,0.0,35272.0,216016.0,36773.0,23509.0,63790.0,91944.0,140633.0,68635.0,31880.0,40118.0,105843.0,17176.0,21084.0,67583.0,14522.0,2773.0,11749.0,12571.0,7847.0,4724.0,25395.0,25395.0,110767.0,51423.0,1809.0,40386.0,17149.0,195162.0,42243.0,85775.0,61121.0,6023.0,16521.0,16011.0,510.0,67074.0,28940.0,38134.0,101970.0,4451.0,56136.0,21160.0,20223.0,148.9,215.5,192.3,169.3,210.4,394.8,172.8,nan,148.8,148.7,61.0,184.6,160.6,241.6,211.4,136.9,0.0,99.6,74.1,0.0,138.7
2026-07-28,16:00~19:00,通過量,15533,11264,4269,8098,5900,2438,1009,953,1500,3984,779,541,1327,1337,4504,2419,678,1407,3481,1127,758,1596,1822,681,1141,3016,1484,1532,835,835,4737,1984,1203,771,779,10438,1102,5085,3104,1147,6955,3042,3913,7216,2992,4224,4488,828,1749,538,1373
2026-07-28,16:00~19:00,平均停等延滯,47.1,50.5,38.2,47.0,17.9,16.5,30.0,0.0,23.5,54.2,47.2,43.5,48.1,68.8,31.2,28.4,47.0,28.5,30.4,15.2,27.8,42.3,8.0,4.1,10.3,4.2,5.3,3.1,30.4,30.4,23.4,25.9,1.5,52.4,22.0,18.7,38.3,16.9,19.7,5.3,2.4,5.3,0.1,9.3,9.7,9.0,22.7,5.4,32.1,39.3,14.7
2026-07-28,20:00~23:00,總停等延滯,316654.0,246853.0,69801.0,138249.0,49290.0,18766.0,12499.0,0.0,18025.0,108148.0,16347.0,16269.0,36571.0,38961.0,53954.0,27760.0,10794.0,15400.0,35461.0,8583.0,9507.0,17371.0,3896.0,677.0,3219.0,19854.0,10952.0,8902.0,8486.0,8486.0,37565.0,32423.0,0.0,2906.0,2236.0,60659.0,21860.0,35998.0,2602.0,199.0,3178.0,3152.0,26.0,29121.0,15312.0,13809.0,45291.0,265.0,24664.0,9031.0,11331.0,135.2,228.3,214.4,137.7,204.9,681.1,143.8,nan,121.0,134.4,69.1,214.9,131.9,327.2,254.7,0.0,0.0,79.4,63.1,0.0,196.4
2026-07-28,20:00~23:00,通過量,7983,6200,1783,4059,3434,1372,543,760,759,2853,595,373,943,942,2329,1198,295,836,1729,649,415,665,981,350,631,1470,810,660,312,312,2205,1084,607,278,236,4871,459,2251,1667,494,4052,1986,2066,4417,2083,2334,2433,357,727,325,1024
2026-07-28,20:00~23:00,平均停等延滯,39.7,39.8,39.1,34.1,14.4,13.7,23.0,0.0,23.7,37.9,27.5,43.6,38.8,41.4,23.2,23.2,36.6,18.4,20.5,13.2,22.9,26.1,4.0,1.9,5.1,13.5,13.5,13.5,27.2,27.2,17.0,29.9,0.0,10.5,9.5,12.5,47.6,16.0,1.6,0.4,0.8,1.6,0.0,6.6,7.4,5.9,18.6,0.7,33.9,27.8,11.1
2026-07-29,07:00~09:00,總停等延滯,472812.0,375366.0,97446.0,256495.0,66770.0,29997.0,21596.0,0.0,15177.0,148598.0,28242.0,17081.0,37871.0,65404.0,85114.0,36677.0,28745.0,19692.0,74884.0,6270.0,16218.0,52396.0,12288.0,1107.0,11181.0,2206.0,1657.0,549.0,15306.0,15306.0,67646.0,26313.0,5946.0,27770.0,7617.0,111334.0,23888.0,51362.0,22958.0,13126.0,31243.0,30796.0,447.0,44057.0,26835.0,17222.0,69861.0,2508.0,34665.0,16966.0,15722.0,146.0,190.0,137.7,132.3,209.4,384.1,161.9,nan,113.4,146.2,63.1,139.5,130.9,189.8,193.7,0.0,0.0,79.8,82.1,0.0,119.2
2026-07-29,07:00~09:00,通過量,10331,7248,3083,5282,3573,1606,722,627,618,2629,562,403,756,908,2677,1314,678,685,2322,694,485,1143,1376,387,989,1953,809,1144,489,489,3314,1107,1175,664,368,7339,549,3130,2298,1362,5280,2801,2479,5458,2752,2706,3546,696,1247,495,1108
2026-07-29,07:00~09:00,平均停等延滯,45.8,51.8,31.6,48.6,18.7,18.7,29.9,0.0,24.6,56.5,50.3,42.4,50.1,72.0,31.8,27.9,42.4,28.7,32.2,9.0,33.4,45.8,8.9,2.9,11.3,1.1,2.0,0.5,31.3,31.3,20.4,23.8,5.1,41.8,20.7,15.2,43.5,16.4,10.0,9.6,5.9,11.0,0.2,8.1,9.8,6.4,19.7,3.6,27.8,34.3,14.2
2026-07-29,10:00~17:00,總停等延滯,1346096.0,1102979.0,243117.0,781776.0,232924.0,97274.0,75242.0,0.0,60408.0,403700.0,67826.0,43640.0,162133.0,130101.0,273152.0,141059.0,61345.0,70748.0,193203.0,20149.0,41624.0,131430.0,28799.0,3608.0,25191.0,24219.0,10446.0,13773.0,38698.0,38698.0,151401.0,76140.0,2245.0,51386.0,21630.0,316141.0,74108.0,153696.0,65595.0,22742.0,67569.0,66609.0,960.0,165211.0,82734.0,82477.0,232855.0,13622.0,119929.0,42064.0,57240.0,148.1,211.0,211.9,157.4,206.1,450.0,202.1,nan,145.1,148.1,57.9,212.4,158.3,234.4,228.0,145.3,0.0,115.8,90.2,0.0,159.8
2026-07-29,10:00~17:00,通過量,30812,23422,7390,18587,12612,5362,2205,1909,3136,8448,1656,1164,3126,2502,9132,5153,1364,2615,7022,1948,1435,3639,3627,1217,2410,5795,2691,3104,1438,1438,8521,3786,2362,1268,1105,24624,2398,11200,7621,3405,17158,8577,8581,17660,8180,9480,11077,1611,4477,1297,3692
2026-07-29,10:00~17:00,平均停等延滯,43.7,47.1,32.9,42.1,18.5,18.1,34.1,0.0,19.3,47.8,41.0,37.5,51.9,52.0,29.9,27.4,45.0,27.1,27.5,10.3,29.0,36.1,7.9,3.0,10.5,4.2,3.9,4.4,26.9,26.9,17.8,20.1,1.0,40.5,19.6,12.8,30.9,13.7,8.6,6.7,3.9,7.8,0.1,9.4,10.1,8.7,21.0,8.5,26.8,32.4,15.5
2026-07-29,17:00~20:00,總停等延滯,779822.0,595427.0,184395.0,349962.0,113722.0,43570.0,36341.0,0.0,33811.0,243024.0,37027.0,31200.0,63872.0,110925.0,144721.0,67059.0,29603.0,48059.0,93960.0,16309.0,20486.0,57165.0,15332.0,4474.0,10858.0,31767.0,11524.0,20243.0,27167.0,27167.0,110129.0,51561.0,3529.0,37377.0,17662.0,158670.0,36886.0,75643.0,42127.0,4014.0,15705.0,15399.0,306.0,69449.0,28019.0,41430.0,106138.0,5082.0,62879.0,17820.0,20357.0,155.2,200.4,180.7,189.5,234.5,441.0,153.0,nan,122.9,154.8,79.5,180.9,183.3,254.4,200.0,136.6,0.0,88.8,63.5,0.0,126.5
2026-07-29,17:00~20:00,通過量,15861,11391,4470,7687,5769,2485,1022,861,1401,4210,813,649,1278,1470,4837,2621,697,1519,3376,1228,726,1422,1820,720,1100,3243,1550,1693,838,838,5222,2310,1284,843,785,9900,1018,4818,3014,1050,6884,2862,4022,7126,2857,4269,4618,825,1942,534,1317
2026-07-29,17:00~20:00,平均停等延滯,49.2,52.3,41.3,45.5,19.7,17.5,35.6,0.0,24.1,57.7,45.5,48.1,50.0,75.5,29.9,25.6,42.5,31.6,27.8,13.3,28.2,40.2,8.4,6.2,9.9,9.8,7.4,12.0,32.4,32.4,21.1,22.3,2.7,44.3,22.5,16.0,36.2,15.7,14.0,3.8,2.3,5.4,0.1,9.7,9.8,9.7,23.0,6.2,32.4,33.4,15.5
2026-07-29,10:00~12:00,總停等延滯,344339.0,283387.0,60952.0,189648.0,63671.0,31099.0,17595.0,0.0,14977.0,104990.0,19278.0,10539.0,41472.0,33701.0,71248.0,38648.0,18562.0,14038.0,43478.0,4236.0,10531.0,28711.0,7521.0,648.0,6873.0,4123.0,2310.0,1813.0,10415.0,10415.0,38893.0,19503.0,819.0,13817.0,4754.0,77112.0,20695.0,42308.0,7877.0,6232.0,8679.0,8322.0,357.0,44958.0,23297.0,21661.0,58899.0,1217.0,35544.0,12034.0,10104.0,148.8,197.9,230.4,163.9,204.9,353.8,176.8,nan,135.7,148.7,56.4,236.4,159.7,142.5,222.2,145.0,0.0,83.7,88.0,0.0,181.6
2026-07-29,10:00~12:00,通過量,8279,6217,2062,5048,3274,1531,590,461,692,2265,470,293,831,671,2396,1362,385,649,1904,498,400,1006,998,326,672,1553,721,832,402,402,2404,1070,693,365,276,6756,697,3157,1859,1043,4726,2216,2510,4831,2084,2747,2862,412,1256,392,802
2026-07-29,10:00~12:00,平均停等延滯,41.6,45.6,29.6,37.6,19.4,20.3,29.8,0.0,21.6,46.4,41.0,36.0,49.9,50.2,29.7,28.4,48.2,21.6,22.8,8.5,26.3,28.5,7.5,2.0,10.2,2.7,3.2,2.2,25.9,25.9,16.2,18.2,1.2,37.9,17.2,11.4,29.7,13.4,4.2,6.0,1.8,3.8,0.1,9.3,11.2,7.9,20.6,3.0,28.3,30.7,12.6
2026-07-29,14:00~16:00,總停等延滯,400420.0,328234.0,72186.0,245520.0,71956.0,29554.0,23516.0,0.0,18886.0,115725.0,17761.0,15607.0,45559.0,36798.0,78799.0,40225.0,16396.0,22178.0,61754.0,5955.0,11961.0,43838.0,8314.0,1199.0,7115.0,10709.0,3127.0,7582.0,11091.0,11091.0,42072.0,22185.0,864.0,13115.0,5908.0,92746.0,22565.0,46150.0,17158.0,6873.0,27834.0,27487.0,347.0,47405.0,22296.0,25109.0,77535.0,7223.0,32534.0,12382.0,25396.0,145.5,251.3,210.3,165.2,202.1,564.8,247.2,nan,143.4,145.5,56.7,204.0,171.1,289.8,263.8,140.7,0.0,159.5,103.1,0.0,127.6
2026-07-29,14:00~16:00,通過量,8875,6721,2154,5421,3723,1495,605,570,1053,2434,432,365,958,679,2576,1480,339,757,1971,543,405,1023,1040,362,678,1677,817,860,416,416,2523,1147,664,367,345,7152,626,3226,2341,959,5083,2665,2418,5293,2596,2697,3371,466,1336,363,1206
2026-07-29,14:00~16:00,平均停等延滯,45.1,48.8,33.5,45.3,19.3,19.8,38.9,0.0,17.9,47.5,41.1,42.8,47.6,54.2,30.6,27.2,48.4,29.3,31.3,11.0,29.5,42.9,8.0,3.3,10.5,6.4,3.8,8.8,26.7,26.7,16.7,19.3,1.3,35.7,17.1,13.0,36.0,14.3,7.3,7.2,5.5,10.3,0.1,9.0,8.6,9.3,23.0,15.5,24.4,34.1,21.1
2026-07-29,16:00~19:00,總停等延滯,834525.0,622309.0,212216.0,404905.0,121694.0,43181.0,41506.0,0.0,37007.0,241020.0,32626.0,29154.0,71555.0,107685.0,156367.0,73129.0,32512.0,50726.0,103228.0,16675.0,22165.0,64388.0,17022.0,4949.0,12073.0,36604.0,14725.0,21879.0,30622.0,30622.0,127968.0,57608.0,3834.0,45041.0,21485.0,191892.0,38071.0,80324.0,66429.0,7068.0,31044.0,30662.0,382.0,73305.0,29717.0,43588.0,108664.0,6221.0,61536.0,20869.0,20038.0,152.3,198.6,180.7,167.6,227.7,435.4,165.1,nan,107.5,152.2,75.9,181.6,161.3,249.2,202.3,145.7,0.0,98.4,63.8,0.0,127.5
2026-07-29,16:00~19:00,通過量,16575,11771,4804,8205,6027,2623,1026,856,1522,4075,734,600,1324,1417,5158,2833,743,1582,3446,1188,758,1500,1946,758,1188,3588,1719,1869,899,899,5466,2319,1413,906,828,10874,1147,5081,3433,1213,7273,3201,4072,7492,3133,4359,4821,883,1961,569,1408
2026-07-29,16:00~19:00,平均停等延滯,50.3,52.9,44.2,49.3,20.2,16.5,40.5,0.0,24.3,59.1,44.4,48.6,54.0,76.0,30.3,25.8,43.8,32.1,30.0,14.0,29.2,42.9,8.7,6.5,10.2,10.2,8.6,11.7,34.1,34.1,23.4,24.8,2.7,49.7,25.9,17.6,33.2,15.8,19.4,5.8,4.3,9.6,0.1,9.8,9.5,10.0,22.5,7.0,31.4,36.7,14.2
2026-07-29,20:00~23:00,總停等延滯,384899.0,299826.0,85073.0,163845.0,55285.0,20250.0,11672.0,0.0,23363.0,123576.0,17930.0,17218.0,41218.0,47210.0,58535.0,29707.0,12617.0,16211.0,62430.0,10179.0,10181.0,42070.0,4173.0,1003.0,3170.0,16019.0,4877.0,11142.0,12253.0,12253.0,52628.0,41290.0,10.0,3451.0,7877.0,60938.0,20088.0,34677.0,5853.0,320.0,4441.0,4429.0,12.0,33615.0,17024.0,16591.0,64851.0,19.0,31152.0,11602.0,22078.0,143.0,185.6,254.9,296.1,215.1,399.9,158.0,nan,95.4,143.7,70.7,243.2,244.9,225.2,186.2,160.3,0.0,82.6,79.0,0.0,154.2
2026-07-29,20:00~23:00,通過量,9114,7055,2059,4585,3793,1386,528,949,930,3377,602,530,1176,1069,2461,1271,381,809,2204,782,369,1053,1118,382,736,1437,789,648,354,354,2730,1407,647,280,396,5347,450,2316,2035,546,4476,2364,2112,4960,2565,2395,3078,421,838,344,1475
2026-07-29,20:00~23:00,平均停等延滯,42.2,42.5,41.3,35.7,14.6,14.6,22.1,0.0,25.1,36.6,29.8,32.5,35.0,44.2,23.8,23.4,33.1,20.0,28.3,13.0,27.6,40.0,3.7,2.6,4.3,11.1,6.2,17.2,34.6,34.6,19.3,29.3,0.0,12.3,19.9,11.4,44.6,15.0,2.9,0.6,1.0,1.9,0.0,6.8,6.6,6.9,21.1,0.0,37.2,33.7,15.0
2026-07-30,07:00~09:00,總停等延滯,527894.0,378199.0,149695.0,330951.0,81407.0,44170.0,21545.0,0.0,15692.0,151800.0,26413.0,12752.0,41561.0,71074.0,80965.0,36619.0,23829.0,20517.0,64027.0,5420.0,14665.0,43942.0,19821.0,3129.0,16692.0,12778.0,10416.0,2362.0,18213.0,18213.0,98883.0,35492.0,3272.0,48111.0,12008.0,119765.0,22968.0,54977.0,30341.0,11479.0,30422.0,30394.0,28.0,77606.0,40380.0,37226.0,103158.0,1208.0,41471.0,21896.0,38583.0,146.6,214.4,165.8,122.2,210.7,428.9,252.1,nan,108.3,146.1,63.4,165.9,120.9,217.2,223.6,127.4,0.0,75.0,179.4,0.0,236.9
2026-07-30,07:00~09:00,通過量,10131,7009,3122,5794,3366,1515,673,560,618,2614,540,346,792,936,2692,1307,662,723,2190,654,451,1085,1314,360,954,1886,798,1088,509,509,3424,1171,1132,733,388,7552,586,3325,2326,1315,5385,2796,2589,5585,2841,2744,3893,692,1318,463,1420
2026-07-30,07:00~09:00,平均停等延滯,52.1,54.0,47.9,57.1,24.2,29.2,32.0,0.0,25.4,58.1,48.9,36.9,52.5,75.9,30.1,28.0,36.0,28.4,29.2,8.3,32.5,40.5,15.1,8.7,17.5,6.8,13.1,2.2,35.8,35.8,28.9,30.3,2.9,65.6,30.9,15.9,39.2,16.5,13.0,8.7,5.6,10.9,0.0,13.9,14.2,13.6,26.5,1.7,31.5,47.3,27.2
2026-07-30,10:00~17:00,總停等延滯,1452219.0,1138166.0,314053.0,1004655.0,279557.0,150504.0,65947.0,0.0,63106.0,408826.0,67959.0,44528.0,165714.0,130625.0,247821.0,131423.0,44877.0,71521.0,201962.0,22508.0,46192.0,133262.0,29161.0,8595.0,20566.0,36800.0,27787.0,9013.0,46610.0,46610.0,201482.0,80954.0,735.0,92896.0,26897.0,371357.0,87638.0,185785.0,76304.0,21630.0,43562.0,43478.0,84.0,220080.0,92702.0,127378.0,369656.0,15553.0,148817.0,73006.0,132280.0,168.4,235.7,210.7,135.4,228.0,426.9,245.2,nan,109.2,170.7,59.5,218.4,136.6,197.8,233.5,149.1,0.0,121.8,133.6,0.0,152.1
2026-07-30,10:00~17:00,通過量,30878,23299,7579,18393,12229,4979,2263,1938,3049,8763,1611,1119,3334,2699,8889,4931,1275,2683,7117,1885,1509,3723,3467,1148,2319,5601,2447,3154,1335,1335,8387,3291,2254,1611,1231,23485,2318,10563,7246,3358,16546,8316,8230,16997,8088,8909,11875,1646,4717,1329,4183
2026-07-30,10:00~17:00,平均停等延滯,47.0,48.9,41.4,54.6,22.9,30.2,29.1,0.0,20.7,46.7,42.2,39.8,49.7,48.4,27.9,26.7,35.2,26.7,28.4,11.9,30.6,35.8,8.4,7.5,8.9,6.6,11.4,2.9,34.9,34.9,24.0,24.6,0.3,57.7,21.8,15.8,37.8,17.6,10.5,6.4,2.6,5.2,0.0,12.9,11.5,14.3,31.1,9.4,31.5,54.9,31.6
2026-07-30,17:00~20:00,總停等延滯,833173.0,608131.0,225042.0,428457.0,131142.0,62785.0,33461.0,0.0,34896.0,242655.0,38801.0,28860.0,63809.0,111185.0,138183.0,66063.0,25588.0,46532.0,96151.0,19150.0,23313.0,53688.0,22004.0,8649.0,13355.0,38316.0,25775.0,12541.0,30478.0,30478.0,134244.0,55466.0,335.0,59404.0,19039.0,163388.0,33185.0,71152.0,55145.0,3906.0,21320.0,21204.0,116.0,99640.0,35754.0,63886.0,144109.0,4168.0,76925.0,19033.0,43983.0,155.5,252.9,200.8,125.3,227.2,373.8,226.3,nan,127.4,155.7,71.8,205.7,124.0,217.1,258.4,132.9,0.0,135.2,107.5,0.0,138.5
2026-07-30,17:00~20:00,通過量,15865,11394,4471,8085,5988,2459,1167,942,1420,4252,846,650,1339,1417,4779,2663,676,1440,3427,1262,769,1396,1787,707,1080,3157,1618,1539,868,868,5071,2175,1201,925,770,9879,1110,4883,2845,1041,6804,2868,3936,7243,2926,4317,5104,790,2222,529,1563
2026-07-30,17:00~20:00,平均停等延滯,52.5,53.4,50.3,53.0,21.9,25.5,28.7,0.0,24.6,57.1,45.9,44.4,47.7,78.5,28.9,24.8,37.9,32.3,28.1,15.2,30.3,38.5,12.3,12.2,12.4,12.1,15.9,8.1,35.1,35.1,26.5,25.5,0.3,64.2,24.7,16.5,29.9,14.6,19.4,3.8,3.1,7.4,0.0,13.8,12.2,14.8,28.2,5.3,34.6,36.0,28.1
2026-07-30,10:00~12:00,總停等延滯,374790.0,295525.0,79265.0,250910.0,75468.0,43951.0,17232.0,0.0,14285.0,103227.0,15490.0,11338.0,44252.0,32147.0,62169.0,34967.0,13359.0,13843.0,54661.0,6200.0,12042.0,36419.0,8970.0,2023.0,6947.0,7572.0,4738.0,2834.0,13618.0,13618.0,49105.0,17748.0,200.0,25522.0,5635.0,91882.0,26690.0,52391.0,6303.0,6498.0,2085.0,2055.0,30.0,62238.0,25347.0,36891.0,94705.0,334.0,41101.0,23262.0,30008.0,148.3,201.0,252.7,118.6,213.8,421.4,244.9,nan,103.9,148.5,65.5,266.3,119.7,206.5,193.8,148.8,0.0,136.0,118.8,0.0,162.9
2026-07-30,10:00~12:00,通過量,8090,6098,1992,4811,3114,1366,635,491,622,2212,422,279,856,655,2294,1283,388,623,2004,474,380,1150,961,290,671,1407,570,837,352,352,2172,822,621,479,250,6138,582,2816,1779,961,4332,2114,2218,4436,2032,2404,3102,400,1289,347,1066
2026-07-30,10:00~12:00,平均停等延滯,46.3,48.5,39.8,52.2,24.2,32.2,27.1,0.0,23.0,46.7,36.7,40.6,51.7,49.1,27.1,27.3,34.4,22.2,27.3,13.1,31.7,31.7,9.3,7.0,10.4,5.4,8.3,3.4,38.7,38.7,22.6,21.6,0.3,53.3,22.5,15.0,45.9,18.6,3.5,6.8,0.5,1.0,0.0,14.0,12.5,15.3,30.5,0.8,31.9,67.0,28.2
2026-07-30,14:00~16:00,總停等延滯,410463.0,320699.0,89764.0,297597.0,75454.0,39645.0,18438.0,0.0,17371.0,115187.0,20158.0,11156.0,49413.0,34460.0,72795.0,38192.0,11549.0,23054.0,57263.0,5671.0,13214.0,38378.0,7361.0,2125.0,5236.0,9564.0,8281.0,1283.0,13403.0,13403.0,59436.0,25934.0,190.0,24500.0,8812.0,108723.0,26650.0,53951.0,21470.0,6652.0,17225.0,17215.0,10.0,60764.0,27145.0,33619.0,110885.0,5426.0,39559.0,21894.0,44006.0,146.2,339.8,174.5,167.0,202.0,554.9,254.3,nan,105.4,146.7,55.7,176.3,168.7,173.9,333.0,134.5,0.0,174.6,99.0,0.0,192.0
2026-07-30,14:00~16:00,通過量,8900,6690,2210,5498,3661,1395,619,619,1028,2476,483,311,974,708,2583,1451,331,801,2036,539,426,1071,941,325,616,1572,733,839,400,400,2478,993,646,451,388,6997,709,3121,2211,956,4917,2603,2314,5144,2616,2528,3416,465,1283,388,1280
2026-07-30,14:00~16:00,平均停等延滯,46.1,47.9,40.6,54.1,20.6,28.4,29.8,0.0,16.9,46.5,41.7,35.9,50.7,48.7,28.2,26.3,34.9,28.8,28.1,10.5,31.0,35.8,7.8,6.5,8.5,6.1,11.3,1.5,33.5,33.5,24.0,26.1,0.3,54.3,22.7,15.5,37.6,17.3,9.7,7.0,3.5,6.6,0.0,11.8,10.4,13.3,32.5,11.7,30.8,56.4,34.4
2026-07-30,16:00~19:00,總停等延滯,881502.0,631347.0,250155.0,514495.0,139586.0,66132.0,34723.0,0.0,38731.0,240241.0,38295.0,28665.0,68658.0,104623.0,146771.0,69977.0,26226.0,50568.0,104749.0,20053.0,23598.0,61098.0,23837.0,9680.0,14157.0,43192.0,29895.0,13297.0,34165.0,34165.0,148961.0,61194.0,573.0,65057.0,22137.0,207715.0,34647.0,79022.0,88217.0,5829.0,36207.0,36091.0,116.0,107716.0,37527.0,70189.0,162857.0,11283.0,84208.0,21658.0,45708.0,203.9,270.3,199.6,124.3,273.1,390.4,195.5,nan,126.1,206.0,69.6,206.7,123.6,231.1,280.6,137.8,0.0,80.5,115.0,0.0,137.7
2026-07-30,16:00~19:00,通過量,16659,11863,4796,8386,6188,2525,1199,940,1524,4369,819,618,1424,1508,5016,2777,692,1547,3500,1250,771,1479,1946,783,1163,3527,1785,1742,925,925,5359,2271,1316,900,872,10657,1170,5079,3193,1215,7182,3056,4126,7405,2990,4415,5362,904,2321,543,1594
2026-07-30,16:00~19:00,平均停等延滯,52.9,53.2,52.2,61.4,22.6,26.2,29.0,0.0,25.4,55.0,46.8,46.4,48.2,69.4,29.3,25.2,37.9,32.7,29.9,16.0,30.6,41.3,12.2,12.4,12.2,12.2,16.7,7.6,36.9,36.9,27.8,26.9,0.4,72.3,25.4,19.5,29.6,15.6,27.6,4.8,5.0,11.8,0.0,14.5,12.6,15.9,30.4,12.5,36.3,39.9,28.7
2026-07-30,20:00~23:00,總停等延滯,382347.0,309228.0,73119.0,219176.0,67687.0,35219.0,12315.0,0.0,20153.0,127861.0,17287.0,19893.0,40315.0,50366.0,56543.0,26469.0,13261.0,16813.0,57137.0,9051.0,10013.0,38073.0,7309.0,908.0,6401.0,7779.0,6328.0,1451.0,12910.0,12910.0,45121.0,30984.0,0.0,9242.0,4895.0,71455.0,23281.0,43598.0,3507.0,1069.0,945.0,945.0,0.0,58184.0,31592.0,26592.0,88592.0,37.0,28937.0,10303.0,49315.0,140.5,189.3,227.3,141.4,211.2,450.3,154.3,nan,98.8,140.3,70.2,223.7,139.1,227.0,198.8,162.3,0.0,73.4,83.4,0.0,166.7
2026-07-30,20:00~23:00,通過量,9350,7049,2301,4851,3707,1355,545,882,925,3362,597,439,1207,1119,2425,1251,352,822,2215,723,407,1085,1113,355,758,1367,739,628,381,381,2910,1345,655,516,394,5475,443,2369,2083,580,4502,2454,2048,4972,2602,2370,3483,394,1050,329,1710
2026-07-30,20:00~23:00,平均停等延滯,40.9,43.9,31.8,45.2,18.3,26.0,22.6,0.0,21.8,38.0,29.0,45.3,33.4,45.0,23.3,21.2,37.7,20.5,25.8,12.5,24.6,35.1,6.6,2.6,8.4,5.7,8.6,2.3,33.9,33.9,15.5,23.0,0.0,17.9,12.4,13.1,52.6,18.4,1.7,1.8,0.2,0.4,0.0,11.7,12.1,11.2,25.4,0.1,27.6,31.3,28.8
2026-07-31,07:00~09:00,總停等延滯,459766.0,368147.0,91619.0,262167.0,64626.0,29981.0,19159.0,0.0,15486.0,153897.0,24475.0,19593.0,39745.0,70084.0,83046.0,38350.0,26642.0,18054.0,66578.0,5522.0,14933.0,46123.0,12633.0,474.0,12159.0,2762.0,2032.0,730.0,14713.0,14713.0,61511.0,23883.0,3744.0,28986.0,4898.0,118193.0,22505.0,51241.0,32394.0,12053.0,33036.0,32950.0,86.0,46333.0,28587.0,17746.0,64605.0,2777.0,29018.0,13466.0,19344.0,156.8,189.2,155.6,133.5,224.4,375.4,179.6,nan,111.0,158.2,67.7,158.6,135.9,183.9,192.7,0.0,0.0,119.7,64.7,0.0,140.2
2026-07-31,07:00~09:00,通過量,10227,7158,3069,5210,3357,1510,618,621,608,2568,522,342,796,908,2576,1167,664,745,2376,613,586,1177,1254,307,947,1836,782,1054,476,476,3303,1017,1158,739,389,7293,531,3106,2334,1322,5003,2690,2313,5256,2749,2507,3337,677,1087,420,1153
2026-07-31,07:00~09:00,平均停等延滯,45.0,51.4,29.9,50.3,19.3,19.9,31.0,0.0,25.5,59.9,46.9,57.3,49.9,77.2,32.2,32.9,40.1,24.2,28.0,9.0,25.5,39.2,10.1,1.5,12.8,1.5,2.6,0.7,30.9,30.9,18.6,23.5,3.2,39.2,12.6,16.2,42.4,16.5,13.9,9.1,6.6,12.2,0.0,8.8,10.4,7.1,19.4,4.1,26.7,32.1,16.8
2026-07-31,10:00~17:00,總停等延滯,1606334.0,1323878.0,282456.0,1096254.0,285835.0,145787.0,74948.0,0.0,65100.0,503931.0,86237.0,49764.0,181798.0,186132.0,301745.0,141044.0,75098.0,85603.0,232367.0,24700.0,48724.0,158943.0,27136.0,3494.0,23642.0,40704.0,19386.0,21318.0,43239.0,43239.0,171377.0,91239.0,865.0,54613.0,24660.0,415700.0,86131.0,187859.0,120176.0,21534.0,78350.0,78286.0,64.0,254294.0,111291.0,143003.0,347910.0,17471.0,153081.0,62966.0,114392.0,150.8,264.7,210.9,174.7,210.0,640.0,205.9,nan,104.8,151.1,59.2,210.3,176.2,348.6,275.7,142.0,0.0,83.2,122.3,0.0,214.3
2026-07-31,10:00~17:00,通過量,33107,25080,8027,18524,13390,5421,2519,2202,3248,9309,1841,1107,3464,2897,9982,5345,1536,3101,7409,2158,1620,3631,3874,1262,2612,6319,2898,3421,1547,1547,8750,3532,2676,1157,1385,24565,2194,10609,8372,3390,16461,8277,8184,17632,8275,9357,12292,1717,4854,1354,4367
2026-07-31,10:00~17:00,平均停等延滯,48.5,52.8,35.2,59.2,21.3,26.9,29.8,0.0,20.0,54.1,46.8,45.0,52.5,64.2,30.2,26.4,48.9,27.6,31.4,11.4,30.1,43.8,7.0,2.8,9.1,6.4,6.7,6.2,28.0,28.0,19.6,25.8,0.3,47.2,17.8,16.9,39.3,17.7,14.4,6.4,4.8,9.5,0.0,14.4,13.4,15.3,28.3,10.2,31.5,46.5,26.2
2026-07-31,17:00~20:00,總停等延滯,992005.0,806515.0,185490.0,518783.0,153742.0,68370.0,43234.0,0.0,42138.0,350530.0,74800.0,33756.0,110162.0,131812.0,191555.0,70466.0,56497.0,64592.0,110688.0,23135.0,24267.0,63286.0,19910.0,4224.0,15686.0,18013.0,6128.0,11885.0,24410.0,24410.0,123157.0,55467.0,1623.0,45708.0,20359.0,234683.0,35334.0,80275.0,110542.0,8532.0,53468.0,52839.0,629.0,147530.0,82913.0,64617.0,83102.0,6382.0,64387.0,5291.0,7042.0,148.8,346.7,194.1,171.1,228.5,548.3,183.4,nan,113.1,148.8,80.4,194.3,174.9,235.0,347.3,162.1,0.0,81.6,103.5,0.0,178.5
2026-07-31,17:00~20:00,通過量,17960,13290,4670,7274,6459,2609,1215,937,1698,5135,1094,714,1531,1796,5497,2663,1082,1752,3965,1541,861,1563,2174,791,1383,3672,1743,1929,861,861,5497,2479,1153,989,876,12281,1452,5442,4162,1225,6800,2391,4409,7564,3101,4463,4786,900,3506,126,254
2026-07-31,17:00~20:00,平均停等延滯,55.2,60.7,39.7,71.3,23.8,26.2,35.6,0.0,24.8,68.3,68.4,47.3,72.0,73.4,34.8,26.5,52.2,36.9,27.9,15.0,28.2,40.5,9.2,5.3,11.3,4.9,3.5,6.2,28.4,28.4,22.4,22.4,1.4,46.2,23.2,19.1,24.3,14.8,26.6,7.0,7.9,22.1,0.1,19.5,26.7,14.5,17.4,7.1,18.4,42.0,27.7
2026-07-31,10:00~12:00,總停等延滯,383767.0,320046.0,63721.0,253362.0,74168.0,38991.0,20588.0,0.0,14589.0,111061.0,21944.0,10490.0,42000.0,36627.0,76541.0,36932.0,21014.0,18595.0,58276.0,6134.0,14603.0,37539.0,8190.0,833.0,7357.0,3620.0,1412.0,2208.0,9911.0,9911.0,42000.0,21027.0,251.0,14103.0,6619.0,94293.0,26136.0,55717.0,6464.0,5976.0,3232.0,3232.0,0.0,69654.0,29065.0,40589.0,86183.0,1215.0,38373.0,16838.0,29757.0,155.4,190.1,182.1,173.1,212.6,655.0,185.2,nan,108.2,155.8,57.3,180.8,169.9,439.4,182.8,0.0,0.0,86.0,100.8,0.0,296.4
2026-07-31,10:00~12:00,通過量,8696,6527,2169,5393,3424,1502,715,503,704,2425,480,281,958,706,2647,1501,395,751,2009,536,454,1019,1005,296,709,1644,709,935,385,385,2324,836,782,373,333,6862,672,3241,1958,991,4570,2220,2350,4752,2159,2593,3403,489,1434,377,1103
2026-07-31,10:00~12:00,平均停等延滯,44.1,49.0,29.4,47.0,21.7,26.0,28.8,0.0,20.7,45.8,45.7,37.3,43.8,51.9,28.9,24.6,53.2,24.8,29.0,11.4,32.2,36.8,8.1,2.8,10.4,2.2,2.0,2.4,25.7,25.7,18.1,25.2,0.3,37.8,19.9,13.7,38.9,17.2,3.3,6.0,0.7,1.5,0.0,14.7,13.5,15.7,25.3,2.5,26.8,44.7,27.0
2026-07-31,14:00~16:00,總停等延滯,487322.0,399314.0,88008.0,343529.0,83584.0,42375.0,20374.0,0.0,20835.0,156764.0,23557.0,13669.0,58921.0,60617.0,89354.0,42072.0,20050.0,27232.0,69612.0,7115.0,13448.0,49049.0,7042.0,845.0,6197.0,16898.0,7710.0,9188.0,15405.0,15405.0,48663.0,26510.0,97.0,16071.0,5985.0,133317.0,24150.0,50763.0,52840.0,5564.0,36382.0,36380.0,2.0,69702.0,30793.0,38909.0,104128.0,10369.0,43028.0,16284.0,34447.0,149.4,370.0,250.5,184.5,206.7,675.8,188.0,nan,104.2,149.8,57.4,244.5,189.1,318.8,409.1,180.0,0.0,85.6,103.7,0.0,205.8
2026-07-31,14:00~16:00,通過量,10020,7520,2500,5277,4133,1545,717,724,1147,2749,516,336,977,920,2874,1530,421,923,2130,619,473,1038,1146,389,757,1816,855,961,526,526,2683,1098,815,330,440,7476,668,2843,2971,994,4770,2527,2243,5185,2537,2648,3570,498,1306,378,1388
2026-07-31,14:00~16:00,平均停等延滯,48.6,53.1,35.2,65.1,20.2,27.4,28.4,0.0,18.2,57.0,45.7,40.7,60.3,65.9,31.1,27.5,47.6,29.5,32.7,11.5,28.4,47.3,6.1,2.2,8.2,9.3,9.0,9.6,29.3,29.3,18.1,24.1,0.1,48.7,13.6,17.8,36.2,17.9,17.8,5.6,7.6,14.4,0.0,13.4,12.1,14.7,29.2,20.8,32.9,43.1,24.8
2026-07-31,16:00~19:00,總停等延滯,1025220.0,810938.0,214282.0,605530.0,159620.0,71949.0,43473.0,0.0,44198.0,346112.0,68459.0,35090.0,110014.0,132549.0,189474.0,71314.0,54196.0,63964.0,115732.0,20971.0,24930.0,69831.0,19664.0,4881.0,14783.0,30697.0,14254.0,16443.0,27957.0,27957.0,135964.0,60467.0,1689.0,50326.0,23482.0,267671.0,35968.0,82260.0,139405.0,10038.0,78016.0,77493.0,523.0,148953.0,80808.0,68145.0,110890.0,8750.0,68667.0,12746.0,20727.0,149.5,331.6,234.7,173.0,231.2,551.6,188.1,nan,107.3,149.6,82.3,241.0,178.9,207.3,329.3,158.5,0.0,80.2,108.0,0.0,169.0
2026-07-31,16:00~19:00,通過量,17985,13243,4742,7302,6559,2660,1241,912,1746,4777,1036,655,1483,1603,5541,2737,1066,1738,3975,1441,844,1690,2196,798,1398,3856,1875,1981,914,914,5425,2395,1255,810,965,11587,1233,4981,4042,1331,6630,2330,4300,7411,3030,4381,4946,919,2939,290,798
2026-07-31,16:00~19:00,平均停等延滯,57.0,61.2,45.2,82.9,24.3,27.0,35.0,0.0,25.3,72.5,66.1,53.6,74.2,82.7,34.2,26.1,50.8,36.8,29.1,14.6,29.5,41.3,9.0,6.1,10.6,8.0,7.6,8.3,30.6,30.6,25.1,25.2,1.3,62.1,24.3,23.1,29.2,16.5,34.5,7.5,11.8,33.3,0.1,20.1,26.7,15.6,22.4,9.5,23.4,44.0,26.0
2026-07-31,20:00~23:00,總停等延滯,681769.0,571082.0,110687.0,261469.0,140907.0,68900.0,24886.0,1403.0,45718.0,265494.0,53227.0,29688.0,81474.0,101105.0,91433.0,43524.0,19581.0,28328.0,73248.0,19731.0,15690.0,37827.0,6322.0,1547.0,4775.0,23085.0,10690.0,12395.0,14413.0,14413.0,66867.0,56179.0,0.0,8135.0,2553.0,102378.0,27267.0,52626.0,20582.0,1903.0,11943.0,11684.0,259.0,108172.0,59436.0,48736.0,38976.0,1254.0,37722.0,0.0,0.0,150.0,284.3,229.1,192.3,228.8,467.2,213.2,nan,109.1,150.0,79.3,216.4,182.5,202.5,290.2,151.2,0.0,125.0,85.3,0.0,212.1
2026-07-31,20:00~23:00,通過量,12084,9495,2589,4681,5160,2021,863,1116,1160,5161,1243,571,1631,1716,3328,1611,550,1167,2573,1126,563,884,1325,582,743,2015,1111,904,454,454,3289,1736,754,487,312,8901,799,3882,3529,691,6424,3087,3337,6420,3108,3312,3382,518,2864,0,0
2026-07-31,20:00~23:00,平均停等延滯,56.4,60.1,42.8,55.9,27.3,34.1,28.8,1.3,39.4,51.4,42.8,52.0,50.0,58.9,27.5,27.0,35.6,24.3,28.5,17.5,27.9,42.8,4.8,2.7,6.4,11.5,9.6,13.7,31.7,31.7,20.3,32.4,0.0,16.7,8.2,11.5,34.1,13.6,5.8,2.8,1.9,3.8,0.1,16.8,19.1,14.7,11.5,2.4,13.2,0.0,0.0
2026-08-01,07:00~09:00,總停等延滯,340206.0,292262.0,47944.0,174305.0,76549.0,50521.0,13534.0,784.0,11710.0,108525.0,28122.0,8749.0,34455.0,37199.0,66321.0,34805.0,17000.0,14516.0,40867.0,5990.0,10616.0,24261.0,10608.0,1379.0,9229.0,7078.0,2084.0,4994.0,5997.0,5997.0,24261.0,15152.0,45.0,5777.0,3287.0,65221.0,16198.0,35036.0,13987.0,0.0,4282.0,4110.0,172.0,73241.0,41908.0,31333.0,31561.0,1983.0,29578.0,0.0,0.0,161.1,191.6,161.8,132.4,220.4,404.1,157.5,nan,109.8,161.8,59.0,157.0,134.9,190.0,201.1,0.0,0.0,70.8,88.2,0.0,179.9
2026-08-01,07:00~09:00,通過量,7449,4882,2567,3538,2667,1330,453,537,347,2835,799,201,1099,736,1642,842,364,436,1490,475,326,689,1231,375,856,1293,514,779,253,253,2671,732,647,1014,278,5695,624,2914,2157,0,4043,1747,2296,3975,1810,2165,2239,392,1847,0,0
2026-08-01,07:00~09:00,平均停等延滯,45.7,59.9,18.7,49.3,28.7,38.0,29.9,1.5,33.7,38.3,35.2,43.5,31.4,50.5,40.4,41.3,46.7,33.3,27.4,12.6,32.6,35.2,8.6,3.7,10.8,5.5,4.1,6.4,23.7,23.7,9.1,20.7,0.1,5.7,11.8,11.5,26.0,12.0,6.5,0.0,1.1,2.4,0.1,18.4,23.2,14.5,14.1,5.1,16.0,0.0,0.0
2026-08-01,10:00~17:00,總停等延滯,3603501.0,3062376.0,541125.0,1209825.0,610011.0,172557.0,186386.0,4701.0,246367.0,1409089.0,186660.0,194495.0,503020.0,524914.0,650820.0,319296.0,94483.0,237041.0,392456.0,38388.0,79373.0,274695.0,56082.0,13307.0,42775.0,188754.0,56329.0,132425.0,52679.0,52679.0,243610.0,91902.0,11311.0,76768.0,63629.0,393421.0,65576.0,151285.0,176560.0,0.0,145384.0,143699.0,1685.0,381942.0,214839.0,167103.0,289078.0,39574.0,249504.0,0.0,0.0,167.5,386.3,188.3,145.6,265.1,718.3,252.9,601.0,134.6,168.0,98.2,192.2,145.5,308.6,379.5,150.3,0.0,126.2,138.1,335.8,161.4
2026-08-01,10:00~17:00,通過量,49457,33863,15594,16721,17666,6620,3841,3053,4152,17225,3997,2411,5933,4884,13882,7784,2672,3426,8454,2597,2479,3378,7211,2047,5164,8255,3176,5079,1857,1857,15903,4213,4120,5583,1987,27789,3479,13242,11068,0,20739,9242,11497,20685,9196,11489,12280,2294,9986,0,0
2026-08-01,10:00~17:00,平均停等延滯,72.9,90.4,34.7,72.4,34.5,26.1,48.5,1.5,59.3,81.8,46.7,80.7,84.8,107.5,46.9,41.0,35.4,69.2,46.4,14.8,32.0,81.3,7.8,6.5,8.3,22.9,17.7,26.1,28.4,28.4,15.3,21.8,2.7,13.8,32.0,14.2,18.8,11.4,16.0,0.0,7.0,15.5,0.1,18.5,23.4,14.5,23.5,17.3,25.0,0.0,0.0
2026-08-01,17:00~20:00,總停等延滯,1259788.0,1049891.0,209897.0,547882.0,193035.0,90638.0,60037.0,1972.0,40388.0,475661.0,67273.0,59820.0,184792.0,163776.0,224652.0,119921.0,41042.0,63689.0,156543.0,19452.0,27775.0,109316.0,14542.0,4721.0,9821.0,74931.0,32593.0,42338.0,20257.0,20257.0,100167.0,40380.0,772.0,23901.0,35114.0,188921.0,33009.0,67759.0,88153.0,0.0,73699.0,73278.0,421.0,166329.0,103707.0,62622.0,118933.0,31904.0,87029.0,0.0,0.0,160.7,496.3,194.7,216.0,265.0,932.8,175.0,367.5,123.5,160.2,105.5,195.9,225.7,386.9,520.3,124.3,0.0,84.6,91.0,213.6,149.8
2026-08-01,17:00~20:00,通過量,19719,13616,6103,6784,7395,2441,1320,1245,2389,6627,1613,869,2356,1789,5523,2968,887,1668,3466,1213,938,1315,2942,993,1949,3302,1496,1806,842,842,6339,2071,1382,1938,948,11941,1468,5316,5157,0,8251,3939,4312,8361,3987,4374,4848,1193,3655,0,0
2026-08-01,17:00~20:00,平均停等延滯,63.9,77.1,34.4,80.8,26.1,37.1,45.5,1.6,16.9,71.8,41.7,68.8,78.4,91.5,40.7,40.4,46.3,38.2,45.2,16.0,29.6,83.1,4.9,4.8,5.0,22.7,21.8,23.4,24.1,24.1,15.8,19.5,0.6,12.3,37.0,15.8,22.5,12.7,17.1,0.0,8.9,18.6,0.1,19.9,26.0,14.3,24.5,26.7,23.8,0.0,0.0
2026-08-01,10:00~12:00,總停等延滯,819929.0,692006.0,127923.0,292745.0,108879.0,35236.0,43458.0,1272.0,28913.0,309402.0,48451.0,39279.0,110954.0,110718.0,165928.0,79302.0,29890.0,56736.0,107797.0,9884.0,18731.0,79182.0,16812.0,2223.0,14589.0,37622.0,13199.0,24423.0,12849.0,12849.0,60640.0,20421.0,2715.0,24494.0,13010.0,90100.0,16423.0,40263.0,33414.0,0.0,23152.0,22898.0,254.0,102262.0,55150.0,47112.0,77231.0,8974.0,68257.0,0.0,0.0,174.9,261.8,188.1,208.6,276.3,488.5,269.2,nan,108.3,175.3,101.2,190.0,197.9,215.4,266.0,147.0,0.0,82.5,186.0,0.0,127.4
2026-08-01,10:00~12:00,通過量,13170,8706,4464,4595,4377,1884,1004,757,732,4735,1124,544,1754,1313,3556,1946,797,813,2290,671,671,948,2028,510,1518,2311,764,1547,470,470,4500,1016,1187,1823,474,7292,937,3658,2697,0,5726,2471,3255,5485,2384,3101,3298,609,2689,0,0
2026-08-01,10:00~12:00,平均停等延滯,62.3,79.5,28.7,63.7,24.9,18.7,43.3,1.7,39.5,65.3,43.1,72.2,63.3,84.3,46.7,40.8,37.5,69.8,47.1,14.7,27.9,83.5,8.3,4.4,9.6,16.3,17.3,15.8,27.3,27.3,13.5,20.1,2.3,13.4,27.4,12.4,17.5,11.0,12.4,0.0,4.0,9.3,0.1,18.6,23.1,15.2,23.4,14.7,25.4,0.0,0.0
2026-08-01,14:00~16:00,總停等延滯,1205512.0,1019638.0,185874.0,388466.0,235619.0,58320.0,62372.0,1313.0,113614.0,468442.0,58196.0,67449.0,160255.0,182542.0,201064.0,96044.0,24547.0,80473.0,114513.0,11679.0,23400.0,79434.0,18545.0,5774.0,12771.0,67782.0,16622.0,51160.0,16975.0,16975.0,82572.0,32712.0,5514.0,21937.0,22409.0,122839.0,19247.0,42467.0,61125.0,0.0,60571.0,59693.0,878.0,115467.0,65953.0,49514.0,89589.0,14571.0,75018.0,0.0,0.0,161.8,523.0,200.9,131.5,260.3,972.3,196.6,669.6,125.0,162.4,98.5,204.9,135.3,426.2,520.6,160.8,0.0,91.9,112.9,354.3,230.5
2026-08-01,14:00~16:00,通過量,14941,10320,4621,4483,5375,1879,1105,920,1471,4983,1114,810,1586,1473,4334,2456,776,1102,2483,779,751,953,2186,671,1515,2422,1029,1393,586,586,4731,1367,1259,1491,614,7960,854,3629,3477,0,6156,2825,3331,6297,2849,3448,3766,695,3071,0,0
2026-08-01,14:00~16:00,平均停等延滯,80.7,98.8,40.2,86.7,43.8,31.0,56.4,1.4,77.2,94.0,52.2,83.3,101.0,123.9,46.4,39.1,31.6,73.0,46.1,15.0,31.2,83.4,8.5,8.6,8.4,28.0,16.2,36.7,29.0,29.0,17.5,23.9,4.4,14.7,36.5,15.4,22.5,11.7,17.6,0.0,9.8,21.1,0.3,18.3,23.1,14.4,23.8,21.0,24.4,0.0,0.0
2026-08-01,16:00~19:00,總停等延滯,1492750.0,1237174.0,255576.0,607070.0,221824.0,103848.0,68007.0,1832.0,48137.0,574259.0,74865.0,69339.0,212867.0,217188.0,265309.0,143480.0,47310.0,74519.0,175782.0,20693.0,30350.0,124739.0,18290.0,5898.0,12392.0,103260.0,42194.0,61066.0,22209.0,22209.0,111817.0,43546.0,919.0,27590.0,39762.0,214560.0,32837.0,72253.0,109470.0,0.0,84298.0,83843.0,455.0,176076.0,113013.0,63063.0,132136.0,35104.0,97032.0,0.0,0.0,160.6,505.9,192.6,213.6,253.2,838.1,174.0,443.2,121.8,160.4,94.8,198.6,219.3,341.7,539.7,124.2,0.0,83.1,90.8,264.4,186.3
2026-08-01,16:00~19:00,通過量,21535,14811,6724,7570,7949,2715,1501,1287,2446,7046,1699,933,2423,1991,6037,3320,994,1723,3801,1293,1039,1469,3200,1070,2130,3610,1656,1954,922,922,7002,2270,1506,2135,1091,12953,1664,5906,5383,0,8867,4010,4857,8745,3984,4761,5287,1254,4033,0,0
2026-08-01,16:00~19:00,平均停等延滯,69.3,83.5,38.0,80.2,27.9,38.2,45.3,1.4,19.7,81.5,44.1,74.3,87.9,109.1,43.9,43.2,47.6,43.2,46.2,16.0,29.2,84.9,5.7,5.5,5.8,28.6,25.5,31.3,24.1,24.1,16.0,19.2,0.6,12.9,36.4,16.6,19.7,12.2,20.3,0.0,9.5,20.9,0.1,20.1,28.4,13.2,25.0,28.0,24.1,0.0,0.0
2026-08-01,20:00~23:00,總停等延滯,775873.0,654231.0,121642.0,357479.0,145851.0,63694.0,33929.0,1904.0,46324.0,306828.0,49930.0,44282.0,108184.0,104432.0,122930.0,66357.0,13880.0,42693.0,78622.0,17878.0,15961.0,44783.0,9670.0,5441.0,4229.0,34097.0,18810.0,15287.0,11894.0,11894.0,65981.0,48594.0,198.0,6863.0,10326.0,124353.0,26331.0,46430.0,51592.0,0.0,45294.0,45061.0,233.0,130895.0,84311.0,46584.0,56937.0,5489.0,51448.0,0.0,0.0,166.0,213.3,213.0,145.6,271.5,622.1,164.0,311.8,104.2,166.2,105.2,204.5,140.2,358.3,223.6,151.5,0.0,72.2,91.8,166.8,152.3
2026-08-01,20:00~23:00,通過量,13593,9776,3817,4587,5778,1968,816,1163,1831,5345,1237,681,1986,1441,3594,1833,475,1286,2281,1003,501,777,1747,777,970,1947,1073,874,593,593,3946,1499,995,1018,434,8717,841,3746,4130,0,6533,3492,3041,6507,3431,3076,3232,573,2659,0,0
2026-08-01,20:00~23:00,平均停等延滯,57.1,66.9,31.9,77.9,25.2,32.4,41.6,1.6,25.3,57.4,40.4,65.0,54.5,72.5,34.2,36.2,29.2,33.2,34.5,17.8,31.9,57.6,5.5,7.0,4.4,17.5,17.5,17.5,20.1,20.1,16.7,32.4,0.2,6.7,23.8,14.3,31.3,12.4,12.5,0.0,6.9,12.9,0.1,20.1,24.6,15.1,17.6,9.6,19.3,0.0,0.0
2026-08-02,07:00~09:00,總停等延滯,217312.0,189789.0,27523.0,112835.0,51063.0,27250.0,12411.0,480.0,10922.0,67662.0,17644.0,7471.0,20959.0,21588.0,42863.0,24617.0,9808.0,8438.0,28201.0,4523.0,5448.0,18230.0,7220.0,624.0,6596.0,2931.0,1543.0,1388.0,3648.0,3648.0,13724.0,9738.0,33.0,824.0,3129.0,48556.0,14595.0,25482.0,8217.0,262.0,435.0,356.0,79.0,52849.0,31173.0,21676.0,10995.0,304.0,10691.0,0.0,0.0,139.7,180.7,170.5,155.2,194.6,279.7,137.5,175.5,92.8,139.1,55.2,171.4,159.7,136.1,167.2,116.5,0.0,66.8,71.2,71.5,107.5
2026-08-02,07:00~09:00,通過量,4941,3200,1741,2101,1693,843,303,281,266,1830,446,159,732,493,1137,639,218,280,922,284,182,456,863,296,567,941,412,529,146,146,1811,512,443,679,177,3902,346,1755,1354,447,2630,1120,1510,2573,1161,1412,1496,300,1196,0,0
2026-08-02,07:00~09:00,平均停等延滯,44.0,59.3,15.8,53.7,30.2,32.3,41.0,1.7,41.1,37.0,39.6,47.0,28.6,43.8,37.7,38.5,45.0,30.1,30.6,15.9,29.9,40.0,8.4,2.1,11.6,3.1,3.7,2.6,25.0,25.0,7.6,19.0,0.1,1.2,17.7,12.4,42.2,14.5,6.1,0.6,0.2,0.3,0.1,20.5,26.9,15.4,7.3,1.0,8.9,0.0,0.0
2026-08-02,10:00~17:00,總停等延滯,3605548.0,3081975.0,523573.0,1195563.0,626205.0,189814.0,172637.0,4499.0,259255.0,1440980.0,201244.0,208403.0,523351.0,507982.0,647548.0,339385.0,96206.0,211957.0,367242.0,42960.0,66486.0,257796.0,61800.0,13284.0,48516.0,161139.0,47858.0,113281.0,56728.0,56728.0,243906.0,85879.0,9819.0,81159.0,67049.0,376283.0,67785.0,151253.0,139310.0,17935.0,122067.0,120316.0,1751.0,398498.0,229357.0,169141.0,298715.0,43779.0,254936.0,0.0,0.0,178.5,477.7,169.5,153.7,295.0,920.5,188.0,259.2,135.7,179.7,115.8,172.0,152.3,439.7,454.5,164.2,0.0,97.1,91.9,135.0,123.5
2026-08-02,10:00~17:00,通過量,49892,34040,15852,17006,17527,6893,3592,2820,4222,17574,4052,2553,6017,4952,13934,7900,2714,3320,8734,2940,2406,3388,7454,2074,5380,8493,3181,5312,2019,2019,16090,4331,4069,5752,1938,30923,3629,13377,11019,2898,20521,8657,11864,20573,8839,11734,12503,2381,10122,0,0
2026-08-02,10:00~17:00,平均停等延滯,72.3,90.5,33.0,70.3,35.7,27.5,48.1,1.6,61.4,82.0,49.7,81.6,87.0,102.6,46.5,43.0,35.4,63.8,42.0,14.6,27.6,76.1,8.3,6.4,9.0,19.0,15.0,21.3,28.1,28.1,15.2,19.8,2.4,14.1,34.6,12.2,18.7,11.3,12.6,6.2,5.9,13.9,0.1,19.4,25.9,14.4,23.9,18.4,25.2,0.0,0.0
2026-08-02,17:00~20:00,總停等延滯,1375428.0,1190333.0,185095.0,589492.0,194149.0,91011.0,57990.0,2186.0,42962.0,618876.0,75894.0,66123.0,207655.0,269204.0,224173.0,114651.0,36739.0,72783.0,153135.0,23368.0,25426.0,104341.0,19937.0,7018.0,12919.0,40459.0,21854.0,18605.0,23251.0,23251.0,101448.0,47129.0,779.0,21733.0,31807.0,186159.0,29693.0,59002.0,85682.0,11782.0,77795.0,77551.0,244.0,206522.0,146490.0,60032.0,119016.0,31471.0,87545.0,0.0,0.0,168.5,401.6,175.1,130.7,261.4,687.4,188.0,462.1,139.0,169.0,93.2,172.8,134.3,293.4,384.1,155.2,0.0,94.5,92.6,229.1,229.6
2026-08-02,17:00~20:00,通過量,20104,14129,5975,5750,7511,2502,1281,1370,2358,7304,1785,899,2382,2238,5367,2755,975,1637,3626,1387,893,1346,2957,1063,1894,3240,1551,1689,741,741,6263,2092,1312,1890,969,12074,1084,4666,4885,1439,8114,4086,4028,8180,4149,4031,4724,1155,3569,0,0
2026-08-02,17:00~20:00,平均停等延滯,68.4,84.2,31.0,102.5,25.8,36.4,45.3,1.6,18.2,84.7,42.5,73.6,87.2,120.3,41.8,41.6,37.7,44.5,42.2,16.8,28.5,77.5,6.7,6.6,6.8,12.5,14.1,11.0,31.4,31.4,16.2,22.5,0.6,11.5,32.8,15.4,27.4,12.6,17.5,8.2,9.6,19.0,0.1,25.2,35.3,14.9,25.2,27.2,24.5,0.0,0.0
2026-08-02,10:00~12:00,總停等延滯,766943.0,629525.0,137418.0,269095.0,104461.0,38897.0,35459.0,1082.0,29023.0,276691.0,44700.0,35973.0,114150.0,81868.0,153005.0,93609.0,22606.0,36790.0,95368.0,8034.0,18047.0,69287.0,15479.0,2827.0,12652.0,45943.0,10365.0,35578.0,14331.0,14331.0,61665.0,16209.0,1802.0,27700.0,15954.0,76997.0,17575.0,39530.0,18050.0,1842.0,11050.0,10806.0,244.0,102428.0,55534.0,46894.0,78620.0,7355.0,71265.0,0.0,0.0,184.8,458.4,142.8,136.2,339.7,1016.3,206.1,205.8,118.2,183.6,153.0,140.2,138.1,610.2,423.3,168.9,0.0,121.3,91.6,101.6,106.1
2026-08-02,10:00~12:00,通過量,12602,8310,4292,4684,4194,1935,920,637,702,4305,983,564,1618,1140,3408,1957,685,766,2282,684,668,930,1864,441,1423,2111,639,1472,502,502,4275,926,1073,1800,476,7741,1001,3683,2491,566,5292,1999,3293,5471,2186,3285,3332,533,2799,0,0
2026-08-02,10:00~12:00,平均停等延滯,60.9,75.8,32.0,57.4,24.9,20.1,38.5,1.7,41.3,64.3,45.5,63.8,70.6,71.8,44.9,47.8,33.0,48.0,41.8,11.7,27.0,74.5,8.3,6.4,8.9,21.8,16.2,24.2,28.5,28.5,14.4,17.5,1.7,15.4,33.5,9.9,17.6,10.7,7.2,3.3,2.1,5.4,0.1,18.7,25.4,14.3,23.6,13.8,25.5,0.0,0.0
2026-08-02,14:00~16:00,總停等延滯,1220847.0,1052407.0,168440.0,376494.0,256017.0,71497.0,61275.0,1274.0,121971.0,482671.0,67456.0,75341.0,159549.0,180325.0,202788.0,97681.0,25005.0,80102.0,110931.0,14853.0,18916.0,77162.0,21375.0,5318.0,16057.0,44199.0,13565.0,30634.0,19904.0,19904.0,82962.0,33996.0,3528.0,23667.0,21771.0,130938.0,20672.0,45535.0,56209.0,8522.0,46100.0,45646.0,454.0,112090.0,63456.0,48634.0,87366.0,13896.0,73470.0,0.0,0.0,172.3,480.9,164.8,182.8,282.2,822.3,180.6,287.0,151.5,173.7,112.8,169.5,174.1,332.5,461.8,159.8,0.0,86.7,93.6,180.5,104.2
2026-08-02,14:00~16:00,通過量,15373,10627,4746,5218,5499,2039,1096,895,1469,5637,1322,859,1769,1687,4324,2508,775,1041,2632,971,740,921,2289,688,1601,2674,1091,1583,651,651,4925,1518,1251,1590,566,9961,1153,4065,3711,1032,6181,2781,3400,6183,2723,3460,3671,714,2957,0,0
2026-08-02,14:00~16:00,平均停等延滯,79.4,99.0,35.5,72.2,46.6,35.1,55.9,1.4,83.0,85.6,51.0,87.7,90.2,106.9,46.9,38.9,32.3,76.9,42.1,15.3,25.6,83.8,9.3,7.7,10.0,16.5,12.4,19.4,30.6,30.6,16.8,22.4,2.8,14.9,38.5,13.1,17.9,11.2,15.1,8.3,7.5,16.4,0.1,18.1,23.3,14.1,23.8,19.5,24.8,0.0,0.0
2026-08-02,16:00~19:00,總停等延滯,1615286.0,1400131.0,215155.0,672500.0,239913.0,109832.0,67249.0,2083.0,60749.0,721576.0,83748.0,78916.0,250268.0,308644.0,262343.0,139142.0,45074.0,78127.0,176299.0,24475.0,30269.0,121555.0,21832.0,6600.0,15232.0,57585.0,29166.0,28419.0,24338.0,24338.0,111400.0,49056.0,1412.0,25770.0,35162.0,201678.0,29715.0,63403.0,94873.0,13687.0,97610.0,96622.0,988.0,234895.0,164657.0,70238.0,138317.0,38955.0,99362.0,0.0,0.0,182.7,459.5,182.0,143.9,286.8,829.2,178.6,505.4,160.0,184.7,104.0,177.8,147.1,361.7,443.8,160.4,0.0,85.8,92.2,240.5,247.9
2026-08-02,16:00~19:00,通過量,21648,15095,6553,6291,7983,2713,1483,1331,2456,7638,1844,984,2485,2325,6024,3238,1083,1703,3767,1419,1002,1346,3161,1118,2043,3512,1669,1843,826,826,6861,2252,1442,2076,1091,13139,1202,5089,5224,1624,8812,4223,4589,8662,4194,4468,5342,1370,3972,0,0
2026-08-02,16:00~19:00,平均停等延滯,74.6,92.8,32.8,106.9,30.1,40.5,45.3,1.6,24.7,94.5,45.4,80.2,100.7,132.8,43.5,43.0,41.6,45.9,46.8,17.2,30.2,90.3,6.9,5.9,7.5,16.4,17.5,15.4,29.5,29.5,16.2,21.8,1.0,12.4,32.2,15.3,24.7,12.5,18.2,8.4,11.1,22.9,0.2,27.1,39.3,15.7,25.9,28.4,25.0,0.0,0.0
2026-08-02,20:00~23:00,總停等延滯,813361.0,698613.0,114748.0,359297.0,120314.0,63465.0,27030.0,2062.0,27757.0,372962.0,57248.0,51511.0,100271.0,163932.0,123188.0,59064.0,17790.0,46334.0,82149.0,18515.0,15314.0,48320.0,7618.0,3913.0,3705.0,34262.0,16490.0,17772.0,12921.0,12921.0,59947.0,41070.0,82.0,8309.0,10486.0,128339.0,23708.0,45891.0,54902.0,3838.0,45480.0,45276.0,204.0,132332.0,93449.0,38883.0,53146.0,3858.0,49288.0,0.0,0.0,165.3,334.9,173.1,179.1,268.8,542.8,178.0,320.7,125.6,163.2,101.6,166.0,200.6,193.1,352.2,137.3,0.0,97.1,86.6,170.1,182.5
2026-08-02,20:00~23:00,通過量,13055,9643,3412,4259,5475,1995,684,1270,1526,5836,1410,641,2010,1775,3220,1551,516,1153,2433,1080,520,833,1789,762,1027,1960,1085,875,441,441,3710,1501,896,973,340,8867,717,3542,3767,841,6377,3410,2967,6313,3363,2950,3090,523,2567,0,0
2026-08-02,20:00~23:00,平均停等延滯,62.3,72.4,33.6,84.4,22.0,31.8,39.5,1.6,18.2,63.9,40.6,80.4,49.9,92.4,38.3,38.1,34.5,40.2,33.8,17.1,29.4,58.0,4.3,5.1,3.6,17.5,15.2,20.3,29.3,29.3,16.2,27.4,0.1,8.5,30.8,14.5,33.1,13.0,14.6,4.6,7.1,13.3,0.1,21.0,27.8,13.2,17.2,7.4,19.2,0.0,0.0
2026-08-03,07:00~09:00,總停等延滯,620905.0,506630.0,114275.0,324599.0,99255.0,52683.0,26400.0,1238.0,18934.0,199146.0,34123.0,22806.0,45105.0,97112.0,108342.0,47459.0,33316.0,27567.0,99887.0,11336.0,17171.0,71380.0,17830.0,2900.0,14930.0,8059.0,4776.0,3283.0,13180.0,13180.0,75206.0,25962.0,5149.0,34140.0,9955.0,139854.0,22964.0,54978.0,47620.0,14292.0,50965.0,50569.0,396.0,99178.0,61505.0,37673.0,34602.0,2869.0,31733.0,0.0,0.0,146.3,186.6,188.6,129.0,210.6,374.6,171.1,381.9,115.8,146.5,64.0,198.1,128.2,190.0,190.4,0.0,0.0,84.4,85.2,233.5,183.7
2026-08-03,07:00~09:00,通過量,13228,8247,4981,4607,3888,1615,859,780,634,4374,1012,411,1584,1367,2877,1262,838,777,2514,768,619,1127,2254,673,1581,2437,961,1476,581,581,5154,1427,1314,1960,453,10099,814,3793,4079,1413,5825,2997,2828,5660,2960,2700,3021,750,2271,0,0
2026-08-03,07:00~09:00,平均停等延滯,46.9,61.4,22.9,70.5,25.5,32.6,30.7,1.6,29.9,45.5,33.7,55.5,28.5,71.0,37.7,37.6,39.8,35.5,39.7,14.8,27.7,63.3,7.9,4.3,9.4,3.3,5.0,2.2,22.7,22.7,14.6,18.2,3.9,17.4,22.0,13.8,28.2,14.5,11.7,10.1,8.7,16.9,0.1,17.5,20.8,14.0,11.5,3.8,14.0,0.0,0.0
2026-08-03,10:00~17:00,總停等延滯,1585222.0,1287430.0,297792.0,827413.0,307157.0,125690.0,76840.0,3494.0,101133.0,442600.0,90605.0,51637.0,177349.0,123009.0,296868.0,143719.0,66140.0,87009.0,240805.0,30660.0,50222.0,159923.0,41947.0,7153.0,34794.0,61769.0,19308.0,42461.0,34913.0,34913.0,159163.0,69011.0,1546.0,45738.0,42868.0,302160.0,70852.0,132988.0,75204.0,23116.0,58269.0,55568.0,2701.0,212150.0,143135.0,69015.0,254834.0,16865.0,87253.0,48663.0,102053.0,156.4,254.7,182.3,162.2,214.8,497.0,200.7,267.6,114.7,157.6,58.4,190.6,162.1,245.2,250.4,171.9,0.0,78.2,115.2,105.2,160.6
2026-08-03,10:00~17:00,通過量,37846,25117,12729,22132,13636,5523,2748,2537,2828,13007,2937,1414,5700,2956,9264,5205,1441,2618,7598,2009,1960,3629,5901,1958,3943,6585,2920,3665,1634,1634,13025,3888,3369,4317,1451,29007,2714,12457,10535,3301,17786,8534,9252,17496,8526,8970,16519,1657,7901,1312,5649
2026-08-03,10:00~17:00,平均停等延滯,41.9,51.3,23.4,37.4,22.5,22.8,28.0,1.4,35.8,34.0,30.8,36.5,31.1,41.6,32.0,27.6,45.9,33.2,31.7,15.3,25.6,44.1,7.1,3.7,8.8,9.4,6.6,11.6,21.4,21.4,12.2,17.7,0.5,10.6,29.5,10.4,26.1,10.7,7.1,7.0,3.3,6.5,0.3,12.1,16.8,7.7,15.4,10.2,11.0,37.1,18.1
2026-08-03,17:00~20:00,總停等延滯,924411.0,735177.0,189234.0,400132.0,156086.0,56123.0,38766.0,1768.0,59429.0,289710.0,49712.0,39162.0,81804.0,119032.0,173948.0,80480.0,35484.0,57984.0,115433.0,21374.0,21425.0,72634.0,21300.0,6436.0,14864.0,37752.0,11850.0,25902.0,21592.0,21592.0,108590.0,46602.0,2162.0,31994.0,27832.0,170105.0,30988.0,60140.0,71427.0,7550.0,34457.0,33085.0,1372.0,88514.0,56382.0,32132.0,107056.0,8010.0,48728.0,19567.0,30751.0,152.8,276.8,194.1,157.3,219.4,446.8,157.2,257.6,109.7,153.2,66.6,204.4,158.8,165.1,313.3,153.4,0.0,76.7,79.5,98.0,174.8
2026-08-03,17:00~20:00,通過量,19231,12544,6687,10389,6290,2579,1218,1040,1453,6016,1353,758,2285,1620,4835,2547,726,1562,3843,1215,939,1689,2905,1216,1689,3444,1701,1743,904,904,6939,2372,1420,2297,850,12786,1494,6043,4101,1148,7629,3256,4373,7402,3105,4297,7462,873,3737,524,2328
2026-08-03,17:00~20:00,平均停等延滯,48.1,58.6,28.3,38.5,24.8,21.8,31.8,1.7,40.9,48.2,36.7,51.7,35.8,73.5,36.0,31.6,48.9,37.1,30.0,17.6,22.8,43.0,7.3,5.3,8.8,11.0,7.0,14.9,23.9,23.9,15.6,19.6,1.5,13.9,32.7,13.3,20.7,10.0,17.4,6.6,4.5,10.2,0.3,12.0,18.2,7.5,14.3,9.2,13.0,37.3,13.2
2026-08-03,10:00~12:00,總停等延滯,438686.0,364390.0,74296.0,242689.0,98083.0,45336.0,25541.0,947.0,26259.0,119110.0,27339.0,12901.0,45135.0,33735.0,78263.0,39195.0,18036.0,21032.0,68934.0,9689.0,12998.0,46247.0,12678.0,1701.0,10977.0,11923.0,4051.0,7872.0,8934.0,8934.0,40761.0,17358.0,285.0,13560.0,9558.0,83116.0,23112.0,47295.0,6028.0,6681.0,6209.0,5868.0,341.0,77190.0,47668.0,29522.0,76174.0,7369.0,29850.0,10397.0,28558.0,147.6,193.0,166.9,171.4,205.6,396.3,175.8,293.5,111.6,148.0,58.1,166.3,166.4,211.1,193.1,0.0,0.0,83.6,92.7,85.5,169.0
2026-08-03,10:00~12:00,通過量,10112,6615,3497,5559,3487,1474,818,597,598,3614,844,399,1554,817,2483,1466,400,617,2032,540,536,956,1669,489,1180,1819,748,1071,422,422,3628,1042,986,1273,327,7924,793,3265,2907,959,4869,2275,2594,4874,2303,2571,4155,461,2193,267,1234
2026-08-03,10:00~12:00,平均停等延滯,43.4,55.1,21.2,43.7,28.1,30.8,31.2,1.6,43.9,33.0,32.4,32.3,29.0,41.3,31.5,26.7,45.1,34.1,33.9,17.9,24.2,48.4,7.6,3.5,9.3,6.6,5.4,7.4,21.2,21.2,11.2,16.7,0.3,10.7,29.2,10.5,29.1,14.5,2.1,7.0,1.3,2.6,0.1,15.8,20.7,11.5,18.3,16.0,13.6,38.9,23.1
2026-08-03,14:00~16:00,總停等延滯,487698.0,397182.0,90516.0,235630.0,89115.0,30740.0,22827.0,1083.0,34465.0,141173.0,24836.0,17992.0,59010.0,39335.0,92441.0,43637.0,19770.0,29034.0,74453.0,7425.0,12702.0,54326.0,12618.0,2072.0,10546.0,18757.0,5315.0,13442.0,12124.0,12124.0,47017.0,24369.0,444.0,11210.0,10994.0,84013.0,19722.0,34033.0,23339.0,6919.0,21263.0,20350.0,913.0,57608.0,41044.0,16564.0,72746.0,3634.0,23605.0,16814.0,28693.0,150.9,285.3,177.3,156.4,208.8,498.0,250.5,231.8,132.8,150.9,57.9,188.4,158.3,215.2,250.1,207.0,0.0,73.6,153.2,98.2,138.5
2026-08-03,14:00~16:00,通過量,10913,7224,3689,6328,3943,1495,726,773,949,3520,712,401,1576,831,2617,1432,416,769,2198,561,514,1123,1652,566,1086,1911,883,1028,541,541,3718,1136,1008,1154,420,8106,617,3457,3097,935,4981,2529,2452,4897,2539,2358,4850,456,2140,430,1824
2026-08-03,14:00~16:00,平均停等延滯,44.7,55.0,24.5,37.2,22.6,20.6,31.4,1.4,36.3,40.1,34.9,44.9,37.4,47.3,35.3,30.5,47.5,37.8,33.9,13.2,24.7,48.4,7.6,3.7,9.7,9.8,6.0,13.1,22.4,22.4,12.6,21.5,0.4,9.7,26.2,10.4,32.0,9.8,7.5,7.4,4.3,8.0,0.4,11.8,16.2,7.0,15.0,8.0,11.0,39.1,15.7
2026-08-03,16:00~19:00,總停等延滯,924672.0,714606.0,210066.0,461207.0,152470.0,53613.0,38155.0,1593.0,59109.0,270414.0,49354.0,34713.0,81883.0,104464.0,171549.0,77869.0,35482.0,58198.0,120173.0,20373.0,24314.0,75486.0,21500.0,6923.0,14577.0,42182.0,15936.0,26246.0,23225.0,23225.0,123159.0,48679.0,2540.0,38096.0,33844.0,220133.0,38222.0,71753.0,100639.0,9519.0,46644.0,44608.0,2036.0,84676.0,55584.0,29092.0,109754.0,6686.0,43531.0,21947.0,37590.0,151.2,308.2,183.2,162.7,217.7,511.2,156.1,272.8,102.6,151.5,66.5,195.3,165.3,199.7,351.8,169.5,0.0,79.6,75.4,114.6,176.8
2026-08-03,16:00~19:00,通過量,20303,13039,7264,11071,6758,2765,1293,1132,1568,6060,1447,717,2303,1593,5077,2694,744,1639,3940,1220,1014,1706,3088,1286,1802,3617,1795,1822,992,992,7558,2572,1563,2466,957,13557,1567,6555,4154,1281,7931,3402,4529,7666,3294,4372,7717,968,3800,584,2365
2026-08-03,16:00~19:00,平均停等延滯,45.5,54.8,28.9,41.7,22.6,19.4,29.5,1.4,37.7,44.6,34.1,48.4,35.6,65.6,33.8,28.9,47.7,35.5,30.5,16.7,24.0,44.2,7.0,5.4,8.1,11.7,8.9,14.4,23.4,23.4,16.3,18.9,1.6,15.4,35.4,16.2,24.4,10.9,24.2,7.4,5.9,13.1,0.4,11.0,16.9,6.7,14.2,6.9,11.5,37.6,15.9
2026-08-03,20:00~23:00,總停等延滯,458754.0,371613.0,87141.0,165315.0,81392.0,31094.0,16222.0,1305.0,32771.0,160217.0,24980.0,26711.0,54035.0,54491.0,74984.0,38185.0,10753.0,26046.0,55020.0,13385.0,11249.0,30386.0,6823.0,2041.0,4782.0,28794.0,6583.0,22211.0,8655.0,8655.0,42869.0,34510.0,60.0,3224.0,5075.0,49776.0,16382.0,27551.0,4864.0,979.0,6609.0,6393.0,216.0,53296.0,35072.0,18224.0,55634.0,1055.0,24766.0,11617.0,18196.0,148.8,203.4,202.1,226.6,224.6,318.5,254.7,215.0,124.3,151.7,74.0,187.3,236.3,134.9,206.5,117.1,0.0,106.7,166.8,78.5,160.3
2026-08-03,20:00~23:00,通過量,9333,6479,2854,5874,3701,1445,631,836,789,3673,819,429,1418,1007,2218,1220,299,699,1887,707,414,766,1296,526,770,1366,686,680,398,398,2935,1005,855,809,266,6775,635,3064,2549,527,4472,2154,2318,4523,2216,2307,4506,359,1972,399,1776
2026-08-03,20:00~23:00,平均停等延滯,49.2,57.4,30.5,28.1,22.0,21.5,25.7,1.6,41.5,43.6,30.5,62.3,38.1,54.1,33.8,31.3,36.0,37.3,29.2,18.9,27.2,39.7,5.3,3.9,6.2,21.1,9.6,32.7,21.7,21.7,14.6,34.3,0.1,4.0,19.1,7.3,25.8,9.0,1.9,1.9,1.5,3.0,0.1,11.8,15.8,7.9,12.3,2.9,12.6,29.1,10.2
2026-08-04,07:00~09:00,總停等延滯,591611.0,476056.0,115555.0,279762.0,85658.0,36480.0,27916.0,1298.0,19964.0,190985.0,33038.0,18882.0,51782.0,87283.0,109460.0,49256.0,34357.0,25847.0,89953.0,8907.0,17848.0,63198.0,17000.0,3063.0,13937.0,8897.0,4252.0,4645.0,13608.0,13608.0,76050.0,26820.0,2555.0,37216.0,9459.0,107656.0,19301.0,43995.0,28034.0,16326.0,34738.0,33730.0,1008.0,66320.0,46520.0,19800.0,71048.0,3085.0,28167.0,18532.0,21264.0,146.5,189.4,150.3,146.3,202.1,495.0,209.1,265.3,115.2,146.4,55.5,153.2,147.1,275.8,190.3,139.6,0.0,129.6,80.6,152.2,126.9
2026-08-04,07:00~09:00,通過量,12804,7927,4877,6673,3802,1488,830,850,634,4158,964,356,1540,1298,2806,1266,810,730,2468,687,657,1124,2260,646,1614,2332,938,1394,599,599,5119,1487,1332,1883,417,9310,707,3365,3816,1422,5498,2987,2511,5405,2895,2510,5358,743,2014,525,2076
2026-08-04,07:00~09:00,平均停等延滯,46.2,60.1,23.7,41.9,22.5,24.5,33.6,1.5,31.5,45.9,34.3,53.0,33.6,67.2,39.0,38.9,42.4,35.4,36.4,13.0,27.2,56.2,7.5,4.7,8.6,3.8,4.5,3.3,22.7,22.7,14.9,18.0,1.9,19.8,22.7,11.6,27.3,13.1,7.3,11.5,6.3,11.3,0.4,12.3,16.1,7.9,13.3,4.2,14.0,35.3,10.2
2026-08-04,10:00~17:00,總停等延滯,1486062.0,1216440.0,269622.0,701786.0,282072.0,105726.0,74322.0,4030.0,97994.0,446020.0,104801.0,53995.0,163516.0,123708.0,282462.0,142299.0,62807.0,77356.0,205886.0,28970.0,41661.0,135255.0,42600.0,9995.0,32605.0,59625.0,17087.0,42538.0,33218.0,33218.0,134179.0,66189.0,599.0,38581.0,28810.0,250178.0,62504.0,125733.0,39181.0,22760.0,58278.0,56120.0,2158.0,197045.0,141430.0,55615.0,196285.0,11931.0,75150.0,41570.0,67634.0,153.9,207.8,190.3,179.2,215.2,462.2,222.6,231.6,112.4,153.9,61.4,195.1,179.4,251.0,211.6,129.9,0.0,90.8,137.4,116.1,141.6
2026-08-04,10:00~17:00,通過量,36749,24606,12143,22375,13316,5650,2490,2481,2695,12838,2935,1455,5421,3027,8563,4796,1286,2481,7519,1997,1752,3770,6060,2319,3741,6163,2744,3419,1649,1649,12090,3915,2799,4165,1211,29349,3173,11986,10765,3425,17731,8345,9386,17282,8211,9071,16540,1553,7771,1399,5817
2026-08-04,10:00~17:00,平均停等延滯,40.4,49.4,22.2,31.4,21.2,18.7,29.8,1.6,36.4,34.7,35.7,37.1,30.2,40.9,33.0,29.7,48.8,31.2,27.4,14.5,23.8,35.9,7.0,4.3,8.7,9.7,6.2,12.4,20.1,20.1,11.1,16.9,0.2,9.3,23.8,8.5,19.7,10.5,3.6,6.6,3.3,6.7,0.2,11.4,17.2,6.1,11.9,7.7,9.7,29.7,11.6
2026-08-04,17:00~20:00,總停等延滯,878739.0,697951.0,180788.0,361814.0,136999.0,53168.0,36589.0,1647.0,45595.0,296700.0,45293.0,37320.0,91699.0,122388.0,163840.0,82801.0,31165.0,49874.0,100412.0,21007.0,22777.0,56628.0,22583.0,6439.0,16144.0,35501.0,9850.0,25651.0,21035.0,21035.0,101669.0,44195.0,1401.0,30101.0,25972.0,133958.0,29577.0,60150.0,37226.0,7005.0,29587.0,27520.0,2067.0,84713.0,52052.0,32661.0,113556.0,7985.0,53592.0,18696.0,33283.0,147.9,323.5,154.3,152.9,221.8,486.2,156.3,221.0,111.1,147.9,73.9,154.8,162.8,165.1,281.1,141.7,0.0,82.8,72.5,87.7,129.1
2026-08-04,17:00~20:00,通過量,18266,11755,6511,9952,6111,2568,1129,1077,1337,5658,1271,721,2073,1593,4774,2726,657,1391,3576,1217,963,1396,2878,1178,1700,3372,1615,1757,927,927,6589,2183,1302,2284,820,12087,1523,5662,3752,1150,7277,2981,4296,7245,2996,4249,7045,800,3478,612,2155
2026-08-04,17:00~20:00,平均停等延滯,48.1,59.4,27.8,36.4,22.4,20.7,32.4,1.5,34.1,52.4,35.6,51.8,44.2,76.8,34.3,30.4,47.4,35.9,28.1,17.3,23.7,40.6,7.8,5.5,9.5,10.5,6.1,14.6,22.7,22.7,15.4,20.2,1.1,13.2,31.7,11.1,19.4,10.6,9.9,6.1,4.1,9.2,0.5,11.7,17.4,7.7,16.1,10.0,15.4,30.5,15.4
2026-08-04,10:00~12:00,總停等延滯,463965.0,384348.0,79617.0,219578.0,92663.0,36115.0,22285.0,1046.0,33217.0,143084.0,29569.0,17496.0,57350.0,38669.0,81141.0,44203.0,18431.0,18507.0,67460.0,8284.0,12844.0,46332.0,12164.0,2000.0,10164.0,17448.0,3220.0,14228.0,9392.0,9392.0,40613.0,19701.0,223.0,14155.0,6534.0,79673.0,21124.0,41492.0,9460.0,7597.0,9101.0,8446.0,655.0,73594.0,51530.0,22064.0,57210.0,1150.0,27925.0,11980.0,16155.0,153.1,202.3,186.6,158.6,210.7,481.3,372.5,227.6,118.3,152.7,57.6,188.7,160.9,285.9,207.7,133.0,0.0,105.9,261.8,98.0,142.8
2026-08-04,10:00~12:00,通過量,10054,6625,3429,6201,3559,1601,691,606,661,3560,837,373,1528,822,2193,1257,397,539,2082,541,467,1074,1730,558,1172,1712,679,1033,470,470,3401,1000,818,1295,288,8226,865,3390,2930,1041,4742,2243,2499,4711,2202,2509,4495,391,2158,365,1581
2026-08-04,10:00~12:00,平均停等延滯,46.1,58.0,23.2,35.4,26.0,22.6,32.3,1.7,50.3,40.2,35.3,46.9,37.5,47.0,37.0,35.2,46.4,34.3,32.4,15.3,27.5,43.1,7.0,3.6,8.7,10.2,4.7,13.8,20.0,20.0,11.9,19.7,0.3,10.9,22.7,9.7,24.4,12.2,3.2,7.3,1.9,3.8,0.3,15.6,23.4,8.8,12.7,2.9,12.9,32.8,10.2
2026-08-04,14:00~16:00,總停等延滯,360061.0,290294.0,69767.0,176261.0,66126.0,24696.0,18610.0,1109.0,21711.0,102250.0,29441.0,11237.0,36539.0,25033.0,69525.0,34382.0,13817.0,21326.0,52393.0,6986.0,10337.0,35070.0,11691.0,3001.0,8690.0,13100.0,6222.0,6878.0,9549.0,9549.0,35427.0,19138.0,68.0,9946.0,6275.0,61766.0,15009.0,31924.0,7542.0,7291.0,19822.0,19123.0,699.0,44261.0,31824.0,12437.0,50412.0,5489.0,15454.0,10195.0,19274.0,156.4,203.1,176.4,192.3,220.3,412.2,169.5,nan,109.6,156.9,64.1,189.2,194.2,254.4,196.2,115.8,0.0,82.1,89.8,250.6,0.0
2026-08-04,14:00~16:00,通過量,10456,6963,3493,6397,3815,1616,666,741,792,3628,819,473,1509,827,2468,1393,314,761,2055,541,439,1075,1688,700,988,1748,841,907,507,507,3558,1272,782,1160,344,8613,979,3375,3311,948,5289,2565,2724,5066,2467,2599,4670,481,2146,387,1656
2026-08-04,14:00~16:00,平均停等延滯,34.4,41.7,20.0,27.6,17.3,15.3,27.9,1.5,27.4,28.2,35.9,23.8,24.2,30.3,28.2,24.7,44.0,28.0,25.5,12.9,23.5,32.6,6.9,4.3,8.8,7.5,7.4,7.6,18.8,18.8,10.0,15.0,0.1,8.6,18.2,7.2,15.3,9.5,2.3,7.7,3.7,7.5,0.3,8.7,12.9,4.8,10.8,11.4,7.2,26.3,11.6
2026-08-04,16:00~19:00,總停等延滯,879058.0,690976.0,188082.0,403067.0,140869.0,54174.0,37576.0,1861.0,47258.0,279020.0,47471.0,34594.0,86367.0,110588.0,166013.0,82883.0,35461.0,47669.0,105074.0,21494.0,21999.0,61581.0,23402.0,6778.0,16624.0,32673.0,11664.0,21009.0,20983.0,20983.0,111024.0,48191.0,1621.0,31295.0,29917.0,160498.0,33597.0,68556.0,49654.0,8691.0,41074.0,38892.0,2182.0,88135.0,57486.0,30649.0,113360.0,10380.0,49808.0,19236.0,33936.0,147.7,304.5,182.2,175.9,220.9,506.5,164.7,236.6,107.2,147.8,73.3,184.2,167.3,189.3,249.9,150.1,0.0,83.7,82.5,90.3,135.0
2026-08-04,16:00~19:00,通過量,19161,12234,6927,10619,6431,2655,1256,1130,1390,5765,1297,691,2208,1569,4862,2709,690,1463,3738,1218,987,1533,3098,1303,1795,3615,1773,1842,985,985,7013,2374,1406,2382,851,13060,1687,6107,3944,1322,7746,3193,4553,7500,3134,4366,7321,871,3625,597,2228
2026-08-04,16:00~19:00,平均停等延滯,45.9,56.5,27.2,38.0,21.9,20.4,29.9,1.6,34.0,48.4,36.6,50.1,39.1,70.5,34.1,30.6,51.4,32.6,28.1,17.6,22.3,40.2,7.6,5.2,9.3,9.0,6.6,11.4,21.3,21.3,15.8,20.3,1.2,13.1,35.2,12.3,19.9,11.2,12.6,6.6,5.3,12.2,0.5,11.8,18.3,7.0,15.5,11.9,13.7,32.2,15.2
2026-08-04,20:00~23:00,總停等延滯,460013.0,367241.0,92772.0,187205.0,69506.0,26645.0,14292.0,1243.0,27326.0,163528.0,27856.0,31468.0,50681.0,53523.0,81268.0,38985.0,11284.0,30999.0,52939.0,13921.0,9428.0,29590.0,8356.0,2071.0,6285.0,34453.0,6718.0,27735.0,8254.0,8254.0,41709.0,32447.0,76.0,3349.0,5837.0,61294.0,18547.0,30153.0,11269.0,1325.0,6808.0,6531.0,277.0,62859.0,39404.0,23455.0,56244.0,498.0,25252.0,12732.0,17762.0,146.5,271.0,208.8,209.6,213.2,556.3,145.2,287.8,97.2,147.6,66.2,198.3,186.8,254.0,278.3,132.3,0.0,84.4,60.5,67.3,211.1
2026-08-04,20:00~23:00,通過量,9252,6439,2813,6238,3659,1469,594,810,786,3669,844,421,1414,990,2247,1208,340,699,1855,715,360,780,1365,562,803,1421,748,673,314,314,3126,1189,872,776,289,7353,678,3318,2813,544,4724,2296,2428,4728,2311,2417,4703,393,2068,396,1846
2026-08-04,20:00~23:00,平均停等延滯,49.7,57.0,33.0,30.0,19.0,18.1,24.1,1.5,34.8,44.6,33.0,74.7,35.8,54.1,36.2,32.3,33.2,44.3,28.5,19.5,26.2,37.9,6.1,3.7,7.8,24.2,9.0,41.2,26.3,26.3,13.3,27.3,0.1,4.3,20.2,8.3,27.4,9.1,4.0,2.4,1.4,2.8,0.1,13.3,17.1,9.7,12.0,1.3,12.2,32.2,9.6
2026-08-05,07:00~09:00,總停等延滯,678281.0,512218.0,166063.0,213943.0,90619.0,36001.0,27013.0,1303.0,26302.0,204918.0,39057.0,18953.0,51283.0,95625.0,115923.0,51780.0,35811.0,28332.0,100758.0,11214.0,19268.0,70276.0,12897.0,3253.0,9644.0,28649.0,10775.0,17874.0,13691.0,13691.0,110826.0,44115.0,8647.0,44773.0,13291.0,28832.0,2076.0,6154.0,7717.0,12885.0,45932.0,44676.0,1256.0,62107.0,47050.0,15057.0,77072.0,4165.0,27543.0,21626.0,23738.0,146.4,177.9,191.9,165.0,202.0,447.7,144.7,424.3,108.7,146.6,56.2,185.3,168.6,254.2,178.6,0.0,0.0,79.4,65.2,153.7,235.5
2026-08-05,07:00~09:00,通過量,13363,8355,5008,5782,4034,1785,813,769,667,4217,1020,382,1501,1314,2915,1344,838,733,2558,735,702,1121,2249,664,1585,2438,955,1483,601,601,5172,1429,1377,1941,425,8477,791,2385,3904,1397,5691,2855,2836,5642,2933,2709,5539,714,2219,610,1996
2026-08-05,07:00~09:00,平均停等延滯,50.8,61.3,33.2,37.0,22.5,20.2,33.2,1.7,39.4,48.6,38.3,49.6,34.2,72.8,39.8,38.5,42.7,38.7,39.4,15.3,27.4,62.7,5.7,4.9,6.1,11.8,11.3,12.1,22.8,22.8,21.4,30.9,6.3,23.1,31.3,3.4,2.6,2.6,2.0,9.2,8.1,15.6,0.4,11.0,16.0,5.6,13.9,5.8,12.4,35.5,11.9
2026-08-05,10:00~17:00,總停等延滯,1671792.0,1379243.0,292549.0,577151.0,320934.0,115711.0,76388.0,3686.0,125149.0,500273.0,96370.0,65054.0,193495.0,145354.0,315128.0,162496.0,70274.0,82358.0,242908.0,30537.0,46076.0,166295.0,46269.0,7957.0,38312.0,67266.0,17019.0,50247.0,33520.0,33520.0,145494.0,69695.0,1413.0,38243.0,36143.0,92253.0,9017.0,20859.0,36887.0,25490.0,67852.0,65253.0,2599.0,207244.0,146793.0,60451.0,209802.0,12650.0,91619.0,48938.0,56595.0,161.4,309.0,186.7,171.2,222.0,589.7,295.5,241.7,110.8,164.3,61.0,191.3,162.6,282.8,320.9,0.0,0.0,114.9,183.3,102.5,139.3
2026-08-05,10:00~17:00,通過量,36771,24466,12305,19317,13762,5610,2598,2733,2821,12612,2845,1373,5417,2977,8800,4890,1519,2391,7120,1943,1775,3402,6065,2066,3999,6504,2831,3673,1580,1580,12620,3961,3001,4368,1290,25912,3688,7787,11005,3432,17986,8738,9248,17359,8420,8939,17184,1629,7713,1521,6321
2026-08-05,10:00~17:00,平均停等延滯,45.5,56.4,23.8,29.9,23.3,20.6,29.4,1.3,44.4,39.7,33.9,47.4,35.7,48.8,35.8,33.2,46.3,34.4,34.1,15.7,26.0,48.9,7.6,3.9,9.6,10.3,6.0,13.7,21.2,21.2,11.5,17.6,0.5,8.8,28.0,3.6,2.4,2.7,3.4,7.4,3.8,7.5,0.3,11.9,17.4,6.8,12.2,7.8,11.9,32.2,9.0
2026-08-05,17:00~20:00,總停等延滯,902956.0,724975.0,177981.0,250111.0,147173.0,51789.0,36747.0,1632.0,57005.0,283789.0,46381.0,39206.0,78942.0,119260.0,178568.0,87235.0,36781.0,54552.0,115445.0,20209.0,20909.0,74327.0,22271.0,5934.0,16337.0,32269.0,10182.0,22087.0,21112.0,21112.0,102329.0,44689.0,2596.0,32680.0,22364.0,51400.0,4119.0,7743.0,35103.0,4435.0,23474.0,22555.0,919.0,79729.0,45334.0,34395.0,95508.0,4020.0,48326.0,19405.0,23757.0,148.7,190.5,198.6,165.8,213.0,437.6,149.4,272.3,140.7,148.8,64.1,210.1,163.9,258.1,186.8,135.8,0.0,87.0,63.3,120.0,136.9
2026-08-05,17:00~20:00,通過量,18713,12068,6645,8082,6147,2480,1242,1072,1353,5887,1277,712,2133,1765,4626,2513,770,1343,3582,1179,936,1467,3052,1199,1853,3519,1730,1789,852,852,6908,2314,1421,2401,772,10031,1552,3555,3820,1104,7319,2987,4332,7138,2948,4190,7426,828,3623,565,2410
2026-08-05,17:00~20:00,平均停等延滯,48.3,60.1,26.8,30.9,23.9,20.9,29.6,1.5,42.1,48.2,36.3,55.1,37.0,67.6,38.6,34.7,47.8,40.6,32.2,17.1,22.3,50.7,7.3,4.9,8.8,9.2,5.9,12.3,24.8,24.8,14.8,19.3,1.8,13.6,29.0,5.1,2.7,2.2,9.2,4.0,3.2,7.6,0.2,11.2,15.4,8.2,12.9,4.9,13.3,34.3,9.9
2026-08-05,10:00~12:00,總停等延滯,465757.0,393995.0,71762.0,169930.0,93019.0,33624.0,22223.0,993.0,36179.0,145521.0,25647.0,22666.0,57460.0,39748.0,89224.0,49192.0,18995.0,21037.0,66231.0,6650.0,13902.0,45679.0,12637.0,1770.0,10867.0,11659.0,3120.0,8539.0,9134.0,9134.0,38332.0,18280.0,80.0,11049.0,8923.0,24730.0,2178.0,6844.0,7508.0,8200.0,15427.0,14667.0,760.0,68104.0,48744.0,19360.0,61669.0,4913.0,30757.0,14125.0,11874.0,149.1,223.8,197.3,142.3,206.1,413.4,290.0,203.7,107.2,149.3,57.1,198.0,135.1,219.5,225.9,0.0,0.0,96.3,229.7,93.1,107.7
2026-08-05,10:00~12:00,通過量,9725,6351,3374,5233,3563,1594,719,611,639,3387,792,349,1512,734,2351,1385,410,556,1834,484,472,878,1614,568,1046,1756,744,1012,412,412,3405,1011,832,1246,316,7347,1224,2034,3087,1002,5026,2349,2677,4799,2230,2569,4564,432,2157,452,1523
2026-08-05,10:00~12:00,平均停等延滯,47.9,62.0,21.3,32.5,26.1,21.1,30.9,1.6,56.6,43.0,32.4,64.9,38.0,54.2,38.0,35.5,46.3,37.8,36.1,13.7,29.5,52.0,7.8,3.1,10.4,6.6,4.2,8.4,22.2,22.2,11.3,18.1,0.1,8.9,28.2,3.4,1.8,3.4,2.4,8.2,3.1,6.2,0.3,14.2,21.9,7.5,13.5,11.4,14.3,31.2,7.8
2026-08-05,14:00~16:00,總停等延滯,525437.0,432046.0,93391.0,177655.0,95193.0,29034.0,21666.0,1137.0,43356.0,165995.0,28230.0,18216.0,66260.0,53289.0,98274.0,49695.0,22400.0,26179.0,72584.0,9503.0,11765.0,51316.0,13678.0,2458.0,11220.0,25072.0,5544.0,19528.0,10155.0,10155.0,44486.0,22601.0,747.0,10502.0,10636.0,28523.0,4590.0,8902.0,8004.0,7027.0,24706.0,23819.0,887.0,61726.0,42173.0,19553.0,62700.0,1822.0,25965.0,15878.0,19035.0,148.5,372.1,189.2,224.0,207.0,667.0,410.3,262.5,108.9,148.5,58.7,202.1,193.3,285.3,385.1,0.0,0.0,173.6,191.8,111.5,162.5
2026-08-05,14:00~16:00,通過量,10770,7221,3549,5659,4186,1600,728,887,971,3694,800,375,1642,877,2576,1375,477,724,2032,563,462,1007,1864,634,1230,1931,852,1079,479,479,3652,1216,854,1210,372,7634,993,2243,3405,993,5271,2660,2611,4927,2494,2433,5059,459,2177,387,2036
2026-08-05,14:00~16:00,平均停等延滯,48.8,59.8,26.3,31.4,22.7,18.1,29.8,1.3,44.7,44.9,35.3,48.6,40.4,60.8,38.1,36.1,47.0,36.2,35.7,16.9,25.5,51.0,7.3,3.9,9.1,13.0,6.5,18.1,21.2,21.2,12.2,18.6,0.9,8.7,28.6,3.7,4.6,4.0,2.4,7.1,4.7,9.0,0.3,12.5,16.9,8.0,12.4,4.0,11.9,41.0,9.3
2026-08-05,16:00~19:00,總停等延滯,917460.0,727211.0,190249.0,277019.0,151145.0,53467.0,37527.0,1583.0,58568.0,269839.0,45313.0,32916.0,81158.0,110452.0,179079.0,85344.0,37365.0,56370.0,127148.0,20289.0,23913.0,82946.0,24169.0,6225.0,17944.0,35119.0,12770.0,22349.0,21819.0,21819.0,109142.0,48231.0,2811.0,33028.0,25072.0,70090.0,5984.0,11017.0,45393.0,7696.0,32963.0,31707.0,1256.0,81708.0,48175.0,33533.0,92258.0,4631.0,45618.0,21435.0,20574.0,149.4,189.8,201.9,155.3,215.9,496.9,151.1,296.0,135.3,149.4,66.6,206.7,159.0,327.8,186.5,103.0,0.0,82.5,70.0,126.1,144.7
2026-08-05,16:00~19:00,通過量,19720,12561,7159,8538,6474,2592,1315,1135,1432,5970,1266,683,2244,1777,4748,2576,784,1388,3756,1166,1012,1578,3160,1249,1911,3704,1865,1839,984,984,7432,2506,1563,2559,804,10742,1696,3648,4100,1298,7626,3240,4386,7499,3195,4304,7819,907,3718,654,2540
2026-08-05,16:00~19:00,平均停等延滯,46.5,57.9,26.6,32.4,23.3,20.6,28.5,1.4,40.9,45.2,35.8,48.2,36.2,62.2,37.7,33.1,47.7,40.6,33.9,17.4,23.6,52.6,7.6,5.0,9.4,9.5,6.8,12.2,22.2,22.2,14.7,19.2,1.8,12.9,31.2,6.5,3.5,3.0,11.1,5.9,4.3,9.8,0.3,10.9,15.1,7.8,11.8,5.1,12.3,32.8,8.1
2026-08-05,20:00~23:00,總停等延滯,499459.0,388153.0,111306.0,145219.0,82461.0,29674.0,16260.0,1413.0,35114.0,170048.0,31761.0,27876.0,52543.0,57868.0,78280.0,39260.0,13050.0,25970.0,57364.0,13429.0,10800.0,33135.0,8531.0,3100.0,5431.0,40894.0,9198.0,31696.0,9826.0,9826.0,52055.0,35855.0,64.0,9921.0,6215.0,12592.0,37.0,161.0,11148.0,1246.0,13654.0,13400.0,254.0,59779.0,41478.0,18301.0,59194.0,638.0,21234.0,11354.0,25968.0,140.9,285.0,227.9,230.5,215.2,507.4,129.2,308.4,111.0,140.6,75.8,228.9,207.6,251.8,279.5,152.0,0.0,73.1,55.2,80.4,198.9
2026-08-05,20:00~23:00,通過量,9986,6859,3127,5533,3876,1558,610,892,816,3881,858,484,1460,1079,2367,1296,370,701,1969,728,398,843,1653,573,1080,1720,735,985,341,341,3335,1122,882,1063,268,6663,755,2387,2968,553,4999,2478,2521,5022,2511,2511,4869,354,2124,349,2042
2026-08-05,20:00~23:00,平均停等延滯,50.0,56.6,35.6,26.2,21.3,19.0,26.7,1.6,43.0,43.8,37.0,57.6,36.0,53.6,33.1,30.3,35.3,37.0,29.1,18.4,27.1,39.3,5.2,5.4,5.0,23.8,12.5,32.2,28.8,28.8,15.6,32.0,0.1,9.3,23.2,1.9,0.0,0.1,3.8,2.3,2.7,5.4,0.1,11.9,16.5,7.3,12.2,1.8,10.0,32.5,12.7
2026-08-06,07:00~09:00,總停等延滯,617481.0,503492.0,113989.0,281232.0,87212.0,33929.0,26730.0,1292.0,25261.0,203658.0,33723.0,23051.0,50014.0,96870.0,116099.0,50573.0,35943.0,29583.0,96523.0,10052.0,16555.0,69916.0,16229.0,2762.0,13467.0,9221.0,5482.0,3739.0,13499.0,13499.0,75040.0,26712.0,4869.0,35090.0,8369.0,80403.0,20792.0,46057.0,415.0,13139.0,54259.0,53386.0,873.0,65959.0,53573.0,12386.0,80611.0,4892.0,28245.0,23613.0,23861.0,147.6,271.7,155.3,169.0,204.1,558.9,164.4,364.4,116.9,147.7,56.3,157.9,172.1,325.1,288.7,146.4,0.0,91.1,73.0,179.1,183.9
2026-08-06,07:00~09:00,通過量,13614,8455,5159,7317,3906,1623,899,751,633,4294,1015,424,1571,1284,3028,1344,910,774,2610,702,626,1282,2293,628,1665,2378,935,1443,670,670,5341,1480,1374,2020,467,10093,807,3792,4120,1374,5476,2873,2603,5566,2949,2617,5589,745,2126,621,2097
2026-08-06,07:00~09:00,平均停等延滯,45.4,59.5,22.1,38.4,22.3,20.9,29.7,1.7,39.9,47.4,33.2,54.4,31.8,75.4,38.3,37.6,39.5,38.2,37.0,14.3,26.4,54.5,7.1,4.4,8.1,3.9,5.9,2.6,20.1,20.1,14.0,18.0,3.5,17.4,17.9,8.0,25.8,12.1,0.1,9.6,9.9,18.6,0.3,11.9,18.2,4.7,14.4,6.6,13.3,38.0,11.4
2026-08-06,10:00~17:00,總停等延滯,1585422.0,1321548.0,263874.0,737738.0,317507.0,119791.0,72851.0,3575.0,121290.0,458727.0,111951.0,57914.0,155276.0,133586.0,302096.0,156749.0,66955.0,78392.0,243218.0,33200.0,48404.0,161614.0,44175.0,10405.0,33770.0,43804.0,17692.0,26112.0,33934.0,33934.0,141961.0,67584.0,991.0,40176.0,33210.0,233494.0,63343.0,128989.0,15968.0,25194.0,76934.0,74748.0,2186.0,191001.0,139777.0,51224.0,236309.0,16989.0,87799.0,43877.0,87644.0,150.9,287.5,184.8,199.4,214.3,561.9,205.8,235.7,155.2,151.1,63.7,186.2,194.5,257.3,284.7,143.0,0.0,90.0,114.5,104.0,127.0
2026-08-06,10:00~17:00,通過量,37264,24948,12316,23222,13778,5722,2596,2638,2822,13399,3274,1344,5551,3230,8858,5004,1442,2412,7418,2038,1908,3472,5943,2082,3861,6391,2875,3516,1562,1562,12647,3975,3090,4337,1245,30332,3097,12487,11225,3523,18349,8650,9699,17918,8573,9345,17588,1711,8239,1463,6175
2026-08-06,10:00~17:00,平均停等延滯,42.5,53.0,21.4,31.8,23.0,20.9,28.1,1.4,43.0,34.2,34.2,43.1,28.0,41.4,34.1,31.3,46.4,32.5,32.8,16.3,25.4,46.5,7.4,5.0,8.7,6.9,6.2,7.4,21.7,21.7,11.2,17.0,0.3,9.3,26.7,7.7,20.5,10.3,1.4,7.2,4.2,8.6,0.2,10.7,16.3,5.5,13.4,9.9,10.7,30.0,14.2
2026-08-06,17:00~20:00,總停等延滯,892184.0,710391.0,181793.0,336518.0,146989.0,54101.0,35023.0,1759.0,56106.0,292699.0,54253.0,32340.0,69393.0,136713.0,166194.0,75563.0,36908.0,53723.0,104509.0,21063.0,21387.0,62059.0,24837.0,7972.0,16865.0,33661.0,14603.0,19058.0,21832.0,21832.0,101463.0,44620.0,604.0,30351.0,25888.0,120393.0,32946.0,64103.0,18528.0,4816.0,30355.0,28887.0,1468.0,77886.0,49891.0,27995.0,107884.0,5429.0,48157.0,19329.0,34969.0,148.4,184.2,172.8,170.3,220.1,460.1,157.9,213.3,110.0,148.5,72.0,178.2,177.3,246.2,186.0,138.7,0.0,80.4,75.8,90.3,127.2
2026-08-06,17:00~20:00,通過量,19037,12442,6595,9551,6534,2714,1254,1176,1390,6132,1450,683,2171,1828,4710,2484,812,1414,3621,1274,960,1387,2975,1203,1772,3431,1692,1739,827,827,6866,2301,1400,2381,784,11619,1330,5308,3928,1053,7636,3220,4416,7518,3150,4368,7492,841,3738,549,2364
2026-08-06,17:00~20:00,平均停等延滯,46.9,57.1,27.6,35.2,22.5,19.9,27.9,1.5,40.4,47.7,37.4,47.3,32.0,74.8,35.3,30.4,45.5,38.0,28.9,16.5,22.3,44.7,8.3,6.6,9.5,9.8,8.6,11.0,26.4,26.4,14.8,19.4,0.4,12.7,33.0,10.4,24.8,12.1,4.7,4.6,4.0,9.0,0.3,10.4,15.8,6.4,14.4,6.5,12.9,35.2,14.8
2026-08-06,10:00~12:00,總停等延滯,437130.0,367757.0,69373.0,224230.0,86235.0,33185.0,20716.0,973.0,31361.0,140267.0,37129.0,18551.0,47445.0,37142.0,77738.0,44102.0,16090.0,17546.0,63517.0,6985.0,13681.0,42851.0,13186.0,3306.0,9880.0,11359.0,4117.0,7242.0,8917.0,8917.0,35911.0,15942.0,316.0,12194.0,7459.0,68832.0,20427.0,40562.0,295.0,7548.0,13758.0,12896.0,862.0,67609.0,47447.0,20162.0,74031.0,7790.0,29145.0,13692.0,23404.0,149.1,268.3,189.4,212.1,218.1,463.8,214.0,214.1,149.8,149.2,70.0,203.5,215.5,176.4,259.6,134.0,0.0,88.1,125.9,98.0,118.7
2026-08-06,10:00~12:00,通過量,10056,6672,3384,6820,3542,1553,701,620,668,3780,992,366,1539,883,2259,1333,361,565,2100,525,548,1027,1612,540,1072,1704,708,996,437,437,3400,993,878,1198,331,8882,906,3858,3116,1002,5107,2321,2786,4878,2221,2657,4830,467,2307,439,1617
2026-08-06,10:00~12:00,平均停等延滯,43.5,55.1,20.5,32.9,24.3,21.4,29.6,1.6,46.9,37.1,37.4,50.7,30.8,42.1,34.4,33.1,44.6,31.1,30.2,13.3,25.0,41.7,8.2,6.1,9.2,6.7,5.8,7.3,20.4,20.4,10.6,16.1,0.4,10.2,22.5,7.7,22.5,10.5,0.1,7.5,2.7,5.6,0.3,13.9,21.4,7.6,15.3,16.7,12.6,31.2,14.5
2026-08-06,14:00~16:00,總停等延滯,459077.0,379799.0,79278.0,221908.0,93398.0,33289.0,21391.0,1042.0,37676.0,124814.0,26897.0,16039.0,44403.0,37475.0,88155.0,44724.0,19459.0,23972.0,73432.0,8818.0,13451.0,51163.0,12826.0,2972.0,9854.0,13199.0,6633.0,6566.0,10163.0,10163.0,43090.0,21488.0,445.0,13160.0,7997.0,73070.0,19331.0,39314.0,6447.0,7978.0,26457.0,25697.0,760.0,52236.0,38194.0,14042.0,70145.0,3228.0,26001.0,12732.0,28184.0,151.0,273.0,215.8,156.6,212.1,521.4,160.7,183.8,197.9,151.3,61.1,209.4,153.8,268.1,268.7,153.7,0.0,88.5,72.1,100.6,73.0
2026-08-06,14:00~16:00,通過量,10631,7043,3588,6941,4074,1567,735,764,1008,3579,837,367,1525,850,2603,1493,389,721,1985,579,516,890,1727,637,1090,1900,944,956,468,468,3781,1298,905,1231,347,8999,952,3635,3414,998,5201,2537,2664,5146,2587,2559,5149,484,2311,414,1940
2026-08-06,14:00~16:00,平均停等延滯,43.2,53.9,22.1,32.0,22.9,21.2,29.1,1.4,37.4,34.9,32.1,43.7,29.1,44.1,33.9,30.0,50.0,33.2,37.0,15.2,26.1,57.5,7.4,4.7,9.0,6.9,7.0,6.9,21.7,21.7,11.4,16.6,0.5,10.7,23.0,8.1,20.3,10.8,1.9,8.0,5.1,10.1,0.3,10.2,14.8,5.5,13.6,6.7,11.3,30.8,14.5
2026-08-06,16:00~19:00,總停等延滯,936453.0,739032.0,197421.0,373933.0,164352.0,58829.0,36934.0,1756.0,66833.0,281161.0,54381.0,30804.0,70936.0,125040.0,175753.0,79260.0,39726.0,56767.0,117766.0,21961.0,21737.0,74068.0,24941.0,8241.0,16700.0,36198.0,15282.0,20916.0,23546.0,23546.0,112736.0,48368.0,743.0,30880.0,32745.0,138640.0,34272.0,69100.0,27275.0,7993.0,46793.0,45222.0,1571.0,77086.0,52865.0,24221.0,111414.0,7007.0,46238.0,21211.0,36958.0,149.6,221.4,149.0,184.2,216.6,481.2,159.5,212.8,123.4,149.8,67.4,147.6,192.6,243.2,234.5,145.3,0.0,79.6,79.3,98.0,126.3
2026-08-06,16:00~19:00,通過量,20020,12879,7141,10236,6860,2804,1380,1251,1425,6504,1528,679,2422,1875,4872,2574,827,1471,3675,1257,1013,1405,3218,1296,1922,3579,1766,1813,900,900,7410,2465,1523,2547,875,12618,1465,5599,4278,1276,8071,3419,4652,7938,3372,4566,7968,912,3884,587,2585
2026-08-06,16:00~19:00,平均停等延滯,46.8,57.4,27.6,36.5,24.0,21.0,26.8,1.4,46.9,43.2,35.6,45.4,29.3,66.7,36.1,30.8,48.0,38.6,32.0,17.5,21.5,52.7,7.8,6.4,8.7,10.1,8.7,11.5,26.2,26.2,15.2,19.6,0.5,12.1,37.4,11.0,23.4,12.3,6.4,6.3,5.8,13.2,0.3,9.7,15.7,5.3,14.0,7.7,11.9,36.1,14.3
2026-08-06,20:00~23:00,總停等延滯,482766.0,397425.0,85341.0,179882.0,87799.0,36666.0,17739.0,1253.0,32141.0,174231.0,29908.0,26866.0,53133.0,64324.0,74672.0,40766.0,12624.0,21282.0,60723.0,15547.0,11125.0,34051.0,7231.0,2304.0,4927.0,22960.0,8700.0,14260.0,10860.0,10860.0,44290.0,33836.0,75.0,3964.0,6415.0,52529.0,19687.0,31319.0,290.0,1233.0,10821.0,10568.0,253.0,61930.0,41478.0,20452.0,54602.0,1301.0,23425.0,11521.0,18355.0,134.1,214.0,233.3,172.2,208.3,419.8,134.4,270.8,152.6,135.1,73.8,229.0,164.5,216.3,227.4,143.9,0.0,72.5,61.7,84.9,203.5
2026-08-06,20:00~23:00,通過量,9764,6826,2938,6312,3887,1616,638,829,804,3989,944,466,1481,1098,2317,1228,353,736,1846,731,389,726,1417,581,836,1471,767,704,347,347,3065,1055,882,873,255,7485,681,3306,2934,564,4803,2423,2380,4914,2394,2520,4905,428,2152,397,1928
2026-08-06,20:00~23:00,平均停等延滯,49.4,58.2,29.0,28.5,22.6,22.7,27.8,1.5,40.0,43.7,31.7,57.7,35.9,58.6,32.2,33.2,35.8,28.9,32.9,21.3,28.6,46.9,5.1,4.0,5.9,15.6,11.3,20.3,31.3,31.3,14.5,32.1,0.1,4.5,25.2,7.0,28.9,9.5,0.1,2.2,2.3,4.4,0.1,12.6,17.3,8.1,11.1,3.0,10.9,29.0,9.5
2026-08-07,07:00~09:00,總停等延滯,602443.0,488683.0,113760.0,278596.0,86477.0,32575.0,25482.0,1266.0,27154.0,195264.0,32862.0,27627.0,54789.0,79986.0,113764.0,52385.0,32126.0,29253.0,93178.0,10808.0,19317.0,63053.0,15604.0,1944.0,13660.0,13893.0,6717.0,7176.0,15528.0,15528.0,68735.0,26829.0,3593.0,26690.0,11623.0,109465.0,22202.0,45974.0,27260.0,14029.0,30640.0,29861.0,779.0,63206.0,46643.0,16563.0,75285.0,5028.0,28592.0,18337.0,23328.0,149.2,178.1,159.5,125.8,215.6,446.8,254.5,274.3,107.3,150.9,67.6,161.7,130.7,270.1,181.9,139.2,0.0,83.0,176.6,117.8,166.4
2026-08-07,07:00~09:00,通過量,12983,8060,4923,7337,3840,1636,840,725,639,4082,933,383,1587,1179,2816,1282,814,720,2552,703,667,1182,2278,643,1635,2392,946,1446,590,590,5141,1451,1313,1962,415,10095,823,3931,4000,1341,5693,2996,2697,5565,2964,2601,5484,788,2113,548,2035
2026-08-07,07:00~09:00,平均停等延滯,46.4,60.6,23.1,38.0,22.5,19.9,30.3,1.7,42.5,47.8,35.2,72.1,34.5,67.8,40.4,40.9,39.5,40.6,36.5,15.4,29.0,53.3,6.8,3.0,8.4,5.8,7.1,5.0,26.3,26.3,13.4,18.5,2.7,13.6,28.0,10.8,27.0,11.7,6.8,10.5,5.4,10.0,0.3,11.4,15.7,6.4,13.7,6.4,13.5,33.5,11.5
2026-08-07,10:00~17:00,總停等延滯,1639185.0,1266962.0,372223.0,738033.0,307327.0,112952.0,83482.0,3716.0,107177.0,443287.0,98865.0,53333.0,147350.0,143739.0,286453.0,141204.0,68758.0,76491.0,229895.0,37535.0,47747.0,144613.0,50251.0,16608.0,33643.0,90406.0,47810.0,42596.0,44364.0,44364.0,187202.0,72563.0,1718.0,79259.0,33662.0,310694.0,73978.0,142885.0,63435.0,30396.0,62627.0,59497.0,3130.0,180867.0,125542.0,55325.0,183845.0,23268.0,70064.0,41638.0,48875.0,146.8,271.2,184.0,160.3,213.6,551.4,182.0,283.8,126.9,146.6,67.6,185.5,157.4,273.2,268.8,0.0,0.0,110.6,77.5,114.9,159.9
2026-08-07,10:00~17:00,通過量,40524,27175,13349,24722,14847,6056,3031,2795,2965,14147,3232,1498,5798,3619,9657,5266,1698,2693,7983,2368,2004,3611,6585,2215,4370,7121,3056,4065,1767,1767,13660,4293,3318,4793,1256,30000,3263,13153,9939,3645,18830,8837,9993,18478,8792,9686,18244,1723,8215,1569,6737
2026-08-07,10:00~17:00,平均停等延滯,40.4,46.6,27.9,29.9,20.7,18.7,27.5,1.3,36.1,31.3,30.6,35.6,25.4,39.7,29.7,26.8,40.5,28.4,28.8,15.9,23.8,40.0,7.6,7.5,7.7,12.7,15.6,10.5,25.1,25.1,13.7,16.9,0.5,16.5,26.8,10.4,22.7,10.9,6.4,8.3,3.3,6.7,0.3,9.8,14.3,5.7,10.1,13.5,8.5,26.5,7.3
2026-08-07,17:00~20:00,總停等延滯,1020891.0,713119.0,307772.0,339719.0,136391.0,47291.0,38522.0,1539.0,49039.0,266552.0,76628.0,24715.0,79599.0,85610.0,192689.0,75589.0,53310.0,63790.0,117487.0,29663.0,22776.0,65048.0,36593.0,13672.0,22921.0,88821.0,40955.0,47866.0,26734.0,26734.0,155624.0,58916.0,3024.0,70338.0,23346.0,149689.0,28900.0,60930.0,49023.0,10836.0,49348.0,46900.0,2448.0,65230.0,38179.0,27051.0,75452.0,6781.0,33620.0,18652.0,16399.0,151.2,461.2,220.6,195.2,228.8,803.4,173.8,296.0,112.4,151.3,78.4,226.5,209.0,320.0,459.7,0.0,0.0,92.4,80.3,145.7,162.0
2026-08-07,17:00~20:00,通過量,23320,14878,8442,11776,7330,3095,1399,1243,1593,7292,1848,909,2118,2417,6051,3152,1231,1668,4253,1687,1079,1487,3890,1473,2417,4777,2080,2697,976,976,8587,2594,1768,3293,932,12897,1755,6671,3272,1199,8196,3276,4920,7868,3178,4690,8519,985,4184,814,2536
2026-08-07,17:00~20:00,平均停等延滯,43.8,47.9,36.5,28.8,18.6,15.3,27.5,1.2,30.8,36.6,41.5,27.2,37.6,35.4,31.8,24.0,43.3,38.2,27.6,17.6,21.1,43.7,9.4,9.3,9.5,18.6,19.7,17.7,27.4,27.4,18.1,22.7,1.7,21.4,25.0,11.6,16.5,9.1,15.0,9.0,6.0,14.3,0.5,8.3,12.0,5.8,8.9,6.9,8.0,22.9,6.5
2026-08-07,10:00~12:00,總停等延滯,492182.0,410895.0,81287.0,238018.0,89683.0,29191.0,25813.0,1106.0,33573.0,157825.0,33647.0,23139.0,52883.0,48156.0,94429.0,48438.0,23111.0,22880.0,68958.0,8176.0,14369.0,46413.0,12933.0,3660.0,9273.0,17501.0,5590.0,11911.0,9283.0,9283.0,41570.0,17875.0,380.0,15792.0,7523.0,91645.0,25011.0,48086.0,11699.0,6849.0,10841.0,9634.0,1207.0,69606.0,46740.0,22866.0,65926.0,9446.0,28779.0,15261.0,12440.0,144.4,210.9,159.4,160.3,219.2,531.1,200.8,212.9,110.2,144.6,77.0,160.0,154.7,285.6,217.5,0.0,0.0,135.9,82.8,95.8,116.0
2026-08-07,10:00~12:00,通過量,10510,6999,3511,6204,3759,1691,810,665,593,3654,908,359,1528,859,2476,1426,442,608,2186,549,544,1093,1711,562,1149,1900,745,1155,424,424,3574,1049,888,1334,303,7875,797,3215,2922,941,5118,2342,2776,5011,2343,2668,4847,439,2216,474,1718
2026-08-07,10:00~12:00,平均停等延滯,46.8,58.7,23.2,38.4,23.9,17.3,31.9,1.7,56.6,43.2,37.1,64.5,34.6,56.1,38.1,34.0,52.3,37.6,31.5,14.9,26.4,42.5,7.6,6.5,8.1,9.2,7.5,10.3,21.9,21.9,11.6,17.0,0.4,11.8,24.8,11.6,31.4,15.0,4.0,7.3,2.1,4.1,0.4,13.9,19.9,8.6,13.6,21.5,13.0,32.2,7.2
2026-08-07,14:00~16:00,總停等延滯,454411.0,342190.0,112221.0,213559.0,88115.0,33191.0,26570.0,983.0,27371.0,115508.0,26341.0,12517.0,38195.0,38455.0,73416.0,34751.0,16826.0,21839.0,65151.0,11279.0,12378.0,41494.0,15848.0,5123.0,10725.0,26395.0,16475.0,9920.0,13153.0,13153.0,56825.0,22614.0,642.0,23493.0,10076.0,98819.0,23711.0,43842.0,21929.0,9337.0,22494.0,21846.0,648.0,43783.0,31175.0,12608.0,48463.0,8458.0,14715.0,9195.0,16095.0,144.8,341.9,196.6,216.0,206.0,678.4,149.0,328.5,142.6,144.2,61.1,195.4,209.7,347.0,345.4,0.0,0.0,88.9,63.8,151.1,177.3
2026-08-07,14:00~16:00,通過量,11619,7826,3793,7227,4340,1639,854,843,1004,4101,883,470,1691,1057,2727,1464,479,784,2239,700,493,1046,1954,609,1345,2048,920,1128,513,513,3981,1310,1002,1324,345,8606,912,3822,2749,1123,5482,2687,2795,5351,2651,2700,5234,495,2246,438,2055
2026-08-07,14:00~16:00,平均停等延滯,39.1,43.7,29.6,29.6,20.3,20.3,31.1,1.2,27.3,28.2,29.8,26.6,22.6,36.4,26.9,23.7,35.1,27.9,29.1,16.1,25.1,39.7,8.1,8.4,8.0,12.9,17.9,8.8,25.6,25.6,14.3,17.3,0.6,17.7,29.2,11.5,26.0,11.5,8.0,8.3,4.1,8.1,0.2,8.2,11.8,4.7,9.3,17.1,6.6,21.0,7.8
2026-08-07,16:00~19:00,總停等延滯,900712.0,604684.0,296028.0,356090.0,133325.0,49566.0,35416.0,1491.0,46852.0,200041.0,54417.0,19258.0,59157.0,67209.0,159957.0,64456.0,46909.0,48592.0,111361.0,25701.0,23291.0,62369.0,32351.0,12721.0,19630.0,84562.0,39466.0,45096.0,30434.0,30434.0,148681.0,55236.0,3545.0,65864.0,24036.0,172726.0,32222.0,66302.0,58462.0,15740.0,59011.0,56852.0,2159.0,58325.0,38645.0,19680.0,66028.0,7457.0,27473.0,16608.0,14490.0,149.8,349.4,220.3,150.8,222.0,598.3,169.2,364.6,129.0,149.8,73.4,228.2,165.6,231.8,342.8,0.0,0.0,90.5,77.3,147.2,202.7
2026-08-07,16:00~19:00,通過量,23547,14672,8875,12283,7546,3139,1546,1265,1596,6943,1642,823,2275,2203,5933,3157,1105,1671,4129,1540,1145,1444,3996,1548,2448,4778,2110,2668,1120,1120,8955,2748,1851,3359,997,13724,1894,7000,3376,1454,8257,3404,4853,7909,3301,4608,8512,1031,4092,724,2665
2026-08-07,16:00~19:00,平均停等延滯,38.3,41.2,33.4,29.0,17.7,15.8,22.9,1.2,29.4,28.8,33.1,23.4,26.0,30.5,27.0,20.4,42.5,29.1,27.0,16.7,20.3,43.2,8.1,8.2,8.0,17.7,18.7,16.9,27.2,27.2,16.6,20.1,1.9,19.6,24.1,12.6,17.0,9.5,17.3,10.8,7.1,16.7,0.4,7.4,11.7,4.3,7.8,7.2,6.7,22.9,5.4
2026-08-07,20:00~23:00,總停等延滯,901293.0,734230.0,167063.0,318053.0,125026.0,45337.0,26596.0,2550.0,50543.0,374887.0,68229.0,38439.0,118595.0,149624.0,134463.0,61549.0,26987.0,45927.0,99854.0,24740.0,15941.0,59173.0,25609.0,7344.0,18265.0,34200.0,20721.0,13479.0,16870.0,16870.0,90384.0,53046.0,189.0,19560.0,17589.0,98299.0,23978.0,40987.0,29381.0,3953.0,31702.0,31451.0,251.0,88791.0,62819.0,25972.0,99261.0,6343.0,34323.0,17598.0,40997.0,142.0,305.6,204.5,191.1,228.7,500.2,180.5,343.1,104.6,143.3,84.6,210.6,197.1,193.5,317.8,0.0,0.0,111.7,67.0,150.7,173.8
2026-08-07,20:00~23:00,通過量,14906,10618,4288,8821,5866,2234,890,1550,1192,6582,1591,658,2300,2033,3585,1762,669,1154,3081,1293,597,1191,2335,791,1544,2410,1243,1167,591,591,4736,1830,1137,1193,576,9650,863,4239,3729,819,7070,3749,3321,7154,3747,3407,7334,708,2907,643,3076
2026-08-07,20:00~23:00,平均停等延滯,60.5,69.1,39.0,36.1,21.3,20.3,29.9,1.6,42.4,57.0,42.9,58.4,51.6,73.6,37.5,34.9,40.3,39.8,32.4,19.1,26.7,49.7,11.0,9.3,11.8,14.2,16.7,11.6,28.5,28.5,19.1,29.0,0.2,16.4,30.5,10.2,27.8,9.7,7.9,4.8,4.5,8.4,0.1,12.4,16.8,7.6,13.5,9.0,11.8,27.4,13.3
2026-08-08,07:00~09:00,總停等延滯,333536.0,268090.0,65446.0,128083.0,80470.0,39303.0,12074.0,676.0,28417.0,90818.0,22415.0,8109.0,31211.0,29083.0,55145.0,35515.0,9117.0,10513.0,41657.0,5254.0,6870.0,29533.0,8103.0,2541.0,5562.0,10063.0,8727.0,1336.0,6577.0,6577.0,40703.0,12317.0,43.0,20005.0,8338.0,40219.0,13119.0,22880.0,1723.0,2497.0,3118.0,2989.0,129.0,45998.0,29938.0,16060.0,38748.0,962.0,19838.0,7237.0,10711.0,155.8,189.4,155.2,114.1,229.5,325.6,373.4,217.8,113.0,157.5,75.1,156.0,118.4,138.0,182.9,125.5,0.0,131.0,236.7,80.7,142.3
2026-08-08,07:00~09:00,通過量,6732,4356,2376,4407,2336,1172,385,439,340,2462,701,189,967,605,1442,797,293,352,1420,400,279,741,1204,380,824,1265,510,755,235,235,2456,695,603,937,221,5745,482,2516,2081,666,3571,1584,1987,3465,1600,1865,3366,344,1613,238,1171
2026-08-08,07:00~09:00,平均停等延滯,49.5,61.5,27.5,29.1,34.4,33.5,31.4,1.5,83.6,36.9,32.0,42.9,32.3,48.1,38.2,44.6,31.1,29.9,29.3,13.1,24.6,39.9,6.7,6.7,6.8,8.0,17.1,1.8,28.0,28.0,16.6,17.7,0.1,21.4,37.7,7.0,27.2,9.1,0.8,3.7,0.9,1.9,0.1,13.3,18.7,8.6,11.5,2.8,12.3,30.4,9.1
2026-08-08,10:00~17:00,總停等延滯,2789992.0,2242354.0,547638.0,785617.0,480498.0,138912.0,138393.0,4218.0,198975.0,849827.0,137479.0,109682.0,311048.0,291618.0,547622.0,268480.0,109604.0,169538.0,364407.0,41462.0,72024.0,250921.0,69445.0,13330.0,56115.0,136652.0,73024.0,63628.0,54914.0,54914.0,286627.0,91232.0,6128.0,135302.0,53965.0,172149.0,31045.0,45886.0,75540.0,19678.0,72282.0,70355.0,1927.0,270500.0,177636.0,92864.0,270686.0,27569.0,116309.0,52572.0,74236.0,186.2,349.3,225.5,155.9,275.0,1062.3,297.6,249.4,144.3,186.0,88.7,233.7,155.6,527.2,334.5,147.9,0.0,84.0,209.9,100.0,143.9
2026-08-08,10:00~17:00,通過量,47638,32299,15339,21854,16885,6699,3363,2799,4024,16412,4020,2185,5804,4403,12804,7052,2554,3198,8568,2695,2235,3638,7313,2156,5157,8147,3136,5011,2037,2037,15589,4443,3902,5597,1647,26779,3876,9309,10966,2628,20350,9145,11205,20050,9121,10929,20298,1998,9631,1876,6793
2026-08-08,10:00~17:00,平均停等延滯,58.6,69.4,35.7,35.9,28.5,20.7,41.2,1.5,49.4,51.8,34.2,50.2,53.6,66.2,42.8,38.1,42.9,53.0,42.5,15.4,32.2,69.0,9.5,6.2,10.9,16.8,23.3,12.7,27.0,27.0,18.4,20.5,1.6,24.2,32.8,6.4,8.0,4.9,6.9,7.5,3.6,7.7,0.2,13.5,19.5,8.5,13.3,13.8,12.1,28.0,10.9
2026-08-08,17:00~20:00,總停等延滯,893039.0,696605.0,196434.0,262214.0,145213.0,65817.0,45836.0,1554.0,32006.0,257980.0,38002.0,38983.0,104082.0,76913.0,172775.0,86636.0,38915.0,47224.0,120637.0,17382.0,26413.0,76842.0,23954.0,6830.0,17124.0,55732.0,32466.0,23266.0,19324.0,19324.0,97424.0,35646.0,444.0,41419.0,19915.0,68033.0,10573.0,12102.0,37529.0,7829.0,32655.0,32225.0,430.0,75935.0,50164.0,25771.0,85591.0,10605.0,30312.0,16732.0,27942.0,166.5,284.5,200.8,182.7,264.2,513.7,160.4,251.1,134.9,166.6,98.0,204.5,170.9,252.9,276.0,146.3,0.0,89.0,72.6,126.1,132.7
2026-08-08,17:00~20:00,通過量,17759,12209,5550,8074,6625,2281,1129,1145,2070,6018,1301,798,2361,1558,4830,2622,819,1389,3269,1104,948,1217,2587,887,1700,2888,1286,1602,790,790,5775,1902,1333,1897,643,9995,1212,3229,4471,1083,7644,3760,3884,7412,3689,3723,7577,756,3188,657,2976
2026-08-08,17:00~20:00,平均停等延滯,50.3,57.1,35.4,32.5,21.9,28.9,40.6,1.4,15.5,42.9,29.2,48.9,44.1,49.4,35.8,33.0,47.5,34.0,36.9,15.7,27.9,63.1,9.3,7.7,10.1,19.3,25.2,14.5,24.5,24.5,16.9,18.7,0.3,21.8,31.0,6.8,8.7,3.7,8.4,7.2,4.3,8.6,0.1,10.2,13.6,6.9,11.3,14.0,9.5,25.5,9.4
2026-08-08,10:00~12:00,總停等延滯,763004.0,612055.0,150949.0,216092.0,118075.0,37185.0,40827.0,1117.0,38946.0,246629.0,36714.0,24414.0,93304.0,92197.0,145037.0,77097.0,31415.0,36525.0,102314.0,9525.0,22015.0,70774.0,19076.0,2754.0,16322.0,40260.0,19527.0,20733.0,12507.0,12507.0,79106.0,20019.0,541.0,43621.0,14925.0,48820.0,12058.0,21741.0,10987.0,4034.0,9237.0,8789.0,448.0,82180.0,51365.0,30815.0,75855.0,4177.0,40243.0,14317.0,17118.0,191.8,200.3,229.8,116.1,279.4,454.0,331.4,220.1,140.8,192.7,87.5,237.1,118.3,306.0,207.9,138.2,0.0,86.3,233.9,92.9,124.2
2026-08-08,10:00~12:00,通過量,12334,8255,4079,6150,4128,1820,890,689,729,4426,1157,472,1620,1177,3073,1615,707,751,2437,728,606,1103,1979,505,1474,2155,716,1439,441,441,4135,1002,999,1706,428,7743,917,3072,3020,734,5702,2520,3182,5470,2447,3023,5492,570,2761,447,1714
2026-08-08,10:00~12:00,平均停等延滯,61.9,74.1,37.0,35.1,28.6,20.4,45.9,1.6,53.4,55.7,31.7,51.7,57.6,78.3,47.2,47.7,44.4,48.6,42.0,13.1,36.3,64.2,9.6,5.5,11.1,18.7,27.3,14.4,28.4,28.4,19.1,20.0,0.5,25.6,34.9,6.3,13.1,7.1,3.6,5.5,1.6,3.5,0.1,15.0,21.0,10.2,13.8,7.3,14.6,32.0,10.0
2026-08-08,14:00~16:00,總停等延滯,830757.0,676576.0,154181.0,240891.0,159529.0,40351.0,40471.0,1311.0,77396.0,249653.0,42912.0,36471.0,91195.0,79075.0,170207.0,78724.0,26152.0,65331.0,97187.0,11165.0,19265.0,66757.0,18623.0,4385.0,14238.0,35309.0,21568.0,13741.0,16899.0,16899.0,83350.0,29267.0,3096.0,36975.0,14012.0,52289.0,8246.0,10311.0,28086.0,5646.0,29437.0,28815.0,622.0,75756.0,52245.0,23511.0,83409.0,12266.0,30780.0,15920.0,24443.0,175.6,423.3,188.9,126.2,267.7,1177.8,445.4,246.4,135.0,176.5,92.2,189.4,128.1,657.0,396.4,140.8,0.0,88.8,309.6,104.8,138.9
2026-08-08,14:00~16:00,通過量,14366,9835,4531,6407,5307,2003,964,860,1480,4854,1189,718,1688,1259,4074,2254,719,1101,2369,778,621,970,2008,656,1352,2377,992,1385,693,693,4632,1450,1223,1532,427,7373,1232,2444,3044,653,5839,2638,3201,5892,2747,3145,6053,574,2748,565,2166
2026-08-08,14:00~16:00,平均停等延滯,57.8,68.8,34.0,37.6,30.1,20.1,42.0,1.5,52.3,51.4,36.1,50.8,54.0,62.8,41.8,34.9,36.4,59.3,41.0,14.4,31.0,68.8,9.3,6.7,10.5,14.9,21.7,9.9,24.4,24.4,18.0,20.2,2.5,24.1,32.8,7.1,6.7,4.2,9.2,8.6,5.0,10.9,0.2,12.9,19.0,7.5,13.8,21.4,11.2,28.2,11.3
2026-08-08,16:00~19:00,總停等延滯,964001.0,727531.0,236470.0,304681.0,157436.0,68594.0,47610.0,1583.0,39649.0,240556.0,43607.0,31564.0,91585.0,73800.0,190699.0,86127.0,52759.0,51813.0,138840.0,20114.0,27757.0,90969.0,28497.0,7239.0,21258.0,64817.0,34733.0,30084.0,24439.0,24439.0,118717.0,43905.0,1195.0,47674.0,25943.0,87902.0,10456.0,13470.0,51357.0,12619.0,43947.0,43193.0,754.0,83748.0,61841.0,21907.0,89084.0,12560.0,30613.0,17301.0,28610.0,170.8,353.8,237.4,195.3,266.4,636.8,166.5,302.3,151.5,171.3,95.9,249.3,184.2,307.6,339.5,144.5,0.0,79.9,87.5,137.1,156.0
2026-08-08,16:00~19:00,通過量,20187,13561,6626,8945,7240,2564,1259,1246,2171,6549,1457,892,2383,1817,5440,2910,1032,1498,3571,1243,990,1338,3192,1063,2129,3501,1553,1948,875,875,6940,2252,1552,2271,865,11359,1510,3599,4961,1289,8411,3962,4449,8146,3883,4263,8333,874,3623,771,3065
2026-08-08,16:00~19:00,平均停等延滯,47.8,53.6,35.7,34.1,21.7,26.8,37.8,1.3,18.3,36.7,29.9,35.4,38.4,40.6,35.1,29.6,51.1,34.6,38.9,16.2,28.0,68.0,8.9,6.8,10.0,18.5,22.4,15.4,27.9,27.9,17.1,19.5,0.8,21.0,30.0,7.7,6.9,3.7,10.4,9.8,5.2,10.9,0.2,10.3,15.9,5.1,10.7,14.4,8.4,22.4,9.3
2026-08-08,20:00~23:00,總停等延滯,632014.0,513517.0,118497.0,191110.0,106335.0,45817.0,27714.0,2379.0,30425.0,216813.0,31018.0,36938.0,74102.0,74755.0,109451.0,57056.0,16605.0,35790.0,80918.0,16907.0,15963.0,48048.0,16674.0,5549.0,11125.0,27334.0,16843.0,10491.0,12220.0,12220.0,62269.0,38059.0,127.0,14052.0,10031.0,41462.0,10861.0,11055.0,16797.0,2749.0,17257.0,17011.0,246.0,61670.0,40162.0,21508.0,70721.0,515.0,25273.0,10297.0,34636.0,160.9,350.5,185.1,160.9,259.7,634.7,144.5,223.4,147.8,159.4,99.5,186.0,168.0,232.5,348.1,156.9,0.0,86.3,59.0,89.9,138.8
2026-08-08,20:00~23:00,通過量,12236,8760,3476,6245,5025,1692,776,976,1581,4624,1026,595,1814,1189,3018,1548,419,1051,2376,919,540,917,1716,659,1057,1776,928,848,490,490,3764,1437,974,971,382,7274,791,2399,3388,696,5599,3183,2416,5899,3234,2665,5848,465,2328,433,2622
2026-08-08,20:00~23:00,平均停等延滯,51.7,58.6,34.1,30.6,21.2,27.1,35.7,2.4,19.2,46.9,30.2,62.1,40.9,62.9,36.3,36.9,39.6,34.1,34.1,18.4,29.6,52.4,9.7,8.4,10.5,15.4,18.1,12.4,24.9,24.9,16.5,26.5,0.1,14.5,26.3,5.7,13.7,4.6,5.0,3.9,3.1,5.3,0.1,10.5,12.4,8.1,12.1,1.1,10.9,23.8,13.2
2026-08-09,07:00~09:00,總停等延滯,191184.0,152063.0,39121.0,56093.0,33221.0,15656.0,7239.0,448.0,9878.0,55619.0,9265.0,4257.0,20362.0,21735.0,37016.0,19798.0,8197.0,9021.0,26207.0,3808.0,6335.0,16064.0,4379.0,1872.0,2507.0,10763.0,6222.0,4541.0,4233.0,4233.0,19746.0,8242.0,72.0,6812.0,4620.0,22042.0,7551.0,12499.0,564.0,1428.0,1237.0,1159.0,78.0,20588.0,11158.0,9430.0,12226.0,157.0,3380.0,4453.0,4236.0,149.7,155.7,172.0,110.3,207.8,278.4,132.3,244.0,115.2,148.7,58.7,174.5,110.9,147.4,153.5,60.0,0.0,88.2,45.5,56.7,196.6
2026-08-09,07:00~09:00,通過量,4486,3003,1483,2453,1460,661,254,390,155,1778,395,146,736,501,1074,487,251,336,1001,302,233,466,774,257,517,742,320,422,180,180,1455,409,363,539,144,3313,298,1304,1236,475,1926,899,1027,1885,909,976,1923,211,861,178,673
2026-08-09,07:00~09:00,平均停等延滯,42.6,50.6,26.4,22.9,22.8,23.7,28.5,1.1,63.7,31.3,23.5,29.2,27.7,43.4,34.5,40.7,32.7,26.8,26.2,12.6,27.2,34.5,5.7,7.3,4.8,14.5,19.4,10.8,23.5,23.5,13.6,20.2,0.2,12.6,32.1,6.7,25.3,9.6,0.5,3.0,0.6,1.3,0.1,10.9,12.3,9.7,6.4,0.7,3.9,25.0,6.3
2026-08-09,10:00~17:00,總停等延滯,2555024.0,2107534.0,447490.0,687479.0,420418.0,135645.0,113543.0,4174.0,167056.0,913637.0,160556.0,127989.0,309992.0,315100.0,444490.0,210835.0,89354.0,144301.0,328989.0,44054.0,59620.0,225315.0,52104.0,11231.0,40873.0,121585.0,65631.0,55954.0,48254.0,48254.0,225547.0,73642.0,1799.0,110780.0,39326.0,210681.0,55740.0,101600.0,42084.0,11257.0,46540.0,45648.0,892.0,197740.0,118956.0,78784.0,232518.0,9239.0,110749.0,41998.0,70532.0,165.4,374.1,203.3,128.2,256.3,709.5,165.7,229.4,125.8,165.6,91.2,211.9,131.3,334.9,396.4,145.6,0.0,93.9,72.2,90.5,142.1
2026-08-09,10:00~17:00,通過量,42904,30362,12542,22870,15458,6281,2765,2961,3451,17042,4040,2380,5807,4815,11653,6296,2311,3046,8058,2745,2135,3178,6094,1736,4358,6921,2659,4262,1823,1823,12747,3764,3045,4749,1189,26508,2643,12451,9242,2172,18077,7998,10079,17678,7979,9699,18174,1514,8884,1421,6355
2026-08-09,10:00~17:00,平均停等延滯,59.6,69.4,35.7,30.1,27.2,21.6,41.1,1.4,48.4,53.6,39.7,53.8,53.4,65.4,38.1,33.5,38.7,47.4,40.8,16.0,27.9,70.9,8.6,6.5,9.4,17.6,24.7,13.1,26.5,26.5,17.7,19.6,0.6,23.3,33.1,7.9,21.1,8.2,4.6,5.2,2.6,5.7,0.1,11.2,14.9,8.1,12.8,6.1,12.5,29.6,11.1
2026-08-09,17:00~20:00,總停等延滯,1071986.0,876503.0,195483.0,314818.0,157184.0,73682.0,52048.0,1993.0,29461.0,409784.0,64795.0,48977.0,133984.0,162028.0,191743.0,89765.0,41061.0,60917.0,117792.0,19799.0,23999.0,73994.0,22339.0,6245.0,16094.0,58356.0,34535.0,23821.0,19219.0,19219.0,95569.0,37088.0,102.0,41997.0,16382.0,97924.0,23187.0,37699.0,30363.0,6675.0,38497.0,38046.0,451.0,76594.0,54136.0,22458.0,101803.0,3354.0,39734.0,17772.0,40943.0,182.4,352.7,194.2,147.3,278.0,553.0,160.2,309.4,118.9,183.7,95.6,201.5,149.0,221.6,344.5,0.0,0.0,101.0,65.6,91.7,212.1
2026-08-09,17:00~20:00,通過量,18760,13676,5084,9726,7243,2594,1242,1372,2035,7378,1769,925,2423,2261,4980,2504,954,1522,3540,1397,881,1262,2576,753,1823,2896,1295,1601,793,793,5342,1804,1227,1787,524,11574,926,4786,4801,1061,8081,4145,3936,7839,4097,3742,8211,695,3502,631,3383
2026-08-09,17:00~20:00,平均停等延滯,57.1,64.1,38.5,32.4,21.7,28.4,41.9,1.5,14.5,55.5,36.6,52.9,55.3,71.7,38.5,35.8,43.0,40.0,33.3,14.2,27.2,58.6,8.7,8.3,8.8,20.2,26.7,14.9,24.2,24.2,17.9,20.6,0.1,23.5,31.3,8.5,25.0,7.9,6.3,6.3,4.8,9.2,0.1,9.8,13.2,6.0,12.4,4.8,11.3,28.2,12.1
2026-08-09,10:00~12:00,總停等延滯,579786.0,463656.0,116130.0,162797.0,77929.0,30263.0,24960.0,1075.0,21631.0,195065.0,42039.0,26707.0,64718.0,61601.0,105108.0,50276.0,24321.0,30511.0,85554.0,8626.0,14458.0,62470.0,13247.0,2500.0,10747.0,27902.0,14049.0,13853.0,11046.0,11046.0,63935.0,15379.0,446.0,37686.0,10424.0,46719.0,14237.0,25605.0,5599.0,1278.0,5585.0,5405.0,180.0,51236.0,27101.0,24135.0,59257.0,1672.0,28412.0,7072.0,22101.0,161.5,213.8,164.4,109.1,248.4,523.6,158.5,244.7,113.3,161.7,86.9,164.7,110.3,298.5,230.0,158.6,0.0,90.2,70.3,77.2,175.9
2026-08-09,10:00~12:00,通過量,10946,7548,3398,5503,3617,1565,661,744,647,4128,926,512,1492,1198,3031,1532,681,818,2050,584,556,910,1547,367,1180,1779,584,1195,432,432,3368,769,758,1512,329,6489,638,3172,2196,483,4334,1785,2549,4129,1738,2391,4338,405,2240,326,1367
2026-08-09,10:00~12:00,平均停等延滯,53.0,61.4,34.2,29.6,21.5,19.3,37.8,1.4,33.4,47.3,45.4,52.2,43.4,51.4,34.7,32.8,35.7,37.3,41.7,14.8,26.0,68.6,8.6,6.8,9.1,15.7,24.1,11.6,25.6,25.6,19.0,20.0,0.6,24.9,31.7,7.2,22.3,8.1,2.5,2.6,1.3,3.0,0.1,12.4,15.6,10.1,13.7,4.1,12.7,21.7,16.2
2026-08-09,14:00~16:00,總停等延滯,905908.0,764004.0,141904.0,236037.0,150028.0,41485.0,35302.0,1417.0,71824.0,361330.0,55693.0,47427.0,115870.0,142340.0,148627.0,66032.0,27222.0,55373.0,104019.0,16324.0,19725.0,67970.0,17009.0,3805.0,13204.0,36976.0,21358.0,15618.0,17166.0,17166.0,70753.0,27371.0,569.0,30232.0,12581.0,76611.0,18722.0,34710.0,18329.0,4850.0,21588.0,21191.0,397.0,61819.0,39672.0,22147.0,76019.0,3727.0,34342.0,16073.0,21877.0,165.6,467.0,230.9,145.1,262.5,827.5,174.6,234.4,130.1,166.2,96.0,240.4,140.9,346.3,508.3,0.0,0.0,94.0,81.2,100.8,130.8
2026-08-09,14:00~16:00,通過量,13550,9742,3808,7652,5138,2035,867,1029,1207,5625,1355,845,1746,1679,3584,1983,708,893,2439,931,642,866,1917,577,1340,2082,836,1246,596,596,3846,1211,975,1290,370,8639,965,4005,2955,714,5882,2715,3167,5963,2815,3148,6025,502,2841,428,2254
2026-08-09,14:00~16:00,平均停等延滯,66.9,78.4,37.3,30.8,29.2,20.4,40.7,1.4,59.5,64.2,41.1,56.1,66.4,84.8,41.5,33.3,38.4,62.0,42.6,17.5,30.7,78.5,8.9,6.6,9.9,17.8,25.5,12.5,28.8,28.8,18.4,22.6,0.6,23.4,34.0,8.9,19.4,8.7,6.2,6.8,3.7,7.8,0.1,10.4,14.1,7.0,12.6,7.4,12.1,37.6,9.7
2026-08-09,16:00~19:00,總停等延滯,1019356.0,824061.0,195295.0,310431.0,160493.0,70469.0,53236.0,1705.0,35083.0,342233.0,62311.0,42392.0,112545.0,124985.0,190459.0,94768.0,42041.0,53650.0,130876.0,22413.0,26615.0,81848.0,21600.0,5931.0,15669.0,57231.0,33070.0,24161.0,21398.0,21398.0,95066.0,33416.0,735.0,43232.0,17683.0,101048.0,23798.0,39093.0,28975.0,9182.0,38986.0,38593.0,393.0,76792.0,55251.0,21541.0,93605.0,3650.0,36144.0,20467.0,33344.0,183.5,420.8,217.2,148.2,275.3,644.0,161.1,311.6,134.1,183.4,91.7,222.2,154.7,252.6,415.4,0.0,0.0,91.5,70.3,93.7,209.8
2026-08-09,16:00~19:00,通過量,19594,14160,5434,10216,7484,2738,1295,1341,2110,7635,1807,1038,2504,2286,5245,2786,947,1512,3676,1442,934,1300,2688,817,1871,3023,1295,1728,848,848,5694,1925,1293,1921,555,12332,1031,5124,5011,1166,8415,4203,4212,8058,4100,3958,8542,739,3742,695,3366
2026-08-09,16:00~19:00,平均停等延滯,52.0,58.2,35.9,30.4,21.4,25.7,41.1,1.3,16.6,44.8,34.5,40.8,44.9,54.7,36.3,34.0,44.4,35.5,35.6,15.5,28.5,63.0,8.0,7.3,8.4,18.9,25.5,14.0,25.2,25.2,16.7,17.4,0.6,22.5,31.9,8.2,23.1,7.6,5.8,7.9,4.6,9.2,0.1,9.5,13.5,5.4,11.0,4.9,9.7,29.4,9.9
2026-08-09,20:00~23:00,總停等延滯,737325.0,614314.0,123011.0,229042.0,104732.0,52495.0,29164.0,1833.0,21240.0,310112.0,50841.0,34577.0,84321.0,140373.0,124538.0,55340.0,21251.0,47947.0,74932.0,16680.0,13698.0,44554.0,19474.0,6348.0,13126.0,26198.0,16636.0,9562.0,13035.0,13035.0,64304.0,38740.0,74.0,16431.0,9059.0,73435.0,19943.0,32909.0,18068.0,2515.0,16792.0,16504.0,288.0,68250.0,47890.0,20360.0,70565.0,795.0,25967.0,14556.0,29247.0,177.1,234.8,170.1,141.6,273.9,401.9,131.9,235.9,132.1,176.8,98.4,171.6,146.2,266.4,241.6,0.0,0.0,74.7,56.1,100.8,137.4
2026-08-09,20:00~23:00,通過量,12721,9354,3367,7549,5249,1927,780,1259,1283,5877,1411,565,2005,1896,3124,1473,529,1122,2328,1076,448,804,1813,692,1121,1922,990,932,491,491,3535,1351,871,1019,294,8810,726,3555,3883,646,6062,3280,2782,6212,3359,2853,6250,452,2530,538,2730
2026-08-09,20:00~23:00,平均停等延滯,58.0,65.7,36.5,30.3,20.0,27.2,37.4,1.5,16.6,52.8,36.0,61.2,42.1,74.0,39.9,37.6,40.2,42.7,32.2,15.5,30.6,55.4,10.7,9.2,11.7,13.6,16.8,10.3,26.5,26.5,18.2,28.7,0.1,16.1,30.8,8.3,27.5,9.3,4.7,3.9,2.8,5.0,0.1,11.0,14.3,7.1,11.3,1.8,10.3,27.1,10.7
2026-08-10,07:00~09:00,總停等延滯,677972.0,510331.0,167641.0,267723.0,104452.0,52338.0,28002.0,1464.0,22648.0,209450.0,36686.0,21669.0,48298.0,102797.0,105454.0,47630.0,30442.0,27382.0,90975.0,12821.0,15981.0,62173.0,21724.0,5649.0,16075.0,28199.0,19444.0,8755.0,17137.0,17137.0,100581.0,31192.0,1592.0,53785.0,14012.0,122599.0,23944.0,50860.0,47795.0,0.0,46360.0,46042.0,318.0,0.0,0.0,0.0,98764.0,3319.0,29148.0,26170.0,40127.0,162.0,203.9,169.1,119.9,221.4,380.1,155.8,327.9,96.7,162.3,60.0,170.0,120.6,174.1,206.3,87.3,0.0,76.1,79.7,168.0,161.1
2026-08-10,07:00~09:00,通過量,13314,8246,5068,6905,3751,1527,835,756,633,4462,1023,411,1618,1410,2965,1328,898,739,2595,802,619,1174,2365,718,1647,2485,974,1511,594,594,5276,1520,1336,2015,405,8258,718,3573,3967,0,5669,2961,2708,0,0,0,5444,751,2079,531,2083
2026-08-10,07:00~09:00,平均停等延滯,50.9,61.9,33.1,38.8,27.8,34.3,33.5,1.9,35.8,46.9,35.9,52.7,29.9,72.9,35.6,35.9,33.9,37.1,35.1,16.0,25.8,53.0,9.2,7.9,9.8,11.3,20.0,5.8,28.9,28.9,19.1,20.5,1.2,26.7,34.6,14.8,33.3,14.2,12.0,0.0,8.2,15.5,0.1,0.0,0.0,0.0,18.1,4.4,14.0,49.3,19.3
2026-08-10,10:00~17:00,總停等延滯,1574010.0,1219640.0,354370.0,650056.0,352061.0,162797.0,68652.0,3354.0,117258.0,386612.0,92414.0,48225.0,138363.0,107610.0,264109.0,137039.0,52411.0,74659.0,216858.0,32541.0,45411.0,138906.0,40728.0,14164.0,26564.0,81276.0,48871.0,32405.0,43437.0,43437.0,188929.0,71817.0,762.0,79600.0,36750.0,298887.0,76851.0,149047.0,72989.0,0.0,49006.0,48280.0,726.0,59369.0,34772.0,24597.0,242794.0,18829.0,75003.0,51078.0,97884.0,152.9,220.2,216.5,141.3,216.4,584.2,197.9,255.6,104.6,153.1,63.4,223.3,142.2,328.1,216.4,142.4,0.0,77.6,123.4,106.0,146.7
2026-08-10,10:00~17:00,通過量,35389,23726,11663,22151,12904,5343,2402,2521,2638,12646,2936,1417,5318,2975,8701,4800,1385,2516,7026,1976,1894,3156,5581,1823,3758,6123,2712,3411,1484,1484,12226,3870,2965,4228,1163,25575,2788,11845,10942,0,17423,8261,9162,4358,2097,2261,16487,1513,7456,1429,6089
2026-08-10,10:00~17:00,平均停等延滯,44.5,51.4,30.4,29.3,27.3,30.5,28.6,1.3,44.4,30.6,31.5,34.0,26.0,36.2,30.4,28.5,37.8,29.7,30.9,16.5,24.0,44.0,7.3,7.8,7.1,13.3,18.0,9.5,29.3,29.3,15.5,18.6,0.3,18.8,31.6,11.7,27.6,12.6,6.7,0.0,2.8,5.8,0.1,13.6,16.6,10.9,14.7,12.4,10.1,35.7,16.1
2026-08-10,17:00~20:00,總停等延滯,819028.0,600707.0,218321.0,312192.0,158687.0,75942.0,34598.0,1547.0,46600.0,205206.0,42524.0,24705.0,55662.0,82315.0,133494.0,63423.0,25482.0,44589.0,103320.0,19557.0,21738.0,62025.0,26753.0,11886.0,14867.0,50211.0,32301.0,17910.0,23038.0,23038.0,118319.0,42859.0,887.0,50921.0,23652.0,118849.0,31667.0,63027.0,24155.0,0.0,5405.0,4829.0,576.0,92207.0,48350.0,43857.0,95731.0,3984.0,42046.0,16754.0,32947.0,153.3,240.5,227.5,145.0,226.7,461.8,164.0,263.0,105.2,152.9,73.5,236.3,148.6,218.0,254.5,152.0,0.0,77.8,86.7,84.5,182.8
2026-08-10,17:00~20:00,通過量,18868,12331,6537,9698,6296,2596,1237,1009,1454,5940,1294,716,2176,1754,4770,2556,715,1499,3548,1188,993,1367,2923,1162,1761,3403,1664,1739,947,947,6717,2289,1361,2324,743,10444,1401,5432,3611,0,7165,2944,4221,7034,2906,4128,7232,869,3498,559,2306
2026-08-10,17:00~20:00,平均停等延滯,43.4,48.7,33.4,32.2,25.2,29.3,28.0,1.5,32.0,34.5,32.9,34.5,25.6,46.9,28.0,24.8,35.6,29.7,29.1,16.5,21.9,45.4,9.2,10.2,8.4,14.8,19.4,10.3,24.3,24.3,17.6,18.7,0.7,21.9,31.8,11.4,22.6,11.6,6.7,0.0,0.8,1.6,0.1,13.1,16.6,10.6,13.2,4.6,12.0,30.0,14.3
2026-08-10,10:00~12:00,總停等延滯,473876.0,370518.0,103358.0,178349.0,105970.0,50831.0,20068.0,998.0,34073.0,127236.0,29203.0,17288.0,45337.0,35408.0,74392.0,40983.0,14252.0,19157.0,62920.0,7830.0,13433.0,41657.0,12364.0,4012.0,8352.0,23139.0,12106.0,11033.0,12466.0,12466.0,55389.0,19703.0,59.0,24707.0,10920.0,91845.0,27622.0,52562.0,11661.0,0.0,6378.0,6220.0,158.0,0.0,0.0,0.0,80126.0,8190.0,24352.0,15031.0,32553.0,154.8,195.1,241.6,138.1,223.1,446.1,171.3,203.7,110.6,155.0,67.8,249.9,143.8,227.4,196.7,138.0,0.0,76.5,95.5,79.4,128.1
2026-08-10,10:00~12:00,通過量,9538,6306,3232,5971,3462,1535,652,659,616,3562,888,366,1515,793,2204,1260,373,571,1910,510,482,918,1570,475,1095,1688,711,977,375,375,3404,1022,823,1237,322,7127,742,3277,3108,0,4725,2242,2483,0,0,0,4440,437,2051,384,1568
2026-08-10,10:00~12:00,平均停等延滯,49.7,58.8,32.0,29.9,30.6,33.1,30.8,1.5,55.3,35.7,32.9,47.2,29.9,44.7,33.8,32.5,38.2,33.5,32.9,15.4,27.9,45.4,7.9,8.4,7.6,13.7,17.0,11.3,33.2,33.2,16.3,19.3,0.1,20.0,33.9,12.9,37.2,16.0,3.8,0.0,1.3,2.8,0.1,0.0,0.0,0.0,18.0,18.7,11.9,39.1,20.8
2026-08-10,14:00~16:00,總停等延滯,503654.0,395111.0,108543.0,222486.0,112370.0,52297.0,21836.0,1108.0,37129.0,129579.0,28119.0,15188.0,50343.0,35929.0,86899.0,45824.0,15417.0,25658.0,66263.0,9922.0,11926.0,44415.0,12861.0,4663.0,8198.0,23179.0,16442.0,6737.0,13461.0,13461.0,59042.0,24669.0,325.0,23270.0,10778.0,90882.0,22979.0,45077.0,22826.0,0.0,22469.0,22240.0,229.0,28382.0,16217.0,12165.0,80753.0,7696.0,25729.0,16287.0,31041.0,146.5,292.1,234.1,130.4,208.1,525.1,166.9,257.3,107.2,146.5,61.8,241.7,125.0,208.9,279.8,126.7,0.0,77.1,89.7,127.5,131.1
2026-08-10,14:00~16:00,通過量,10317,6927,3390,6578,3816,1532,675,761,848,3544,801,417,1496,830,2549,1349,397,803,1991,566,520,905,1629,558,1071,1732,799,933,442,442,3504,1114,924,1141,325,7297,814,3367,3116,0,5079,2456,2623,1819,912,907,4878,413,2068,454,1943
2026-08-10,14:00~16:00,平均停等延滯,48.8,57.0,32.0,33.8,29.4,34.1,32.3,1.5,43.8,36.6,35.1,36.4,33.7,43.3,34.1,34.0,38.8,32.0,33.3,17.5,22.9,49.1,7.9,8.4,7.7,13.4,20.6,7.2,30.5,30.5,16.8,22.1,0.4,20.4,33.2,12.5,28.2,13.4,7.3,0.0,4.4,9.1,0.1,15.6,17.8,13.4,16.6,18.6,12.4,35.9,16.0
2026-08-10,16:00~19:00,總停等延滯,833210.0,604362.0,228848.0,352781.0,166243.0,75778.0,33671.0,1445.0,55349.0,185633.0,39564.0,20111.0,54205.0,71753.0,137287.0,66092.0,25896.0,45299.0,115199.0,20582.0,21924.0,72693.0,26865.0,11830.0,15035.0,52320.0,34828.0,17492.0,25380.0,25380.0,124283.0,45423.0,975.0,52360.0,25525.0,143142.0,29262.0,61517.0,52363.0,0.0,19928.0,19320.0,608.0,92174.0,50102.0,42072.0,97537.0,4719.0,39483.0,20772.0,32563.0,152.3,242.9,198.9,132.9,223.9,466.4,177.1,306.1,107.4,151.8,71.9,208.6,134.8,226.3,254.6,156.5,0.0,80.0,101.0,118.6,189.0
2026-08-10,16:00~19:00,通過量,19544,12649,6895,10493,6567,2704,1278,1074,1511,6007,1309,690,2311,1697,5088,2768,735,1585,3657,1208,1031,1418,3039,1231,1808,3620,1814,1806,944,944,7124,2404,1468,2454,798,11285,1510,5863,3912,0,7711,3269,4442,7393,3097,4296,7698,928,3650,662,2458
2026-08-10,16:00~19:00,平均停等延滯,42.6,47.8,33.2,33.6,25.3,28.0,26.3,1.3,36.6,30.9,30.2,29.1,23.5,42.3,27.0,23.9,35.2,28.6,31.5,17.0,21.3,51.3,8.8,9.6,8.3,14.5,19.2,9.7,26.9,26.9,17.4,18.9,0.7,21.3,32.0,12.7,19.4,10.5,13.4,0.0,2.6,5.9,0.1,12.5,16.2,9.8,12.7,5.1,10.8,31.4,13.2
2026-08-10,20:00~23:00,總停等延滯,489541.0,393020.0,96521.0,207734.0,94491.0,49670.0,17371.0,1379.0,26071.0,160361.0,31870.0,23948.0,49988.0,54555.0,83957.0,35125.0,14437.0,34395.0,54211.0,15029.0,11331.0,27851.0,13157.0,3796.0,9361.0,28289.0,11820.0,16469.0,11116.0,11116.0,43959.0,27165.0,63.0,9635.0,7096.0,58320.0,21208.0,36871.0,241.0,0.0,1001.0,841.0,160.0,76244.0,41739.0,34505.0,72169.0,1821.0,22644.0,10653.0,37051.0,147.5,302.7,176.6,136.0,224.6,487.2,181.1,243.9,91.6,149.9,75.6,178.0,137.5,156.1,330.5,141.5,0.0,107.8,85.2,77.1,177.0
2026-08-10,20:00~23:00,通過量,9472,6574,2898,5979,3657,1543,587,795,732,3785,885,422,1445,1033,2324,1187,384,753,1888,768,430,690,1400,558,842,1430,728,702,381,381,3094,1135,865,862,232,6569,636,3188,2745,0,4668,2215,2453,4698,2247,2451,4623,361,2107,334,1821
2026-08-10,20:00~23:00,平均停等延滯,51.7,59.8,33.3,34.7,25.8,32.2,29.6,1.7,35.6,42.4,36.0,56.7,34.6,52.8,36.1,29.6,37.6,45.7,28.7,19.6,26.4,40.4,9.4,6.8,11.1,19.8,16.2,23.5,29.2,29.2,14.2,23.9,0.1,11.2,30.6,8.9,33.3,11.6,0.1,0.0,0.2,0.4,0.1,16.2,18.6,14.1,15.6,5.0,10.7,31.9,20.3
2026-08-11,07:00~09:00,總停等延滯,610375.0,454235.0,156140.0,302618.0,87387.0,34866.0,25424.0,1228.0,25869.0,177210.0,35897.0,18702.0,45150.0,77461.0,97270.0,45720.0,26931.0,24619.0,92368.0,11021.0,20836.0,60511.0,18663.0,3711.0,14952.0,24868.0,16412.0,8456.0,16542.0,16542.0,96067.0,30136.0,2094.0,48739.0,15098.0,127421.0,23490.0,50542.0,33935.0,19454.0,40156.0,38923.0,1233.0,67104.0,51392.0,15712.0,67937.0,3179.0,25189.0,18437.0,21132.0,146.5,247.1,175.0,148.5,204.0,466.9,277.0,298.9,115.9,147.0,58.3,179.2,152.9,218.1,239.8,115.7,0.0,185.2,66.5,155.2,144.6
2026-08-11,07:00~09:00,通過量,13218,8260,4958,7557,3997,1689,881,747,680,4276,1039,370,1531,1336,2797,1254,836,707,2533,772,674,1087,2291,660,1631,2331,912,1419,600,600,5109,1411,1314,1975,409,10571,870,4057,4247,1397,5662,2966,2696,5719,2980,2739,5619,734,2255,565,2065
2026-08-11,07:00~09:00,平均停等延滯,46.2,55.0,31.5,40.0,21.9,20.6,28.9,1.6,38.0,41.4,34.5,50.5,29.5,58.0,34.8,36.5,32.2,34.8,36.5,14.3,30.9,55.7,8.1,5.6,9.2,10.7,18.0,6.0,27.6,27.6,18.8,21.4,1.6,24.7,36.9,12.1,27.0,12.5,8.0,13.9,7.1,13.1,0.5,11.7,17.2,5.7,12.1,4.3,11.2,32.6,10.2
2026-08-11,10:00~17:00,總停等延滯,1418225.0,1053995.0,364230.0,560658.0,275603.0,107272.0,61944.0,3131.0,103256.0,335742.0,78003.0,40701.0,112333.0,104705.0,237758.0,123429.0,49278.0,65051.0,204892.0,32788.0,44273.0,127831.0,48160.0,16427.0,31733.0,85127.0,49954.0,35173.0,40831.0,40831.0,190112.0,73491.0,1353.0,79966.0,35302.0,181977.0,32277.0,63714.0,60472.0,25514.0,52176.0,49577.0,2599.0,155012.0,103086.0,51926.0,171493.0,15134.0,59628.0,35641.0,61090.0,147.2,252.7,192.2,121.6,208.4,570.3,215.6,281.3,127.0,147.2,61.5,196.5,123.3,308.7,256.1,144.6,0.0,114.3,105.8,97.2,190.2
2026-08-11,10:00~17:00,通過量,37276,25003,12273,20978,13408,5530,2610,2567,2701,13098,2877,1518,5456,3247,8740,4929,1466,2345,7749,2163,1898,3688,6056,1985,4071,6621,2884,3737,1611,1611,12773,4096,3027,4485,1165,27984,3268,10108,11082,3526,18388,8958,9430,17757,8694,9063,16965,1732,7631,1489,6113
2026-08-11,10:00~17:00,平均停等延滯,38.0,42.2,29.7,26.7,20.6,19.4,23.7,1.2,38.2,25.6,27.1,26.8,20.6,32.2,27.2,25.0,33.6,27.7,26.4,15.2,23.3,34.7,8.0,8.3,7.8,12.9,17.3,9.4,25.3,25.3,14.9,17.9,0.4,17.8,30.3,6.5,9.9,6.3,5.5,7.2,2.8,5.5,0.3,8.7,11.9,5.7,10.1,8.7,7.8,23.9,10.0
2026-08-11,17:00~20:00,總停等延滯,809293.0,594717.0,214576.0,238600.0,143247.0,55561.0,32541.0,1618.0,53527.0,210278.0,42536.0,28145.0,55001.0,84596.0,139710.0,68204.0,28745.0,42761.0,101482.0,21717.0,19081.0,60684.0,24279.0,9504.0,14775.0,49772.0,33958.0,15814.0,22160.0,22160.0,118365.0,46503.0,866.0,50690.0,20306.0,62267.0,4760.0,7718.0,43049.0,6740.0,21161.0,20271.0,890.0,65299.0,37784.0,27515.0,89873.0,5573.0,35950.0,15162.0,33188.0,154.0,208.5,177.0,120.2,220.4,383.0,164.7,261.6,133.5,153.8,66.4,179.6,123.4,229.9,231.2,121.8,0.0,82.1,82.8,96.0,167.4
2026-08-11,17:00~20:00,通過量,18543,12062,6481,7876,6200,2559,1280,964,1397,5743,1294,665,2068,1716,4591,2396,773,1422,3517,1267,929,1321,2955,1183,1772,3465,1691,1774,994,994,6753,2449,1363,2254,687,10185,1549,3526,3952,1158,7249,3040,4209,7220,3097,4123,7117,859,3457,579,2222
2026-08-11,17:00~20:00,平均停等延滯,43.6,49.3,33.1,30.3,23.1,21.7,25.4,1.7,38.3,36.6,32.9,42.3,26.6,49.3,30.4,28.5,37.2,30.1,28.9,17.1,20.5,45.9,8.2,8.0,8.3,14.4,20.1,8.9,22.3,22.3,17.5,19.0,0.6,22.5,29.6,6.1,3.1,2.2,10.9,5.8,2.9,6.7,0.2,9.0,12.2,6.7,12.6,6.5,10.4,26.2,14.9
2026-08-11,10:00~12:00,總停等延滯,434956.0,327110.0,107846.0,191005.0,80293.0,33166.0,18159.0,996.0,27972.0,106851.0,27049.0,12381.0,36681.0,30740.0,78325.0,44058.0,15895.0,18372.0,61641.0,9012.0,14091.0,38538.0,16125.0,5760.0,10365.0,21690.0,13422.0,8268.0,10386.0,10386.0,59645.0,22165.0,276.0,26301.0,10903.0,74783.0,18717.0,36929.0,11223.0,7914.0,12674.0,12069.0,605.0,52045.0,36733.0,15312.0,51503.0,5320.0,21112.0,10604.0,14467.0,148.9,173.8,189.4,126.2,214.0,363.8,163.2,220.8,154.6,148.6,65.5,191.5,126.0,216.1,172.5,156.5,0.0,80.0,86.7,89.3,129.8
2026-08-11,10:00~12:00,通過量,10117,6672,3445,6239,3578,1606,736,661,575,3560,827,364,1554,815,2366,1381,433,552,2170,579,541,1050,1676,508,1168,1914,793,1121,384,384,3645,1092,920,1328,305,8308,857,3332,3059,1060,5128,2474,2654,4926,2379,2547,4635,452,2133,387,1663
2026-08-11,10:00~12:00,平均停等延滯,43.0,49.0,31.3,30.6,22.4,20.7,24.7,1.5,48.6,30.0,32.7,34.0,23.6,37.7,33.1,31.9,36.7,33.3,28.4,15.6,26.0,36.7,9.6,11.3,8.9,11.3,16.9,7.4,27.0,27.0,16.4,20.3,0.3,19.8,35.7,9.0,21.8,11.1,3.7,7.5,2.5,4.9,0.2,10.6,15.4,6.0,11.1,11.8,9.9,27.4,8.7
2026-08-11,14:00~16:00,總停等延滯,401540.0,298921.0,102619.0,135257.0,81494.0,29611.0,18304.0,866.0,32713.0,94433.0,21799.0,13192.0,31981.0,27461.0,65357.0,32733.0,12157.0,20467.0,57637.0,9284.0,9925.0,38428.0,12766.0,4187.0,8579.0,27455.0,17002.0,10453.0,11185.0,11185.0,51213.0,21760.0,767.0,20574.0,8112.0,27573.0,1288.0,3654.0,14772.0,7859.0,14597.0,13892.0,705.0,42624.0,27295.0,15329.0,50463.0,5926.0,15460.0,9943.0,19134.0,144.8,327.1,196.9,126.4,205.1,653.9,311.8,302.2,122.0,144.8,60.3,199.9,127.0,297.8,340.4,144.2,0.0,215.1,124.3,103.2,230.5
2026-08-11,14:00~16:00,通過量,10540,7048,3492,5722,3804,1466,665,776,897,3737,799,463,1545,930,2581,1444,403,734,2077,587,486,1004,1763,603,1160,1961,912,1049,476,476,3726,1313,871,1235,307,7671,1060,2358,3255,998,5489,2738,2751,5274,2666,2608,5001,511,2186,388,1916
2026-08-11,14:00~16:00,平均停等延滯,38.1,42.4,29.4,23.6,21.4,20.2,27.5,1.1,36.5,25.3,27.3,28.5,20.7,29.5,25.3,22.7,30.2,27.9,27.8,15.8,20.4,38.3,7.2,6.9,7.4,14.0,18.6,10.0,23.5,23.5,13.7,16.6,0.9,16.7,26.4,3.6,1.2,1.5,4.5,7.9,2.7,5.1,0.3,8.1,10.2,5.9,10.1,11.6,7.1,25.6,10.0
2026-08-11,16:00~19:00,總停等延滯,790101.0,562654.0,227447.0,273746.0,135193.0,49585.0,29839.0,1505.0,54264.0,183685.0,38695.0,21881.0,48329.0,74780.0,136227.0,64433.0,30265.0,41529.0,107549.0,22481.0,21594.0,63474.0,26527.0,9990.0,16537.0,50217.0,33520.0,16697.0,24265.0,24265.0,126438.0,47193.0,1028.0,53411.0,24806.0,90269.0,5170.0,9124.0,65872.0,10103.0,33842.0,32367.0,1475.0,67097.0,39724.0,27373.0,82538.0,6436.0,31691.0,17648.0,26763.0,149.8,176.4,195.2,120.7,210.6,428.9,181.1,306.6,133.1,150.0,60.8,201.7,123.3,268.7,180.9,141.2,0.0,88.7,95.0,105.0,205.8
2026-08-11,16:00~19:00,通過量,19594,12503,7091,8604,6559,2741,1366,1003,1449,5844,1285,634,2163,1762,4742,2545,810,1387,3656,1302,978,1376,3173,1257,1916,3680,1781,1899,1118,1118,7305,2589,1448,2478,790,11107,1727,3812,4211,1357,7699,3317,4382,7583,3312,4271,7616,946,3605,712,2353
2026-08-11,16:00~19:00,平均停等延滯,40.3,45.0,32.1,31.8,20.6,18.1,21.8,1.5,37.4,31.4,30.1,34.5,22.3,42.4,28.7,25.3,37.4,29.9,29.4,17.3,22.1,46.1,8.4,7.9,8.6,13.6,18.8,8.8,21.7,21.7,17.3,18.2,0.7,21.6,31.4,8.1,3.0,2.4,15.6,7.4,4.4,9.8,0.3,8.8,12.0,6.4,10.8,6.8,8.8,24.8,11.4
2026-08-11,20:00~23:00,總停等延滯,458738.0,369029.0,89709.0,123087.0,76548.0,30331.0,15980.0,1342.0,28895.0,166528.0,29509.0,24585.0,48764.0,63670.0,73099.0,34853.0,12232.0,26014.0,52854.0,12933.0,10590.0,29331.0,12658.0,3452.0,9206.0,26521.0,12998.0,13523.0,10233.0,10233.0,40297.0,25602.0,77.0,8679.0,5939.0,5826.0,38.0,148.0,5011.0,629.0,6839.0,6608.0,231.0,48226.0,26843.0,21383.0,62196.0,1922.0,20711.0,13562.0,26001.0,133.9,224.2,221.7,187.1,214.8,404.9,137.7,257.7,94.2,134.5,83.3,216.2,186.5,177.4,250.8,0.0,0.0,73.4,64.5,85.8,171.5
2026-08-11,20:00~23:00,通過量,9460,6578,2882,5116,3571,1490,634,759,688,3800,907,459,1402,1032,2269,1156,355,758,1929,767,387,775,1438,574,864,1496,752,744,389,389,2966,1047,831,846,242,6311,721,2247,2799,544,4680,2260,2420,4694,2295,2399,4543,362,2033,379,1769
2026-08-11,20:00~23:00,平均停等延滯,48.5,56.1,31.1,24.1,21.4,20.4,25.2,1.8,42.0,43.8,32.5,53.6,34.8,61.7,32.2,30.1,34.5,34.3,27.4,16.9,27.4,37.8,8.8,6.0,10.7,17.7,17.3,18.2,26.3,26.3,13.6,24.5,0.1,10.3,24.5,0.9,0.1,0.1,1.8,1.2,1.5,2.9,0.1,10.3,11.7,8.9,13.7,5.3,10.2,35.8,14.7
2026-08-12,07:00~09:00,總停等延滯,591820.0,436599.0,155221.0,270168.0,88749.0,35104.0,26203.0,1208.0,26234.0,165655.0,32529.0,18196.0,37788.0,77142.0,96791.0,44972.0,27626.0,24193.0,85404.0,11429.0,15936.0,58039.0,19654.0,4502.0,15152.0,22962.0,16631.0,6331.0,16834.0,16834.0,95771.0,29711.0,1649.0,50906.0,13505.0,114947.0,21036.0,44411.0,31611.0,17889.0,33204.0,31897.0,1307.0,55651.0,40187.0,15464.0,66366.0,2820.0,24060.0,19924.0,19562.0,150.1,157.3,170.7,117.0,211.2,440.2,422.6,338.2,101.0,149.8,60.2,171.5,111.1,257.7,161.0,103.5,0.0,86.2,328.6,130.9,182.7
2026-08-12,07:00~09:00,通過量,13027,8109,4918,7481,3813,1562,850,769,632,4198,1005,376,1521,1296,2784,1259,814,711,2577,709,660,1208,2242,656,1586,2326,967,1359,617,617,5031,1386,1298,1948,399,10135,828,3966,3887,1454,5697,2971,2726,5693,3034,2659,5567,740,2140,597,2090
2026-08-12,07:00~09:00,平均停等延滯,45.4,53.8,31.6,36.1,23.3,22.5,30.8,1.6,41.5,39.5,32.4,48.4,24.8,59.5,34.8,35.7,33.9,34.0,33.1,16.1,24.1,48.0,8.8,6.9,9.6,9.9,17.2,4.7,27.3,27.3,19.0,21.4,1.3,26.1,33.8,11.3,25.4,11.2,8.1,12.3,5.8,10.7,0.5,9.8,13.2,5.8,11.9,3.8,11.2,33.4,9.4
2026-08-12,10:00~17:00,總停等延滯,1401768.0,1038001.0,363767.0,681545.0,273607.0,99655.0,64132.0,3239.0,106581.0,315618.0,86166.0,37084.0,100324.0,92044.0,242995.0,118956.0,55314.0,68725.0,205781.0,33390.0,42999.0,129392.0,45816.0,14824.0,30992.0,97893.0,48654.0,49239.0,41282.0,41282.0,178776.0,67221.0,935.0,74193.0,36427.0,244275.0,55511.0,112195.0,48796.0,27773.0,49316.0,47053.0,2263.0,159467.0,109785.0,49682.0,228487.0,15505.0,128759.0,33391.0,50832.0,150.4,253.6,172.6,141.9,215.1,497.6,228.5,261.9,125.2,150.5,64.9,174.9,145.2,268.2,275.6,159.4,0.0,102.2,128.5,117.9,163.1
2026-08-12,10:00~17:00,通過量,37330,25285,12045,23051,13737,5806,2538,2588,2805,13071,2992,1425,5334,3320,8529,4640,1509,2380,7721,2219,1828,3674,5987,1958,4029,6564,2899,3665,1647,1647,12411,3971,2966,4227,1247,29055,2926,12260,10453,3416,18057,8680,9377,17631,8542,9089,12437,765,3807,1454,6411
2026-08-12,10:00~17:00,平均停等延滯,37.6,41.1,30.2,29.6,19.9,17.2,25.3,1.3,38.0,24.1,28.8,26.0,18.8,27.7,28.5,25.6,36.7,28.9,26.7,15.0,23.5,35.2,7.7,7.6,7.7,14.9,16.8,13.4,25.1,25.1,14.4,16.9,0.3,17.6,29.2,8.4,19.0,9.2,4.7,8.1,2.7,5.4,0.2,9.0,12.9,5.5,18.4,20.3,33.8,23.0,7.9
2026-08-12,17:00~20:00,總停等延滯,768532.0,550692.0,217840.0,355312.0,122830.0,45442.0,30281.0,1511.0,45596.0,186812.0,40052.0,23036.0,45182.0,78542.0,132544.0,59821.0,27846.0,44877.0,108506.0,23061.0,22920.0,62525.0,24485.0,10035.0,14450.0,56494.0,33230.0,23264.0,22657.0,22657.0,114204.0,45411.0,899.0,48042.0,19852.0,129342.0,34815.0,65079.0,23073.0,6375.0,16790.0,15941.0,849.0,66253.0,37350.0,28903.0,142927.0,11782.0,100147.0,12433.0,18565.0,155.4,271.3,176.6,157.6,224.0,496.3,199.6,245.0,131.2,155.2,68.7,182.7,162.2,224.4,281.9,142.5,0.0,105.7,96.2,86.1,157.6
2026-08-12,17:00~20:00,通過量,18909,12139,6770,10154,6105,2423,1274,1083,1325,5900,1295,722,2114,1769,4712,2504,759,1449,3726,1308,984,1434,3082,1241,1841,3545,1690,1855,887,887,7078,2436,1397,2483,762,11376,1423,5735,3063,1155,7271,3005,4266,7158,2997,4161,2996,0,0,585,2411
2026-08-12,17:00~20:00,平均停等延滯,40.6,45.4,32.2,35.0,20.1,18.8,23.8,1.4,34.4,31.7,30.9,31.9,21.4,44.4,28.1,23.9,36.7,31.0,29.1,17.6,23.3,43.6,7.9,8.1,7.8,15.9,19.7,12.5,25.5,25.5,16.1,18.6,0.6,19.3,26.1,11.4,24.5,11.3,7.5,5.5,2.3,5.3,0.2,9.3,12.5,6.9,47.7,0.0,0.0,21.3,7.7
2026-08-12,10:00~12:00,總停等延滯,401806.0,302138.0,99668.0,171295.0,82699.0,31076.0,19763.0,919.0,30941.0,88581.0,25936.0,9526.0,28740.0,24379.0,69765.0,35060.0,17073.0,17632.0,61093.0,8110.0,12504.0,40479.0,13696.0,3819.0,9877.0,24568.0,11745.0,12823.0,10745.0,10745.0,50659.0,17855.0,213.0,22576.0,10015.0,66013.0,16456.0,32612.0,9819.0,7126.0,8208.0,7510.0,698.0,52893.0,36606.0,16287.0,44181.0,1802.0,16642.0,10231.0,15506.0,151.4,248.8,170.5,118.3,218.4,555.6,239.4,262.0,107.2,151.5,67.2,170.8,121.9,337.9,278.1,251.0,0.0,91.1,142.8,95.4,191.6
2026-08-12,10:00~12:00,通過量,10143,6840,3303,6655,3625,1683,709,629,604,3588,855,378,1460,895,2314,1282,449,583,2122,583,513,1026,1661,489,1172,1831,750,1081,456,456,3375,1017,865,1179,314,8765,896,3622,3215,1032,5184,2354,2830,5011,2354,2657,4918,440,2341,445,1692
2026-08-12,10:00~12:00,平均停等延滯,39.6,44.2,30.2,25.7,22.8,18.5,27.9,1.5,51.2,24.7,30.3,25.2,19.7,27.2,30.1,27.3,38.0,30.2,28.8,13.9,24.4,39.5,8.2,7.8,8.4,13.4,15.7,11.9,23.6,23.6,15.0,17.6,0.2,19.1,31.9,7.5,18.4,9.0,3.1,6.9,1.6,3.2,0.2,10.6,15.6,6.1,9.0,4.1,7.1,23.0,9.2
2026-08-12,14:00~16:00,總停等延滯,455664.0,339615.0,116049.0,252826.0,85006.0,30115.0,20635.0,1107.0,33149.0,109863.0,29362.0,14498.0,35367.0,30636.0,80189.0,39488.0,16631.0,24070.0,64557.0,11553.0,12591.0,40413.0,13427.0,4820.0,8607.0,32938.0,14444.0,18494.0,12078.0,12078.0,57606.0,22482.0,104.0,23390.0,11630.0,82179.0,17843.0,35777.0,18809.0,9750.0,21330.0,20651.0,679.0,53703.0,36849.0,16854.0,95614.0,7164.0,60894.0,9830.0,17726.0,148.4,225.4,184.1,165.0,208.6,397.5,201.3,292.9,151.6,148.4,60.5,187.6,176.9,181.6,232.2,142.0,0.0,89.0,114.3,167.6,131.6
2026-08-12,14:00~16:00,通過量,10643,7214,3429,6497,4072,1619,732,783,938,3699,858,382,1549,910,2361,1286,390,685,2144,586,485,1073,1677,559,1118,1818,844,974,473,473,3542,1145,870,1152,375,7740,755,3266,2775,944,5259,2656,2603,5149,2549,2600,2476,0,0,421,2055
2026-08-12,14:00~16:00,平均停等延滯,42.8,47.1,33.8,38.9,20.9,18.6,28.2,1.4,35.3,29.7,34.2,38.0,22.8,33.7,34.0,30.7,42.6,35.1,30.1,19.7,26.0,37.7,8.0,8.6,7.7,18.1,17.1,19.0,25.5,25.5,16.3,19.6,0.1,20.3,31.0,10.6,23.6,11.0,6.8,10.3,4.1,7.8,0.3,10.4,14.5,6.5,38.6,0.0,0.0,23.3,8.6
2026-08-12,16:00~19:00,總停等延滯,763501.0,539855.0,223646.0,348946.0,129810.0,43919.0,30467.0,1371.0,54053.0,166936.0,38578.0,19017.0,41732.0,67609.0,131168.0,57935.0,30249.0,42984.0,111941.0,21797.0,23137.0,67007.0,25215.0,10443.0,14772.0,56415.0,34729.0,21686.0,24589.0,24589.0,117427.0,43037.0,1123.0,49692.0,23575.0,144263.0,34577.0,69500.0,30920.0,9266.0,21381.0,20407.0,974.0,61897.0,35729.0,26168.0,121405.0,9488.0,80648.0,14834.0,16435.0,154.1,271.6,172.1,161.3,224.1,496.3,178.7,262.1,116.6,154.1,69.9,172.4,161.1,218.7,278.0,150.3,0.0,84.4,91.9,104.0,166.3
2026-08-12,16:00~19:00,通過量,20083,12814,7269,10693,6541,2632,1356,1127,1426,6097,1347,735,2202,1813,4965,2622,817,1526,3798,1289,1054,1455,3308,1318,1990,3771,1806,1965,970,970,7533,2552,1482,2673,826,12223,1425,6111,3405,1282,7640,3294,4346,7493,3231,4262,3157,0,0,665,2492
2026-08-12,16:00~19:00,平均停等延滯,38.0,42.1,30.8,32.6,19.8,16.7,22.5,1.2,37.9,27.4,28.6,25.9,19.0,37.3,26.4,22.1,37.0,28.2,29.5,16.9,22.0,46.1,7.6,7.9,7.4,15.0,19.2,11.0,25.3,25.3,15.6,16.9,0.8,18.6,28.5,11.8,24.3,11.4,9.1,7.2,2.8,6.2,0.2,8.3,11.1,6.1,38.5,0.0,0.0,22.3,6.6
2026-08-12,20:00~23:00,總停等延滯,474626.0,379673.0,94953.0,368615.0,74952.0,29817.0,17446.0,1252.0,26437.0,164739.0,26541.0,30630.0,46941.0,60627.0,87504.0,39700.0,13032.0,34772.0,52478.0,15210.0,11472.0,25796.0,12576.0,4035.0,8541.0,31503.0,15589.0,15914.0,10848.0,10848.0,40026.0,25112.0,60.0,7138.0,7716.0,56528.0,18821.0,33167.0,3957.0,583.0,5927.0,5678.0,249.0,66933.0,41792.0,25141.0,239227.0,21530.0,183005.0,9819.0,24873.0,141.8,229.9,229.2,147.7,216.1,381.5,142.7,225.5,96.3,142.8,73.8,245.5,148.1,129.8,233.5,125.1,0.0,75.9,67.8,75.9,141.1
2026-08-12,20:00~23:00,通過量,9499,6623,2876,5994,3653,1501,626,763,763,3750,856,467,1337,1090,2446,1379,334,733,1851,742,392,717,1380,578,802,1471,759,712,405,405,2954,1061,890,752,251,6635,656,3104,2314,561,4802,2323,2479,4870,2386,2484,2234,0,0,357,1877
2026-08-12,20:00~23:00,平均停等延滯,50.0,57.3,33.0,61.5,20.5,19.9,27.9,1.6,34.6,43.9,31.0,65.6,35.1,55.6,35.8,28.8,39.0,47.4,28.4,20.5,29.3,36.0,9.1,7.0,10.6,21.4,20.5,22.4,26.8,26.8,13.5,23.7,0.1,9.5,30.7,8.5,28.7,10.7,1.7,1.0,1.2,2.4,0.1,13.7,17.5,10.1,107.1,0.0,0.0,27.5,13.3
2026-08-13,07:00~09:00,總停等延滯,633359.0,471093.0,162266.0,345654.0,102534.0,53756.0,25235.0,1212.0,22331.0,183796.0,37897.0,21096.0,41873.0,82930.0,101888.0,45776.0,29808.0,26304.0,82875.0,11607.0,15463.0,55805.0,19404.0,4952.0,14452.0,26211.0,18088.0,8123.0,18237.0,18237.0,98414.0,30819.0,1308.0,53016.0,13271.0,125988.0,20328.0,49485.0,41373.0,14802.0,32121.0,31827.0,294.0,90538.0,53184.0,37354.0,97007.0,2964.0,29758.0,26575.0,37710.0,150.6,204.3,178.6,181.3,206.3,383.9,199.1,280.1,104.1,150.5,56.4,181.1,194.8,180.3,208.3,135.9,0.0,82.1,123.9,155.1,133.9
2026-08-13,07:00~09:00,通過量,13028,8151,4877,7020,3905,1674,869,730,632,4167,1060,378,1481,1248,2858,1295,849,714,2514,727,674,1113,2276,642,1634,2265,915,1350,638,638,5068,1471,1301,1879,417,9372,742,3709,3540,1381,5663,2891,2772,5614,2915,2699,5573,714,2290,572,1997
2026-08-13,07:00~09:00,平均停等延滯,48.6,57.8,33.3,49.2,26.3,32.1,29.0,1.7,35.3,44.1,35.8,55.8,28.3,66.5,35.7,35.3,35.1,36.8,33.0,16.0,22.9,50.1,8.5,7.7,8.8,11.6,19.8,6.0,28.6,28.6,19.4,21.0,1.0,28.2,31.8,13.4,27.4,13.3,11.7,10.7,5.7,11.0,0.1,16.1,18.2,13.8,17.4,4.2,13.0,46.5,18.9
2026-08-13,10:00~17:00,總停等延滯,1268140.0,917274.0,350866.0,617603.0,273424.0,121470.0,56832.0,2720.0,92402.0,254594.0,66734.0,30662.0,86666.0,70532.0,197359.0,95373.0,42478.0,59508.0,191897.0,30800.0,51732.0,109365.0,38205.0,14169.0,24036.0,79855.0,43726.0,36129.0,39402.0,39402.0,193404.0,79866.0,706.0,70519.0,42313.0,264271.0,58002.0,114365.0,68493.0,23411.0,42426.0,40627.0,1799.0,159182.0,98943.0,60239.0,151724.0,4548.0,49895.0,36535.0,60746.0,148.4,269.6,222.8,116.7,208.3,572.8,254.0,258.1,111.0,148.5,60.3,213.0,120.4,291.1,256.5,152.7,0.0,103.1,149.1,114.2,134.4
2026-08-13,10:00~17:00,通過量,33776,22691,11085,20274,11984,4838,2472,2108,2566,11704,2589,1331,4858,2926,7834,4288,1353,2193,6901,1889,1630,3382,5395,1838,3557,5927,2574,3353,1416,1416,11379,3548,2734,4003,1094,26351,2613,10636,9892,3210,15798,7515,8283,15389,7383,8006,15450,1541,6884,1431,5594
2026-08-13,10:00~17:00,平均停等延滯,37.5,40.4,31.7,30.5,22.8,25.1,23.0,1.3,36.0,21.8,25.8,23.0,17.8,24.1,25.2,22.2,31.4,27.1,27.8,16.3,31.7,32.3,7.1,7.7,6.8,13.5,17.0,10.8,27.8,27.8,17.0,22.5,0.3,17.6,38.7,10.0,22.2,10.8,6.9,7.3,2.7,5.4,0.2,10.3,13.4,7.5,9.8,3.0,7.2,25.5,10.9
2026-08-13,17:00~20:00,總停等延滯,848693.0,620705.0,227988.0,381329.0,169201.0,81575.0,33204.0,1647.0,52775.0,209797.0,41127.0,28681.0,52901.0,87088.0,135503.0,66150.0,27801.0,41552.0,106204.0,24207.0,19710.0,62287.0,29152.0,11683.0,17469.0,53453.0,31219.0,22234.0,22454.0,22454.0,122929.0,43993.0,661.0,51128.0,27147.0,165457.0,33963.0,65063.0,62054.0,4377.0,17111.0,16509.0,602.0,101701.0,50673.0,51028.0,97060.0,2591.0,38502.0,20110.0,35857.0,153.9,268.6,216.8,156.4,217.8,463.2,165.9,245.5,101.0,154.4,63.9,221.6,156.2,192.6,252.7,128.8,0.0,77.6,88.2,89.1,162.1
2026-08-13,17:00~20:00,通過量,18310,11704,6606,9656,6100,2485,1181,1074,1360,5840,1320,659,2057,1804,4373,2336,745,1292,3472,1294,871,1307,2849,1087,1762,3419,1618,1801,843,843,6883,2207,1416,2466,794,11552,1368,5401,3722,1061,7245,2968,4277,7166,2923,4243,7316,800,3629,601,2286
2026-08-13,17:00~20:00,平均停等延滯,46.4,53.0,34.5,39.5,27.7,32.8,28.1,1.5,38.8,35.9,31.2,43.5,25.7,48.3,31.0,28.3,37.3,32.2,30.6,18.7,22.6,47.7,10.2,10.7,9.9,15.6,19.3,12.3,26.6,26.6,17.9,19.9,0.5,20.7,34.2,14.3,24.8,12.0,16.7,4.1,2.4,5.6,0.1,14.2,17.3,12.0,13.3,3.2,10.6,33.5,15.7
2026-08-13,10:00~12:00,總停等延滯,391015.0,295365.0,95650.0,184871.0,90468.0,43945.0,18883.0,889.0,26751.0,82786.0,21059.0,9437.0,29830.0,22460.0,66068.0,35198.0,13952.0,16918.0,56043.0,8319.0,12433.0,35291.0,12661.0,4470.0,8191.0,18540.0,10559.0,7981.0,11452.0,11452.0,52997.0,19674.0,352.0,23997.0,8974.0,74133.0,20787.0,39739.0,5877.0,7730.0,3534.0,3229.0,305.0,54896.0,32830.0,22066.0,52308.0,912.0,16136.0,14000.0,21260.0,147.1,221.9,187.7,118.6,206.2,407.2,275.5,297.6,127.6,146.5,59.3,185.3,126.6,195.0,234.2,174.1,0.0,143.6,124.1,121.4,164.3
2026-08-13,10:00~12:00,通過量,9898,6595,3303,6130,3428,1508,741,584,595,3525,791,386,1509,839,2319,1315,416,588,2042,520,502,1020,1604,475,1129,1813,720,1093,420,420,3409,1001,858,1272,278,8079,806,3227,3031,1015,4805,2327,2478,4766,2267,2499,4620,442,2081,402,1695
2026-08-13,10:00~12:00,平均停等延滯,39.5,44.8,29.0,30.2,26.4,29.1,25.5,1.5,45.0,23.5,26.6,24.4,19.8,26.8,28.5,26.8,33.5,28.8,27.4,16.0,24.8,34.6,7.9,9.4,7.3,10.2,14.7,7.3,27.3,27.3,15.5,19.7,0.4,18.9,32.3,9.2,25.8,12.3,1.9,7.6,0.7,1.4,0.1,11.5,14.5,8.8,11.3,2.1,7.8,34.8,12.5
2026-08-13,14:00~16:00,總停等延滯,307978.0,204805.0,103173.0,143081.0,60345.0,23433.0,11746.0,597.0,24569.0,55030.0,15023.0,7212.0,18485.0,14310.0,41011.0,19202.0,8168.0,13641.0,48419.0,7085.0,15299.0,26035.0,7400.0,2598.0,4802.0,20963.0,10360.0,10603.0,9109.0,9109.0,65701.0,32230.0,124.0,15369.0,17978.0,68525.0,14285.0,29637.0,18672.0,5931.0,11295.0,11212.0,83.0,34088.0,22665.0,11423.0,29173.0,1208.0,7833.0,7109.0,13023.0,143.0,260.2,318.2,134.9,196.8,942.3,347.1,238.6,95.1,142.7,53.7,273.5,141.5,569.0,232.6,154.0,0.0,100.4,241.2,94.8,135.3
2026-08-13,14:00~16:00,通過量,7694,5217,2477,4814,2787,1050,542,506,689,2580,580,294,1040,666,1718,979,264,475,1671,434,342,895,1211,426,785,1326,601,725,323,323,2546,818,624,840,264,6194,636,2559,2220,779,3563,1711,1852,3390,1667,1723,3487,351,1517,308,1311
2026-08-13,14:00~16:00,平均停等延滯,40.0,39.3,41.7,29.7,21.7,22.3,21.7,1.2,35.7,21.3,25.9,24.5,17.8,21.5,23.9,19.6,30.9,28.7,29.0,16.3,44.7,29.1,6.1,6.1,6.1,15.8,17.2,14.6,28.2,28.2,25.8,39.4,0.2,18.3,68.1,11.1,22.5,11.6,8.4,7.6,3.2,6.6,0.0,10.1,13.6,6.6,8.4,3.4,5.2,23.1,9.9
2026-08-13,16:00~19:00,總停等延滯,833791.0,588647.0,245144.0,413245.0,169255.0,75190.0,32321.0,1498.0,60246.0,172386.0,41687.0,17716.0,48422.0,64561.0,131185.0,60763.0,28980.0,41442.0,115821.0,23588.0,21244.0,70989.0,30404.0,12440.0,17964.0,56508.0,32767.0,23741.0,26686.0,26686.0,131546.0,46631.0,689.0,54239.0,29987.0,198171.0,33255.0,65858.0,92675.0,6383.0,35805.0,35044.0,761.0,92835.0,48571.0,44264.0,86434.0,2955.0,33550.0,19183.0,30746.0,153.8,217.6,196.5,143.0,221.0,437.2,165.3,276.9,106.6,154.0,68.0,205.9,146.9,222.7,219.4,132.2,0.0,82.0,85.4,131.1,156.2
2026-08-13,16:00~19:00,通過量,19672,12471,7201,9908,6466,2640,1267,1043,1516,6076,1353,679,2307,1737,4674,2493,774,1407,3762,1311,960,1491,3172,1225,1947,3660,1714,1946,930,930,7458,2412,1518,2650,878,12236,1397,5505,4083,1251,7519,3022,4497,7389,3000,4389,7691,917,3768,630,2376
2026-08-13,16:00~19:00,平均停等延滯,42.4,47.2,34.0,41.7,26.2,28.5,25.5,1.4,39.7,28.4,30.8,26.1,21.0,37.2,28.1,24.4,37.4,29.5,30.8,18.0,22.1,47.6,9.6,10.2,9.2,15.4,19.1,12.2,28.7,28.7,17.6,19.3,0.5,20.5,34.2,16.2,23.8,12.0,22.7,5.1,4.8,11.6,0.2,12.6,16.2,10.1,11.2,3.2,8.9,30.4,12.9
2026-08-13,20:00~23:00,總停等延滯,512985.0,403184.0,109801.0,295085.0,95251.0,49060.0,17235.0,1264.0,27692.0,173111.0,29868.0,32984.0,47326.0,62933.0,82164.0,42451.0,13293.0,26420.0,52658.0,14541.0,10557.0,27560.0,14597.0,5431.0,9166.0,32618.0,17992.0,14626.0,11980.0,11980.0,50606.0,36532.0,180.0,8159.0,5735.0,123814.0,23325.0,40722.0,59131.0,636.0,1330.0,1042.0,288.0,86053.0,46956.0,39097.0,83888.0,357.0,31046.0,12456.0,40029.0,157.8,259.4,178.7,221.9,242.5,538.0,295.9,204.3,101.8,156.9,82.8,180.2,209.6,254.3,238.2,139.3,0.0,200.4,78.4,69.8,130.8
2026-08-13,20:00~23:00,通過量,9733,6721,3012,6433,3888,1725,635,775,753,3838,898,462,1401,1077,2491,1532,321,638,1799,689,381,729,1448,661,787,1724,1051,673,385,385,3373,1407,921,807,238,7388,751,3369,2747,521,4786,2193,2593,4872,2239,2633,5097,341,2443,431,1882
2026-08-13,20:00~23:00,平均停等延滯,52.7,60.0,36.5,45.9,24.5,28.4,27.1,1.6,36.8,45.1,33.3,71.4,33.8,58.4,33.0,27.7,41.4,41.4,29.3,21.1,27.7,37.8,10.1,8.2,11.6,18.9,17.1,21.7,31.1,31.1,15.0,26.0,0.2,10.1,24.1,16.8,31.1,12.1,21.5,1.2,0.3,0.5,0.1,17.7,21.0,14.8,16.5,1.0,12.7,28.9,21.3
2026-08-14,07:00~09:00,總停等延滯,620006.0,450042.0,169964.0,264798.0,85675.0,34161.0,24650.0,1207.0,25657.0,179686.0,34145.0,21712.0,47414.0,76415.0,100247.0,50146.0,26576.0,23525.0,84434.0,11029.0,16119.0,57286.0,21721.0,4768.0,16953.0,26853.0,18631.0,8222.0,17850.0,17850.0,103540.0,32341.0,2805.0,54467.0,13927.0,97883.0,20167.0,44100.0,20454.0,13162.0,22117.0,21057.0,1060.0,66599.0,44954.0,21645.0,78199.0,5837.0,28817.0,21303.0,22242.0,147.8,180.5,170.2,140.4,206.8,387.9,188.7,341.4,141.7,148.0,59.1,170.8,139.9,214.7,179.7,0.0,0.0,104.2,90.6,128.3,183.9
2026-08-14,07:00~09:00,通過量,12875,7991,4884,7232,3798,1676,812,727,583,4109,974,386,1598,1151,2820,1295,842,683,2559,701,651,1207,2221,625,1596,2439,988,1451,648,648,5055,1444,1317,1907,387,8972,788,3971,2854,1359,5673,2834,2839,5610,2892,2718,5465,769,2223,525,1948
2026-08-14,07:00~09:00,平均停等延滯,48.2,56.3,34.8,36.6,22.6,20.4,30.4,1.7,44.0,43.7,35.1,56.2,29.7,66.4,35.5,38.7,31.6,34.4,33.0,15.7,24.8,47.5,9.8,7.6,10.6,11.0,18.9,5.7,27.5,27.5,20.5,22.4,2.1,28.6,36.0,10.9,25.6,11.1,7.2,9.7,3.9,7.4,0.4,11.9,15.5,8.0,14.3,7.6,13.0,40.6,11.4
2026-08-14,10:00~17:00,總停等延滯,1640188.0,1233093.0,407095.0,685235.0,276689.0,104935.0,67846.0,3286.0,100622.0,454612.0,101036.0,46873.0,151648.0,155055.0,280823.0,139340.0,62118.0,79365.0,220969.0,34254.0,46227.0,140488.0,51640.0,15921.0,35719.0,95917.0,52937.0,42980.0,46939.0,46939.0,212599.0,76357.0,1199.0,92862.0,42181.0,260243.0,57728.0,116865.0,57807.0,27843.0,60668.0,58625.0,2043.0,185187.0,131780.0,53407.0,179137.0,14157.0,71714.0,37974.0,55292.0,153.0,289.5,215.1,156.8,215.3,603.9,227.8,257.8,122.4,153.3,62.3,218.4,164.7,301.6,292.4,157.9,0.0,129.1,103.6,106.0,147.4
2026-08-14,10:00~17:00,通過量,40293,26967,13326,24633,14451,6197,2608,2685,2961,13882,3328,1500,5427,3627,9777,5263,1786,2728,7964,2404,2001,3559,6412,2010,4402,7156,3033,4123,1857,1857,13694,4235,3201,4885,1373,28835,3062,13154,9054,3565,19194,9007,10187,18625,8914,9711,18685,1760,8508,1608,6809
2026-08-14,10:00~17:00,平均停等延滯,40.7,45.7,30.5,27.8,19.1,16.9,26.0,1.2,34.0,32.7,30.4,31.2,27.9,42.8,28.7,26.5,34.8,29.1,27.7,14.2,23.1,39.5,8.1,7.9,8.1,13.4,17.5,10.4,25.3,25.3,15.5,18.0,0.4,19.0,30.7,9.0,18.9,8.9,6.4,7.8,3.2,6.5,0.2,9.9,14.8,5.5,9.6,8.0,8.4,23.6,8.1
2026-08-14,17:00~20:00,總停等延滯,1032772.0,767725.0,265047.0,311037.0,140458.0,52807.0,34134.0,1788.0,51729.0,323304.0,72473.0,28893.0,105779.0,116159.0,180792.0,73136.0,53010.0,54646.0,123171.0,29635.0,24755.0,68781.0,35096.0,12778.0,22318.0,66163.0,36698.0,29465.0,23299.0,23299.0,140489.0,51046.0,1612.0,62822.0,25009.0,140564.0,32821.0,61237.0,36779.0,9727.0,33843.0,31873.0,1970.0,63787.0,36957.0,26830.0,72843.0,4660.0,32452.0,14903.0,20828.0,159.6,419.9,250.5,158.1,236.8,672.1,184.9,236.7,136.6,160.1,77.4,256.0,152.6,273.1,412.8,129.2,0.0,85.5,99.9,101.1,141.1
2026-08-14,17:00~20:00,通過量,22564,14754,7810,10890,6939,2928,1301,1205,1505,7414,1694,907,2225,2588,5658,2759,1255,1644,4271,1645,1069,1557,3675,1288,2387,4167,1867,2300,1050,1050,8012,2540,1537,3041,894,12224,1541,6064,3421,1198,7943,3415,4528,7622,3212,4410,8138,930,3923,647,2638
2026-08-14,17:00~20:00,平均停等延滯,45.8,52.0,33.9,28.6,20.2,18.0,26.2,1.5,34.4,43.6,42.8,31.9,47.5,44.9,32.0,26.5,42.2,33.2,28.8,18.0,23.2,44.2,9.5,9.9,9.3,15.9,19.7,12.8,22.2,22.2,17.5,20.1,1.0,20.7,28.0,11.5,21.3,10.1,10.8,8.1,4.3,9.3,0.4,8.4,11.5,6.1,9.0,5.0,8.3,23.0,7.9
2026-08-14,10:00~12:00,總停等延滯,514022.0,400060.0,113962.0,217840.0,92246.0,35269.0,21917.0,1018.0,34042.0,151663.0,33320.0,17221.0,53804.0,47318.0,88615.0,48523.0,17922.0,22170.0,67536.0,10167.0,13966.0,43403.0,15225.0,4289.0,10936.0,24328.0,13322.0,11006.0,12210.0,12210.0,62199.0,21533.0,397.0,28566.0,11703.0,79598.0,20110.0,41781.0,9701.0,8006.0,9950.0,9289.0,661.0,69914.0,48543.0,21371.0,58378.0,4154.0,27659.0,11349.0,15216.0,157.0,381.6,184.8,171.6,214.3,486.3,191.2,236.5,112.6,157.6,57.5,187.2,193.3,204.3,335.1,0.0,0.0,96.2,104.5,92.9,137.7
2026-08-14,10:00~12:00,通過量,10319,6788,3531,6398,3587,1677,694,587,629,3563,900,339,1458,866,2482,1373,433,676,2102,628,536,938,1696,487,1209,1891,760,1131,454,454,3644,1054,899,1379,312,7750,825,3429,2442,1054,5159,2366,2793,4998,2347,2651,4918,468,2306,428,1716
2026-08-14,10:00~12:00,平均停等延滯,49.8,58.9,32.3,34.0,25.7,21.0,31.6,1.7,54.1,42.6,37.0,50.8,36.9,54.6,35.7,35.3,41.4,32.8,32.1,16.2,26.1,46.3,9.0,8.8,9.0,12.9,17.5,9.7,26.9,26.9,17.1,20.4,0.4,20.7,37.5,10.3,24.4,12.2,4.0,7.6,1.9,3.9,0.2,14.0,20.7,8.1,11.9,8.9,12.0,26.5,8.9
2026-08-14,14:00~16:00,總停等延滯,466065.0,346628.0,119437.0,209299.0,76679.0,29363.0,19246.0,947.0,27123.0,125831.0,27478.0,12053.0,43942.0,42358.0,81499.0,38610.0,18401.0,24488.0,62619.0,10941.0,11206.0,40472.0,15251.0,4449.0,10802.0,28520.0,16824.0,11696.0,14134.0,14134.0,61532.0,23701.0,198.0,24866.0,12767.0,78636.0,16812.0,32137.0,21074.0,8613.0,23412.0,22880.0,532.0,55240.0,39606.0,15634.0,52011.0,5456.0,18365.0,10316.0,17874.0,158.9,264.4,261.3,162.8,221.0,904.2,194.4,333.8,105.9,158.8,62.4,256.1,174.2,462.2,300.1,107.2,0.0,85.1,109.5,122.4,180.9
2026-08-14,14:00~16:00,通過量,12051,8154,3897,7361,4365,1790,746,869,960,4236,982,476,1608,1170,2853,1479,555,819,2388,750,569,1069,1877,604,1273,2088,902,1186,576,576,4040,1323,936,1356,425,8520,865,3957,2670,1028,5631,2713,2918,5426,2645,2781,5484,503,2442,454,2085
2026-08-14,14:00~16:00,平均停等延滯,38.7,42.5,30.6,28.4,17.6,16.4,25.8,1.1,28.3,29.7,28.0,25.3,27.3,36.2,28.6,26.1,33.2,29.9,26.2,14.6,19.7,37.9,8.1,7.4,8.5,13.7,18.7,9.9,24.5,24.5,15.2,17.9,0.2,18.3,30.0,9.2,19.4,8.1,7.9,8.4,4.2,8.4,0.2,10.2,15.0,5.6,9.5,10.8,7.5,22.7,8.6
2026-08-14,16:00~19:00,總停等延滯,887398.0,626432.0,260966.0,304444.0,125069.0,43913.0,30752.0,1434.0,48970.0,227083.0,56305.0,18064.0,70189.0,82525.0,156055.0,63578.0,46130.0,46347.0,118225.0,24778.0,24218.0,69229.0,32061.0,11883.0,20178.0,66562.0,34644.0,31918.0,25231.0,25231.0,137112.0,48579.0,2018.0,62230.0,24285.0,144494.0,30133.0,59352.0,43301.0,11708.0,41947.0,40084.0,1863.0,52829.0,32679.0,20150.0,65174.0,4045.0,25845.0,15861.0,19423.0,154.9,337.8,218.0,166.1,227.9,608.1,180.3,251.5,143.4,155.1,72.8,231.1,159.5,289.4,354.6,132.4,0.0,97.7,83.6,114.6,143.7
2026-08-14,16:00~19:00,通過量,22672,14472,8200,11747,7088,2914,1342,1248,1584,6989,1634,809,2287,2259,5587,2764,1169,1654,4259,1518,1111,1630,3805,1357,2448,4314,1971,2343,1053,1053,8462,2672,1618,3226,946,13130,1663,6580,3556,1331,8204,3541,4663,7961,3465,4496,8431,992,3935,705,2799
2026-08-14,16:00~19:00,平均停等延滯,39.1,43.3,31.8,25.9,17.6,15.1,22.9,1.1,30.9,32.5,34.5,22.3,30.7,36.5,27.9,23.0,39.5,28.0,27.8,16.3,21.8,42.5,8.4,8.8,8.2,15.4,17.6,13.6,24.0,24.0,16.2,18.2,1.2,19.3,25.7,11.0,18.1,9.0,12.2,8.8,5.1,11.3,0.4,6.6,9.4,4.5,7.7,4.1,6.6,22.5,6.9
2026-08-14,20:00~23:00,總停等延滯,766552.0,625093.0,141459.0,241648.0,108542.0,39107.0,23939.0,1927.0,43569.0,332732.0,64497.0,41457.0,101593.0,125185.0,106899.0,50792.0,21687.0,34420.0,76920.0,23956.0,15051.0,37913.0,21414.0,6843.0,14571.0,39622.0,21297.0,18325.0,14073.0,14073.0,66350.0,39901.0,140.0,16923.0,9386.0,75911.0,22519.0,38851.0,12815.0,1726.0,14241.0,13519.0,722.0,64573.0,39782.0,24791.0,86923.0,2076.0,38730.0,14299.0,31818.0,143.3,239.7,181.1,150.1,225.7,427.8,165.5,223.8,134.7,143.5,81.2,184.0,152.3,175.1,242.5,152.5,0.0,74.3,99.2,91.8,136.2
2026-08-14,20:00~23:00,通過量,13629,9792,3837,7839,5238,2147,863,1190,1038,6006,1449,704,1969,1884,3343,1762,553,1028,2728,1153,600,975,1959,781,1178,2151,1150,1001,506,506,4094,1544,1084,1173,293,8529,790,4024,3085,630,6308,3024,3284,6238,3049,3189,6426,491,2910,488,2537
2026-08-14,20:00~23:00,平均停等延滯,56.2,63.8,36.9,30.8,20.7,18.2,27.7,1.6,42.0,55.4,44.5,58.9,51.6,66.4,32.0,28.8,39.2,33.5,28.2,20.8,25.1,38.9,10.9,8.8,12.4,18.4,18.5,18.3,27.8,27.8,16.2,25.8,0.1,14.4,32.0,8.9,28.5,9.7,4.2,2.7,2.3,4.5,0.2,10.4,13.0,7.8,13.5,4.2,13.3,29.3,12.5
2026-08-15,07:00~09:00,總停等延滯,352469.0,280167.0,72302.0,154825.0,60781.0,33102.0,16349.0,759.0,10571.0,116211.0,28803.0,12368.0,36077.0,38963.0,59738.0,35852.0,10641.0,13245.0,43437.0,6569.0,9477.0,27391.0,6368.0,1909.0,4459.0,19617.0,10408.0,9209.0,6639.0,6639.0,39678.0,12965.0,50.0,18405.0,8258.0,52972.0,15224.0,28840.0,5874.0,3034.0,5670.0,5670.0,0.0,48379.0,31751.0,16628.0,47804.0,1016.0,24213.0,9362.0,13213.0,159.7,153.8,155.3,122.4,224.6,274.1,260.7,247.2,111.1,159.3,66.6,156.8,123.2,122.8,151.6,124.1,0.0,120.3,130.8,97.4,152.7
2026-08-15,07:00~09:00,通過量,7516,4892,2624,4822,2541,1289,426,480,346,2903,820,225,1091,767,1587,834,342,411,1553,467,353,733,1200,385,815,1223,501,722,289,289,2695,745,723,968,259,6223,498,2746,2250,729,1820,1820,0,3889,1836,2053,3758,394,1786,326,1252
2026-08-15,07:00~09:00,平均停等延滯,46.9,57.3,27.6,32.1,23.9,25.7,38.4,1.6,30.6,40.0,35.1,55.0,33.1,50.8,37.6,43.0,31.1,32.2,28.0,14.1,26.8,37.4,5.3,5.0,5.5,16.0,20.8,12.8,23.0,23.0,14.7,17.4,0.1,19.0,31.9,8.5,30.6,10.5,2.6,4.2,3.1,3.1,0.0,12.4,17.3,8.1,12.7,2.6,13.6,28.7,10.6
2026-08-15,10:00~17:00,總停等延滯,1987585.0,1535752.0,451833.0,609881.0,318980.0,100482.0,93070.0,2952.0,122476.0,579484.0,100424.0,64861.0,195884.0,218315.0,385484.0,178809.0,89911.0,116764.0,251804.0,35176.0,52044.0,164584.0,57374.0,11146.0,46228.0,127754.0,59449.0,68305.0,45636.0,45636.0,221069.0,66248.0,5695.0,101808.0,47318.0,207595.0,45390.0,86692.0,54573.0,20940.0,60471.0,60471.0,0.0,155962.0,104955.0,51007.0,185853.0,16266.0,73893.0,38845.0,56849.0,181.3,291.4,218.2,144.9,277.8,577.7,273.7,280.9,118.6,182.3,97.0,233.3,145.9,334.2,310.6,160.7,0.0,144.7,128.3,106.6,168.5
2026-08-15,10:00~17:00,通過量,48983,33350,15633,25722,16766,6736,3324,2777,3929,17224,3929,2286,6091,4918,13426,7385,2885,3156,9008,2892,2405,3711,7371,2046,5325,8376,3152,5224,1963,1963,15878,4254,4022,5830,1772,31209,3265,13505,11571,2868,9756,9756,0,20926,9663,11263,20745,1993,9800,1621,7331
2026-08-15,10:00~17:00,平均停等延滯,40.6,46.0,28.9,23.7,19.0,14.9,28.0,1.1,31.2,33.6,25.6,28.4,32.2,44.4,28.7,24.2,31.2,37.0,28.0,12.2,21.6,44.4,7.8,5.4,8.7,15.3,18.9,13.1,23.2,23.2,13.9,15.6,1.4,17.5,26.7,6.7,13.9,6.4,4.7,7.3,6.2,6.2,0.0,7.5,10.9,4.5,9.0,8.2,7.5,24.0,7.8
2026-08-15,17:00~20:00,總停等延滯,632776.0,485535.0,147241.0,250645.0,96846.0,45825.0,27039.0,1048.0,22934.0,181566.0,24295.0,21520.0,71153.0,64598.0,118993.0,53748.0,33880.0,31365.0,88130.0,13267.0,16751.0,58112.0,16085.0,3871.0,12214.0,39521.0,22951.0,16570.0,16240.0,16240.0,75395.0,26299.0,363.0,30794.0,17939.0,110947.0,23283.0,38227.0,40270.0,9167.0,28673.0,28673.0,0.0,47395.0,36259.0,11136.0,63630.0,14712.0,20091.0,11571.0,17256.0,177.9,295.6,207.5,126.0,271.0,550.5,202.2,282.9,113.8,177.5,93.0,222.4,133.8,257.7,290.1,157.7,0.0,152.3,71.2,123.5,164.4
2026-08-15,17:00~20:00,通過量,19147,13116,6031,9710,7114,2505,1247,1150,2212,6318,1409,857,2264,1788,5259,2750,976,1533,3161,1163,811,1187,2720,896,1824,3113,1385,1728,796,796,6336,1997,1410,2069,860,11537,1103,4971,4661,802,3793,3793,0,7857,3837,4020,7837,747,3454,583,3053
2026-08-15,17:00~20:00,平均停等延滯,33.0,37.0,24.4,25.8,13.6,18.3,21.7,0.9,10.4,28.7,17.2,25.1,31.4,36.1,22.6,19.5,34.7,20.5,27.9,11.4,20.7,49.0,5.9,4.3,6.7,12.7,16.6,9.6,20.4,20.4,11.9,13.2,0.3,14.9,20.9,9.6,21.1,7.7,8.6,11.4,7.6,7.6,0.0,6.0,9.4,2.8,8.1,19.7,5.8,19.8,5.7
2026-08-15,10:00~12:00,總停等延滯,674308.0,516670.0,157638.0,200600.0,93991.0,33941.0,32041.0,1093.0,26916.0,203401.0,34939.0,19970.0,65519.0,82973.0,129476.0,62578.0,31573.0,35325.0,89802.0,11212.0,17738.0,60852.0,19754.0,3151.0,16603.0,46020.0,18590.0,27430.0,12947.0,12947.0,78917.0,18896.0,1853.0,42519.0,15649.0,63757.0,15614.0,29883.0,13608.0,4652.0,12663.0,12663.0,0.0,61776.0,40214.0,21562.0,62404.0,2749.0,29470.0,12093.0,18092.0,175.9,194.8,187.9,167.9,265.7,509.6,196.2,195.8,120.1,176.6,89.6,191.0,156.0,340.9,198.6,139.2,0.0,76.4,125.8,92.6,102.4
2026-08-15,10:00~12:00,通過量,13475,8927,4548,6796,4315,1993,908,711,703,4829,1097,548,1750,1434,3491,1894,837,760,2535,791,661,1083,2100,499,1601,2396,797,1599,496,496,4612,1059,1221,1870,462,8485,849,3718,3203,715,2619,2619,0,5595,2502,3093,5551,569,2753,430,1799
2026-08-15,10:00~12:00,平均停等延滯,50.0,57.9,34.7,29.5,21.8,17.0,35.3,1.5,38.3,42.1,31.8,36.4,37.4,57.9,37.1,33.0,37.7,46.5,35.4,14.2,26.8,56.2,9.4,6.3,10.4,19.2,23.3,17.2,26.1,26.1,17.1,17.8,1.5,22.7,33.9,7.5,18.4,8.0,4.2,6.5,4.8,4.8,0.0,11.0,16.1,7.0,11.2,4.8,10.7,28.1,10.1
2026-08-15,14:00~16:00,總停等延滯,609524.0,483532.0,125992.0,186519.0,99372.0,27165.0,25974.0,736.0,45497.0,193448.0,32853.0,22957.0,67742.0,69896.0,118996.0,53129.0,24262.0,41605.0,71716.0,9393.0,14790.0,47533.0,16347.0,3843.0,12504.0,33926.0,18424.0,15502.0,14108.0,14108.0,61611.0,20991.0,2387.0,24020.0,14213.0,64179.0,13499.0,26494.0,16373.0,7813.0,22380.0,22380.0,0.0,41417.0,28478.0,12939.0,58543.0,6706.0,21095.0,12919.0,17823.0,192.7,290.4,254.4,141.9,296.0,577.2,400.1,398.7,118.0,192.8,103.9,262.6,141.2,413.1,290.7,174.9,0.0,284.4,97.1,108.7,276.4
2026-08-15,14:00~16:00,通過量,14468,10010,4458,7774,5217,1943,983,889,1402,5103,1154,705,1804,1440,4140,2324,826,990,2596,875,676,1045,2186,669,1517,2363,1002,1361,637,637,4499,1347,1184,1436,532,9420,961,3927,3647,885,2976,2976,0,6288,2979,3309,6362,545,2931,506,2380
2026-08-15,14:00~16:00,平均停等延滯,42.1,48.3,28.3,24.0,19.0,14.0,26.4,0.8,32.5,37.9,28.5,32.6,37.6,48.5,28.7,22.9,29.4,42.0,27.6,10.7,21.9,45.5,7.5,5.7,8.2,14.4,18.4,11.4,22.1,22.1,13.7,15.6,2.0,16.7,26.7,6.8,14.0,6.7,4.5,8.8,7.5,7.5,0.0,6.6,9.6,3.9,9.2,12.3,7.2,25.5,7.5
2026-08-15,16:00~19:00,總停等延滯,678824.0,520004.0,158820.0,274604.0,105071.0,44222.0,31210.0,947.0,28692.0,192792.0,25226.0,23157.0,73494.0,70915.0,125472.0,59107.0,33310.0,33055.0,96669.0,14795.0,17675.0,64199.0,18175.0,4370.0,13805.0,40489.0,23359.0,17130.0,19591.0,19591.0,80565.0,27211.0,563.0,33115.0,19676.0,124770.0,23345.0,39604.0,50131.0,11690.0,38492.0,38492.0,0.0,54532.0,41972.0,12560.0,56810.0,5122.0,20666.0,12029.0,18993.0,174.3,348.9,206.7,125.4,275.2,646.6,223.1,302.4,118.3,173.5,101.4,220.3,133.6,297.5,340.4,151.5,0.0,158.5,76.6,134.3,179.4
2026-08-15,16:00~19:00,通過量,20637,13941,6696,10334,7468,2607,1385,1145,2331,6535,1458,925,2360,1792,5645,2935,1078,1632,3445,1254,951,1240,2999,1013,1986,3444,1528,1916,933,933,6932,2182,1452,2368,930,12476,1194,5317,4771,1194,3999,3999,0,8236,3978,4258,8342,830,3689,636,3187
2026-08-15,16:00~19:00,平均停等延滯,32.9,37.3,23.7,26.6,14.1,17.0,22.5,0.8,12.3,29.5,17.3,25.0,31.1,39.6,22.2,20.1,30.9,20.3,28.1,11.8,18.6,51.8,6.1,4.3,7.0,11.8,15.3,8.9,21.0,21.0,11.6,12.5,0.4,14.0,21.2,10.0,19.6,7.4,10.5,9.8,9.6,9.6,0.0,6.6,10.6,2.9,6.8,6.2,5.6,18.9,6.0
2026-08-15,20:00~23:00,總停等延滯,513307.0,406997.0,106310.0,211570.0,95159.0,40842.0,20394.0,1389.0,32534.0,162110.0,30413.0,23088.0,45163.0,63446.0,85500.0,43090.0,16614.0,25796.0,64228.0,15288.0,13769.0,35171.0,15500.0,3925.0,11575.0,29906.0,14710.0,15196.0,12199.0,12199.0,48705.0,31525.0,79.0,7918.0,9183.0,74634.0,19751.0,30178.0,20165.0,4540.0,25014.0,25014.0,0.0,52230.0,40419.0,11811.0,59692.0,1987.0,18610.0,10355.0,28740.0,171.7,296.7,189.8,138.3,265.7,553.5,133.7,334.8,118.9,169.1,92.9,192.8,141.1,226.9,306.1,139.7,0.0,74.8,58.4,125.4,232.1
2026-08-15,20:00~23:00,通過量,13041,9486,3555,8206,5410,1920,775,1049,1666,5229,1179,641,1896,1513,3338,1636,530,1172,2343,1074,517,752,1782,728,1054,1886,1017,869,455,455,3827,1455,1010,956,406,9654,781,3871,4391,611,3693,3693,0,6681,3653,3028,6717,502,2661,457,3097
2026-08-15,20:00~23:00,平均停等延滯,39.4,42.9,29.9,25.8,17.6,21.3,26.3,1.3,19.5,31.0,25.8,36.0,23.8,41.9,25.6,26.3,31.3,22.0,27.4,14.2,26.6,46.8,8.7,5.4,11.0,15.9,14.5,17.5,26.8,26.8,12.7,21.7,0.1,8.3,22.6,7.7,25.3,7.8,4.6,7.4,6.8,6.8,0.0,7.8,11.1,3.9,8.9,4.0,7.0,22.7,9.3
2026-08-16,07:00~09:00,總停等延滯,218566.0,176360.0,42206.0,93348.0,40428.0,22004.0,8472.0,480.0,9472.0,65346.0,15759.0,3437.0,22460.0,23690.0,41018.0,26961.0,6797.0,7260.0,29568.0,5117.0,5963.0,18488.0,4870.0,1573.0,3297.0,9699.0,7922.0,1777.0,5084.0,5084.0,22553.0,8733.0,50.0,8951.0,4819.0,32460.0,12369.0,18767.0,1324.0,0.0,3325.0,3139.0,186.0,32295.0,19996.0,12299.0,25268.0,223.0,10602.0,6906.0,7537.0,147.9,161.6,158.0,135.4,198.6,324.0,196.3,192.4,103.0,149.2,50.7,160.1,135.7,151.1,161.6,0.0,0.0,133.4,69.1,60.3,141.0
2026-08-16,07:00~09:00,通過量,4982,3253,1729,3252,1743,918,238,335,252,1908,533,125,723,527,1134,595,239,300,932,278,188,466,865,266,599,872,344,528,171,171,1789,497,464,667,161,3492,342,1799,1351,0,2659,1227,1432,2567,1211,1356,2498,237,1150,164,947
2026-08-16,07:00~09:00,平均停等延滯,43.9,54.2,24.4,28.7,23.2,24.0,35.6,1.4,37.6,34.2,29.6,27.5,31.1,45.0,36.2,45.3,28.4,24.2,31.7,18.4,31.7,39.7,5.6,5.9,5.5,11.1,23.0,3.4,29.7,29.7,12.6,17.6,0.1,13.4,29.9,9.3,36.2,10.4,1.0,0.0,1.3,2.6,0.1,12.6,16.5,9.1,10.1,0.9,9.2,42.1,8.0
2026-08-16,10:00~17:00,總停等延滯,3092693.0,2465699.0,626994.0,858780.0,499678.0,146757.0,134092.0,4089.0,214740.0,1014459.0,147574.0,144244.0,369230.0,353411.0,591759.0,301061.0,119711.0,170987.0,359803.0,47283.0,60907.0,251613.0,76386.0,12576.0,63810.0,182659.0,73659.0,109000.0,53422.0,53422.0,314527.0,92391.0,3901.0,148765.0,69470.0,281367.0,72955.0,125641.0,82771.0,0.0,67438.0,66073.0,1365.0,251047.0,163885.0,87162.0,258928.0,14310.0,119310.0,50845.0,74463.0,234.7,354.5,180.3,180.5,330.3,741.5,166.2,254.6,116.9,242.9,96.0,178.7,178.1,368.9,356.2,118.0,0.0,85.9,78.1,91.6,158.0
2026-08-16,10:00~17:00,通過量,48146,32438,15708,24004,16417,6437,3174,2798,4008,17339,4030,2484,6052,4773,13493,7402,2968,3123,8454,2983,2314,3157,7461,2002,5459,8427,3051,5376,1871,1871,15999,4164,3985,5940,1910,25869,2947,12710,10212,0,19742,8575,11167,19581,8721,10860,19953,1854,9752,1603,6744
2026-08-16,10:00~17:00,平均停等延滯,64.2,76.0,39.9,35.8,30.4,22.8,42.2,1.5,53.6,58.5,36.6,58.1,61.0,74.0,43.9,40.7,40.3,54.8,42.6,15.9,26.3,79.7,10.2,6.3,11.7,21.7,24.1,20.3,28.6,28.6,19.7,22.2,1.0,25.0,36.4,10.9,24.8,9.9,8.1,0.0,3.4,7.7,0.1,12.8,18.8,8.0,13.0,7.7,12.2,31.7,11.0
2026-08-16,17:00~20:00,總停等延滯,981621.0,761107.0,220514.0,324978.0,158575.0,75943.0,45440.0,1626.0,35566.0,295605.0,54349.0,31287.0,89767.0,120202.0,174958.0,84336.0,44012.0,46610.0,131969.0,24305.0,24648.0,83016.0,24640.0,5499.0,19141.0,67717.0,37214.0,30503.0,21132.0,21132.0,107025.0,42470.0,219.0,41651.0,22685.0,118120.0,30628.0,47948.0,39544.0,0.0,45609.0,45584.0,25.0,80268.0,60179.0,20089.0,80981.0,7118.0,26010.0,13700.0,34153.0,183.6,345.3,173.4,148.9,273.1,611.2,162.0,300.6,132.8,185.2,88.8,176.7,155.8,284.7,349.3,152.3,0.0,88.7,73.6,117.4,195.0
2026-08-16,17:00~20:00,通過量,19235,13576,5659,10175,7454,2703,1115,1357,2279,7240,1716,869,2505,2150,4906,2524,1008,1374,3562,1484,858,1220,2903,1001,1902,3167,1422,1745,722,722,6013,2077,1279,1916,741,11497,1074,4914,5509,0,4861,4421,440,8512,4434,4078,8651,833,3631,617,3570
2026-08-16,17:00~20:00,平均停等延滯,51.0,56.1,39.0,31.9,21.3,28.1,40.8,1.2,15.6,40.8,31.7,36.0,35.8,55.9,35.7,33.4,43.7,33.9,37.0,16.4,28.7,68.0,8.5,5.5,10.1,21.4,26.2,17.5,29.3,29.3,17.8,20.4,0.2,21.7,30.6,10.3,28.5,9.8,7.2,0.0,9.4,10.3,0.1,9.4,13.6,4.9,9.4,8.5,7.2,22.2,9.6
2026-08-16,10:00~12:00,總停等延滯,789197.0,622225.0,166972.0,224944.0,105460.0,38002.0,35068.0,1058.0,31332.0,262041.0,34187.0,33660.0,105831.0,88363.0,160465.0,97054.0,29398.0,34013.0,94259.0,9868.0,16633.0,67758.0,18662.0,2933.0,15729.0,51980.0,18405.0,33575.0,11501.0,11501.0,84829.0,16766.0,1676.0,49356.0,17031.0,65607.0,19387.0,35527.0,10693.0,0.0,9525.0,9061.0,464.0,73271.0,39955.0,33316.0,76541.0,1789.0,42886.0,14004.0,17862.0,169.3,302.5,163.7,159.9,267.8,739.5,169.2,203.1,110.3,168.5,99.1,165.0,175.5,402.7,301.4,0.0,0.0,94.5,74.5,74.8,138.5
2026-08-16,10:00~12:00,通過量,12071,7903,4168,6220,3962,1815,817,641,689,4218,986,516,1611,1105,3438,1976,741,721,2171,672,636,863,1875,461,1414,2131,652,1479,371,371,4146,810,1171,1725,440,7051,770,3589,2692,0,5312,2084,3228,5293,2123,3170,5163,475,2827,376,1485
2026-08-16,10:00~12:00,平均停等延滯,65.4,78.7,40.1,36.2,26.6,20.9,42.9,1.7,45.5,62.1,34.7,65.2,65.7,80.0,46.7,49.1,39.7,47.2,43.4,14.7,26.2,78.5,10.0,6.4,11.1,24.4,28.2,22.7,31.0,31.0,20.5,20.7,1.4,28.6,38.7,9.3,25.2,9.9,4.0,0.0,1.8,4.3,0.1,13.8,18.8,10.5,14.8,3.8,15.2,37.2,12.0
2026-08-16,14:00~16:00,總停等延滯,926657.0,740081.0,186576.0,247989.0,161310.0,36786.0,42835.0,1305.0,80384.0,302333.0,46346.0,45176.0,98853.0,111958.0,167395.0,75288.0,37125.0,54982.0,109043.0,15457.0,19556.0,74030.0,24940.0,4230.0,20710.0,46298.0,22641.0,23657.0,20170.0,20170.0,95168.0,32329.0,1352.0,41018.0,20469.0,84252.0,20235.0,34456.0,29561.0,0.0,24088.0,23714.0,374.0,72202.0,50498.0,21704.0,67447.0,4784.0,25565.0,14121.0,22977.0,381.0,410.6,170.7,131.8,483.5,779.2,158.2,264.8,132.3,415.3,103.1,171.5,133.3,341.9,397.6,139.0,0.0,80.2,76.7,106.0,157.3
2026-08-16,14:00~16:00,通過量,15059,10215,4844,7146,5179,1853,975,926,1425,5499,1261,858,1769,1611,4165,2261,979,925,2575,986,688,901,2394,631,1763,2628,990,1638,674,674,5006,1467,1175,1744,620,7271,896,3504,2871,0,5781,2694,3087,5725,2688,3037,6037,539,2752,506,2240
2026-08-16,14:00~16:00,平均停等延滯,61.5,72.5,38.5,34.7,31.1,19.9,43.9,1.4,56.4,55.0,36.8,52.7,55.9,69.5,40.2,33.3,37.9,59.4,42.3,15.7,28.4,82.2,10.4,6.7,11.7,17.6,22.9,14.4,29.9,29.9,19.0,22.0,1.2,23.5,33.0,11.6,22.6,9.8,10.3,0.0,4.2,8.8,0.1,12.6,18.8,7.1,11.2,8.9,9.3,27.9,10.3
2026-08-16,16:00~19:00,總停等延滯,1040174.0,791837.0,248337.0,344042.0,174809.0,76211.0,48089.0,1536.0,48973.0,277823.0,55863.0,28592.0,85300.0,108068.0,197468.0,91971.0,54254.0,51243.0,141737.0,26116.0,23602.0,92019.0,28952.0,6668.0,22284.0,73538.0,37073.0,36465.0,23278.0,23278.0,122569.0,47004.0,465.0,47387.0,27713.0,131860.0,32411.0,50658.0,48791.0,0.0,45173.0,44969.0,204.0,84024.0,64933.0,19091.0,82985.0,8798.0,25114.0,16920.0,32153.0,189.4,427.2,178.4,196.5,281.3,774.1,153.3,318.0,135.7,191.0,91.1,180.5,179.0,363.3,459.8,147.4,0.0,76.3,77.3,113.0,212.3
2026-08-16,16:00~19:00,通過量,20977,14461,6516,10644,7782,2810,1236,1335,2401,7436,1791,948,2495,2202,5651,2946,1206,1499,3594,1435,885,1274,3331,1126,2205,3681,1622,2059,802,802,6804,2216,1396,2304,888,11745,1160,5271,5314,0,6407,4346,2061,8834,4410,4424,9024,903,3908,716,3497
2026-08-16,16:00~19:00,平均停等延滯,49.6,54.8,38.1,32.3,22.5,27.1,38.9,1.2,20.4,37.4,31.2,30.2,34.2,49.1,34.9,31.2,45.0,34.2,39.4,18.2,26.7,72.2,8.7,5.9,10.1,20.0,22.9,17.7,29.0,29.0,18.0,21.2,0.3,20.6,31.2,11.2,27.9,9.6,9.2,0.0,7.1,10.3,0.1,9.5,14.7,4.3,9.2,9.7,6.4,23.6,9.2
2026-08-16,20:00~23:00,總停等延滯,745557.0,628253.0,117304.0,261652.0,122090.0,58836.0,28225.0,1911.0,33118.0,306169.0,50421.0,34232.0,84442.0,137074.0,122094.0,56133.0,19359.0,46602.0,77900.0,17692.0,14193.0,46015.0,18299.0,4987.0,13312.0,23279.0,18842.0,4437.0,11487.0,11487.0,64239.0,40430.0,71.0,15889.0,7849.0,80138.0,20770.0,34625.0,24743.0,0.0,30086.0,30086.0,0.0,76399.0,54732.0,21667.0,75029.0,1557.0,28246.0,12576.0,32650.0,194.2,247.3,214.8,142.8,288.7,417.0,138.2,333.0,132.9,195.0,94.8,204.6,140.5,157.9,269.5,143.1,0.0,79.0,60.0,93.1,190.2
2026-08-16,20:00~23:00,通過量,12751,9351,3400,8040,5372,2027,748,1233,1364,5872,1441,564,2041,1826,3060,1482,560,1018,2391,1147,468,776,1821,727,1094,1938,1025,913,503,503,3552,1382,902,965,303,8654,704,3785,4165,0,3656,3656,0,6466,3519,2947,6587,459,2577,443,3108
2026-08-16,20:00~23:00,平均停等延滯,58.5,67.2,34.5,32.5,22.7,29.0,37.7,1.5,24.3,52.1,35.0,60.7,41.4,75.1,39.9,37.9,34.6,45.8,32.6,15.4,30.3,59.3,10.0,6.9,12.2,12.0,18.4,4.9,22.8,22.8,18.1,29.3,0.1,16.5,25.9,9.3,29.5,9.1,5.9,0.0,8.2,8.2,0.0,11.8,15.6,7.4,11.4,3.4,11.0,28.4,10.5
2026-08-17,07:00~09:00,總停等延滯,674040.0,513652.0,160388.0,288682.0,89887.0,37102.0,25473.0,1250.0,26062.0,232383.0,34761.0,31490.0,52084.0,114048.0,109754.0,51245.0,28492.0,30017.0,81628.0,10935.0,16522.0,54171.0,20909.0,5228.0,15681.0,27348.0,19521.0,7827.0,14806.0,14806.0,97325.0,30368.0,2298.0,50967.0,13692.0,114020.0,21957.0,48334.0,26864.0,16865.0,31507.0,30752.0,755.0,69893.0,50753.0,19140.0,73262.0,2252.0,24992.0,21676.0,24342.0,163.6,340.1,162.8,131.0,222.0,555.0,143.2,247.4,111.3,161.5,59.0,165.7,129.6,186.2,358.7,152.1,0.0,89.1,55.4,111.7,130.1
2026-08-17,07:00~09:00,通過量,12750,8015,4735,6733,3740,1564,818,744,614,4443,1064,427,1579,1373,2782,1257,853,672,2450,756,614,1080,2178,673,1505,2325,923,1402,536,536,4889,1363,1271,1872,383,9226,633,3392,3819,1382,5714,2973,2741,5813,3146,2667,5459,716,2035,579,2129
2026-08-17,07:00~09:00,平均停等延滯,52.9,64.1,33.9,42.9,24.0,23.7,31.1,1.7,42.4,52.3,32.7,73.7,33.0,83.1,39.5,40.8,33.4,44.7,33.3,14.5,26.9,50.2,9.6,7.8,10.4,11.8,21.1,5.6,27.6,27.6,19.9,22.3,1.8,27.2,35.7,12.4,34.7,14.2,7.0,12.2,5.5,10.3,0.3,12.0,16.1,7.2,13.4,3.1,12.3,37.4,11.4
2026-08-17,10:00~17:00,總停等延滯,1520604.0,1142678.0,377926.0,714142.0,319678.0,107346.0,71088.0,3398.0,137846.0,398709.0,78752.0,57165.0,139778.0,123014.0,211014.0,73542.0,52774.0,84698.0,213277.0,43114.0,48617.0,121546.0,23701.0,11179.0,12522.0,143291.0,61663.0,81628.0,43646.0,43646.0,167288.0,79113.0,643.0,52379.0,35153.0,291182.0,65717.0,126463.0,72641.0,26361.0,56362.0,54123.0,2239.0,174098.0,116438.0,57660.0,192500.0,10274.0,71962.0,35249.0,75015.0,159.5,354.1,227.4,211.6,240.3,601.0,254.2,281.5,109.3,162.1,81.4,233.0,217.9,215.7,352.9,147.6,0.0,116.8,141.0,104.3,166.3
2026-08-17,10:00~17:00,通過量,35338,23876,11462,22917,13141,5533,2393,2400,2815,12517,3016,1442,5108,2951,8236,4536,1354,2346,7047,2005,1701,3341,5393,1785,3608,5801,2520,3281,1700,1700,11602,3625,2721,4031,1225,30431,3070,12500,11517,3344,17924,8414,9510,17221,8327,8894,16758,1602,7809,1479,5868
2026-08-17,10:00~17:00,平均停等延滯,43.0,47.9,33.0,31.2,24.3,19.4,29.7,1.4,49.0,31.9,26.1,39.6,27.4,41.7,25.6,16.2,39.0,36.1,30.3,21.5,28.6,36.4,4.4,6.3,3.5,24.7,24.5,24.9,25.7,25.7,14.4,21.8,0.2,13.0,28.7,9.6,21.4,10.1,6.3,7.9,3.1,6.4,0.2,10.1,14.0,6.5,11.5,6.4,9.2,23.8,12.8
2026-08-17,17:00~20:00,總停等延滯,865658.0,626875.0,238783.0,293724.0,134751.0,46369.0,31132.0,1596.0,55654.0,245404.0,48402.0,30345.0,71924.0,94733.0,138893.0,52223.0,33550.0,53120.0,107827.0,23420.0,26839.0,57568.0,11106.0,6333.0,4773.0,79987.0,40871.0,39116.0,23482.0,23482.0,124208.0,60961.0,1228.0,32923.0,29096.0,123712.0,28501.0,53170.0,37182.0,4859.0,15990.0,14824.0,1166.0,70811.0,41784.0,29027.0,83211.0,2786.0,41963.0,16578.0,21884.0,132.8,250.3,243.2,173.0,221.4,454.7,208.8,272.9,129.8,133.0,88.6,269.9,170.7,217.4,248.7,149.4,0.0,125.6,81.8,102.3,176.3
2026-08-17,17:00~20:00,通過量,17974,11660,6314,10075,5989,2545,1053,1016,1375,5889,1400,651,2185,1653,4445,2352,723,1370,3489,1199,952,1338,2796,1102,1694,3272,1598,1674,861,861,6578,2227,1372,2280,699,12033,1428,5720,3808,1077,7309,2971,4338,7074,2935,4139,7338,824,3587,590,2337
2026-08-17,17:00~20:00,平均停等延滯,48.2,53.8,37.8,29.2,22.5,18.2,29.6,1.6,40.5,41.7,34.6,46.6,32.9,57.3,31.2,22.2,46.4,38.8,30.9,19.5,28.2,43.0,4.0,5.7,2.8,24.4,25.6,23.4,27.3,27.3,18.9,27.4,0.9,14.4,41.6,10.3,20.0,9.3,9.8,4.5,2.2,5.0,0.3,10.0,14.2,7.0,11.3,3.4,11.7,28.1,9.4
2026-08-17,10:00~12:00,總停等延滯,462556.0,355684.0,106872.0,214016.0,90643.0,32867.0,18651.0,1053.0,38072.0,138384.0,20800.0,20629.0,54318.0,42637.0,65242.0,25248.0,16605.0,23389.0,61415.0,15631.0,13426.0,32358.0,6255.0,2604.0,3651.0,42191.0,16144.0,26047.0,12447.0,12447.0,45979.0,16439.0,241.0,19940.0,9359.0,76224.0,18786.0,38872.0,11639.0,6927.0,10220.0,9689.0,531.0,62594.0,41361.0,21233.0,64978.0,3900.0,29173.0,11474.0,20431.0,138.3,218.3,220.4,172.8,204.1,439.7,362.3,353.8,98.2,139.1,65.4,238.6,165.8,180.7,218.5,124.1,0.0,152.7,187.6,104.2,229.2
2026-08-17,10:00~12:00,通過量,9464,6319,3145,6918,3449,1587,694,605,563,3561,891,336,1552,782,2238,1289,403,546,1938,530,459,949,1583,457,1126,1589,596,993,399,399,3162,873,786,1190,313,9052,951,3911,3241,949,5114,2384,2730,4905,2325,2580,4856,485,2315,411,1645
2026-08-17,10:00~12:00,平均停等延滯,48.9,56.3,34.0,30.9,26.3,20.7,26.9,1.7,67.6,38.9,23.3,61.4,35.0,54.5,29.2,19.6,41.2,42.8,31.7,29.5,29.3,34.1,4.0,5.7,3.2,26.6,27.1,26.2,31.2,31.2,14.5,18.8,0.3,16.8,29.9,8.4,19.8,9.9,3.6,7.3,2.0,4.1,0.2,12.8,17.8,8.2,13.4,8.0,12.6,27.9,12.4
2026-08-17,14:00~16:00,總停等延滯,449034.0,336725.0,112309.0,209831.0,99082.0,34183.0,21696.0,1005.0,42198.0,109567.0,23062.0,14400.0,36153.0,35952.0,61212.0,19487.0,14458.0,27267.0,66864.0,11433.0,14511.0,40920.0,7707.0,3420.0,4287.0,44532.0,20313.0,24219.0,13083.0,13083.0,46987.0,25216.0,166.0,12598.0,9007.0,83446.0,18912.0,35795.0,19316.0,9423.0,19412.0,18707.0,705.0,48640.0,31558.0,17082.0,58333.0,4195.0,19020.0,9237.0,25881.0,137.8,366.6,203.0,220.0,234.5,589.5,169.1,254.2,107.0,138.4,96.8,204.2,217.7,248.2,349.8,151.6,0.0,81.6,89.8,113.4,136.4
2026-08-17,14:00~16:00,通過量,10294,6903,3391,6374,3885,1548,658,725,954,3461,785,395,1415,866,2326,1253,360,713,1969,560,467,942,1594,587,1007,1706,799,907,560,560,3374,1130,780,1145,319,8700,817,3344,3538,1001,5160,2511,2649,4941,2483,2458,4781,433,2135,431,1782
2026-08-17,14:00~16:00,平均停等延滯,43.6,48.8,33.1,32.9,25.5,22.1,33.0,1.4,44.2,31.7,29.4,36.5,25.5,41.5,26.3,15.6,40.2,38.2,34.0,20.4,31.1,43.4,4.8,5.8,4.3,26.1,25.4,26.7,23.4,23.4,13.9,22.3,0.2,11.0,28.2,9.6,23.1,10.7,5.5,9.4,3.8,7.5,0.3,9.8,12.7,6.9,12.2,9.7,8.9,21.4,14.5
2026-08-17,16:00~19:00,總停等延滯,843758.0,598929.0,244829.0,338660.0,146668.0,50325.0,32438.0,1558.0,62347.0,219735.0,48586.0,27621.0,59821.0,83707.0,125256.0,42170.0,33524.0,49562.0,107270.0,20407.0,28127.0,58736.0,13066.0,7171.0,5895.0,80474.0,42408.0,38066.0,24091.0,24091.0,127198.0,58038.0,1381.0,34253.0,33526.0,156374.0,29142.0,57290.0,62195.0,7747.0,29965.0,28510.0,1455.0,72211.0,46197.0,26014.0,80110.0,3668.0,33778.0,16781.0,25883.0,130.6,281.8,247.0,163.8,219.8,499.9,209.4,251.4,109.9,131.0,89.2,252.3,163.8,216.4,289.3,153.0,0.0,128.8,79.6,108.4,148.1
2026-08-17,16:00~19:00,通過量,19017,12264,6753,10114,6424,2722,1102,1098,1502,5874,1389,715,2168,1602,4628,2501,740,1387,3665,1171,1007,1487,2931,1159,1772,3414,1706,1708,941,941,7027,2374,1461,2404,788,12608,1413,5742,4187,1266,7650,3156,4494,7386,3122,4264,7595,914,3722,630,2329
2026-08-17,16:00~19:00,平均停等延滯,44.4,48.8,36.3,33.5,22.8,18.5,29.4,1.4,41.5,37.4,35.0,38.6,27.6,52.3,27.1,16.9,45.3,35.7,29.3,17.4,27.9,39.5,4.5,6.2,3.3,23.6,24.9,22.3,25.6,25.6,18.1,24.4,0.9,14.2,42.5,12.4,20.6,10.0,14.9,6.1,3.9,9.0,0.3,9.8,14.8,6.1,10.5,4.0,9.1,26.6,11.1
2026-08-17,20:00~23:00,總停等延滯,460747.0,371062.0,89685.0,174337.0,77390.0,31071.0,15094.0,1306.0,29919.0,157637.0,24982.0,22849.0,46970.0,62836.0,81551.0,36816.0,12103.0,32632.0,54484.0,16015.0,12035.0,26434.0,4498.0,2168.0,2330.0,29097.0,13255.0,15842.0,9014.0,9014.0,47076.0,37921.0,111.0,3905.0,5139.0,64944.0,22782.0,35119.0,6301.0,742.0,8653.0,8397.0,256.0,51626.0,32371.0,19255.0,49114.0,1301.0,20808.0,9645.0,17360.0,141.0,177.1,203.9,158.8,218.6,280.8,154.0,201.0,108.9,142.0,77.9,200.5,159.8,112.9,176.1,148.3,0.0,84.1,70.2,79.3,121.6
2026-08-17,20:00~23:00,通過量,9306,6470,2836,5957,3431,1428,597,723,683,3695,834,442,1339,1080,2213,1148,368,697,1953,778,400,775,1327,540,787,1414,727,687,340,340,3029,1073,865,839,252,7123,888,3021,2642,572,4494,2220,2274,4409,2165,2244,4361,349,1964,278,1770
2026-08-17,20:00~23:00,平均停等延滯,49.5,57.4,31.6,29.3,22.6,21.8,25.3,1.8,43.8,42.7,30.0,51.7,35.1,58.2,36.9,32.1,32.9,46.8,27.9,20.6,30.1,34.1,3.4,4.0,3.0,20.6,18.2,23.1,26.5,26.5,15.5,35.3,0.1,4.7,20.4,9.1,25.7,11.6,2.4,1.3,1.9,3.8,0.1,11.7,15.0,8.6,11.3,3.7,10.6,34.7,9.8
2026-08-18,07:00~09:00,總停等延滯,632790.0,495729.0,137061.0,294609.0,98216.0,37294.0,26875.0,1184.0,32863.0,202896.0,36284.0,25190.0,52011.0,89411.0,105113.0,48996.0,29389.0,26728.0,89504.0,11110.0,16780.0,61614.0,16008.0,2963.0,13045.0,24322.0,15622.0,8700.0,14445.0,14445.0,82286.0,35265.0,5447.0,29878.0,11696.0,105256.0,17594.0,43095.0,28415.0,16152.0,40294.0,38935.0,1359.0,71296.0,53745.0,17551.0,77763.0,4989.0,27436.0,20972.0,24366.0,175.6,221.9,195.4,154.3,260.0,426.8,166.7,404.0,117.8,177.8,82.9,190.7,153.2,200.9,238.0,0.0,0.0,81.3,87.3,178.8,247.2
2026-08-18,07:00~09:00,通過量,13037,8214,4823,7172,4019,1709,851,821,638,4378,1101,422,1589,1266,2797,1264,840,693,2541,746,595,1200,2241,664,1577,2434,1003,1431,574,574,5023,1438,1261,1903,421,10060,717,3845,4053,1445,5803,3022,2781,5722,3049,2673,5601,788,2203,564,2046
2026-08-18,07:00~09:00,平均停等延滯,48.5,60.4,28.4,41.1,24.4,21.8,31.6,1.4,51.5,46.3,33.0,59.7,32.7,70.6,37.6,38.8,35.0,38.6,35.2,14.9,28.2,51.3,7.1,4.5,8.3,10.0,15.6,6.1,25.2,25.2,16.4,24.5,4.3,15.7,27.8,10.5,24.5,11.2,7.0,11.2,6.9,12.9,0.5,12.5,17.6,6.6,13.9,6.3,12.5,37.2,11.9
2026-08-18,10:00~17:00,總停等延滯,1431280.0,1070211.0,361069.0,645672.0,268155.0,99980.0,66095.0,3098.0,98982.0,343953.0,90156.0,42288.0,116762.0,94747.0,254374.0,129682.0,57876.0,66816.0,203729.0,31203.0,44697.0,127829.0,44883.0,15262.0,29621.0,93223.0,52201.0,41022.0,39714.0,39714.0,183249.0,77336.0,1012.0,71339.0,33562.0,259569.0,52880.0,105012.0,76660.0,25017.0,55964.0,54090.0,1874.0,164084.0,112196.0,51888.0,166055.0,11930.0,65784.0,35921.0,52420.0,147.7,238.9,206.3,155.9,205.9,490.3,244.7,281.8,110.9,148.1,58.1,205.2,181.6,246.3,257.3,0.0,0.0,143.0,110.4,102.1,175.9
2026-08-18,10:00~17:00,通過量,37483,25246,12237,23212,13838,5875,2473,2616,2874,12839,2973,1392,5458,3016,9005,5069,1490,2446,7819,2139,1848,3832,6404,2119,4285,6605,2884,3721,1570,1570,12539,3991,3030,4342,1176,29035,3039,12326,10429,3241,18315,8528,9787,18129,8545,9584,17710,1644,8219,1444,6403
2026-08-18,10:00~17:00,平均停等延滯,38.2,42.4,29.5,27.8,19.4,17.0,26.7,1.2,34.4,26.8,30.3,30.4,21.4,31.4,28.2,25.6,38.8,27.3,26.1,14.6,24.2,33.4,7.0,7.2,6.9,14.1,18.1,11.0,25.3,25.3,14.6,19.4,0.3,16.4,28.5,8.9,17.4,8.5,7.4,7.7,3.1,6.3,0.2,9.1,13.1,5.4,9.4,7.3,8.0,24.9,8.2
2026-08-18,17:00~20:00,總停等延滯,761909.0,531551.0,230358.0,283389.0,119977.0,48117.0,34874.0,1570.0,35416.0,188862.0,46110.0,26118.0,44668.0,71966.0,133219.0,64736.0,26287.0,42196.0,89493.0,21265.0,21378.0,46850.0,27949.0,11497.0,16452.0,53994.0,33972.0,20022.0,21866.0,21866.0,126549.0,48318.0,1773.0,53913.0,22545.0,126120.0,25995.0,49392.0,45120.0,5613.0,23938.0,22186.0,1752.0,63193.0,37499.0,25694.0,70138.0,5992.0,34268.0,13602.0,16276.0,151.0,245.5,184.2,138.5,218.8,418.2,164.6,236.5,132.7,151.1,68.3,187.2,140.2,184.9,253.7,210.7,0.0,83.1,81.8,107.2,128.6
2026-08-18,17:00~20:00,通過量,19851,12745,7106,9799,6398,2743,1229,1018,1408,5907,1409,728,2044,1726,5029,2747,812,1470,3930,1301,1033,1596,3082,1238,1844,3629,1703,1926,1030,1030,7087,2249,1496,2522,820,11977,1329,5567,3998,1083,7369,2998,4371,7180,2854,4326,7593,835,3855,563,2340
2026-08-18,17:00~20:00,平均停等延滯,38.4,41.7,32.4,28.9,18.8,17.5,28.4,1.5,25.2,32.0,32.7,35.9,21.9,41.7,26.5,23.6,32.4,28.7,22.8,16.3,20.7,29.4,9.1,9.3,8.9,14.9,19.9,10.4,21.2,21.2,17.9,21.5,1.2,21.4,27.5,10.5,19.6,8.9,11.3,5.2,3.2,7.4,0.4,8.8,13.1,5.9,9.2,7.2,8.9,24.2,7.0
2026-08-18,10:00~12:00,總停等延滯,444226.0,350925.0,93301.0,192108.0,83881.0,31509.0,21280.0,955.0,30137.0,125927.0,29393.0,14790.0,47046.0,34698.0,77047.0,40142.0,19089.0,17816.0,64070.0,7905.0,14296.0,41869.0,10079.0,3172.0,6907.0,24730.0,11105.0,13625.0,10992.0,10992.0,47500.0,22189.0,395.0,16876.0,8040.0,65894.0,16623.0,34167.0,8414.0,6690.0,9023.0,8343.0,680.0,58049.0,38510.0,19539.0,59142.0,3739.0,27347.0,11802.0,16254.0,152.3,279.9,171.1,210.4,210.4,600.6,260.6,272.6,103.8,153.4,57.9,171.2,241.3,290.3,287.5,0.0,0.0,138.7,126.9,87.7,164.3
2026-08-18,10:00~12:00,通過量,10046,6762,3284,6711,3570,1606,714,663,587,3517,862,377,1467,811,2332,1297,419,616,2220,588,562,1070,1844,508,1336,1703,737,966,423,423,3416,1063,845,1202,306,8443,899,3741,2862,941,5066,2333,2733,5084,2371,2713,4895,458,2366,390,1681
2026-08-18,10:00~12:00,平均停等延滯,44.2,51.9,28.4,28.6,23.5,19.6,29.8,1.4,51.3,35.8,34.1,39.2,32.1,42.8,33.0,30.9,45.6,28.9,28.9,13.4,25.4,39.1,5.5,6.2,5.2,14.5,15.1,14.1,26.0,26.0,13.9,20.9,0.5,14.0,26.3,7.8,18.5,9.1,2.9,7.1,1.8,3.6,0.2,11.4,16.2,7.2,12.1,8.2,11.6,30.3,9.7
2026-08-18,14:00~16:00,總停等延滯,413534.0,304902.0,108632.0,194209.0,80694.0,30662.0,18307.0,967.0,30758.0,94364.0,25892.0,12022.0,32278.0,24172.0,72133.0,36948.0,13859.0,21326.0,57711.0,9251.0,11559.0,36901.0,14723.0,5002.0,9721.0,27924.0,16800.0,11124.0,11014.0,11014.0,54971.0,22255.0,274.0,22804.0,9638.0,84009.0,16196.0,30956.0,29059.0,7798.0,18840.0,18439.0,401.0,44931.0,30460.0,14471.0,46429.0,4825.0,16650.0,9015.0,15939.0,146.8,244.0,180.3,170.5,206.9,485.7,237.5,290.5,109.5,146.7,60.3,184.5,215.2,240.9,289.4,0.0,0.0,122.2,111.4,105.3,176.5
2026-08-18,14:00~16:00,通過量,10796,7301,3495,6536,4071,1661,646,805,959,3767,821,433,1670,843,2641,1474,384,783,2186,594,453,1139,1841,634,1207,1903,847,1056,470,470,3546,1155,851,1222,318,8051,797,3388,2983,883,5264,2517,2747,5116,2519,2597,4995,446,2198,384,1967
2026-08-18,14:00~16:00,平均停等延滯,38.3,41.8,31.1,29.7,19.8,18.5,28.3,1.2,32.1,25.1,31.5,27.8,19.3,28.7,27.3,25.1,36.1,27.2,26.4,15.6,25.5,32.4,8.0,7.9,8.1,14.7,19.8,10.5,23.4,23.4,15.5,19.3,0.3,18.7,30.3,10.4,20.3,9.1,9.7,8.8,3.6,7.3,0.1,8.8,12.1,5.6,9.3,10.8,7.6,23.5,8.1
2026-08-18,16:00~19:00,總停等延滯,760110.0,508893.0,251217.0,324148.0,121254.0,46501.0,33960.0,1374.0,39419.0,162293.0,42658.0,21051.0,41175.0,57409.0,128577.0,59484.0,28162.0,40931.0,96769.0,21372.0,22714.0,52683.0,29916.0,13171.0,16745.0,60917.0,37742.0,23175.0,24488.0,24488.0,135896.0,51836.0,1826.0,56527.0,25707.0,154123.0,25246.0,50414.0,69934.0,8529.0,38848.0,37070.0,1778.0,63872.0,41326.0,22546.0,67305.0,6379.0,28415.0,14879.0,17632.0,151.0,198.8,204.5,135.2,218.6,425.2,160.0,248.7,115.8,151.0,68.1,209.5,137.2,232.0,203.2,194.0,0.0,83.4,77.0,113.4,136.4
2026-08-18,16:00~19:00,通過量,20813,13146,7667,10474,6859,2940,1291,1129,1499,6095,1480,713,2207,1695,5347,2987,818,1542,3948,1300,1064,1584,3362,1394,1968,3972,1857,2115,1065,1065,7692,2484,1592,2736,880,12924,1472,5829,4349,1274,7911,3235,4676,7742,3117,4625,8089,900,4016,645,2528
2026-08-18,16:00~19:00,平均停等延滯,36.5,38.7,32.8,30.9,17.7,15.8,26.3,1.2,26.3,26.6,28.8,29.5,18.7,33.9,24.0,19.9,34.4,26.5,24.5,16.4,21.3,33.3,8.9,9.4,8.5,15.3,20.3,11.0,23.0,23.0,17.7,20.9,1.1,20.7,29.2,11.9,17.2,8.6,16.1,6.7,4.9,11.5,0.4,8.3,13.3,4.9,8.3,7.1,7.1,23.1,7.0
2026-08-18,20:00~23:00,總停等延滯,497209.0,392499.0,104710.0,183256.0,71854.0,28058.0,16049.0,1941.0,25806.0,168265.0,27555.0,24085.0,53289.0,63336.0,83378.0,39386.0,15976.0,28016.0,69002.0,14727.0,12136.0,42139.0,15659.0,4318.0,11341.0,25452.0,11894.0,13558.0,10414.0,10414.0,53185.0,31359.0,107.0,9252.0,12467.0,52009.0,17455.0,28099.0,5606.0,849.0,7764.0,7500.0,264.0,55159.0,33625.0,21534.0,68324.0,2180.0,28587.0,12147.0,25410.0,135.2,231.6,187.8,193.3,212.2,402.4,138.3,207.9,111.1,134.7,79.9,200.3,196.6,165.2,231.1,111.0,0.0,77.3,60.4,73.6,128.7
2026-08-18,20:00~23:00,通過量,10213,7097,3116,6398,3843,1500,608,980,755,4096,875,420,1625,1176,2451,1244,468,739,2198,767,403,1028,1751,560,1191,1638,825,813,370,370,3439,1253,888,879,419,7389,695,3130,3020,544,5146,2652,2494,5058,2627,2431,5000,366,2061,372,2201
2026-08-18,20:00~23:00,平均停等延滯,48.7,55.3,33.6,28.6,18.7,18.7,26.4,2.0,34.2,41.1,31.5,57.3,32.8,53.9,34.0,31.7,34.1,37.9,31.4,19.2,30.1,41.0,8.9,7.7,9.5,15.5,14.4,16.7,28.1,28.1,15.5,25.0,0.1,10.5,29.8,7.0,25.1,9.0,1.9,1.6,1.5,2.8,0.1,10.9,12.8,8.9,13.7,6.0,13.9,32.7,11.5
2026-08-19,07:00~09:00,總停等延滯,653865.0,487984.0,165881.0,299855.0,94926.0,34918.0,33117.0,1223.0,25668.0,206854.0,33296.0,20728.0,49635.0,103195.0,101675.0,45131.0,28230.0,28314.0,84529.0,10719.0,17603.0,56207.0,22709.0,4353.0,18356.0,28970.0,18847.0,10123.0,15340.0,15340.0,98862.0,28882.0,1931.0,54630.0,13419.0,108748.0,19231.0,43158.0,29382.0,16977.0,43234.0,42558.0,676.0,69009.0,50836.0,18173.0,78864.0,4457.0,25534.0,22291.0,26582.0,151.7,219.1,164.0,135.7,207.6,427.6,296.2,317.1,101.2,152.2,56.1,165.3,139.7,209.1,221.5,131.3,0.0,166.3,123.6,166.0,165.2
2026-08-19,07:00~09:00,通過量,13170,8286,4884,6944,3744,1459,900,792,593,4489,1018,418,1678,1375,2800,1183,890,727,2672,748,645,1279,2299,654,1645,2401,928,1473,576,576,5113,1459,1254,2008,392,9716,748,3443,4104,1421,5395,2976,2419,5435,3015,2420,5402,731,1918,646,2107
2026-08-19,07:00~09:00,平均停等延滯,49.6,58.9,34.0,43.2,25.4,23.9,36.8,1.5,43.3,46.1,32.7,49.6,29.6,75.1,36.3,38.1,31.7,38.9,31.6,14.3,27.3,43.9,9.9,6.7,11.2,12.1,20.3,6.9,26.6,26.6,19.3,19.8,1.5,27.2,34.2,11.2,25.7,12.5,7.2,11.9,8.0,14.3,0.3,12.7,16.9,7.5,14.6,6.1,13.3,34.5,12.6
2026-08-19,10:00~17:00,總停等延滯,1635057.0,1235802.0,399255.0,797385.0,295000.0,108485.0,73565.0,3688.0,109262.0,427068.0,87727.0,46106.0,157371.0,135864.0,288664.0,146431.0,63424.0,78809.0,225070.0,35161.0,43612.0,146297.0,52592.0,17249.0,35343.0,92232.0,55885.0,36347.0,42311.0,42311.0,212120.0,83103.0,774.0,88958.0,39285.0,360836.0,75756.0,139470.0,117546.0,28064.0,75136.0,72775.0,2361.0,171963.0,117950.0,54013.0,189450.0,14588.0,70100.0,42090.0,62672.0,147.6,289.4,216.1,146.8,209.7,473.6,213.4,261.2,103.6,147.4,61.9,210.1,147.8,205.4,286.7,154.3,0.0,115.8,95.8,108.6,152.7
2026-08-19,10:00~17:00,通過量,37873,25191,12682,23354,13484,5629,2582,2517,2756,13130,2980,1406,5471,3273,9264,5092,1630,2542,7710,2337,1834,3539,6311,2107,4204,6806,2952,3854,1724,1724,12933,4082,3029,4534,1288,28839,3013,12698,9803,3325,17632,8155,9477,17021,8040,8981,17368,1683,8042,1745,5898
2026-08-19,10:00~17:00,平均停等延滯,43.2,49.1,31.5,34.1,21.9,19.3,28.5,1.5,39.6,32.5,29.4,32.8,28.8,41.5,31.2,28.8,38.9,31.0,29.2,15.0,23.8,41.3,8.3,8.2,8.4,13.6,18.9,9.4,24.5,24.5,16.4,20.4,0.3,19.6,30.5,12.5,25.1,11.0,12.0,8.4,4.3,8.9,0.2,10.1,14.7,6.0,10.9,8.7,8.7,24.1,10.6
2026-08-19,17:00~20:00,總停等延滯,840027.0,602701.0,237326.0,327001.0,130932.0,50642.0,33453.0,2144.0,44693.0,208251.0,42063.0,27216.0,46584.0,92388.0,155268.0,68065.0,35028.0,52175.0,108250.0,25288.0,21150.0,61812.0,29056.0,12318.0,16738.0,58739.0,32629.0,26110.0,21564.0,21564.0,127967.0,53723.0,1192.0,51923.0,21129.0,169290.0,30750.0,55374.0,75724.0,7442.0,31204.0,29841.0,1363.0,55459.0,32476.0,22983.0,71048.0,3646.0,31521.0,12443.0,23438.0,149.7,240.1,294.4,154.1,221.7,682.3,161.5,262.6,129.0,149.8,71.9,318.8,151.0,371.6,260.0,133.8,0.0,89.0,71.7,111.0,159.1
2026-08-19,17:00~20:00,通過量,20652,13398,7254,9399,6578,2563,1308,1212,1495,6515,1329,843,2360,1983,5199,2652,965,1582,4089,1430,1011,1648,3398,1291,2107,3841,1857,1984,989,989,7408,2434,1450,2724,800,11081,1315,5390,3257,1119,6965,2758,4207,6734,2646,4088,7233,918,3621,520,2174
2026-08-19,17:00~20:00,平均停等延滯,40.7,45.0,32.7,34.8,19.9,19.8,25.6,1.8,29.9,32.0,31.7,32.3,19.7,46.6,29.9,25.7,36.3,33.0,26.5,17.7,20.9,37.5,8.6,9.5,7.9,15.3,17.6,13.2,21.8,21.8,17.3,22.1,0.8,19.1,26.4,15.3,23.4,10.3,23.2,6.7,4.5,10.8,0.3,8.2,12.3,5.6,9.8,4.0,8.7,23.9,10.8
2026-08-19,10:00~12:00,總停等延滯,491724.0,384158.0,107566.0,224400.0,97043.0,36564.0,22712.0,990.0,36777.0,133476.0,24601.0,16507.0,54351.0,38017.0,88487.0,49166.0,18774.0,20547.0,65152.0,6708.0,12702.0,45742.0,14604.0,4401.0,10203.0,19117.0,11856.0,7261.0,11917.0,11917.0,61928.0,23244.0,85.0,28191.0,10408.0,86482.0,23927.0,44998.0,10171.0,7386.0,9321.0,8863.0,458.0,65552.0,45268.0,20284.0,63045.0,5021.0,26721.0,15286.0,16017.0,148.6,237.8,192.8,120.4,205.7,436.4,234.1,260.1,105.1,148.9,57.0,199.6,122.7,206.4,250.5,153.2,0.0,166.3,79.4,102.0,153.1
2026-08-19,10:00~12:00,通過量,9909,6552,3357,6403,3516,1566,709,662,579,3547,787,350,1571,839,2420,1366,430,624,1967,512,490,965,1664,516,1148,1788,727,1061,432,432,3455,1046,834,1270,305,8157,858,3534,2810,955,4993,2319,2674,4728,2227,2501,4717,464,2242,397,1614
2026-08-19,10:00~12:00,平均停等延滯,49.6,58.6,32.0,35.0,27.6,23.3,32.0,1.5,63.5,37.6,31.3,47.2,34.6,45.3,36.6,36.0,43.7,32.9,33.1,13.1,25.9,47.4,8.8,8.5,8.9,10.7,16.3,6.8,27.6,27.6,17.9,22.2,0.1,22.2,34.1,10.6,27.9,12.7,3.6,7.7,1.9,3.8,0.2,13.9,20.3,8.1,13.4,10.8,11.9,38.5,9.9
2026-08-19,14:00~16:00,總停等延滯,456594.0,341508.0,115086.0,257182.0,77482.0,27642.0,20436.0,1107.0,28297.0,121584.0,26080.0,11929.0,45809.0,37766.0,79904.0,40164.0,16337.0,23403.0,62538.0,9309.0,11180.0,42049.0,15803.0,4968.0,10835.0,29283.0,18191.0,11092.0,11272.0,11272.0,58728.0,23977.0,253.0,24347.0,10151.0,127354.0,23116.0,42023.0,53820.0,8395.0,33583.0,33064.0,519.0,41527.0,28253.0,13274.0,54718.0,4127.0,17951.0,12616.0,20024.0,147.7,375.3,218.9,128.6,212.7,574.2,206.1,260.2,99.6,147.7,64.5,210.2,131.2,194.3,322.3,146.0,0.0,84.4,130.2,104.0,158.4
2026-08-19,14:00~16:00,通過量,10922,7294,3628,6812,4063,1565,731,811,956,3724,823,401,1575,925,2679,1464,420,795,2150,649,475,1026,1837,635,1202,2011,900,1111,458,458,3785,1250,877,1316,342,8225,901,3690,2670,964,4919,2295,2624,4806,2353,2453,4931,500,2210,508,1713
2026-08-19,14:00~16:00,平均停等延滯,41.8,46.8,31.7,37.8,19.1,17.7,28.0,1.4,29.6,32.6,31.7,29.7,29.1,40.8,29.8,27.4,38.9,29.4,29.1,14.3,23.5,41.0,8.6,7.8,9.0,14.6,20.2,10.0,24.6,24.6,15.5,19.2,0.3,18.5,29.7,15.5,25.7,11.4,20.2,8.7,6.8,14.4,0.2,8.6,12.0,5.4,11.1,8.3,8.1,24.8,11.7
2026-08-19,16:00~19:00,總停等延滯,883528.0,626658.0,256870.0,398646.0,140237.0,50506.0,35074.0,1965.0,52692.0,206644.0,42892.0,23879.0,52512.0,87361.0,162795.0,68094.0,39810.0,54891.0,116982.0,25278.0,22874.0,68830.0,30043.0,11832.0,18211.0,64146.0,35562.0,28584.0,25162.0,25162.0,137519.0,53245.0,1391.0,57380.0,25503.0,215610.0,36193.0,66122.0,102543.0,10752.0,48824.0,47251.0,1573.0,63554.0,42938.0,20616.0,70658.0,4273.0,28314.0,14367.0,23704.0,148.8,232.6,340.7,176.2,218.9,697.2,181.2,268.7,114.5,148.8,70.0,349.4,171.5,399.8,251.7,137.3,0.0,105.9,70.3,124.7,151.9
2026-08-19,16:00~19:00,通過量,21225,13522,7703,9791,6733,2675,1368,1206,1484,6476,1384,777,2378,1937,5330,2750,1009,1571,4110,1409,1023,1678,3533,1378,2155,4095,1934,2161,1019,1019,7851,2545,1548,2859,899,11513,1333,5516,3359,1305,7309,2974,4335,7073,2866,4207,7603,997,3664,610,2332
2026-08-19,16:00~19:00,平均停等延滯,41.6,46.3,33.3,40.7,20.8,18.9,25.6,1.6,35.5,31.9,31.0,30.7,22.1,45.1,30.5,24.8,39.5,34.9,28.5,17.9,22.4,41.0,8.5,8.6,8.5,15.7,18.4,13.2,24.7,24.7,17.5,20.9,0.9,20.1,28.4,18.7,27.2,12.0,30.5,8.2,6.7,15.9,0.4,9.0,15.0,4.9,9.3,4.3,7.7,23.6,10.2
2026-08-19,20:00~23:00,總停等延滯,483684.0,388527.0,95157.0,175768.0,82197.0,22967.0,22504.0,3033.0,33693.0,171285.0,28611.0,27173.0,51510.0,63991.0,77523.0,39906.0,13378.0,24239.0,57522.0,16420.0,12933.0,28169.0,13946.0,4451.0,9495.0,21816.0,14894.0,6922.0,11093.0,11093.0,48302.0,31982.0,83.0,9226.0,7011.0,55893.0,19167.0,30657.0,4995.0,1074.0,6968.0,6623.0,345.0,53299.0,30725.0,22574.0,59608.0,1089.0,29391.0,13692.0,15436.0,146.0,306.2,205.5,133.0,225.2,541.1,143.4,247.8,110.3,148.8,79.5,222.6,135.8,251.8,304.4,139.5,0.0,75.1,67.7,82.1,187.5
2026-08-19,20:00~23:00,通過量,10588,7427,3161,6420,4117,1665,725,917,810,4249,974,533,1514,1228,2638,1449,385,804,2146,869,446,831,1542,649,893,1607,856,751,453,453,3316,1257,925,857,277,7457,850,3200,2829,578,5005,2394,2611,4949,2431,2518,4965,367,2228,386,1984
2026-08-19,20:00~23:00,平均停等延滯,45.7,52.3,30.1,27.4,20.0,13.8,31.0,3.3,41.6,40.3,29.4,51.0,34.0,52.1,29.4,27.5,34.7,30.1,26.8,18.9,29.0,33.9,9.0,6.9,10.6,13.6,17.4,9.2,24.5,24.5,14.6,25.4,0.1,10.8,25.3,7.5,22.5,9.6,1.8,1.9,1.4,2.8,0.1,10.8,12.6,9.0,12.0,3.0,13.2,35.5,7.8
