日期,時段,指標,系統,高鐵周邊,A19周邊,前期範圍,2 青昇,A,B,C,D,6 青心,A,B,C,D,11 高鐵北/青埔,A,C,D,12 高鐵南/青埔,A,B,C,16 公園,A,C,18 民權,A,C,19 高鐵南/領航南,B,20 高鐵南/中豐北,A,B,C,D,1 台31/中正東路,中正東 (台31往高鐵_左轉),中正東 (台31往高鐵),中正東 (台31往匝道),中正東 (中正東往北),2 台31/599巷,599巷 (台31往匝道),599巷 (台31往高鐵),3 台31/五福路,五福路 (台31往匝道),五福路 (台31往高鐵),4-5 台31/領航南北路,領航南北路口 (領航北路),領航南北路口 (台31往高鐵),領航南北路口 (領航南路),領航南北路口 (高鐵北路往匝道),南1_青昇-青埔,北1_青埔-青昇,南2_公園-中豐,北2_中豐-公園,南3_青昇-公園,北3_公園-青昇,(前期)南_下匝道-領航,(前期)北_領航-上匝道,領航-青昇,青昇-青埔,青埔-公園路,公園路-中豐北,中豐北-公園路,公園路-青埔,青埔-青昇,領航北-文康(往東北),文康-領航北(往西南),台31下匝道-五福路,五福路-領航南北,五福路-台31上匝道,領航南北-五福路
2026/7/1,07:00~09:00,總停等延滯,524915,393828,131087,264796,80541,25711,30821,0,24009,160058,18539,19565,36505,85449,68738,16197,28239,24302,84491,38060,19695,26736,10916,2251,8665,6945,6053,892,19653,19653,93573,37125,20286,29567,6595,127412,22424,55842,36097,13049,37553,37526,27,0,0,0,99831,1468,42909,31206,24248,127.7,nan,146.9,148.8,201.4,nan,157.9,nan,170.8,128.4,73.7,147.6,145.4,161.6,0,111,0,75.9,81,0,0
2026/7/1,07:00~09:00,通過量,10851,7504,3347,5498,3579,1525,771,591,692,2686,550,357,802,977,2702,1226,752,724,2463,757,519,1187,1299,392,907,1902,805,1097,552,552,3421,1018,1308,688,407,7435,463,3328,2176,1468,5253,2919,2334,5570,2835,2735,3658,695,1256,511,1196,,,,,,,,,,,,,,,,,,,,,
2026/7/1,07:00~09:00,平均停等延滯,48.4,52.5,39.2,48.2,22.5,16.9,40,0,34.7,59.6,33.7,54.8,45.5,87.5,25.4,13.2,37.6,33.6,34.3,50.3,37.9,22.5,8.4,5.7,9.6,3.7,7.5,0.8,35.6,35.6,27.4,36.5,15.5,43,16.2,17.1,48.4,16.8,16.6,8.9,7.1,12.9,0,0,0,0,27.3,2.1,34.2,61.1,20.3,,,,,,,,,,,,,,,,,,,,,
2026/7/1,10:00~17:00,總停等延滯,1270205,1017208,252997,731120,284551,90153,87808,0,106590,374390,51524,54198,133019,135649,159782,43831,47118,68833,198485,68097,54803,75585,18206,6128,12078,27801,20263,7538,48337,48337,158653,87089,2818,47154,21592,384930,93129,196844,72825,22132,46211,46081,130,0,0,0,299979,13960,148852,75584,61583,125.3,nan,173.8,125.9,227,nan,252.2,nan,105.5,125.1,101.6,178.9,130.3,195.1,0,168.4,0,78.4,169.5,0,0
2026/7/1,10:00~17:00,通過量,30187,22771,7416,18479,12231,5133,2244,1911,2943,8540,1626,1178,3234,2502,8222,4438,1248,2536,7049,2062,1465,3522,3362,1198,2164,5696,2616,3080,1441,1441,7804,3027,2311,1386,1080,23901,2470,10657,7314,3460,16348,8159,8189,17099,8086,9013,11776,1664,4760,1473,3879,,,,,,,,,,,,,,,,,,,,,
2026/7/1,10:00~17:00,平均停等延滯,42.1,44.7,34.1,39.6,23.3,17.6,39.1,0,36.2,43.8,31.7,46,41.1,54.2,19.4,9.9,37.8,27.1,28.2,33,37.4,21.5,5.4,5.1,5.6,4.9,7.7,2.4,33.5,33.5,20.3,28.8,1.2,34,20,16.1,37.7,18.5,10,6.4,2.8,5.6,0,0,0,0,25.5,8.4,31.3,51.3,15.9,,,,,,,,,,,,,,,,,,,,,
2026/7/1,17:00~20:00,總停等延滯,692543,539082,153461,312147,134810,40361,42786,0,51663,204920,21273,31870,43649,108128,94575,24211,26758,43606,104777,41337,27933,35507,10300,3586,6714,17946,12127,5819,25100,25100,100115,48646,3277,30126,18066,157301,34838,78501,39363,4599,16399,16099,300,0,0,0,138447,9364,74079,29529,25475,143.1,nan,143.6,105.2,254.2,nan,171.4,nan,101.6,144.2,111.2,144.1,112.7,199.8,0,141.9,0,86.5,85.6,0,0
2026/7/1,17:00~20:00,通過量,15211,11115,4096,8026,5811,2438,1056,960,1357,4076,792,606,1240,1438,4491,2417,693,1381,3400,1254,744,1402,1671,661,1010,2916,1442,1474,763,763,4590,1918,1154,824,694,9793,988,5066,2651,1088,6787,2875,3912,7102,2902,4200,4860,817,2071,562,1410,,,,,,,,,,,,,,,,,,,,,
2026/7/1,17:00~20:00,平均停等延滯,45.5,48.5,37.5,38.9,23.2,16.6,40.5,0,38.1,50.3,26.9,52.6,35.2,75.2,21.1,10,38.6,31.6,30.8,33,37.5,25.3,6.2,5.4,6.6,6.2,8.4,3.9,32.9,32.9,21.8,25.4,2.8,36.6,26,16.1,35.3,15.5,14.8,4.2,2.4,5.6,0.1,0,0,0,28.5,11.5,35.8,52.5,18.1,,,,,,,,,,,,,,,,,,,,,
2026/7/1,10:00~12:00,總停等延滯,330428,265675,64753,187930,73817,27322,23717,0,22778,98494,11045,12827,42969,31653,39936,11432,12883,15621,53428,19027,16271,18130,4272,1913,2359,7137,5488,1649,11084,11084,42260,22735,2356,12835,4334,101195,27037,58643,8172,7343,4668,4668,0,0,0,0,82067,4098,42627,20874,14468,124.5,nan,166.5,141.8,215.4,nan,244.9,nan,113.2,126,90.5,168.5,160.1,160,0,165.4,0,79.9,147.6,0,0
2026/7/1,10:00~12:00,通過量,8237,6103,2134,5084,3235,1457,639,437,702,2343,463,321,915,644,2246,1287,330,629,1974,593,425,956,913,322,591,1568,726,842,412,412,2164,764,697,438,265,6590,738,2979,1864,1009,4431,2119,2312,4553,2063,2490,3274,478,1429,448,919,,,,,,,,,,,,,,,,,,,,,
2026/7/1,10:00~12:00,平均停等延滯,40.1,43.5,30.3,37,22.8,18.8,37.1,0,32.4,42,23.9,40,47,49.2,17.8,8.9,39,24.8,27.1,32.1,38.3,19,4.7,5.9,4,4.6,7.6,2,26.9,26.9,19.5,29.8,3.4,29.3,16.4,15.4,36.6,19.7,4.4,7.3,1.1,2.2,0,0,0,0,25.1,8.6,29.8,46.6,15.7,,,,,,,,,,,,,,,,,,,,,
2026/7/1,14:00~16:00,總停等延滯,368614,295775,72839,214880,88747,26972,26952,0,34823,107646,16717,12824,36649,41456,43909,13138,11144,19627,55473,17861,15377,22235,5209,2090,3119,8498,6264,2234,14975,14975,44157,25289,72,13767,5029,115665,30742,59552,19302,6069,14883,14862,21,0,0,0,84332,2656,41711,20749,19216,115.4,nan,214.7,124,231.5,nan,332,nan,95.6,114.7,116,235.6,123.1,187.6,0,174.3,0,72.8,254.1,0,0
2026/7/1,14:00~16:00,通過量,8633,6624,2009,5395,3694,1456,675,626,937,2456,435,314,940,767,2251,1266,301,684,2052,562,417,1073,946,341,605,1550,765,785,395,395,2138,865,620,345,308,6917,746,3025,2128,1018,4700,2406,2294,5151,2505,2646,3404,461,1319,441,1183,,,,,,,,,,,,,,,,,,,,,
2026/7/1,14:00~16:00,平均停等延滯,42.7,44.7,36.3,39.8,24,18.5,39.9,0,37.2,43.8,38.4,40.8,39,54,19.5,10.4,37,28.7,27,31.8,36.9,20.7,5.5,6.1,5.2,5.5,8.2,2.8,37.9,37.9,20.7,29.2,0.1,39.9,16.3,16.7,41.2,19.7,9.1,6,3.2,6.2,0,0,0,0,24.8,5.8,31.6,47,16.2,,,,,,,,,,,,,,,,,,,,,
2026/7/1,16:00~19:00,總停等延滯,732520,560738,171782,380974,144275,42778,43212,0,58285,211027,25877,31933,48048,105169,98149,25957,27760,44432,107287,43818,29113,34356,13110,3856,9254,17252,12583,4669,27988,27988,113432,55279,3312,32472,22369,193719,35038,82903,69976,5802,34633,34246,387,0,0,0,152622,9609,79930,35932,27151,146.8,nan,144,111.2,252.7,nan,177.2,nan,106.4,147.9,105.3,143.6,116.2,170.4,0,142.8,0,85.9,92.8,0,0
2026/7/1,16:00~19:00,通過量,15641,11313,4328,8718,5977,2515,1059,912,1491,3895,765,530,1244,1356,4489,2400,678,1411,3517,1244,770,1503,1808,693,1115,3140,1562,1578,816,816,4774,1955,1266,788,765,10887,1107,5475,3073,1232,7201,3155,4046,7418,3103,4315,5165,912,2117,602,1534,,,,,,,,,,,,,,,,,,,,,
2026/7/1,16:00~19:00,平均停等延滯,46.8,49.6,39.7,43.7,24.1,17,40.8,0,39.1,54.2,33.8,60.3,38.6,77.6,21.9,10.8,40.9,31.5,30.5,35.2,37.8,22.9,7.3,5.6,8.3,5.5,8.1,3,34.3,34.3,23.8,28.3,2.6,41.2,29.2,17.8,31.7,15.1,22.8,4.7,4.8,10.9,0.1,0,0,0,29.5,10.5,37.8,59.7,17.7,,,,,,,,,,,,,,,,,,,,,
2026/7/1,20:00~23:00,總停等延滯,337913,262566,75347,150285,68461,21271,20618,0,26572,107417,11833,26275,21871,47438,40332,13036,6484,20812,46356,23468,9665,13223,2897,1257,1640,12562,3290,9272,13557,13557,46331,36326,28,5218,4759,82252,26292,47277,8301,382,879,879,0,0,0,0,67154,0,28556,23292,15306,120.1,nan,132.6,176.9,200,nan,149.3,nan,93.7,121.3,86.5,129.4,170.9,156.2,0,161.6,0,74.6,72.6,0,0
2026/7/1,20:00~23:00,通過量,8652,6621,2031,4665,3563,1210,606,740,1007,2558,566,503,410,1079,2343,1230,277,836,1826,723,328,775,852,394,458,1230,685,545,388,388,2511,1262,602,396,251,5454,550,2445,1886,573,4217,2091,2126,4656,2218,2438,2995,350,975,612,1058,,,,,,,,,,,,,,,,,,,,,
2026/7/1,20:00~23:00,平均停等延滯,39.1,39.7,37.1,32.2,19.2,17.6,34,0,26.4,42,20.9,52.2,53.3,44,17.2,10.6,23.4,24.9,25.4,32.5,29.5,17.1,3.4,3.2,3.6,10.2,4.8,17,34.9,34.9,18.5,28.8,0,13.2,19,15.1,47.8,19.3,4.4,0.7,0.2,0.4,0,0,0,0,22.4,0,29.3,38.1,14.5,,,,,,,,,,,,,,,,,,,,,
2026/7/2,07:00~09:00,總停等延滯,488773,381849,106924,232532,87538,25253,36953,0,25332,148179,16704,20528,36024,74923,69529,17757,26467,25305,76603,27936,21443,27224,9945,2422,7523,5774,4461,1313,19988,19988,71217,31296,5379,25956,8586,113349,17775,49056,33670,12848,34618,34579,39,0,0,0,84565,1123,40370,25410,17662,114.6,nan,159,115.9,207.3,nan,205.3,nan,87.7,116.8,94.3,175,116.7,123.7,0,162.7,0,75.2,136.7,0,0
2026/7/2,07:00~09:00,通過量,10685,7426,3259,5355,3529,1596,693,573,667,2565,514,361,834,856,2761,1253,738,770,2494,749,516,1229,1319,410,909,1895,810,1085,554,554,3434,1139,1186,751,358,7685,517,3244,2538,1386,5213,2782,2431,5364,2774,2590,3538,720,1224,496,1098,,,,,,,,,,,,,,,,,,,,,
2026/7/2,07:00~09:00,平均停等延滯,45.7,51.4,32.8,43.4,24.8,15.8,53.3,0,38,57.8,32.5,56.9,43.2,87.5,25.2,14.2,35.9,32.9,30.7,37.3,41.6,22.2,7.5,5.9,8.3,3,5.5,1.2,36.1,36.1,20.7,27.5,4.5,34.6,24,14.7,34.4,15.1,13.3,9.3,6.6,12.4,0,0,0,0,23.9,1.6,33,51.2,16.1,,,,,,,,,,,,,,,,,,,,,
2026/7/2,10:00~17:00,總停等延滯,1384997,1109614,275383,715449,312452,99477,107662,0,105313,431318,54058,57685,168558,151017,164782,47625,46774,70383,201062,69685,54054,77323,15872,5392,10480,30450,20605,9845,52616,52616,176445,92140,7550,54868,21887,367721,89912,195049,61095,21665,49896,49808,88,0,0,0,297832,9512,142303,79218,66799,119.9,nan,178.5,162.8,222.2,nan,215.5,nan,117.2,120.3,102.3,182.1,175.4,239.1,0,147.2,0,121.7,97,0,0
2026/7/2,10:00~17:00,通過量,30203,22701,7502,18546,12398,5202,2128,1850,3218,8768,1669,1207,3343,2549,8244,4649,1319,2276,6722,1920,1398,3404,3347,1192,2155,5773,2596,3177,1472,1472,8279,3441,2377,1355,1106,24079,2282,10955,7394,3448,16684,8413,8271,17171,8136,9035,11565,1593,4663,1501,3808,,,,,,,,,,,,,,,,,,,,,
2026/7/2,10:00~17:00,平均停等延滯,45.9,48.9,36.7,38.6,25.2,19.1,50.6,0,32.7,49.2,32.4,47.8,50.4,59.2,20,10.2,35.5,30.9,29.9,36.3,38.7,22.7,4.7,4.5,4.9,5.3,7.9,3.1,35.7,35.7,21.3,26.8,3.2,40.5,19.8,15.3,39.4,17.8,8.3,6.3,3,5.9,0,0,0,0,25.8,6,30.5,52.8,17.5,,,,,,,,,,,,,,,,,,,,,
2026/7/2,17:00~20:00,總停等延滯,779939,568588,211351,293042,144586,39472,50845,0,54269,219481,28329,28617,52860,109675,101011,27254,27372,46385,103510,42929,27399,33182,11871,4089,7782,42006,24326,17680,30683,30683,126791,54504,711,49542,22034,158284,33595,77962,43300,3427,14325,14181,144,0,0,0,120433,1937,72957,27467,18072,144,nan,187.5,140.9,248.1,nan,172.9,nan,119.6,143.9,104.1,193.9,144.7,124.7,0,149.6,0,85.4,88.3,0,0
2026/7/2,17:00~20:00,通過量,15285,11093,4192,7822,5647,2395,1018,828,1406,4095,786,566,1182,1561,4364,2283,708,1373,3298,1232,730,1336,1730,661,1069,3062,1533,1529,805,805,4675,1949,1085,912,729,9539,993,4914,2665,967,6704,2776,3928,7138,2866,4272,4659,775,1969,608,1307,,,,,,,,,,,,,,,,,,,,,
2026/7/2,17:00~20:00,平均停等延滯,51,51.3,50.4,37.5,25.6,16.5,49.9,0,38.6,53.6,36,50.6,44.7,70.3,23.1,11.9,38.7,33.8,31.4,34.8,37.5,24.8,6.9,6.2,7.3,13.7,15.9,11.6,38.1,38.1,27.1,28,0.7,54.3,30.2,16.6,33.8,15.9,16.2,3.5,2.1,5.1,0,0,0,0,25.8,2.5,37.1,45.2,13.8,,,,,,,,,,,,,,,,,,,,,
2026/7/2,10:00~12:00,總停等延滯,351762,286479,65283,164011,81415,29578,29267,0,22570,111179,12844,14587,45594,38154,36856,10343,13735,12778,57029,18568,17107,21354,3419,848,2571,6250,3858,2392,12641,12641,42973,22909,2142,14113,3809,89257,24633,53872,4823,5929,2267,2260,7,0,0,0,72487,237,37741,21118,13391,118,nan,168.7,158.6,215.3,nan,287.5,nan,128.2,118.3,98,168.9,171.1,204.4,0,139.5,0,221.8,81.2,0,0
2026/7/2,10:00~12:00,通過量,8352,6156,2196,5005,3232,1470,593,419,750,2405,490,301,886,728,2153,1255,379,519,1960,544,394,1022,894,308,586,1614,672,942,375,375,2415,902,725,491,297,6560,604,3064,1929,963,4515,2195,2320,4686,2140,2546,3074,415,1322,400,937,,,,,,,,,,,,,,,,,,,,,
2026/7/2,10:00~12:00,平均停等延滯,42.1,46.5,29.7,32.8,25.2,20.1,49.4,0,30.1,46.2,26.2,48.5,51.5,52.4,17.1,8.2,36.2,24.6,29.1,34.1,43.4,20.9,3.8,2.8,4.4,3.9,5.7,2.5,33.7,33.7,17.8,25.4,3,28.7,12.8,13.6,40.8,17.6,2.5,6.2,0.5,1,0,0,0,0,23.6,0.6,28.5,52.8,14.3,,,,,,,,,,,,,,,,,,,,,
2026/7/2,14:00~16:00,總停等延滯,411988,325151,86837,235059,92304,28575,30363,0,33366,130911,19690,17261,51483,42477,46606,15128,9368,22110,55330,20028,12621,22681,6818,2682,4136,9696,6309,3387,15018,15018,55305,29283,4214,15247,6561,120792,28649,59512,25324,7307,24150,24150,0,0,0,0,90117,4102,41471,21879,22665,119.7,nan,223.1,181.5,218,nan,194.7,nan,114,120,98.1,238,191.4,331.7,0,144.5,0,89.2,107.5,0,0
2026/7/2,14:00~16:00,通過量,8812,6678,2134,5452,3847,1528,613,605,1101,2480,474,373,958,675,2363,1348,317,698,1897,524,395,978,968,356,612,1638,741,897,415,415,2319,956,719,327,317,7112,650,3100,2285,1077,5038,2646,2392,5080,2532,2548,3502,472,1328,407,1295,,,,,,,,,,,,,,,,,,,,,
2026/7/2,14:00~16:00,平均停等延滯,46.8,48.7,40.7,43.1,24,18.7,49.5,0,30.3,52.8,41.5,46.3,53.7,62.9,19.7,11.2,29.6,31.7,29.2,38.2,32,23.2,7,7.5,6.8,5.9,8.5,3.8,36.2,36.2,23.8,30.6,5.9,46.6,20.7,17,44.1,19.2,11.1,6.8,4.8,9.1,0,0,0,0,25.7,8.7,31.2,53.8,17.5,,,,,,,,,,,,,,,,,,,,,
2026/7/2,16:00~19:00,總停等延滯,826334,598290,228044,358548,158835,44955,53582,0,60298,224507,31111,28424,58105,106867,108086,30755,28511,48820,106862,46463,28263,32136,11648,4358,7290,41162,25846,15316,35320,35320,139914,60251,802,53680,25181,191621,36429,88039,62107,5046,30836,30661,175,0,0,0,136091,4592,78422,32762,20315,130,nan,185.1,129.6,230.2,nan,184.1,nan,117.7,130.8,100.3,194.7,127.6,111.6,0,150.6,0,87.9,98.6,0,0
2026/7/2,16:00~19:00,通過量,15678,11321,4357,8522,5922,2575,1042,829,1476,4021,781,560,1236,1444,4491,2383,724,1384,3280,1164,737,1379,1758,663,1095,3222,1619,1603,887,887,4845,2038,1157,840,810,10773,1134,5351,3117,1171,7225,3119,4106,7585,3161,4424,4923,857,2029,653,1384,,,,,,,,,,,,,,,,,,,,,
2026/7/2,16:00~19:00,平均停等延滯,52.7,52.8,52.3,42.1,26.8,17.5,51.4,0,40.9,55.8,39.8,50.8,47,74,24.1,12.9,39.4,35.3,32.6,39.9,38.3,23.3,6.6,6.6,6.7,12.8,16,9.6,39.8,39.8,28.9,29.6,0.7,63.9,31.1,17.8,32.1,16.5,19.9,4.3,4.3,9.8,0,0,0,0,27.6,5.4,38.7,50.2,14.7,,,,,,,,,,,,,,,,,,,,,
2026/7/2,20:00~23:00,總停等延滯,392624,307031,85593,141385,80787,16958,32887,0,30942,120205,13529,18009,35013,53654,47157,16466,10347,20344,58882,24924,11185,22773,2329,535,1794,17170,6359,10811,12292,12292,53802,42218,4,8402,3178,77730,24732,47118,2921,2959,613,613,0,0,0,0,63042,102,28538,12987,21415,118.5,nan,198.5,183.4,219.8,nan,159,nan,126.6,118.7,99.8,203.6,180.2,249.5,0,0,0,77.1,81.1,0,0
2026/7/2,20:00~23:00,通過量,8815,6679,2136,4747,3673,1307,594,886,886,3175,573,502,1038,1062,2382,1231,371,780,1965,788,340,837,873,351,522,1346,685,661,326,326,2631,1172,662,535,262,6146,514,2614,2135,883,4421,2180,2241,4861,2263,2598,3119,348,1152,398,1221,,,,,,,,,,,,,,,,,,,,,
2026/7/2,20:00~23:00,平均停等延滯,44.5,46,40.1,29.8,22,13,55.4,0,34.9,37.9,23.6,35.9,33.7,50.5,19.8,13.4,27.9,26.1,30,31.6,32.9,27.2,2.7,1.5,3.4,12.8,9.3,16.4,37.7,37.7,20.4,36,0,15.7,12.1,12.6,48.1,18,1.4,3.4,0.1,0.3,0,0,0,0,20.2,0.3,24.8,32.6,17.5,,,,,,,,,,,,,,,,,,,,,
2026/7/3,07:00~09:00,總停等延滯,487352,360330,127022,237284,83957,28647,30473,0,24837,141161,14654,17257,30509,78741,66535,15709,26424,24402,68677,23829,18998,25850,5513,2046,3467,17010,9796,7214,17058,17058,87441,34609,3097,38034,11701,118969,23117,53984,31909,9959,27943,27932,11,0,0,0,90372,2067,37645,29786,20874,127.5,nan,202.9,124.8,216.2,nan,169.8,nan,110.6,128.6,89.9,204.9,126.8,201.4,0,84,0,78.5,92.6,0,0
2026/7/3,07:00~09:00,通過量,10587,7335,3252,5389,3513,1547,713,583,670,2484,498,328,700,958,2690,1182,706,802,2308,697,508,1103,1272,367,905,1906,795,1111,530,530,3451,1096,1250,698,407,7241,552,3295,2222,1172,4716,2809,1907,5498,2767,2731,3492,734,1216,530,1012,,,,,,,,,,,,,,,,,,,,,
2026/7/3,07:00~09:00,平均停等延滯,46,49.1,39.1,44,23.9,18.5,42.7,0,37.1,56.8,29.4,52.6,43.6,82.2,24.7,13.3,37.4,30.4,29.8,34.2,37.4,23.4,4.3,5.6,3.8,8.9,12.3,6.5,32.2,32.2,25.3,31.6,2.5,54.5,28.7,16.4,41.9,16.4,14.4,8.5,5.9,9.9,0,0,0,0,25.9,2.8,31,56.2,20.6,,,,,,,,,,,,,,,,,,,,,
2026/7/3,10:00~17:00,總停等延滯,1512429,1174616,337813,802586,299107,90040,91576,0,117491,469649,64003,70531,156857,178258,185318,47460,58241,79617,220542,84624,59450,76468,21210,6546,14664,56683,27025,29658,57131,57131,202789,112143,1271,66553,22822,404335,93522,202407,87703,20703,58577,58450,127,0,0,0,339674,26151,148731,87493,77299,127.6,nan,187.8,164,224.2,nan,256,nan,117.4,127.9,97.5,187.8,165.6,202.2,0,152.3,0,80.6,181.6,0,0
2026/7/3,10:00~17:00,通過量,32843,24891,7952,19192,12981,5301,2411,2101,3168,9578,1803,1321,3517,2937,9171,4767,1510,2894,7636,2287,1670,3679,3623,1228,2395,6162,2809,3353,1643,1643,8829,3748,2486,1489,1106,24484,2375,11456,7546,3107,16704,8182,8522,17571,8182,9389,11656,1654,4641,1452,3909,,,,,,,,,,,,,,,,,,,,,
2026/7/3,10:00~17:00,平均停等延滯,46.1,47.2,42.5,41.8,23,17,38,0,37.1,49,35.5,53.4,44.6,60.7,20.2,10,38.6,27.5,28.9,37,35.6,20.8,5.9,5.3,6.1,9.2,9.6,8.8,34.8,34.8,23,29.9,0.5,44.7,20.6,16.5,39.4,17.7,11.6,6.7,3.5,7.1,0,0,0,0,29.1,15.8,32,60.3,19.8,,,,,,,,,,,,,,,,,,,,,
2026/7/3,17:00~20:00,總停等延滯,1012486,768373,244113,399248,147984,40705,48042,0,59237,347701,41673,39957,78441,187630,143341,43796,39989,59556,129347,57081,34645,37621,20867,6575,14292,34704,20020,14684,36213,36213,152329,68408,1710,61172,21039,206310,35660,80692,84548,5410,41077,40623,454,0,0,0,151861,7870,89596,27561,26834,153.8,nan,208.1,193.1,261.2,nan,180.8,nan,141.9,154.8,107.5,210.8,185.9,178,0,159.7,0,89.2,92.2,0,0
2026/7/3,17:00~20:00,通過量,17743,12863,4880,8772,6463,2745,1206,973,1539,4733,1073,658,1290,1712,5283,2669,1041,1573,3900,1511,873,1516,2115,758,1357,3883,1681,2202,931,931,5481,2290,1246,1191,754,10725,1158,5370,3167,1030,7278,3029,4249,7500,3001,4499,5526,843,2439,600,1644,,,,,,,,,,,,,,,,,,,,,
2026/7/3,17:00~20:00,平均停等延滯,57.1,59.7,50,45.5,22.9,14.8,39.8,0,38.5,73.5,38.8,60.7,60.8,109.6,27.1,16.4,38.4,37.9,33.2,37.8,39.7,24.8,9.9,8.7,10.5,8.9,11.9,6.7,38.9,38.9,27.8,29.9,1.4,51.4,27.9,19.2,30.8,15,26.7,5.3,5.6,13.4,0.1,0,0,0,27.5,9.3,36.7,45.9,16.3,,,,,,,,,,,,,,,,,,,,,
2026/7/3,10:00~12:00,總停等延滯,374663,294802,79861,179170,73898,25843,24213,0,23842,119846,19220,15594,47014,38018,43226,11232,16660,15334,57832,18787,18386,20659,5170,1375,3795,12463,3227,9236,13406,13406,48822,30418,22,13878,4504,84314,22749,50602,5295,5668,1566,1555,11,0,0,0,93290,14495,40564,21273,16958,141,nan,187.1,165.3,237,nan,177.4,nan,137.5,141.7,97.8,181.5,169.8,189.8,0,146.9,0,81.1,97.7,0,0
2026/7/3,10:00~12:00,通過量,8532,6423,2109,5117,3266,1439,620,490,717,2512,518,320,983,691,2390,1302,414,674,2080,532,520,1028,995,335,660,1673,744,929,402,402,2323,951,712,395,265,6613,705,3113,1885,910,4499,2145,2354,4683,2098,2585,3065,460,1306,394,905,,,,,,,,,,,,,,,,,,,,,
2026/7/3,10:00~12:00,平均停等延滯,43.9,45.9,37.9,35,22.6,18,39.1,0,33.3,47.7,37.1,48.7,47.8,55,18.1,8.6,40.2,22.8,27.8,35.3,35.4,20.1,5.2,4.1,5.8,7.4,4.3,9.9,33.3,33.3,21,32,0,35.1,17,12.7,32.3,16.3,2.8,6.2,0.3,0.7,0,0,0,0,30.4,31.5,31.1,54,18.7,,,,,,,,,,,,,,,,,,,,,
2026/7/3,14:00~16:00,總停等延滯,443982,339546,104436,243022,91437,24398,28100,0,38939,136254,16012,23852,40482,55908,52398,13743,14030,24625,59457,23519,15124,20814,7622,2343,5279,16646,11558,5088,18599,18599,61569,33563,145,21651,6210,130327,30247,62198,30785,7097,25377,25340,37,0,0,0,87318,1526,40119,24705,20968,127.3,nan,183.3,138.7,223.1,nan,390.1,nan,121.1,127.4,95.9,189.4,146.2,209.7,0,158,0,81.1,318.6,0,0
2026/7/3,14:00~16:00,通過量,9642,7272,2370,5645,3891,1550,698,649,994,2857,491,423,1040,903,2630,1382,411,837,2183,727,421,1035,1057,380,677,1760,864,896,523,523,2642,1175,742,421,304,7312,628,3358,2423,903,4936,2496,2440,5142,2472,2670,3399,443,1297,427,1232,,,,,,,,,,,,,,,,,,,,,
2026/7/3,14:00~16:00,平均停等延滯,46,46.7,44.1,43.1,23.5,15.7,40.3,0,39.2,47.7,32.6,56.4,38.9,61.9,19.9,9.9,34.1,29.4,27.2,32.4,35.9,20.1,7.2,6.2,7.8,9.5,13.4,5.7,35.6,35.6,23.3,28.6,0.2,51.4,20.4,17.8,48.2,18.5,12.7,7.9,5.1,10.2,0,0,0,0,25.7,3.4,30.9,57.9,17,,,,,,,,,,,,,,,,,,,,,
2026/7/3,16:00~19:00,總停等延滯,987052,735955,251097,465128,155251,45050,45895,0,64306,309613,39052,36011,73021,161529,142245,41325,41471,59449,128846,55322,33628,39896,21153,6774,14379,33434,20887,12547,37289,37289,159221,69700,2456,63775,23290,247061,37875,88278,114003,6905,59428,58918,510,0,0,0,158639,10392,89147,31913,27187,139.6,nan,189.5,164.6,246,nan,205.5,nan,126.9,139.7,106.4,186.6,164.3,236.5,0,146,0,88.7,129.9,0,0
2026/7/3,16:00~19:00,通過量,17826,12846,4980,9042,6615,2759,1216,915,1725,4373,958,596,1294,1525,5262,2677,999,1586,3868,1428,844,1596,2140,757,1383,3934,1762,2172,938,938,5539,2254,1382,1075,828,11375,1212,5488,3479,1196,7432,3129,4303,7743,3147,4596,5530,915,2273,612,1730,,,,,,,,,,,,,,,,,,,,,
2026/7/3,16:00~19:00,平均停等延滯,55.4,57.3,50.4,51.4,23.5,16.3,37.7,0,37.3,70.8,40.8,60.4,56.4,105.9,27,15.4,41.5,37.5,33.3,38.7,39.8,25,9.9,8.9,10.4,8.5,11.9,5.8,39.8,39.8,28.7,30.9,1.8,59.3,28.1,21.7,31.2,16.1,32.8,5.8,8,18.8,0.1,0,0,0,28.7,11.4,39.2,52.1,15.7,,,,,,,,,,,,,,,,,,,,,
2026/7/3,20:00~23:00,總停等延滯,588145,462412,125733,194987,104532,25849,30048,0,48635,213770,24811,27542,50075,111342,72480,19412,19257,33811,71630,29400,18784,23446,3800,1478,2322,25890,7948,17942,16735,16735,79308,60328,0,11682,7298,89904,25728,50370,12762,1044,6434,6431,3,0,0,0,98649,274,46327,15941,36107,152.9,nan,207.3,184.2,251.9,nan,319.3,nan,92,157.1,101.6,203.3,177.2,109.6,0,144.7,0,82.3,244.5,0,0
2026/7/3,20:00~23:00,通過量,11827,9057,2770,6093,4994,1752,840,1135,1267,4192,849,608,1205,1530,3269,1635,511,1123,2525,1099,497,929,1176,495,681,1911,980,931,472,472,3280,1477,825,638,340,7074,576,3266,2622,610,5736,2893,2843,6058,3000,3058,4339,462,1626,385,1866,,,,,,,,,,,,,,,,,,,,,
2026/7/3,20:00~23:00,平均停等延滯,49.7,51.1,45.4,32,20.9,14.8,35.8,0,38.4,51,29.2,45.3,41.6,72.8,22.2,11.9,37.7,30.1,28.4,26.8,37.8,25.2,3.2,3,3.4,13.5,8.1,19.3,35.5,35.5,24.2,40.8,0,18.3,21.5,12.7,44.7,15.4,4.9,1.7,1.1,2.2,0,0,0,0,22.7,0.6,28.5,41.4,19.3,,,,,,,,,,,,,,,,,,,,,
2026/7/4,07:00~09:00,總停等延滯,245189,198069,47120,115343,49350,24688,14923,0,9739,81677,12183,5436,31919,32139,28631,8984,10315,9332,38411,13523,7900,16988,2624,1071,1553,4491,3064,1427,8696,8696,31309,16306,13,9806,5184,63311,16584,32321,9840,4566,3309,3309,0,0,0,0,48723,128,27632,9728,11235,101,nan,153.9,101.7,199.3,nan,170.6,nan,90.3,100.6,99.5,150.8,105.7,149.7,0,161.3,0,87.6,86.6,0,0
2026/7/4,07:00~09:00,通過量,5874,4283,1591,3154,2145,1143,351,318,333,1778,425,174,598,581,1542,811,319,412,1373,403,313,657,658,227,431,1010,446,564,229,229,1691,556,617,256,262,4449,358,1996,1362,733,2766,1593,1173,3629,1638,1991,2082,377,905,249,551,,,,,,,,,,,,,,,,,,,,,
2026/7/4,07:00~09:00,平均停等延滯,41.7,46.2,29.6,36.6,23,21.6,42.5,0,29.2,45.9,28.7,31.2,53.4,55.3,18.6,11.1,32.3,22.7,28,33.6,25.2,25.9,4,4.7,3.6,4.4,6.9,2.5,38,38,18.5,29.3,0,38.3,19.8,14.2,46.3,16.2,7.2,6.2,1.2,2.1,0,0,0,0,23.4,0.3,30.5,39.1,20.4,,,,,,,,,,,,,,,,,,,,,
2026/7/4,10:00~17:00,總停等延滯,2014400,1688835,325565,961399,376910,113173,112727,0,151010,674136,94594,86763,238155,254624,390448,174259,90244,125945,247341,79411,73488,94442,28544,5507,23037,44036,19289,24747,63421,63421,189564,91558,1428,73568,23010,350320,66190,158191,106757,19182,116515,116501,14,0,0,0,494564,39547,259261,75363,120393,139.8,nan,160.9,143.2,230,nan,173.5,nan,133,141,91.1,161.8,143.1,282.8,0,148.1,0,82.1,91.6,0,0
2026/7/4,10:00~17:00,通過量,36909,28528,8381,19339,15057,5778,3163,1981,4135,10453,1908,1472,3580,3493,12126,6634,2104,3388,7575,2580,1768,3227,3969,1182,2787,6474,2669,3805,1644,1644,8843,3288,2962,1317,1276,23273,2031,10636,7702,2904,18312,8634,9678,19536,8762,10774,13263,1844,4747,1479,5193,,,,,,,,,,,,,,,,,,,,,
2026/7/4,10:00~17:00,平均停等延滯,54.6,59.2,38.8,49.7,25,19.6,35.6,0,36.5,64.5,49.6,58.9,66.5,72.9,32.2,26.3,42.9,37.2,32.7,30.8,41.6,29.3,7.2,4.7,8.3,6.8,7.2,6.5,38.6,38.6,21.4,27.8,0.5,55.9,18,15.1,32.6,14.9,13.9,6.6,6.4,13.5,0,0,0,0,37.3,21.4,54.6,51,23.2,,,,,,,,,,,,,,,,,,,,,
2026/7/4,17:00~20:00,總停等延滯,794989,667894,127095,432877,173565,52683,43901,0,76981,249315,43560,39674,68019,98062,151241,66743,33927,50571,93773,37421,26397,29955,9597,3003,6594,18306,10354,7952,25398,25398,73794,38704,880,20677,13533,175982,31930,65947,71121,6984,63434,63355,79,0,0,0,193461,12729,93446,27411,59875,155.4,nan,155.5,126.5,251.1,nan,203,nan,138.7,155.4,95.6,151.3,132.4,180.1,0,143.8,0,101.4,91.9,0,0
2026/7/4,17:00~20:00,通過量,15413,11825,3588,7662,6529,2391,1077,968,2093,4259,821,736,1411,1291,4850,2513,723,1614,2948,1048,668,1232,1605,536,1069,2715,1219,1496,690,690,3958,1596,1097,651,614,9448,768,4176,3415,1089,7229,3573,3656,7887,3671,4216,5117,748,1651,484,2234,,,,,,,,,,,,,,,,,,,,,
2026/7/4,17:00~20:00,平均停等延滯,51.6,56.5,35.4,56.5,26.6,22,40.8,0,36.8,58.5,53.1,53.9,48.2,76,31.2,26.6,46.9,31.3,31.8,35.7,39.5,24.3,6,5.6,6.2,6.7,8.5,5.3,36.8,36.8,18.6,24.3,0.8,31.8,22,18.6,41.6,15.8,20.8,6.4,8.8,17.7,0,0,0,0,37.8,17,56.6,56.6,26.8,,,,,,,,,,,,,,,,,,,,,
2026/7/4,10:00~12:00,總停等延滯,549693,438486,111207,231974,86653,31652,27763,0,27238,174519,21348,20303,57232,75636,104923,48333,27707,28883,72391,22368,23393,26630,8760,1529,7231,16587,6365,10222,15862,15862,69998,28839,376,33827,6956,86384,17811,41990,22987,3596,17728,17728,0,0,0,0,127862,7079,70222,21527,29034,134.3,nan,191.1,182.5,217.6,nan,173.9,nan,127,132.6,84.4,186.7,178.5,393.2,0,151.1,0,83.3,92.3,0,0
2026/7/4,10:00~12:00,通過量,10089,7621,2468,4981,3635,1589,814,492,740,2950,521,382,984,1063,3271,1703,652,916,2207,742,512,953,1146,310,836,1914,714,1200,436,436,2651,929,834,547,341,6199,554,2971,1923,751,4918,2267,2651,5272,2262,3010,3325,509,1360,361,1095,,,,,,,,,,,,,,,,,,,,,
2026/7/4,10:00~12:00,平均停等延滯,54.5,57.5,45.1,46.6,23.8,19.9,34.1,0,36.8,59.2,41,53.1,58.2,71.2,32.1,28.4,42.5,31.5,32.8,30.1,45.7,27.9,7.6,4.9,8.6,8.7,8.9,8.5,36.4,36.4,26.4,31,0.5,61.8,20.4,13.9,32.1,14.1,12,4.8,3.6,7.8,0,0,0,0,38.5,13.9,51.6,59.6,26.5,,,,,,,,,,,,,,,,,,,,,
2026/7/4,14:00~16:00,總停等延滯,594538,506012,88526,302974,123262,36324,32619,0,54319,190527,34298,25960,70663,59606,120059,51689,23997,44373,72164,20521,19413,32230,8597,2170,6427,13230,6402,6828,18953,18953,47746,25815,432,15464,6035,112630,18544,48722,38268,7096,43083,43080,3,0,0,0,147261,13029,73884,20983,39365,113.3,nan,167.1,121.7,209.2,nan,173.8,nan,143,112.8,97,174.4,121.3,186.2,0,142.2,0,81.3,91.6,0,0
2026/7/4,14:00~16:00,通過量,10583,8244,2339,5632,4566,1672,865,615,1414,3107,548,464,1107,988,3488,1972,538,978,2106,781,463,862,1139,363,776,1860,811,1049,459,459,2452,935,886,286,345,6824,619,2869,2443,893,5472,2575,2897,5783,2678,3105,4104,546,1414,438,1706,,,,,,,,,,,,,,,,,,,,,
2026/7/4,14:00~16:00,平均停等延滯,56.2,61.4,37.8,53.8,27,21.7,37.7,0,38.4,61.3,62.6,55.9,63.8,60.3,34.4,26.2,44.6,45.4,34.3,26.3,41.9,37.4,7.5,6,8.3,7.1,7.9,6.5,41.3,41.3,19.5,27.6,0.5,54.1,17.5,16.5,30,17,15.7,7.9,7.9,16.7,0,0,0,0,35.9,23.9,52.3,47.9,23.1,,,,,,,,,,,,,,,,,,,,,
2026/7/4,16:00~19:00,總停等延滯,919240,774607,144633,480531,194821,57698,50757,0,86366,288111,44127,43818,85412,114754,187065,88263,41656,57146,104610,44260,26858,33492,9863,3034,6829,21300,11852,9448,28784,28784,84686,43695,1012,24973,15006,191790,34324,72196,75179,10091,80590,80500,90,0,0,0,208151,16559,106354,30419,54819,148.6,nan,152.4,150.9,248.8,nan,169,nan,142.4,148.9,100.9,149.5,158.8,155.6,0,139.5,0,77.5,91.8,0,0
2026/7/4,16:00~19:00,通過量,16400,12597,3803,8392,6797,2486,1282,857,2172,4355,844,758,1356,1397,5293,2824,822,1647,3214,1181,686,1347,1705,577,1128,2946,1347,1599,761,761,4013,1548,1191,600,674,10403,869,4626,3618,1290,7498,3636,3862,8254,3751,4503,5504,807,1800,597,2300,,,,,,,,,,,,,,,,,,,,,
2026/7/4,16:00~19:00,平均停等延滯,56.1,61.5,38,57.3,28.7,23.2,39.6,0,39.8,66.2,52.3,57.8,63,82.1,35.3,31.3,50.7,34.7,32.5,37.5,39.2,24.9,5.8,5.3,6.1,7.2,8.8,5.9,37.8,37.8,21.1,28.2,0.8,41.6,22.3,18.4,39.5,15.6,20.8,7.8,10.7,22.1,0,0,0,0,37.8,20.5,59.1,51,23.8,,,,,,,,,,,,,,,,,,,,,
2026/7/4,20:00~23:00,總停等延滯,531233,444639,86594,277085,130415,38936,31604,0,59875,176843,33795,27701,45923,69424,67173,19994,13960,33219,70208,23464,16210,30534,3420,2114,1306,13332,6880,6452,15348,15348,54494,43121,42,5705,5626,115075,25020,47045,39053,3957,32929,32929,0,0,0,0,129081,3416,49166,14462,62037,138.5,nan,171.8,135.4,241.3,nan,159.9,nan,116.7,138.7,103.5,167.3,137.6,155.4,0,140.4,0,71.2,88.7,0,0
2026/7/4,20:00~23:00,通過量,11498,9033,2465,6350,5288,1680,749,1035,1824,3765,694,597,1238,1236,3349,1644,428,1277,2121,879,448,794,1075,488,587,1624,940,684,417,417,3137,1577,756,469,335,7634,540,2960,3232,902,6214,3452,2762,6616,3573,3043,4499,527,1122,316,2534,,,,,,,,,,,,,,,,,,,,,
2026/7/4,20:00~23:00,平均停等延滯,46.2,49.2,35.1,43.6,24.7,23.2,42.2,0,32.8,47,48.7,46.4,37.1,56.2,20.1,12.2,32.6,26,33.1,26.7,36.2,38.5,3.2,4.3,2.2,8.2,7.3,9.4,36.8,36.8,17.4,27.3,0.1,12.2,16.8,15.1,46.3,15.9,12.1,4.4,5.3,9.5,0,0,0,0,28.7,6.5,43.8,45.8,24.5,,,,,,,,,,,,,,,,,,,,,
2026/7/5,07:00~09:00,總停等延滯,176338,151293,25045,84011,34240,16008,10664,0,7568,65507,8529,5381,31512,20085,21470,7119,8952,5399,30076,4942,7668,17466,2006,755,1251,775,441,334,6833,6833,15431,9062,0,3964,2405,50774,15685,26979,7085,1025,259,259,0,0,0,0,32978,8,17223,7325,8422,118.1,nan,144.8,95.6,196.1,nan,202,nan,120.1,119.2,80.6,144,96.4,181.7,0,0,0,93.2,109.3,0,0
2026/7/5,07:00~09:00,通過量,4353,3325,1028,2094,1753,821,286,270,376,1460,317,154,500,489,1166,643,239,284,989,313,165,511,530,169,361,705,312,393,152,152,1105,398,400,134,173,2885,223,1268,948,446,2000,1096,904,2444,1114,1330,1387,241,543,188,415,,,,,,,,,,,,,,,,,,,,,
2026/7/5,07:00~09:00,平均停等延滯,40.5,45.5,24.4,40.1,19.5,19.5,37.3,0,20.1,44.9,26.9,34.9,63,41.1,18.4,11.1,37.5,19,30.4,15.8,46.5,34.2,3.8,4.5,3.5,1.1,1.4,0.8,45,45,14,22.8,0,29.6,13.9,17.6,70.3,21.3,7.5,2.3,0.1,0.2,0,0,0,0,23.8,0,31.7,39,20.3,,,,,,,,,,,,,,,,,,,,,
2026/7/5,10:00~17:00,總停等延滯,2174195,1870026,304169,944878,413912,140528,111509,0,161875,796606,133399,96431,264686,302090,392212,185970,91123,115119,267296,66576,78282,122438,25296,5471,19825,43990,13584,30406,56469,56469,178414,84925,2515,65368,25606,338392,71184,155943,96968,14297,102111,102073,38,0,0,0,504375,30741,261664,68899,143071,141.9,nan,156.1,133,234.9,nan,172.8,nan,142.4,144.1,93.4,157.1,137.3,255,0,164.8,0,82.5,90.3,0,0
2026/7/5,10:00~17:00,通過量,37053,29206,7847,18720,15646,6193,3157,1972,4324,10817,2299,1463,3503,3552,12432,6768,2289,3375,7568,2715,1834,3019,3795,1050,2745,6494,2465,4029,1577,1577,8304,3084,2748,1174,1298,22047,1770,10528,7141,2608,18119,8252,9867,19356,8446,10910,12829,1698,4709,1250,5172,,,,,,,,,,,,,,,,,,,,,
2026/7/5,10:00~17:00,平均停等延滯,58.7,64,38.8,50.5,26.5,22.7,35.3,0,37.4,73.6,58,65.9,75.6,85,31.5,27.5,39.8,34.1,35.3,24.5,42.7,40.6,6.7,5.2,7.2,6.8,5.5,7.5,35.8,35.8,21.5,27.5,0.9,55.7,19.7,15.3,40.2,14.8,13.6,5.5,5.6,12.4,0,0,0,0,39.3,18.1,55.6,55.1,27.7,,,,,,,,,,,,,,,,,,,,,
2026/7/5,17:00~20:00,總停等延滯,935945,784066,151879,411257,185343,52721,46879,0,85743,334205,56462,35704,89520,152519,149032,54608,37089,57335,115486,19929,26584,68973,12886,3426,9460,23096,10022,13074,26499,26499,89398,49106,1305,25379,13608,156249,30192,59916,57715,8426,59576,59576,0,0,0,0,195432,10462,92438,27412,65120,172.9,nan,179.1,146,284.8,nan,171.6,nan,147.2,169.9,112.8,185.5,151.9,333.3,0,175.7,0,80,91.4,0,0
2026/7/5,17:00~20:00,通過量,16265,12600,3665,8209,6910,2626,999,1061,2224,4899,1008,625,1423,1843,4832,2341,880,1611,3048,1256,663,1129,1749,594,1155,2889,1342,1547,708,708,4208,1845,1031,750,582,9705,772,3983,3711,1239,7316,3893,3423,7886,4020,3866,5831,757,1620,533,2921,,,,,,,,,,,,,,,,,,,,,
2026/7/5,17:00~20:00,平均停等延滯,57.5,62.2,41.4,50.1,26.8,20.1,46.9,0,38.6,68.2,56,57.1,62.9,82.8,30.8,23.3,42.1,35.6,37.9,15.9,40.1,61.1,7.4,5.8,8.2,8,7.5,8.5,37.4,37.4,21.2,26.6,1.3,33.8,23.4,16.1,39.1,15,15.6,6.8,8.1,15.3,0,0,0,0,33.5,13.8,57.1,51.4,22.3,,,,,,,,,,,,,,,,,,,,,
2026/7/5,10:00~12:00,總停等延滯,488140,406574,81566,220912,100624,38305,27643,0,34676,159444,27667,17747,64591,49439,86816,40022,23274,23520,59690,21596,20645,17449,6674,1644,5030,10229,1407,8822,14952,14952,49711,19382,829,21902,7598,81242,19471,42802,17037,1932,11906,11906,0,0,0,0,127764,4776,68403,20549,34036,122.7,nan,149.4,93,204.3,nan,171.9,nan,128,122.8,81.5,153.9,93.6,247,0,0,0,82.7,89.4,0,0
2026/7/5,10:00~12:00,通過量,9077,6959,2118,4558,3570,1611,854,427,678,2805,575,366,1002,862,2952,1655,575,722,1938,647,435,856,994,240,754,1612,517,1095,386,386,2189,697,726,428,338,5553,464,2792,1715,582,4616,1967,2649,4796,1967,2829,3042,483,1257,327,975,,,,,,,,,,,,,,,,,,,,,
2026/7/5,10:00~12:00,平均停等延滯,53.8,58.4,38.5,48.5,28.2,23.8,32.4,0,51.1,56.8,48.1,48.5,64.5,57.4,29.4,24.2,40.5,32.6,30.8,33.4,47.5,20.4,6.7,6.8,6.7,6.3,2.7,8.1,38.7,38.7,22.7,27.8,1.1,51.2,22.5,14.6,42,15.3,9.9,3.3,2.6,6.1,0,0,0,0,42,9.9,54.4,62.8,34.9,,,,,,,,,,,,,,,,,,,,,
2026/7/5,14:00~16:00,總停等延滯,744365,645290,99075,298276,122411,34117,32114,0,56180,294722,49731,34185,83196,127610,130708,66480,26531,37697,97449,14476,21595,61378,7238,1918,5320,14210,5071,9139,20026,20026,57601,30065,1136,19223,7177,112156,21027,46461,37358,7310,43852,43820,32,0,0,0,142268,5846,76255,19460,40707,159.2,nan,161.7,159,266.9,nan,174.3,nan,139.6,161.7,107,159.5,166.5,317.2,0,197,0,83.1,90.7,0,0
2026/7/5,14:00~16:00,通過量,11851,9414,2437,5856,5060,1838,912,664,1646,3292,663,461,915,1253,3957,2152,716,1089,2421,922,632,867,1211,361,850,2096,853,1243,511,511,2617,1052,889,273,403,6896,485,3106,2422,883,5659,2642,3017,6065,2786,3279,4200,483,1452,424,1841,,,,,,,,,,,,,,,,,,,,,
2026/7/5,14:00~16:00,平均停等延滯,62.8,68.5,40.7,50.9,24.2,18.6,35.2,0,34.1,89.5,75,74.2,90.9,101.8,33,30.9,37.1,34.6,40.3,15.7,34.2,70.8,6,5.3,6.3,6.8,5.9,7.4,39.2,39.2,22,28.6,1.3,70.4,17.8,16.3,43.4,15,15.4,8.3,7.7,16.6,0,0,0,0,33.9,12.1,52.5,45.9,22.1,,,,,,,,,,,,,,,,,,,,,
2026/7/5,16:00~19:00,總停等延滯,1055689,895525,160164,453778,216043,69484,54023,0,92536,375978,65228,40781,112674,157295,179834,75299,45665,58870,123670,22559,29961,71150,12475,2834,9641,25161,12635,12526,29079,29079,93449,50622,1826,26529,14472,165899,32123,65357,59488,8931,68458,68452,6,0,0,0,219421,13911,104975,30949,69586,186,nan,174.6,160.7,296.3,nan,169.9,nan,162.8,186.8,111.2,176.6,168.6,334.4,0,182.7,0,79,90.6,0,0
2026/7/5,16:00~19:00,通過量,16602,12941,3661,8448,7172,2661,1154,952,2405,4714,1063,598,1440,1613,5314,2675,967,1672,3123,1252,702,1169,1696,557,1139,2994,1387,1607,763,763,3982,1641,1141,587,613,9951,754,4230,3610,1357,7521,3868,3653,8516,4163,4353,6093,832,1797,510,2954,,,,,,,,,,,,,,,,,,,,,
2026/7/5,16:00~19:00,平均停等延滯,63.6,69.2,43.7,53.7,30.1,26.1,46.8,0,38.5,79.8,61.4,68.2,78.2,97.5,33.8,28.1,47.2,35.2,39.6,18,42.7,60.9,7.4,5.1,8.5,8.4,9.1,7.8,38.1,38.1,23.5,30.8,1.6,45.2,23.6,16.7,42.6,15.5,16.5,6.6,9.1,17.7,0,0,0,0,36,16.7,58.4,60.7,23.6,,,,,,,,,,,,,,,,,,,,,
2026/7/5,20:00~23:00,總停等延滯,589456,493132,96324,261053,122486,38624,26401,0,57461,219159,31652,26274,52631,108602,65498,21597,14034,29867,85989,23893,17694,44402,3057,1245,1812,23077,10546,12531,10835,10835,59355,46646,20,7036,5653,109181,25520,46469,33269,3923,28048,28048,0,0,0,0,123824,1560,50980,16756,54528,137.9,nan,204.2,224.6,245.5,nan,191.9,nan,136.6,137.7,107.7,200.3,209.6,177.9,0,174.8,0,75.7,118.1,0,0
2026/7/5,20:00~23:00,通過量,11338,9076,2262,6032,5215,1894,664,1133,1524,4145,916,597,1150,1482,3066,1451,490,1125,2405,1105,420,880,1113,486,627,1694,954,740,353,353,2921,1498,682,426,315,7179,471,2798,3084,826,5794,3216,2578,6392,3440,2952,4345,457,1125,450,2313,,,,,,,,,,,,,,,,,,,,,
2026/7/5,20:00~23:00,平均停等延滯,52,54.3,42.6,43.3,23.5,20.4,39.8,0,37.7,52.9,34.6,44,45.8,73.3,21.4,14.9,28.6,26.5,35.8,21.6,42.1,50.5,2.7,2.6,2.9,13.6,11.1,16.9,30.7,30.7,20.3,31.1,0,16.5,17.9,15.2,54.2,16.6,10.8,4.7,4.8,8.7,0,0,0,0,28.5,3.4,45.3,37.2,23.6,,,,,,,,,,,,,,,,,,,,,
2026/7/6,07:00~09:00,總停等延滯,523495,413411,110084,262008,80147,27958,28585,0,23604,164446,21323,20195,38299,84629,75670,18681,32163,24826,93148,17343,19707,56098,8290,1212,7078,8038,6455,1583,20939,20939,72817,31982,4941,25939,9955,128064,23930,53952,37855,12327,43259,42954,305,0,0,0,90685,797,40246,29147,20495,119.7,nan,179.1,104.8,204.8,nan,226.5,nan,110.6,119.8,85.3,170,106.5,235.7,0,162,0,81.8,178.3,0,0
2026/7/6,07:00~09:00,通過量,10998,7783,3215,5269,3663,1535,812,668,648,2610,515,325,747,1023,2882,1274,787,821,2611,779,552,1280,1344,408,936,1929,824,1105,564,564,3444,1201,1260,561,422,7393,496,3148,2373,1376,5127,2970,2157,5592,2860,2732,3625,673,1327,523,1102,,,,,,,,,,,,,,,,,,,,,
2026/7/6,07:00~09:00,平均停等延滯,47.6,53.1,34.2,49.7,21.9,18.2,35.2,0,36.4,63,41.4,62.1,51.3,82.7,26.3,14.7,40.9,30.2,35.7,22.3,35.7,43.8,6.2,3,7.6,4.2,7.8,1.4,37.1,37.1,21.1,26.6,3.9,46.2,23.6,17.3,48.2,17.1,16,9,8.4,14.5,0.1,0,0,0,25,1.2,30.3,55.7,18.6,,,,,,,,,,,,,,,,,,,,,
2026/7/6,10:00~17:00,總停等延滯,1303292,1049290,254002,702359,274971,84997,84533,0,105441,365253,52071,57725,109181,146276,163751,43297,50189,70265,245315,38960,53668,152687,15143,5496,9647,30698,22448,8250,52510,52510,155651,79118,6107,49070,21356,373496,93152,194666,63950,21728,47548,47491,57,0,0,0,281315,13964,135971,72903,58477,135.1,nan,181.8,159.3,233.8,nan,186.7,nan,113.4,136,98.3,181.1,165.9,261.1,0,154.2,0,95.3,93.4,0,0
2026/7/6,10:00~17:00,通過量,30724,23327,7397,17976,12302,4962,2336,1962,3042,8625,1598,1274,3083,2670,8312,4464,1454,2394,7167,1972,1514,3681,3343,1152,2191,5496,2536,2960,1417,1417,8044,3216,2439,1248,1141,23571,2269,10493,7303,3506,15768,7851,7917,16682,7913,8769,11389,1542,4633,1381,3833,,,,,,,,,,,,,,,,,,,,,
2026/7/6,10:00~17:00,平均停等延滯,42.4,45,34.3,39.1,22.4,17.1,36.2,0,34.7,42.3,32.6,45.3,35.4,54.8,19.7,9.7,34.5,29.4,34.2,19.8,35.4,41.5,4.5,4.8,4.4,5.6,8.9,2.8,37.1,37.1,19.3,24.6,2.5,39.3,18.7,15.8,41.1,18.6,8.8,6.2,3,6,0,0,0,0,24.7,9.1,29.3,52.8,15.3,,,,,,,,,,,,,,,,,,,,,
2026/7/6,17:00~20:00,總停等延滯,682516,531028,151488,334021,131384,36690,40816,0,53878,194448,23639,32418,44871,93520,91888,26614,25470,39804,113308,25954,24767,62587,7040,1866,5174,17308,12652,4656,30192,30192,96948,50989,1331,28942,15686,181271,33746,73388,70516,3621,27943,27702,241,0,0,0,124807,10406,67468,26759,20174,147.3,nan,167.1,109,260.3,nan,180.5,nan,110.9,147.3,114.2,168.5,113.7,165.3,0,148.8,0,79.8,101.1,0,0
2026/7/6,17:00~20:00,通過量,14819,10797,4022,7394,5594,2216,1005,890,1483,3903,760,590,1162,1391,4400,2349,677,1374,3249,1188,692,1369,1570,640,930,2745,1459,1286,788,788,4661,2067,1106,799,689,9329,954,4572,2774,1029,6562,2731,3831,6892,2733,4159,4424,764,1792,589,1279,,,,,,,,,,,,,,,,,,,,,
2026/7/6,17:00~20:00,平均停等延滯,46.1,49.2,37.7,45.2,23.5,16.6,40.6,0,36.3,49.8,31.1,54.9,38.6,67.2,20.9,11.3,37.6,29,34.9,21.8,35.8,45.7,4.5,2.9,5.6,6.3,8.7,3.6,38.3,38.3,20.8,24.7,1.2,36.2,22.8,19.4,35.4,16.1,25.4,3.5,4.3,10.1,0.1,0,0,0,28.2,13.6,37.6,45.4,15.8,,,,,,,,,,,,,,,,,,,,,
2026/7/6,10:00~12:00,總停等延滯,333754,266638,67116,184317,69150,24589,22356,0,22205,90589,12168,12511,32289,33621,40064,9819,16007,14238,66835,9525,15815,41495,3691,1041,2650,6241,4668,1573,14544,14544,42640,20952,1530,14843,5315,105081,31206,62190,6695,4990,3181,3181,0,0,0,0,76055,5532,36782,19339,14402,142,nan,162.3,110.5,242.4,nan,173.6,nan,103.5,144.6,100.7,145.9,107.8,220.8,0,171.1,0,88.1,88.7,0,0
2026/7/6,10:00~12:00,通過量,8408,6186,2222,4889,3138,1434,623,424,657,2304,452,285,874,693,2281,1226,448,607,1963,524,452,987,974,357,617,1510,678,832,395,395,2400,930,720,449,301,6621,691,2927,1970,1033,4256,2118,2138,4387,2035,2352,3122,456,1395,369,902,,,,,,,,,,,,,,,,,,,,,
2026/7/6,10:00~12:00,平均停等延滯,39.7,43.1,30.2,37.7,22,17.1,35.9,0,33.8,39.3,26.9,43.9,36.9,48.5,17.6,8,35.7,23.5,34,18.2,35,42,3.8,2.9,4.3,4.1,6.9,1.9,36.8,36.8,17.8,22.5,2.1,33.1,17.7,15.9,45.2,21.2,3.4,4.8,0.7,1.5,0,0,0,0,24.4,12.1,26.4,52.4,16,,,,,,,,,,,,,,,,,,,,,
2026/7/6,14:00~16:00,總停等延滯,377954,302873,75081,208334,82785,24499,23851,0,34435,104554,16236,16899,29192,42227,47111,11170,13388,22553,68423,10661,13693,44069,3896,1859,2037,9874,7392,2482,14629,14629,46682,24242,3630,12927,5883,111330,27922,59014,18248,6146,17030,17026,4,0,0,0,79974,1906,39051,18728,20289,130.5,nan,192.3,175.6,229.7,nan,207.5,nan,142.2,130.3,99.2,196.9,180.3,199.8,0,144.9,0,126.6,86.3,0,0
2026/7/6,14:00~16:00,通過量,8854,6740,2114,5297,3759,1392,665,643,1059,2464,444,380,879,761,2321,1298,380,643,2011,551,375,1085,973,343,630,1604,776,828,412,412,2335,976,757,285,317,6794,682,2910,2213,989,4730,2418,2312,4937,2375,2562,3423,399,1319,439,1266,,,,,,,,,,,,,,,,,,,,,
2026/7/6,14:00~16:00,平均停等延滯,42.7,44.9,35.5,39.3,22,17.6,35.9,0,32.5,42.4,36.6,44.5,33.2,55.5,20.3,8.6,35.2,35.1,34,19.3,36.5,40.6,4,5.4,3.2,6.2,9.5,3,35.5,35.5,20,24.8,4.8,45.4,18.6,16.4,40.9,20.3,8.2,6.2,3.6,7,0,0,0,0,23.4,4.8,29.6,42.7,16,,,,,,,,,,,,,,,,,,,,,
2026/7/6,16:00~19:00,總停等延滯,734939,559992,174947,409288,143049,39318,43013,0,60718,197343,25070,31183,47949,93141,97644,28446,26427,42771,121956,26113,27268,68575,9239,2090,7149,22867,18080,4787,33943,33943,108898,55055,1740,33501,18602,222278,35190,81173,98115,7800,47785,47516,269,0,0,0,139225,12356,74762,31517,20590,141.4,nan,190.9,109.6,258.8,nan,174.5,nan,113.6,141.7,118.4,193.7,114.5,226.5,0,139,0,77.5,95,0,0
2026/7/6,16:00~19:00,通過量,15577,11360,4217,8075,5978,2404,1125,870,1579,3837,748,545,1213,1331,4556,2445,689,1422,3411,1146,723,1542,1614,617,997,2937,1550,1387,889,889,4705,1994,1164,798,749,10446,1023,5038,3126,1259,6942,3000,3942,7487,3136,4351,4729,839,1876,604,1410,,,,,,,,,,,,,,,,,,,,,
2026/7/6,16:00~19:00,平均停等延滯,47.2,49.3,41.5,50.7,23.9,16.4,38.2,0,38.5,51.4,33.5,57.2,39.5,70,21.4,11.6,38.4,30.1,35.8,22.8,37.7,44.5,5.7,3.4,7.2,7.8,11.7,3.5,38.2,38.2,23.1,27.6,1.5,42,24.8,21.3,34.4,16.1,31.4,6.2,6.9,15.8,0.1,0,0,0,29.4,14.7,39.9,52.2,14.6,,,,,,,,,,,,,,,,,,,,,
2026/7/6,20:00~23:00,總停等延滯,338725,275816,62909,135360,63799,25306,13873,0,24620,124351,19406,18443,45844,40658,38767,13877,8854,16036,48899,11950,10774,26175,2015,1124,891,9644,3230,6414,11875,11875,39375,30081,0,6316,2978,70325,23850,43739,2089,647,362,362,0,0,0,0,64673,1165,24131,11903,27474,115.2,nan,191.6,153.6,198.5,nan,150.5,nan,102.9,111.7,82.4,180.4,148.9,257.5,0,144.1,0,74.5,76.8,0,0
2026/7/6,20:00~23:00,通過量,8013,6084,1929,4067,3337,1278,496,785,778,3001,583,449,989,980,2229,1218,300,711,1781,689,338,754,839,349,490,1176,592,584,345,345,2278,1043,589,370,276,4782,365,2189,1709,519,3949,1950,1999,4360,2087,2273,2797,345,939,386,1127,,,,,,,,,,,,,,,,,,,,,
2026/7/6,20:00~23:00,平均停等延滯,42.3,45.3,32.6,33.3,19.1,19.8,28,0,31.6,41.4,33.3,41.1,46.4,41.5,17.4,11.4,29.5,22.6,27.5,17.3,31.9,34.7,2.4,3.2,1.8,8.2,5.5,11,34.4,34.4,17.3,28.8,0,17.1,10.8,14.7,65.3,20,1.2,1.2,0.1,0.2,0,0,0,0,23.1,3.4,25.7,30.8,24.4,,,,,,,,,,,,,,,,,,,,,
2026/7/7,07:00~09:00,總停等延滯,478890,377222,101668,249515,83262,26198,31375,153,25536,157058,21830,17601,41321,76306,65439,15582,27711,22146,71463,22577,20694,28192,7075,1840,5235,8800,7557,1243,20454,20454,65339,27320,3964,26008,8047,119389,22889,53893,30191,12416,38146,38060,86,0,0,0,91980,1245,40662,31156,18917,135.9,nan,141.5,92.8,223.5,nan,271,nan,95.6,136.9,87.8,137.6,95.2,127.9,0,0,0,172.9,97.2,0,0
2026/7/7,07:00~09:00,通過量,10804,7688,3116,5137,3621,1540,776,588,717,2705,574,332,770,1029,2887,1278,790,819,2349,664,532,1153,1295,388,907,1890,773,1117,559,559,3219,1050,1245,520,404,7480,570,3048,2406,1456,4797,2844,1953,5525,2855,2670,3499,681,1299,496,1023,,,,,,,,,,,,,,,,,,,,,
2026/7/7,07:00~09:00,平均停等延滯,44.3,49.1,32.6,48.6,23,17,40.4,0.3,35.6,58.1,38,53,53.7,74.2,22.7,12.2,35.1,27,30.4,34,38.9,24.5,5.5,4.7,5.8,4.7,9.8,1.1,36.6,36.6,20.3,26,3.2,50,19.9,16,40.2,17.7,12.5,8.5,8,13.4,0,0,0,0,26.3,1.8,31.3,62.8,18.5,,,,,,,,,,,,,,,,,,,,,
2026/7/7,10:00~17:00,總停等延滯,1247839,999086,248753,685997,272023,89709,86147,0,96167,400511,55626,58824,156588,129473,145171,41896,38220,65055,181381,60040,48050,73291,22159,6154,16005,25429,16852,8577,50445,50445,150720,76021,6016,49073,19610,366485,90554,190171,65132,20628,29431,29395,36,0,0,0,290081,14635,138703,69864,66879,111.8,310.8,162.6,137.1,208.6,490,202.4,nan,146.2,112.4,96.7,164.1,145.7,146.8,342.8,0,0,80.5,124,0,136.3
2026/7/7,10:00~17:00,通過量,29977,22464,7513,18444,12925,5030,2151,2770,2974,8520,1530,1126,3432,2432,8184,4568,1178,2438,7009,1874,1491,3644,3689,1174,2515,5369,2431,2938,1430,1430,8061,3152,2468,1282,1159,24378,2345,11114,7453,3466,15749,7910,7839,16207,7605,8602,10987,1546,4456,1327,3658,,,,,,,,,,,,,,,,,,,,,
2026/7/7,10:00~17:00,平均停等延滯,41.6,44.5,33.1,37.2,21,17.8,40,0,32.3,47,36.4,52.2,45.6,53.2,17.7,9.2,32.4,26.7,25.9,32,32.2,20.1,6,5.2,6.4,4.7,6.9,2.9,35.3,35.3,18.7,24.1,2.4,38.3,16.9,15,38.6,17.1,8.7,6,1.9,3.7,0,0,0,0,26.4,9.5,31.1,52.6,18.3,,,,,,,,,,,,,,,,,,,,,
2026/7/7,17:00~20:00,總停等延滯,699490,542286,157204,318843,129632,38220,41049,0,50363,206359,22142,34176,55305,94736,94914,28617,25327,40970,111381,44240,30222,36919,10503,4108,6395,15802,9638,6164,27447,27447,103452,52094,2224,29555,19579,172481,34944,73779,60216,3542,17079,17024,55,0,0,0,129283,10575,74172,21412,23124,142.3,161.2,145.6,135.8,256.8,393.5,187.8,nan,114.3,141.9,114.5,143.4,137.5,227.6,162.8,142.6,0,89.4,98.1,0,218.7
2026/7/7,17:00~20:00,通過量,15082,11122,3960,7641,5881,2216,1113,1061,1491,4019,689,633,1260,1437,4399,2332,667,1400,3391,1226,778,1387,1626,631,995,2675,1367,1308,829,829,4485,1985,1086,692,722,9648,1058,4654,2823,1113,6305,2765,3540,6925,2801,4124,4696,777,1990,498,1431,,,,,,,,,,,,,,,,,,,,,
2026/7/7,17:00~20:00,平均停等延滯,46.4,48.8,39.7,41.7,22,17.2,36.9,0,33.8,51.3,32.1,54,43.9,65.9,21.6,12.3,38,29.3,32.8,36.1,38.8,26.6,6.5,6.5,6.4,5.9,7.1,4.7,33.1,33.1,23.1,26.2,2,42.7,27.1,17.9,33,15.9,21.3,3.2,2.7,6.2,0,0,0,0,27.5,13.6,37.3,43,16.2,,,,,,,,,,,,,,,,,,,,,
2026/7/7,10:00~12:00,總停等延滯,324695,262686,62009,167223,69645,26633,21309,0,21703,112481,14485,13911,53165,30920,33771,9996,10626,13149,46789,17332,12970,16487,7799,1724,6075,3163,1772,1391,13475,13475,37572,19623,1469,13442,3038,93136,26495,54747,5649,6245,2502,2471,31,0,0,0,71585,3825,33673,17827,16260,106.4,nan,185.3,158.4,197.9,nan,196.2,nan,114.5,105.9,92,187.6,159.6,114.3,0,0,0,82.6,114.4,0,0
2026/7/7,10:00~12:00,通過量,8134,6009,2125,5042,3433,1386,569,707,771,2377,444,286,1018,629,2149,1201,341,607,1894,474,400,1020,1061,322,739,1395,568,827,389,389,2316,902,701,421,292,6678,677,3053,1924,1024,4324,2160,2164,4443,2126,2317,2995,421,1262,352,960,,,,,,,,,,,,,,,,,,,,,
2026/7/7,10:00~12:00,平均停等延滯,39.9,43.7,29.2,33.2,20.3,19.2,37.4,0,28.1,47.3,32.6,48.6,52.2,49.2,15.7,8.3,31.2,21.7,24.7,36.6,32.4,16.2,7.4,5.4,8.2,2.3,3.1,1.7,34.6,34.6,16.2,21.8,2.1,31.9,10.4,13.9,39.1,17.9,2.9,6.1,0.6,1.1,0,0,0,0,23.9,9.1,26.7,50.6,16.9,,,,,,,,,,,,,,,,,,,,,
2026/7/7,14:00~16:00,總停等延滯,365000,288341,76659,219403,78035,23921,25000,0,29114,110535,18000,16177,41036,35322,46582,13204,10404,22974,53189,15958,14109,23122,6216,2133,4083,9268,6209,3059,15527,15527,45648,22702,1704,15234,6008,120442,29491,56790,28196,5965,12619,12616,3,0,0,0,86342,5241,43098,19862,18141,112.3,76.3,167.5,104.2,206.6,155.5,223.9,nan,180.1,112.3,94,168.6,106.7,171.9,71,0,0,76.6,150.7,0,122.8
2026/7/7,14:00~16:00,通過量,8556,6332,2224,5667,3866,1464,668,881,853,2326,460,301,903,662,2337,1388,290,659,1929,494,405,1030,1055,338,717,1549,735,814,410,410,2403,927,781,365,330,7352,709,3405,2280,958,4650,2350,2300,4542,2080,2462,3282,424,1305,413,1140,,,,,,,,,,,,,,,,,,,,,
2026/7/7,14:00~16:00,平均停等延滯,42.7,45.5,34.5,38.7,20.2,16.3,37.4,0,34.1,47.5,39.1,53.7,45.4,53.4,19.9,9.5,35.9,34.9,27.6,32.3,34.8,22.4,5.9,6.3,5.7,6,8.4,3.8,37.9,37.9,19,24.5,2.2,41.7,18.2,16.4,41.6,16.7,12.4,6.2,2.7,5.4,0,0,0,0,26.3,12.4,33,48.1,15.9,,,,,,,,,,,,,,,,,,,,,
2026/7/7,16:00~19:00,總停等延滯,728764,559496,169268,378658,135493,40461,41055,0,53977,213243,24479,36812,61505,90447,95687,29361,25609,40717,115073,43961,31241,39871,11170,4458,6712,17969,11367,6602,29637,29637,110492,54299,2476,31290,22427,207507,37354,82297,82490,5366,28138,28083,55,0,0,0,143013,12695,77942,27185,25191,142.7,220.4,140.1,176.2,257.3,462.3,184,nan,105.7,141,114.6,137.4,185.1,230.6,240.9,136,0,82.5,103,0,180.2
2026/7/7,16:00~19:00,通過量,16013,11790,4223,8309,6393,2326,1167,1201,1699,4009,673,582,1382,1372,4548,2381,670,1497,3759,1282,856,1621,1759,673,1086,2922,1495,1427,921,921,4482,1853,1189,634,806,10897,1090,5135,3403,1269,6609,3073,3536,7330,3078,4252,4917,871,1962,566,1518,,,,,,,,,,,,,,,,,,,,,
2026/7/7,16:00~19:00,平均停等延滯,45.5,47.5,40.1,45.6,21.2,17.4,35.2,0,31.8,53.2,36.4,63.3,44.5,65.9,21,12.3,38.2,27.2,30.6,34.3,36.5,24.6,6.4,6.6,6.2,6.1,7.6,4.6,32.2,32.2,24.7,29.3,2.1,49.4,27.8,19,34.3,16,24.2,4.2,4.3,9.1,0,0,0,0,29.1,14.6,39.7,48,16.6,,,,,,,,,,,,,,,,,,,,,
2026/7/7,20:00~23:00,總停等延滯,365036,301862,63174,143102,72003,17772,24271,0,29960,125661,12242,21899,44836,46684,51384,18972,10833,21579,52814,17787,14284,20743,1575,595,980,9235,2805,6430,13405,13405,38959,31911,9,3787,3252,74910,24907,46089,3523,391,919,895,24,0,0,0,67273,38,30941,14294,22000,114.4,185.7,162.3,225.8,191.7,493.3,219.1,nan,136.4,113.7,77.8,170.1,237.9,255.5,183.4,162.2,0,145.9,78.8,0,139.4
2026/7/7,20:00~23:00,通過量,8558,6478,2080,4673,3530,1289,576,887,778,2942,527,471,980,964,2436,1262,326,848,1939,713,361,865,888,358,530,1271,631,640,471,471,2298,1047,633,382,236,5528,567,2531,1896,534,4180,2009,2171,4718,2224,2494,3024,377,1072,384,1191,,,,,,,,,,,,,,,,,,,,,
2026/7/7,20:00~23:00,平均停等延滯,42.7,46.6,30.4,30.6,20.4,13.8,42.1,0,38.5,42.7,23.2,46.5,45.8,48.4,21.1,15,33.2,25.4,27.2,24.9,39.6,24,1.8,1.7,1.8,7.3,4.4,10,28.5,28.5,17,30.5,0,9.9,13.8,13.6,43.9,18.2,1.9,0.7,0.2,0.4,0,0,0,0,22.2,0.1,28.9,37.2,18.5,,,,,,,,,,,,,,,,,,,,,
2026/7/8,07:00~09:00,總停等延滯,479594,374763,104831,243470,75972,23855,29049,0,23068,144710,19375,19544,38170,67621,65384,16000,28833,20551,88697,13980,20474,54243,12522,2777,9745,4318,3519,799,20700,20700,67291,29062,3257,25874,9098,124581,22519,54889,33655,13518,31045,31045,0,0,0,0,87844,1335,38593,28766,19150,131.9,187.7,138.5,144.6,221,494.8,160,nan,106.9,131.6,91.6,140.8,150.5,312.8,192.5,136.4,0,77.8,81.4,0,172.5
2026/7/8,07:00~09:00,通過量,10866,7625,3241,5264,3485,1427,824,590,644,2615,478,347,760,1030,2774,1230,821,723,2518,709,541,1268,1399,416,983,1835,788,1047,560,560,3254,989,1247,616,402,7707,581,3247,2362,1517,4682,2787,1895,5363,2731,2632,3401,716,1249,490,946,,,,,,,,,,,,,,,,,,,,,
2026/7/8,07:00~09:00,平均停等延滯,44.1,49.1,32.3,46.3,21.8,16.7,35.3,0,35.8,55.3,40.5,56.3,50.2,65.7,23.6,13,35.1,28.4,35.2,19.7,37.8,42.8,9,6.7,9.9,2.4,4.5,0.8,37,37,20.7,29.4,2.6,42,22.6,16.2,38.8,16.9,14.2,8.9,6.6,11.1,0,0,0,0,25.8,1.9,30.9,58.7,20.2,,,,,,,,,,,,,,,,,,,,,
2026/7/8,10:00~17:00,總停等延滯,1311351,1049700,261651,697877,270498,81389,88836,107,100166,379196,50021,49399,128531,151245,162809,44448,52647,65714,237197,38567,52794,145836,24341,4849,19492,22501,15672,6829,56185,56185,158624,84676,489,49849,23610,365413,85188,192279,66256,21690,50228,50063,165,0,0,0,282236,12533,141395,67428,60880,124.9,202.4,164.9,133.5,231.1,404.8,227.8,nan,139.2,125,106.7,165.2,134.5,195.1,204.8,147.8,0,125,114.6,0,133.1
2026/7/8,10:00~17:00,通過量,30888,23467,7421,18502,13151,5039,2327,2842,2943,8706,1493,1131,3224,2858,8460,4444,1485,2531,7145,1992,1577,3576,3730,1194,2536,5515,2601,2914,1535,1535,8172,3480,2304,1245,1143,24270,2463,10983,7289,3535,15620,7991,7629,16341,7694,8647,11192,1600,4536,1375,3681,,,,,,,,,,,,,,,,,,,,,
2026/7/8,10:00~17:00,平均停等延滯,42.5,44.7,35.3,37.7,20.6,16.2,38.2,0,34,43.6,33.5,43.7,39.9,52.9,19.2,10,35.5,26,33.2,19.4,33.5,40.8,6.5,4.1,7.7,4.1,6,2.3,36.6,36.6,19.4,24.3,0.2,40,20.7,15.1,34.6,17.5,9.1,6.1,3.2,6.3,0,0,0,0,25.2,7.8,31.2,49,16.5,,,,,,,,,,,,,,,,,,,,,
2026/7/8,17:00~20:00,總停等延滯,818278,582030,236248,374745,130184,62560,31884,0,35740,229370,35637,26811,66814,100108,128810,63346,27693,37771,93666,18601,26187,48878,20163,8028,12135,36345,23669,12676,32330,32330,147410,64638,1275,58779,22718,195184,31516,71238,86704,5726,38849,38719,130,0,0,0,140712,7686,72952,24248,35826,179.6,230.2,207.3,136.2,268.5,488.9,196.8,nan,108.3,181.1,92.3,213.2,135.9,250,230.9,144.4,0,102.4,93.1,0,143.8
2026/7/8,17:00~20:00,通過量,15537,11183,4354,7574,5840,2407,978,899,1556,4029,783,594,1227,1425,4548,2465,668,1415,3331,1191,791,1349,1745,698,1047,2960,1459,1501,883,883,4831,2058,1065,977,731,9732,1070,4608,2930,1124,6400,2783,3617,6973,2808,4165,4812,878,2038,548,1348,,,,,,,,,,,,,,,,,,,,,
2026/7/8,17:00~20:00,平均停等延滯,52.7,52,54.3,49.5,22.3,26,32.6,0,23,56.9,45.5,45.1,54.5,70.3,28.3,25.7,41.5,26.7,28.1,15.6,33.1,36.2,11.6,11.5,11.6,12.3,16.2,8.4,36.6,36.6,30.5,31.4,1.2,60.2,31.1,20.1,29.5,15.5,29.6,5.1,6.1,13.9,0,0,0,0,29.2,8.8,35.8,44.2,26.6,,,,,,,,,,,,,,,,,,,,,
2026/7/8,10:00~12:00,總停等延滯,330111,261439,68672,172919,65090,21921,23257,5,19907,97226,16421,10922,31757,38126,40056,10425,14846,14785,59067,8681,14653,35733,5405,612,4793,4276,2057,2219,16598,16598,42393,22952,184,13958,5299,95920,23703,55653,9506,7058,5539,5430,109,0,0,0,71460,2089,36020,18653,14698,116.5,193.1,143.9,114.1,221,377,237.4,nan,150.1,118.5,105.1,140,108.8,183.2,196.4,139.4,0,115.3,120.1,0,121.8
2026/7/8,10:00~12:00,通過量,8124,6015,2109,5092,3371,1334,695,686,656,2365,421,268,934,742,2188,1140,416,632,1827,555,416,856,951,284,667,1531,692,839,440,440,2329,944,647,436,302,6943,705,3162,2017,1059,4300,2187,2113,4511,2133,2378,2920,451,1244,390,835,,,,,,,,,,,,,,,,,,,,,
2026/7/8,10:00~12:00,平均停等延滯,40.6,43.5,32.6,34,19.3,16.4,33.5,0,30.3,41.1,39,40.8,34,51.4,18.3,9.1,35.7,23.4,32.3,15.6,35.2,41.7,5.7,2.2,7.2,2.8,3,2.6,37.7,37.7,18.2,24.3,0.3,32,17.5,13.8,33.6,17.6,4.7,6.7,1.3,2.5,0.1,0,0,0,24.5,4.6,29,47.8,17.6,,,,,,,,,,,,,,,,,,,,,
2026/7/8,14:00~16:00,總停等延滯,374640,303191,71449,202482,80166,22409,24857,24,32876,109882,12303,14259,39787,43533,46708,13333,12895,20480,66435,9519,13925,42991,6448,2115,4333,6395,5328,1067,16552,16552,42054,24226,55,11307,6466,99362,24248,51889,15938,7287,17044,16997,47,0,0,0,86076,6922,39902,19740,19512,129.7,184.7,177.4,109,229.7,372.3,179.3,nan,109,128.8,100.6,178.3,111.8,187.2,190.1,151.6,0,84.4,99.1,0,125.3
2026/7/8,14:00~16:00,通過量,9060,6972,2088,5457,3996,1478,630,929,959,2595,424,387,920,864,2495,1342,424,729,2033,532,396,1105,1112,357,755,1520,775,745,443,443,2299,1011,691,284,313,7150,720,3086,2303,1041,4624,2438,2186,4755,2307,2448,3388,452,1285,425,1226,,,,,,,,,,,,,,,,,,,,,
2026/7/8,14:00~16:00,平均停等延滯,41.4,43.5,34.2,37.1,20.1,15.2,39.5,0,34.3,42.3,29,36.8,43.2,50.4,18.7,9.9,30.4,28.1,32.7,17.9,35.2,38.9,5.8,5.9,5.7,4.2,6.9,1.4,37.4,37.4,18.3,24,0.1,39.8,20.7,13.9,33.7,16.8,6.9,7,3.7,7,0,0,0,0,25.4,15.3,31.1,46.4,15.9,,,,,,,,,,,,,,,,,,,,,
2026/7/8,16:00~19:00,總停等延滯,842605,604562,238043,437910,136662,56341,35366,2,44953,234461,35061,27081,68397,103922,123973,55336,28961,39676,109466,21585,28553,59328,21221,7694,13527,32425,23137,9288,34353,34353,150044,67845,1476,56063,24660,233772,33382,79109,114131,7150,60070,59931,139,0,0,0,144068,7120,79553,25818,31577,146.8,237.3,188.7,157.2,250.3,509.9,189.2,nan,108.5,148.3,104.6,191.2,149.6,256,232.2,138.7,0,103.9,83.1,0,130.3
2026/7/8,16:00~19:00,通過量,16089,11542,4547,8222,6110,2527,1028,968,1587,4007,781,556,1281,1389,4708,2583,701,1424,3516,1186,835,1495,1935,780,1155,3239,1637,1602,941,941,4851,2025,1213,825,788,10542,1181,4989,3091,1281,6623,3027,3596,7221,2903,4318,5030,908,2070,596,1456,,,,,,,,,,,,,,,,,,,,,
2026/7/8,16:00~19:00,平均停等延滯,52.4,52.4,52.4,53.3,22.4,22.3,34.4,0,28.3,58.5,44.9,48.7,53.4,74.8,26.3,21.4,41.3,27.9,31.1,18.2,34.2,39.7,11,9.9,11.7,10,14.1,5.8,36.5,36.5,30.9,33.5,1.2,68,31.3,22.2,28.3,15.9,36.9,5.6,9.1,19.8,0,0,0,0,28.6,7.8,38.4,43.3,21.7,,,,,,,,,,,,,,,,,,,,,
2026/7/8,20:00~23:00,總停等延滯,370604,293634,76970,154270,69120,33762,14643,0,20715,122613,18067,18662,36300,49584,53110,26760,12357,13993,48791,10170,13394,25227,7002,1428,5574,6964,5356,1608,12408,12408,50596,33622,31,12311,4632,70343,24216,44125,1759,243,1464,1426,38,0,0,0,82463,77,29459,14345,38582,146.6,241.3,194.7,128.1,216.6,378.9,159.5,nan,106.5,148.8,66.8,198.6,130.9,142,237.3,147.9,0,79.9,81.3,0,130.9
2026/7/8,20:00~23:00,通過量,8675,6527,2148,4534,3626,1319,622,847,838,3007,640,473,911,983,2337,1237,311,789,1924,732,391,801,947,372,575,1220,680,540,340,340,2604,1168,606,562,268,5213,481,2389,1806,537,4202,2072,2130,4825,2301,2524,3006,356,986,308,1356,,,,,,,,,,,,,,,,,,,,,
2026/7/8,20:00~23:00,平均停等延滯,42.7,45,35.8,34,19.1,25.6,23.5,0,24.7,40.8,28.2,39.5,39.8,50.4,22.7,21.6,39.7,17.7,25.4,13.9,34.3,31.5,7.4,3.8,9.7,5.7,7.9,3,36.5,36.5,19.4,28.8,0.1,21.9,17.3,13.5,50.3,18.5,1,0.5,0.3,0.7,0,0,0,0,27.4,0.2,29.9,46.6,28.5,,,,,,,,,,,,,,,,,,,,,
2026/7/9,07:00~09:00,總停等延滯,547754,396589,151165,254423,84017,42820,25408,0,15789,149956,26478,15411,43277,64790,84183,35345,28003,20835,78433,6149,20209,52075,17592,2601,14991,15199,9466,5733,20264,20264,98110,33974,2945,49537,11654,116353,20699,51046,31449,13159,36164,36125,39,0,0,0,101906,1615,40764,23861,35666,153.3,208.9,168.1,127.2,209.4,481.6,239.6,nan,98.9,153.1,56.5,168.8,129.7,257.4,208.1,74.5,0,119.5,121.7,0,172.4
2026/7/9,07:00~09:00,通過量,10837,7549,3288,5511,3601,1468,860,626,647,2521,505,326,726,964,2745,1216,753,776,2461,706,545,1210,1384,410,974,1944,807,1137,568,568,3367,1057,1224,664,422,7577,512,3372,2297,1396,4681,2830,1851,5318,2690,2628,3525,698,1200,462,1165,,,,,,,,,,,,,,,,,,,,,
2026/7/9,07:00~09:00,平均停等延滯,50.5,52.5,46,46.2,23.3,29.2,29.5,0,24.4,59.5,52.4,47.3,59.6,67.2,30.7,29.1,37.2,26.8,31.9,8.7,37.1,43,12.7,6.3,15.4,7.8,11.7,5,35.7,35.7,29.1,32.1,2.4,74.6,27.6,15.4,40.4,15.1,13.7,9.4,7.7,12.8,0,0,0,0,28.9,2.3,34,51.6,30.6,,,,,,,,,,,,,,,,,,,,,
2026/7/9,10:00~17:00,總停等延滯,1454706,1123188,331518,774764,256062,132247,61943,73,61799,424507,74546,51177,161449,137335,249371,130027,53305,66039,193248,20987,42999,129262,35736,9256,26480,36396,28690,7706,47497,47497,211889,86132,174,94794,30789,402019,94312,196291,89307,22109,56124,56063,61,0,0,0,316621,9191,134970,63231,109229,151.5,236.3,217.3,154.3,216,508,295.8,nan,103.3,151.6,64.7,220.8,158.1,270.7,243.2,0,0,79.7,232.1,0,165.5
2026/7/9,10:00~17:00,通過量,31668,23682,7986,18308,13102,4768,2424,2883,3027,8854,1748,1215,3106,2785,8855,4757,1481,2617,7381,2016,1519,3846,3806,1333,2473,5974,2680,3294,1455,1455,8550,3352,2450,1534,1214,24212,2391,10608,7662,3551,15446,8095,7351,16620,8000,8620,11302,1568,4425,1311,3998,,,,,,,,,,,,,,,,,,,,,
2026/7/9,10:00~17:00,平均停等延滯,45.9,47.4,41.5,42.3,19.5,27.7,25.6,0,20.4,47.9,42.6,42.1,52,49.3,28.2,27.3,36,25.2,26.2,10.4,28.3,33.6,9.4,6.9,10.7,6.1,10.7,2.3,32.6,32.6,24.8,25.7,0.1,61.8,25.4,16.6,39.4,18.5,11.7,6.2,3.6,6.9,0,0,0,0,28,5.9,30.5,48.2,27.3,,,,,,,,,,,,,,,,,,,,,
2026/7/9,17:00~20:00,總停等延滯,889668,652067,237601,395332,131087,60972,34806,0,35309,278642,44442,33538,75619,125043,138770,61950,33663,43157,103568,21582,23614,58372,26907,8357,18550,32431,24998,7433,29393,29393,148870,58601,666,65808,23795,202856,35027,75999,85402,6428,37262,37082,180,0,0,0,155214,3653,81587,22065,47909,157.1,311.7,179.6,142.7,228,562,201.2,nan,105.6,157,70.9,183.6,152,242.9,318.9,149,0,92.6,109.5,0,147.1
2026/7/9,17:00~20:00,通過量,16983,12345,4638,8258,6060,2441,1107,923,1589,4663,916,695,1278,1774,5008,2547,778,1683,3669,1391,840,1438,2001,750,1251,3607,1544,2063,901,901,5026,2039,1100,1103,784,10422,1128,4892,3131,1271,6632,2981,3651,7533,3069,4464,5285,863,2184,576,1662,,,,,,,,,,,,,,,,,,,,,
2026/7/9,17:00~20:00,平均停等延滯,52.4,52.8,51.2,47.9,21.6,25,31.4,0,22.2,59.8,48.5,48.3,59.2,70.5,27.7,24.3,43.3,25.6,28.2,15.5,28.1,40.6,13.4,11.1,14.8,9,16.2,3.6,32.6,32.6,29.6,28.7,0.6,59.7,30.4,19.5,31.1,15.5,27.3,5.1,5.6,12.4,0,0,0,0,29.4,4.2,37.4,38.3,28.8,,,,,,,,,,,,,,,,,,,,,
2026/7/9,10:00~12:00,總停等延滯,379582,292108,87474,181400,74739,42461,17211,0,15067,101288,17864,14021,38424,30979,67911,40352,12535,15024,48170,4311,12597,31262,7944,2748,5196,10040,7304,2736,12777,12777,56713,23509,59,24667,8478,92709,25415,53411,6678,7205,2734,2734,0,0,0,0,85957,503,39057,20930,25467,148.9,222.8,215.3,148.2,211.5,519.7,432.7,nan,99.6,149.1,62.7,225.3,176.7,304.8,230.9,0,0,82,376.5,0,175.5
2026/7/9,10:00~12:00,通過量,8383,6160,2223,4984,3435,1334,637,716,748,2313,428,318,858,709,2364,1337,385,642,1876,489,417,970,983,339,644,1620,710,910,376,376,2451,943,701,479,328,6610,769,2814,1977,1050,4310,2232,2078,4538,2172,2366,3113,421,1291,369,1032,,,,,,,,,,,,,,,,,,,,,
2026/7/9,10:00~12:00,平均停等延滯,45.3,47.4,39.3,36.4,21.8,31.8,27,0,20.1,43.8,41.7,44.1,44.8,43.7,28.7,30.2,32.6,23.4,25.7,8.8,30.2,32.2,8.1,8.1,8.1,6.2,10.3,3,34,34,23.1,24.9,0.1,51.5,25.8,14,33,19,3.4,6.9,0.6,1.2,0,0,0,0,27.6,1.2,30.3,56.7,24.7,,,,,,,,,,,,,,,,,,,,,
2026/7/9,14:00~16:00,總停等延滯,425010,319970,105040,239795,67679,33055,17261,73,17290,126620,22640,14397,47658,41925,67289,34435,14510,18344,58382,6077,11174,41131,12223,3176,9047,14094,11929,2165,13449,13449,65274,27185,19,29267,8803,128406,29371,58741,33104,7190,21683,21666,17,0,0,0,89706,3929,38067,15538,32172,152.2,267.3,249,153.7,220.5,575,219.4,nan,112,152,68.1,248.8,153.7,292.6,269.1,0,0,79,142.7,0,146.5
2026/7/9,14:00~16:00,通過量,9383,7037,2346,5334,3921,1344,710,920,947,2547,469,376,852,850,2610,1419,432,759,2235,616,406,1213,1187,418,769,1798,847,951,446,446,2494,1012,720,433,329,7213,654,3129,2393,1037,4472,2373,2099,4833,2341,2492,3252,452,1249,358,1193,,,,,,,,,,,,,,,,,,,,,
2026/7/9,14:00~16:00,平均停等延滯,45.3,45.5,44.8,45,17.3,24.6,24.3,0.1,18.3,49.7,48.3,38.3,55.9,49.3,25.8,24.3,33.6,24.2,26.1,9.9,27.5,33.9,10.3,7.6,11.8,7.8,14.1,2.3,30.2,30.2,26.2,26.9,0,67.6,26.8,17.8,44.9,18.8,13.8,6.9,4.8,9.1,0,0,0,0,27.6,8.7,30.5,43.4,27,,,,,,,,,,,,,,,,,,,,,
2026/7/9,16:00~19:00,總停等延滯,877846,640431,237415,443577,132164,60722,33707,0,37735,260811,44737,27358,83075,105641,138776,63761,34608,40407,108680,20186,23520,64974,27947,8758,19189,28877,22490,6387,31154,31154,149437,57603,666,66679,24489,234833,35208,79446,113089,7090,55188,54995,193,0,0,0,153556,6245,78535,23532,45244,156.1,330.9,183.5,167.6,224,613.3,194.5,nan,101.5,156,67.9,188.5,161.3,270.6,331.1,0,0,93.3,103.1,0,147.4
2026/7/9,16:00~19:00,通過量,17208,12473,4735,8469,6218,2477,1099,969,1673,4524,875,648,1348,1653,5036,2553,796,1687,3748,1308,838,1602,2098,793,1305,3439,1639,1800,948,948,4990,1996,1275,904,815,10847,1100,5109,3282,1356,6540,3090,3450,7529,3118,4411,5297,902,2135,546,1714,,,,,,,,,,,,,,,,,,,,,
2026/7/9,16:00~19:00,平均停等延滯,51,51.3,50.1,52.4,21.3,24.5,30.7,0,22.6,57.7,51.1,42.2,61.6,63.9,27.6,25,43.5,24,29,15.4,28.1,40.6,13.3,11,14.7,8.4,13.7,3.5,32.9,32.9,29.9,28.9,0.5,73.8,30,21.6,32,15.6,34.5,5.2,8.4,17.8,0.1,0,0,0,29,6.9,36.8,43.1,26.4,,,,,,,,,,,,,,,,,,,,,
2026/7/9,20:00~23:00,總停等延滯,568082,460179,107903,213581,93201,46701,17737,0,28763,221678,33193,24352,61733,102400,79058,38570,19731,20757,66242,19435,14436,32371,12877,2619,10258,11975,9824,2151,17180,17180,65871,41059,15,18230,6567,84722,23983,49675,10141,923,5035,5026,9,0,0,0,123824,1044,50507,17414,54859,147.1,297.1,220.2,156.9,224.6,512.1,182.7,nan,100.3,149.5,75.8,235.3,158.7,230.3,312,102.5,0,97,89,0,176.7
2026/7/9,20:00~23:00,通過量,11673,8949,2724,6167,4648,1837,723,1094,994,4596,947,609,1391,1649,3242,1626,551,1065,2620,1099,501,1020,1323,495,828,1730,905,825,464,464,3257,1492,777,653,335,6944,556,3234,2486,668,5660,2801,2859,6242,2993,3249,4575,488,1710,410,1967,,,,,,,,,,,,,,,,,,,,,
2026/7/9,20:00~23:00,平均停等延滯,48.7,51.4,39.6,34.6,20.1,25.4,24.5,0,28.9,48.2,35.1,40,44.4,62.1,24.4,23.7,35.8,19.5,25.3,17.7,28.8,31.7,9.7,5.3,12.4,6.9,10.9,2.6,37,37,20.2,27.5,0,27.9,19.6,12.2,43.1,15.4,4.1,1.4,0.9,1.8,0,0,0,0,27.1,2.1,29.5,42.5,27.9,,,,,,,,,,,,,,,,,,,,,
2026/7/10,07:00~09:00,總停等延滯,184677,144026,40651,88050,35867,20561,9185,0,6121,48781,11075,3773,21588,12345,30394,17582,6264,6548,28984,2211,6428,20345,1252,299,953,2184,2163,21,7590,7590,29625,12416,0,13242,3967,54179,18618,33942,483,1136,0,0,0,0,0,0,33871,129,14890,7114,11738,135.3,134.3,155.6,120.9,190.3,450.4,178,nan,89.1,134.3,55.2,158.1,134.5,240.2,134.6,150.2,0,112.2,67.2,0,137.1
2026/7/10,07:00~09:00,通過量,4739,3436,1303,2429,1807,830,369,320,288,1288,323,154,428,383,1252,630,218,404,1069,279,212,578,486,157,329,732,379,353,223,223,1384,461,499,253,171,3202,377,1450,827,548,1892,996,896,2571,1138,1433,1399,255,542,187,415,,,,,,,,,,,,,,,,,,,,,
2026/7/10,07:00~09:00,平均停等延滯,39,41.9,31.2,36.2,19.8,24.8,24.9,0,21.3,37.9,34.3,24.5,50.4,32.2,24.3,27.9,28.7,16.2,27.1,7.9,30.3,35.2,2.6,1.9,2.9,3,5.7,0.1,34,34,21.4,26.9,0,52.3,23.2,16.9,49.4,23.4,0.6,2.1,0,0,0,0,0,0,24.2,0.5,27.5,38,28.3,,,,,,,,,,,,,,,,,,,,,
2026/7/10,10:00~17:00,總停等延滯,1476611,1175224,301387,541373,252139,132920,57366,0,61853,530136,82469,70718,235338,141611,214226,102612,37222,74392,178723,21728,36059,120936,23595,4977,18618,42227,22622,19605,51406,51406,184159,75180,95,86651,22233,234099,73832,140539,12881,6847,22478,22463,15,0,0,0,284796,22191,111740,54691,96174,163.8,219.7,201.9,142.9,223.7,426.2,186.8,nan,111,164.8,59.7,198.3,150.3,226,214.1,161.4,0,74.8,123.5,0,163.5
2026/7/10,10:00~17:00,通過量,28817,21992,6825,13381,10902,4409,2032,1853,2608,9920,1927,1429,3791,2773,8219,4260,1302,2657,6747,1965,1262,3520,3007,897,2110,4903,2010,2893,1458,1458,7391,2921,2167,1364,939,16143,1505,7455,5167,2016,12704,6658,6046,13900,6768,7132,9092,1292,3379,1086,3335,,,,,,,,,,,,,,,,,,,,,
2026/7/10,10:00~17:00,平均停等延滯,51.2,53.4,44.2,40.5,23.1,30.1,28.2,0,23.7,53.4,42.8,49.5,62.1,51.1,26.1,24.1,28.6,28,26.5,11.1,28.6,34.4,7.8,5.5,8.8,8.6,11.3,6.8,35.3,35.3,24.9,25.7,0,63.5,23.7,14.5,49.1,18.9,2.5,3.4,1.8,3.4,0,0,0,0,31.3,17.2,33.1,50.4,28.8,,,,,,,,,,,,,,,,,,,,,
2026/7/10,17:00~20:00,總停等延滯,393796,322995,70801,134763,69693,33632,18019,0,18042,149232,29574,15636,72396,31626,63921,25814,9458,28649,40149,4605,10817,24727,3098,784,2314,9289,6057,3232,14799,14799,43615,21884,0,15116,6615,62751,20609,36764,4904,474,12327,12327,0,0,0,0,59685,762,22276,11701,24946,146.2,191,188.3,141,204.6,329.3,147.5,nan,129.4,146.4,58.3,178.8,136.3,189.6,185.8,146.3,0,84.7,63.9,0,132.9
2026/7/10,17:00~20:00,通過量,8790,6749,2041,3429,3187,1137,637,618,795,3181,596,516,1136,933,2511,1197,330,984,2041,624,407,1010,809,265,544,1325,637,688,471,471,2151,846,569,416,320,4404,370,1797,1643,594,3457,1872,1585,3950,1949,2001,2392,343,787,314,948,,,,,,,,,,,,,,,,,,,,,
2026/7/10,17:00~20:00,平均停等延滯,44.8,47.9,34.7,39.3,21.9,29.6,28.3,0,22.7,46.9,49.6,30.3,63.7,33.9,25.5,21.6,28.7,29.1,19.7,7.4,26.6,24.5,3.8,3,4.3,7,9.5,4.7,31.4,31.4,20.3,25.9,0,36.3,20.7,14.2,55.7,20.5,3,0.8,3.6,6.6,0,0,0,0,25,2.2,28.3,37.3,26.3,,,,,,,,,,,,,,,,,,,,,
2026/7/10,10:00~12:00,總停等延滯,406825,314013,92812,156130,73269,41188,14884,0,17197,127199,25377,14776,51505,35541,61606,29006,11509,21091,51939,4645,10921,36373,8474,1575,6899,10097,5313,4784,14233,14233,60008,20055,0,32365,7588,68920,21882,43046,2281,1711,580,565,15,0,0,0,86630,15792,33053,15061,22724,176.1,328.9,177.8,134.9,232.4,590.8,217.6,nan,100.2,176.7,56.4,171.5,129,252.2,292.4,173.5,0,73.9,152.9,0,148.9
2026/7/10,10:00~12:00,通過量,8441,6385,2056,3817,3024,1321,515,452,736,2585,532,323,957,773,2386,1186,379,821,2013,496,354,1163,896,272,624,1454,552,902,381,381,2184,781,676,440,287,4694,446,2223,1458,567,3688,1834,1854,4056,1868,2188,2528,392,988,287,861,,,,,,,,,,,,,,,,,,,,,
2026/7/10,10:00~12:00,平均停等延滯,48.2,49.2,45.1,40.9,24.2,31.2,28.9,0,23.4,49.2,47.7,45.7,53.8,46,25.8,24.5,30.4,25.7,25.8,9.4,30.9,31.3,9.5,5.8,11.1,6.9,9.6,5.3,37.4,37.4,27.5,25.7,0,73.6,26.4,14.7,49.1,19.4,1.6,3,0.2,0.3,0,0,0,0,34.3,40.3,33.5,52.5,26.4,,,,,,,,,,,,,,,,,,,,,
2026/7/10,14:00~16:00,總停等延滯,413177,331047,82130,161879,73602,38187,16927,0,18488,153675,22496,20301,68718,42160,57448,30292,9584,17572,46322,8538,9180,28604,5876,1441,4435,14076,6947,7129,15390,15390,46788,21487,95,19319,5887,70046,21965,40195,5639,2247,13651,13651,0,0,0,0,78182,1915,31864,15918,28485,166.7,186.2,185.9,124.8,225.2,331.7,148.6,nan,134.1,167.1,58.5,183.2,126.2,267.9,200.1,177.2,0,76.5,72,0,141.3
2026/7/10,14:00~16:00,通過量,7767,5915,1852,3851,3144,1254,621,545,724,2925,580,425,1102,818,2296,1313,340,643,1706,616,307,783,817,257,560,1306,578,728,429,429,1974,808,572,341,253,4552,427,2061,1465,599,3643,2001,1642,3953,1958,1995,2709,366,980,350,1013,,,,,,,,,,,,,,,,,,,,,
2026/7/10,14:00~16:00,平均停等延滯,53.2,56,44.3,42,23.4,30.5,27.3,0,25.5,52.5,38.8,47.8,62.4,51.5,25,23.1,28.2,27.3,27.2,13.9,29.9,36.5,7.2,5.6,7.9,10.8,12,9.8,35.9,35.9,23.7,26.6,0.2,56.7,23.3,15.4,51.4,19.5,3.8,3.8,3.7,6.8,0,0,0,0,28.9,5.2,32.5,45.5,28.1,,,,,,,,,,,,,,,,,,,,,
2026/7/10,16:00~19:00,總停等延滯,484361,392446,91915,167473,81009,39243,19115,0,22651,181811,32130,18487,90638,40556,77236,33415,10720,33101,52390,6112,12651,33627,3191,562,2629,15471,7922,7549,18466,18466,54787,25882,0,21021,7884,75329,23495,43951,6857,1026,12750,12750,0,0,0,0,79394,968,31420,14188,32818,139.4,188.4,165.1,134.7,195.2,394,137,nan,130.4,138.5,55.3,170.4,129.2,171.9,190.4,155.4,0,74.1,62.9,0,138.3
2026/7/10,16:00~19:00,通過量,9673,7378,2295,4156,3830,1379,712,799,940,3485,687,520,1336,942,2714,1417,355,942,2271,683,522,1066,906,278,628,1555,704,851,527,527,2526,1036,713,428,349,5208,447,2217,1879,665,4212,2264,1948,4811,2389,2422,2816,389,935,350,1142,,,,,,,,,,,,,,,,,,,,,
2026/7/10,16:00~19:00,平均停等延滯,50.1,53.2,40.1,40.3,21.2,28.5,26.8,0,24.1,52.2,46.8,35.6,67.8,43.1,28.5,23.6,30.2,35.1,23.1,8.9,24.2,31.5,3.5,2,4.2,9.9,11.3,8.9,35,35,21.7,25,0,49.1,22.6,14.5,52.6,19.8,3.6,1.5,3,5.6,0,0,0,0,28.2,2.5,33.6,40.5,28.7,,,,,,,,,,,,,,,,,,,,,
2026/7/10,20:00~23:00,總停等延滯,135511,111041,24470,57206,21906,10901,5860,0,5145,53613,9021,8153,21732,14707,18686,9024,4805,4857,16836,3027,4660,9149,2476,410,2066,1653,1371,282,5044,5044,15297,11611,0,1520,2166,28283,10910,17221,103,49,4444,4444,0,0,0,0,24479,0,5056,4565,14858,136.3,167.3,161.8,146.6,210.7,453.8,223.5,nan,95.1,137.9,74.3,165.3,146.1,231.3,172.4,163.4,0,107.4,119.9,0,135
2026/7/10,20:00~23:00,通過量,4563,3517,1046,1936,1415,571,354,202,288,2025,377,377,678,593,1180,620,200,360,1124,350,258,516,457,165,292,541,279,262,216,216,1085,420,341,163,161,2312,192,961,804,355,1725,1031,694,2237,1211,1026,1451,202,466,172,611,,,,,,,,,,,,,,,,,,,,,
2026/7/10,20:00~23:00,平均停等延滯,29.7,31.6,23.4,29.5,15.5,19.1,16.6,0,17.9,26.5,23.9,21.6,32.1,24.8,15.8,14.6,24,13.5,15,8.6,18.1,17.7,5.4,2.5,7.1,3.1,4.9,1.1,23.4,23.4,14.1,27.6,0,9.3,13.5,12.2,56.8,17.9,0.1,0.1,2.6,4.3,0,0,0,0,16.9,0,10.8,26.5,24.3,,,,,,,,,,,,,,,,,,,,,
2026/7/11,07:00~09:00,總停等延滯,43250,34987,8263,22810,5308,1841,2573,0,894,16362,3179,916,9094,3173,6374,2649,1641,2084,6943,375,2405,4163,290,100,190,489,454,35,2501,2501,4983,3491,0,1070,422,19225,8360,10841,24,0,0,0,0,0,0,0,3585,1,956,1246,1382,138.5,188.1,218,107,216.2,331.5,128.7,nan,85,144.3,75.4,228.8,106,113.3,238.3,104.8,0,76.6,52.8,0,165.2
2026/7/11,07:00~09:00,通過量,1810,1364,446,652,499,234,124,57,84,581,115,62,197,207,493,241,78,174,504,103,96,305,193,68,125,222,111,111,82,82,444,148,154,71,71,843,107,326,263,147,641,338,303,806,381,425,444,100,125,72,147,,,,,,,,,,,,,,,,,,,,,
2026/7/11,07:00~09:00,平均停等延滯,23.9,25.7,18.5,35,10.6,7.9,20.8,0,10.6,28.2,27.6,14.8,46.2,15.3,12.9,11,21,12,13.8,3.6,25.1,13.6,1.5,1.5,1.5,2.2,4.1,0.3,30.5,30.5,11.2,23.6,0,15.1,5.9,22.8,78.1,33.3,0.1,0,0,0,0,0,0,0,8.1,0,7.6,17.3,9.4,,,,,,,,,,,,,,,,,,,,,
2026/7/11,10:00~17:00,總停等延滯,444612,382387,62225,120555,58299,12387,22817,0,23095,147634,22597,22972,68992,33073,104194,25057,13996,65141,72260,5129,13909,53222,1353,346,1007,9237,8418,819,16464,16464,35171,19214,65,9797,6095,68470,24358,39542,4557,13,0,0,0,0,0,0,52085,9421,5627,9207,27830,171.2,283,173.5,431.9,255.9,794.8,130.1,nan,141.5,171.9,84.4,171.8,431.9,336.6,283,89.5,0,81.1,48.9,0,177.4
2026/7/11,10:00~17:00,通過量,12010,9679,2331,3865,3774,1543,908,468,855,4451,772,860,1478,1341,3386,1473,537,1376,3063,804,656,1603,1092,337,755,1518,677,841,502,502,2592,1100,688,370,434,4343,412,1799,1516,616,3644,1901,1743,4586,2114,2472,2671,560,457,468,1186,,,,,,,,,,,,,,,,,,,,,
2026/7/11,10:00~17:00,平均停等延滯,37,39.5,26.7,31.2,15.4,8,25.1,0,27,33.2,29.3,26.7,46.7,24.7,30.8,17,26.1,47.3,23.6,6.4,21.2,33.2,1.2,1,1.3,6.1,12.4,1,32.8,32.8,13.6,17.5,0.1,26.5,14,15.8,59.1,22,3,0,0,0,0,0,0,0,19.5,16.8,12.3,19.7,23.5,,,,,,,,,,,,,,,,,,,,,
2026/7/11,17:00~20:00,總停等延滯,238435,208463,29972,55324,30160,15751,13650,0,759,76932,8004,16663,36018,16247,67536,14065,4753,48718,33835,2665,9842,21328,1234,404,830,4898,3802,1096,8698,8698,15142,9072,0,3945,2125,33463,12224,18017,3185,37,192,192,0,0,0,0,21669,33,2346,4133,15157,166.9,191.7,216.7,120.8,256.6,327.8,129.6,nan,118.8,166.9,89.7,205.6,116.6,143.6,191.7,0,0,77.2,52.3,0,109.4
2026/7/11,17:00~20:00,通過量,5866,4674,1192,1980,1768,657,447,248,416,2279,359,647,721,552,1698,760,238,700,1435,418,347,670,510,172,338,682,303,379,306,306,1201,487,317,181,216,2188,296,834,784,274,1872,1063,809,2309,1244,1065,1344,214,280,178,672,,,,,,,,,,,,,,,,,,,,,
2026/7/11,17:00~20:00,平均停等延滯,40.6,44.6,25.1,27.9,17.1,24,30.5,0,1.8,33.8,22.3,25.8,50,29.4,39.8,18.5,20,69.6,23.6,6.4,28.4,31.8,2.4,2.3,2.5,7.2,12.5,2.9,28.4,28.4,12.6,18.6,0,21.8,9.8,15.3,41.3,21.6,4.1,0.1,0.1,0.2,0,0,0,0,16.1,0.2,8.4,23.2,22.6,,,,,,,,,,,,,,,,,,,,,
2026/7/11,10:00~12:00,總停等延滯,114515,99234,15281,26996,7657,1237,4503,0,1917,31031,4801,2867,17108,6255,43055,5597,4294,33164,17491,1194,3129,13168,364,161,203,1843,1751,92,3681,3681,9393,4826,0,2831,1736,16190,5998,9552,627,13,0,0,0,0,0,0,10806,2023,525,2057,6201,160.5,222.9,179.8,315.2,247.6,nan,119.7,nan,92.3,159.8,87.1,177.6,315.2,161.6,214,89.5,0,74.9,43.2,0,86
2026/7/11,10:00~12:00,通過量,3222,2634,588,914,914,349,294,64,207,1075,193,134,338,410,961,327,150,484,785,179,150,456,309,81,228,346,148,198,120,120,613,226,174,84,129,1079,103,471,334,171,833,433,400,1095,551,544,662,211,111,75,265,,,,,,,,,,,,,,,,,,,,,
2026/7/11,10:00~12:00,平均停等延滯,35.5,37.7,26,29.5,8.4,3.5,15.3,0,9.3,28.9,24.9,21.4,50.6,15.3,44.8,17.1,28.6,68.5,22.3,6.7,20.9,28.9,1.2,2,0.9,5.3,11.8,0.5,30.7,30.7,15.3,21.4,0,33.7,13.5,15,58.2,20.3,1.9,0.1,0,0,0,0,0,0,16.3,9.6,4.7,27.4,23.4,,,,,,,,,,,,,,,,,,,,,
2026/7/11,14:00~16:00,總停等延滯,132129,111684,20445,44248,20173,2643,6686,0,10844,49013,8987,8740,20120,11166,17765,7470,3618,6677,24733,1935,4398,18400,547,132,415,2602,2260,342,5149,5149,12147,6574,0,3526,2047,24251,8558,13314,2379,0,0,0,0,0,0,0,19997,3421,2809,4059,9708,173.5,488.8,202.3,112,252.2,490.3,129,nan,230.1,173.5,79,198.3,112,232.8,488.8,0,0,75.3,53.2,0,108.7
2026/7/11,14:00~16:00,通過量,3551,2768,783,1180,1218,489,295,192,242,1375,256,293,450,376,927,438,173,316,865,281,166,418,311,106,205,490,207,283,155,155,846,324,250,134,138,1351,99,553,504,195,1186,633,553,1408,650,758,836,159,149,141,387,,,,,,,,,,,,,,,,,,,,,
2026/7/11,14:00~16:00,平均停等延滯,37.2,40.3,26.1,37.5,16.6,5.4,22.7,0,44.8,35.6,35.1,29.8,44.7,29.7,19.2,17.1,20.9,21.1,28.6,6.9,26.5,44,1.8,1.2,2,5.3,10.9,1.2,33.2,33.2,14.4,20.3,0,26.3,14.8,18,86.4,24.1,4.7,0,0,0,0,0,0,0,23.9,21.5,18.9,28.8,25.1,,,,,,,,,,,,,,,,,,,,,
2026/7/11,16:00~19:00,總停等延滯,269900,236617,33283,61002,33370,18106,13856,0,1408,92899,9881,17357,46812,18849,75361,14874,5935,54552,34987,2435,9927,22625,1074,351,723,5765,4737,1028,9943,9943,16501,9429,65,4559,2448,34656,12085,19286,3268,17,2,2,0,0,0,0,26344,3610,3474,4072,15188,163.7,178.5,207,121.8,255.1,319.7,126.6,nan,127.6,163.7,91.5,197.6,121,130.8,178.5,0,0,75.1,51.4,0,288.4
2026/7/11,16:00~19:00,通過量,5908,4700,1208,2142,1931,753,418,326,434,2279,368,516,846,549,1737,785,231,721,1484,406,379,699,528,166,362,757,346,411,320,320,1291,569,334,190,198,2343,342,926,779,296,1926,1005,921,2366,1214,1152,1330,222,234,234,640,,,,,,,,,,,,,,,,,,,,,
2026/7/11,16:00~19:00,平均停等延滯,45.7,50.3,27.6,28.5,17.3,24,33.1,0,3.2,40.8,26.9,33.6,55.3,34.3,43.4,18.9,25.7,75.7,23.6,6,26.2,32.4,2,2.1,2,7.6,13.7,2.5,31.1,31.1,12.8,16.6,0.2,24,12.4,14.8,35.3,20.8,4.2,0.1,0,0,0,0,0,0,19.8,16.3,14.8,17.4,23.7,,,,,,,,,,,,,,,,,,,,,
2026/7/11,20:00~23:00,總停等延滯,100870,82463,18407,47206,14778,6380,6969,0,1429,34623,4851,7505,14256,8011,14785,6774,3507,4504,18277,2816,4637,10824,3283,415,2868,1214,789,425,3550,3550,10360,7587,0,1554,1219,33910,12369,20156,1371,14,0,0,0,0,0,0,13296,10,1415,2701,9170,159.2,140.4,184.3,141.4,236.7,283.7,124.7,nan,192.6,158.6,76.7,181,142.7,160.1,140.4,0,0,83.2,41.3,0,110.7
2026/7/11,20:00~23:00,通過量,3365,2644,721,1575,1174,401,359,212,202,1192,234,238,397,323,977,466,157,354,892,282,200,410,350,124,226,474,239,235,161,161,793,357,219,78,139,1785,127,823,623,212,1337,737,600,1579,830,749,1005,151,229,155,470,,,,,,,,,,,,,,,,,,,,,
2026/7/11,20:00~23:00,平均停等延滯,30,31.2,25.5,30,12.6,15.9,19.4,0,7.1,29,20.7,31.5,35.9,24.8,15.1,14.5,22.3,12.7,20.5,10,23.2,26.4,9.4,3.3,12.7,2.6,3.3,1.8,22,22,13.1,21.3,0,19.9,8.8,19,97.4,24.5,2.2,0.1,0,0,0,0,0,0,13.2,0.1,6.2,17.4,19.5,,,,,,,,,,,,,,,,,,,,,
2026/7/12,07:00~09:00,總停等延滯,176156,142275,33881,76716,29786,19492,7001,0,3293,59315,13747,2411,20480,22677,29748,13647,9030,7071,23426,2635,5445,15346,1526,377,1149,4283,3917,366,4866,4866,23206,8489,0,11644,3073,45397,14254,23924,6705,514,0,0,0,0,0,0,31319,212,14135,5225,11747,155.2,198.1,158.4,123.9,214.1,409,121,nan,91.3,160.1,58.7,165.6,122.5,193.8,202.8,91.4,0,73.2,47.2,0,108.4
2026/7/12,07:00~09:00,通過量,4266,3132,1134,2024,1550,730,300,326,194,1435,338,148,419,530,1215,589,273,353,955,351,175,429,529,174,355,733,349,384,147,147,1282,469,368,282,163,2545,214,1156,832,343,1994,1040,954,2328,1108,1220,1438,233,551,164,490,,,,,,,,,,,,,,,,,,,,,
2026/7/12,07:00~09:00,平均停等延滯,41.3,45.4,29.9,37.9,19.2,26.7,23.3,0,17,41.3,40.7,16.3,48.9,42.8,24.5,23.2,33.1,20,24.5,7.5,31.1,35.8,2.9,2.2,3.2,5.8,11.2,1,33.1,33.1,18.1,18.1,0,41.3,18.9,17.8,66.6,20.7,8.1,1.5,0,0,0,0,0,0,21.8,0.9,25.7,31.9,24,,,,,,,,,,,,,,,,,,,,,
2026/7/12,10:00~17:00,總停等延滯,2479323,2028175,451148,886353,403120,118688,163032,0,121400,802360,125063,106847,289013,281437,526066,275499,115025,135542,296629,23755,65828,207046,55482,5729,49753,75919,46822,29097,57124,57124,262623,88166,3316,132182,38959,326213,71398,151601,88355,14859,80154,80151,3,0,0,0,479986,20726,265633,72688,120939,169.8,242.2,190.1,147.1,257.8,639.6,181.7,nan,109.8,167.7,87.3,195.8,143.3,389.4,241.9,140.8,0,91.9,90.5,0,145.3
2026/7/12,10:00~17:00,通過量,37065,28523,8542,18295,14644,6155,2782,1781,3926,10339,2124,1599,3341,3275,13379,7598,2499,3282,7423,2418,2048,2957,4223,1113,3110,7098,2705,4393,1564,1564,9284,3419,3014,1447,1404,21690,1761,10559,6813,2557,17416,7846,9570,18875,8020,10855,12345,1603,4767,1258,4717,,,,,,,,,,,,,,,,,,,,,
2026/7/12,10:00~17:00,平均停等延滯,66.9,71.1,52.8,48.4,27.5,19.3,58.6,0,30.9,77.6,58.9,66.8,86.5,85.9,39.3,36.3,46,41.3,40,9.8,32.1,70,13.1,5.1,16,10.7,17.3,6.6,36.5,36.5,28.3,25.8,1.1,91.3,27.7,15,40.5,14.4,13,5.8,4.6,10.2,0,0,0,0,38.9,12.9,55.7,57.8,25.6,,,,,,,,,,,,,,,,,,,,,
2026/7/12,17:00~20:00,總停等延滯,874496,704306,170190,372196,119868,62767,38723,0,18378,305757,45355,36204,95542,128656,165257,84291,32732,48234,113424,13470,24639,75315,15040,3377,11663,30385,24211,6174,22930,22930,101835,43373,183,39697,18582,147367,29526,57381,54551,5909,54654,54651,3,0,0,0,170175,6671,82343,20741,60420,170.4,303.9,215.1,139.3,259.9,536,168.4,nan,125,168.8,86.2,215.3,137.5,229.4,296.8,147.9,0,75.9,92.5,0,250.1
2026/7/12,17:00~20:00,通過量,15059,11655,3404,7216,6443,2171,942,1039,2291,4372,787,622,1483,1480,4880,2613,707,1560,3027,1145,732,1150,1578,618,960,2600,1293,1307,608,608,3946,1768,973,610,595,8700,560,3560,3474,1106,6669,3624,3045,7473,3823,3650,5224,718,1410,479,2617,,,,,,,,,,,,,,,,,,,,,
2026/7/12,17:00~20:00,平均停等延滯,58.1,60.4,50,51.6,18.6,28.9,41.1,0,8,69.9,57.6,58.2,64.4,86.9,33.9,32.3,46.3,30.9,37.5,11.8,33.7,65.5,9.5,5.5,12.1,11.7,18.7,4.7,37.7,37.7,25.8,24.5,0.2,65.1,31.2,16.9,52.7,16.1,15.7,5.3,8.2,15.1,0,0,0,0,32.6,9.3,58.4,43.3,23.1,,,,,,,,,,,,,,,,,,,,,
2026/7/12,10:00~12:00,總停等延滯,527046,417466,109580,192543,68199,22814,39276,0,6109,152613,30109,16432,54876,51196,115641,63930,28854,22857,81013,4504,16628,59881,13547,1392,12155,18551,11070,7481,12399,12399,65083,16706,32,38117,10228,75656,20219,40219,13429,1789,6428,6428,0,0,0,0,110459,2024,65344,17868,25223,164.3,207.3,173.9,189,253.5,464.9,163.6,nan,107.2,165,89.6,176.3,182.2,255.2,213.2,123.3,0,76.1,87.8,0,164.9
2026/7/12,10:00~12:00,通過量,8754,6596,2158,4301,3206,1490,645,434,637,2550,510,360,897,783,3080,1742,625,713,1930,587,501,842,1049,256,793,1753,571,1182,333,333,2303,734,684,527,358,5055,418,2626,1489,522,4207,1814,2393,4504,1807,2697,2806,384,1165,344,913,,,,,,,,,,,,,,,,,,,,,
2026/7/12,10:00~12:00,平均停等延滯,60.2,63.3,50.8,44.8,21.3,15.3,60.9,0,9.6,59.8,59,45.6,61.2,65.4,37.5,36.7,46.2,32.1,42,7.7,33.2,71.1,12.9,5.4,15.3,10.6,19.4,6.3,37.2,37.2,28.3,22.8,0,72.3,28.6,15,48.4,15.3,9,3.4,1.5,3.5,0,0,0,0,39.4,5.3,56.1,51.9,27.6,,,,,,,,,,,,,,,,,,,,,
2026/7/12,14:00~16:00,總停等延滯,860334,712148,148186,299658,157539,36189,55926,0,65424,287670,40080,40243,99499,107848,179652,89166,34351,56135,87287,7675,20651,58961,18391,1884,16507,24075,14406,9669,19630,19630,86090,31912,2176,40556,11446,110070,20963,47148,34983,6976,37063,37060,3,0,0,0,152525,9369,82340,23423,37393,168.5,291.7,229.7,139.5,258.1,826.7,176.5,nan,110.6,165,89.2,242.9,139.1,501,292.6,142.2,0,85.3,90.8,0,178.7
2026/7/12,14:00~16:00,通過量,11871,9178,2693,6007,4900,1928,881,627,1464,3220,689,470,974,1087,4239,2382,812,1045,2263,772,655,836,1368,362,1006,2178,851,1327,537,537,2830,1036,1015,343,436,7132,595,3381,2271,885,5565,2575,2990,6150,2712,3438,3994,501,1462,398,1633,,,,,,,,,,,,,,,,,,,,,
2026/7/12,14:00~16:00,平均停等延滯,72.5,77.6,55,49.9,32.2,18.8,63.5,0,44.7,89.3,58.2,85.6,102.2,99.2,42.4,37.4,42.3,53.7,38.6,9.9,31.5,70.5,13.4,5.2,16.4,11.1,16.9,7.3,36.6,36.6,30.4,30.8,2.1,118.2,26.3,15.4,35.2,13.9,15.4,7.9,6.7,14.4,0,0,0,0,38.2,18.7,56.3,58.9,22.9,,,,,,,,,,,,,,,,,,,,,
2026/7/12,16:00~19:00,總停等延滯,1054800,855519,199281,427535,146997,77728,46817,0,22452,370143,54345,41422,117954,156422,209107,110567,45590,52950,129272,15052,27434,86786,19674,3927,15747,32460,25077,7383,27618,27618,119529,49413,885,48999,20232,160147,30337,62012,60734,7064,65092,65092,0,0,0,0,202296,10012,102019,26752,63513,183,328.8,219.8,134.7,278.3,626,189.5,nan,132.4,182.2,94.7,218.8,131.3,326.8,342.3,149.2,0,100.8,90.2,0,149.4
2026/7/12,16:00~19:00,通過量,16389,12698,3691,7906,6984,2553,1017,911,2503,4314,809,632,1414,1459,5538,3047,850,1641,3296,1253,782,1261,1737,629,1108,3010,1461,1549,674,674,4166,1778,1153,595,640,9534,661,4081,3564,1228,7190,3712,3478,8184,3977,4207,5676,775,1737,489,2675,,,,,,,,,,,,,,,,,,,,,
2026/7/12,16:00~19:00,平均停等延滯,64.4,67.4,54,54.1,21,30.4,46,0,9,85.8,67.2,65.5,83.4,107.2,37.8,36.3,53.6,32.3,39.2,12,35.1,68.8,11.3,6.2,14.2,10.8,17.2,4.8,41,41,28.7,27.8,0.8,82.4,31.6,16.8,45.9,15.2,17,5.8,9.1,17.5,0,0,0,0,35.6,12.9,58.7,54.7,23.7,,,,,,,,,,,,,,,,,,,,,
2026/7/12,20:00~23:00,總停等延滯,523447,425757,97690,281298,77918,36838,21354,0,19726,192760,35439,22781,52426,82114,84191,41419,17382,25390,70888,11716,11356,47816,11380,2046,9334,10729,9407,1322,13647,13647,61934,39799,81,11235,10819,112993,23829,44046,38360,6758,33640,33640,0,0,0,0,134665,2929,45677,13344,72715,165,203.7,215.4,139.7,264.7,522.7,173,nan,105.9,162.3,99.6,225.2,139.5,297.5,209,141.2,0,80.7,92.8,0,196.7
2026/7/12,20:00~23:00,通過量,10816,8364,2452,5876,4738,1540,625,1029,1544,3882,749,520,1203,1410,2882,1404,477,1001,2263,1016,375,872,1167,416,751,1664,961,703,403,403,3209,1576,620,541,472,7253,406,2548,3270,1029,5747,3305,2442,5962,3410,2552,4408,508,978,412,2510,,,,,,,,,,,,,,,,,,,,,
2026/7/12,20:00~23:00,平均停等延滯,48.4,50.9,39.8,47.9,16.4,23.9,34.2,0,12.8,49.7,47.3,43.8,43.6,58.2,29.2,29.5,36.4,25.4,31.3,11.5,30.3,54.8,9.8,4.9,12.4,6.4,9.8,1.9,33.9,33.9,19.3,25.3,0.1,20.8,22.9,15.6,58.7,17.3,11.7,6.6,5.9,10.2,0,0,0,0,30.6,5.8,46.7,32.4,29,,,,,,,,,,,,,,,,,,,,,
2026/7/13,07:00~09:00,總停等延滯,620844,466146,154698,276715,82940,44626,23865,0,14449,203141,28262,16038,49765,109076,95049,35751,32053,27245,85016,6760,17297,60959,20654,3819,16835,17265,12284,4981,19749,19749,97030,31220,2284,52189,11337,123528,20724,51317,36161,15326,41772,41721,51,0,0,0,111415,1375,39335,31621,39084,149.5,210.6,203.1,114.5,218.3,396.3,157.4,nan,103.7,149.3,68.7,232,115.4,201.8,215.5,133.9,0,75.8,86.2,0,156.5
2026/7/13,07:00~09:00,通過量,11145,7673,3472,5437,3665,1413,774,810,668,2789,565,325,799,1100,2911,1260,836,815,2583,841,545,1197,1442,420,1022,2106,886,1220,552,552,3695,1195,1215,872,413,7280,514,2976,2409,1381,5290,2876,2414,5589,3025,2564,3891,723,1221,485,1462,,,,,,,,,,,,,,,,,,,,,
2026/7/13,07:00~09:00,平均停等延滯,55.7,60.8,44.6,50.9,22.6,31.6,30.8,0,21.6,72.8,50,49.3,62.3,99.2,32.7,28.4,38.3,33.4,32.9,8,31.7,50.9,14.3,9.1,16.5,8.2,13.9,4.1,35.8,35.8,26.3,26.1,1.9,59.8,27.5,17,40.3,17.2,15,11.1,7.9,14.5,0,0,0,0,28.6,1.9,32.2,65.2,26.7,,,,,,,,,,,,,,,,,,,,,
2026/7/13,10:00~17:00,總停等延滯,1505735,1119763,385972,849062,264884,143258,62949,130,58547,412119,71896,48268,152693,139262,231888,120248,43959,67681,210872,22003,46331,142538,40310,12083,28227,49623,36041,13582,52881,52881,243158,111851,2291,95129,33887,463901,100993,196721,142559,23628,73628,73548,80,0,0,0,311533,15245,129646,67883,98759,156,249.4,212.7,154.6,221.6,610.9,166.9,nan,109,156.2,66,223.9,155.9,353.8,267.5,139.3,0,85.1,83.1,0,172.3
2026/7/13,10:00~17:00,通過量,30325,22493,7832,18131,11948,4689,2242,2343,2674,8842,1655,1237,3303,2647,8263,4524,1279,2460,7331,2066,1568,3697,3838,1307,2531,5969,2657,3312,1548,1548,8427,3450,2018,1820,1139,23634,2172,10614,7353,3495,15242,7830,7412,15741,7522,8219,10965,1459,4161,1342,4003,,,,,,,,,,,,,,,,,,,,,
2026/7/13,10:00~17:00,平均停等延滯,49.7,49.8,49.3,46.8,22.2,30.6,28.1,0.1,21.9,46.6,43.4,39,46.2,52.6,28.1,26.6,34.4,27.5,28.8,10.7,29.5,38.6,10.5,9.2,11.2,8.3,13.6,4.1,34.2,34.2,28.9,32.4,1.1,52.3,29.8,19.6,46.5,18.5,19.4,6.8,4.8,9.4,0,0,0,0,28.4,10.4,31.2,50.6,24.7,,,,,,,,,,,,,,,,,,,,,
2026/7/13,17:00~20:00,總停等延滯,796235,573175,223060,396674,121902,55636,31986,0,34280,229209,36650,30237,63365,98957,125108,60950,23758,40400,96956,17630,22435,56891,25472,11309,14163,32372,24088,8284,25150,25150,140066,60461,199,55831,23575,211224,32073,70459,98644,10048,48219,47956,263,0,0,0,137231,7278,71959,19445,38549,147.4,183.5,179.5,289.8,227.5,364,180.2,nan,99.6,147.2,81.3,180.9,235.2,179.8,186.4,0,0,95.3,87.5,0,171.4
2026/7/13,17:00~20:00,通過量,15908,11431,4477,7837,5829,2220,1141,996,1472,4106,800,653,1189,1464,4587,2443,670,1474,3550,1213,784,1553,1921,813,1108,3157,1613,1544,832,832,4891,2059,1184,917,731,9957,987,4868,2830,1272,6498,2623,3875,6911,2765,4146,4916,864,2070,537,1445,,,,,,,,,,,,,,,,,,,,,
2026/7/13,17:00~20:00,平均停等延滯,50.1,50.1,49.8,50.6,20.9,25.1,28,0,23.3,55.8,45.8,46.3,53.3,67.6,27.3,24.9,35.5,27.4,27.3,14.5,28.6,36.6,13.3,13.9,12.8,10.3,14.9,5.4,30.2,30.2,28.6,29.4,0.2,60.9,32.3,21.2,32.5,14.5,34.9,7.9,7.4,18.3,0.1,0,0,0,27.9,8.4,34.8,36.2,26.7,,,,,,,,,,,,,,,,,,,,,
2026/7/13,10:00~12:00,總停等延滯,394598,299724,94874,184077,71731,43151,15780,83,12717,110606,20965,13010,43408,33223,61506,33509,13309,14688,55881,5665,10776,39440,9511,2326,7185,10087,8300,1787,13301,13301,61975,30843,365,24504,6263,91567,24037,53224,7145,7161,2864,2844,20,0,0,0,89646,2908,38291,18476,29971,166.1,346.9,247.8,153.1,226.8,587.6,160.4,nan,103.8,166.1,60.6,268.1,148.5,217.2,404.9,155.5,0,78.5,82,0,162.6
2026/7/13,10:00~12:00,通過量,8207,6129,2078,5124,3175,1381,608,589,597,2390,464,344,901,681,2213,1252,373,588,2109,552,399,1158,1031,327,704,1516,709,807,404,404,2301,954,583,465,299,6683,585,3103,1940,1055,4357,2213,2144,4532,2119,2413,2978,374,1168,380,1056,,,,,,,,,,,,,,,,,,,,,
2026/7/13,10:00~12:00,平均停等延滯,48.1,48.9,45.7,35.9,22.6,31.2,26,0.1,21.3,46.3,45.2,37.8,48.2,48.8,27.8,26.8,35.7,25,26.5,10.3,27,34.1,9.2,7.1,10.2,6.7,11.7,2.2,32.9,32.9,26.9,32.3,0.6,52.7,20.9,13.7,41.1,17.2,3.7,6.8,0.7,1.3,0,0,0,0,30.1,7.8,32.8,48.6,28.4,,,,,,,,,,,,,,,,,,,,,
2026/7/13,14:00~16:00,總停等延滯,425908,303616,122292,294351,69926,34853,17182,0,17891,113131,17745,13491,42297,39598,65279,29459,11959,23861,55280,6472,15747,33061,13126,3534,9592,18876,12092,6784,15482,15482,74808,33513,1116,29211,10968,179728,35004,61718,76075,6931,40632,40624,8,0,0,0,73991,4111,29179,14101,26600,150.8,244.6,220.1,217.9,221.7,761.2,162.9,nan,101.5,151.1,71.6,236.5,218.1,492.1,241.3,126.8,0,96.2,66.7,0,143.6
2026/7/13,14:00~16:00,通過量,8821,6362,2459,5188,3420,1168,606,775,871,2672,465,394,964,849,2283,1191,343,749,1949,567,510,872,1163,371,792,1824,757,1067,444,444,2566,922,620,662,362,7001,655,2953,2409,984,4187,2275,1912,4239,2103,2136,3033,392,1061,331,1249,,,,,,,,,,,,,,,,,,,,,
2026/7/13,14:00~16:00,平均停等延滯,48.3,47.7,49.7,56.7,20.4,29.8,28.4,0,20.5,42.3,38.2,34.2,43.9,46.6,28.6,24.7,34.9,31.9,28.4,11.4,30.9,37.9,11.3,9.5,12.1,10.3,16,6.4,34.9,34.9,29.2,36.3,1.8,44.1,30.3,25.7,53.4,20.9,31.6,7,9.7,17.9,0,0,0,0,24.4,10.5,27.5,42.6,21.3,,,,,,,,,,,,,,,,,,,,,
2026/7/13,16:00~19:00,總停等延滯,860646,609416,251230,489685,134861,62010,33100,0,39751,230251,34214,27096,65643,103298,131804,64339,25186,42279,112500,16559,23675,72266,28354,12821,15533,35412,26559,8853,31556,31556,155908,66204,812,61328,27564,267912,38467,80152,136642,12651,68937,68645,292,0,0,0,152836,12808,79373,24260,36395,148.1,191.7,179.5,160.9,223.8,478.2,180,nan,115.2,148.6,76.4,180.5,166.7,269,195,0,0,97.5,84.9,0,178.9
2026/7/13,16:00~19:00,通過量,16431,11762,4669,8258,6127,2368,1173,1037,1549,4108,765,591,1322,1430,4928,2645,731,1552,3628,1260,834,1534,2098,876,1222,3371,1751,1620,936,936,5199,2342,1257,812,788,10762,1008,5136,3155,1463,6743,2743,4000,7048,2869,4179,5235,973,2148,595,1519,,,,,,,,,,,,,,,,,,,,,
2026/7/13,16:00~19:00,平均停等延滯,52.4,51.8,53.8,59.3,22,26.2,28.2,0,25.7,56,44.7,45.8,49.7,72.2,26.7,24.3,34.5,27.2,31,13.1,28.4,47.1,13.5,14.6,12.7,10.5,15.2,5.5,33.7,33.7,30,28.3,0.6,75.5,35,24.9,38.2,15.6,43.3,8.6,10.2,25,0.1,0,0,0,29.2,13.2,37,40.8,24,,,,,,,,,,,,,,,,,,,,,
2026/7/13,20:00~23:00,總停等延滯,328566,267782,60784,135466,57436,30464,11538,0,15434,122578,20882,17872,37107,46717,46526,23489,10966,12071,41242,10076,10201,20965,6796,2019,4777,6776,5922,854,10983,10983,36229,25875,0,8030,2324,64814,21337,41701,1271,505,2159,2159,0,0,0,0,68493,2,25728,10683,32080,136.2,201.8,159.1,242.3,210.4,345.9,165.7,nan,97.3,136.2,72.7,159.4,272.7,121.6,216.3,0,0,73.5,94.4,0,134.3
2026/7/13,20:00~23:00,通過量,8240,6249,1991,4203,3315,1239,623,726,727,3138,663,439,951,1085,2185,1145,330,710,1806,710,388,708,857,360,497,1180,688,492,325,325,2381,1075,575,541,190,4901,433,2278,1645,545,3777,1878,1899,4425,2056,2369,2782,331,959,319,1173,,,,,,,,,,,,,,,,,,,,,
2026/7/13,20:00~23:00,平均停等延滯,39.9,42.9,30.5,32.2,17.3,24.6,18.5,0,21.2,39.1,31.5,40.7,39,43.1,21.3,20.5,33.2,17,22.8,14.2,26.3,29.6,7.9,5.6,9.6,5.7,8.6,1.7,33.8,33.8,15.2,24.1,0,14.8,12.2,13.2,49.3,18.3,0.8,0.9,0.6,1.1,0,0,0,0,24.6,0,26.8,33.5,27.3,,,,,,,,,,,,,,,,,,,,,
2026/7/14,07:00~09:00,總停等延滯,542394,398265,144129,332430,80902,43528,22389,0,14985,160087,25437,16699,39888,78063,79746,34731,24693,20322,77530,7508,18830,51192,16979,2703,14276,15554,11831,3723,18178,18178,93418,31873,734,50250,10561,171776,29014,61882,61746,19134,46768,46720,48,0,0,0,113886,3240,35248,27956,47442,154.7,191.1,183.2,113.3,215.4,410.1,158.9,nan,96,154.7,60.4,191.7,113.7,221.8,193.8,114.7,0,81,79.3,0,276.3
2026/7/14,07:00~09:00,通過量,10730,7511,3219,5769,3458,1476,785,583,614,2611,558,354,719,980,2766,1256,694,816,2500,708,535,1257,1350,400,950,1900,778,1122,553,553,3383,1117,1220,655,391,8168,573,3414,2650,1531,4217,2431,1786,5096,2533,2563,3612,706,1124,463,1319,,,,,,,,,,,,,,,,,,,,,
2026/7/14,07:00~09:00,平均停等延滯,50.5,53,44.8,57.6,23.4,29.5,28.5,0,24.4,61.3,45.6,47.2,55.5,79.7,28.8,27.7,35.6,24.9,31,10.6,35.2,40.7,12.6,6.8,15,8.2,15.2,3.3,32.9,32.9,27.6,28.5,0.6,76.7,27,21,50.6,18.1,23.3,12.5,11.1,19.2,0,0,0,0,31.5,4.6,31.4,60.4,36,,,,,,,,,,,,,,,,,,,,,
2026/7/14,10:00~17:00,總停等延滯,1441064,1096073,344991,731917,271522,147873,62586,2,61061,391664,71800,43178,152250,124436,230838,127539,43209,60090,202049,20271,40984,140794,33444,9448,23996,39382,27617,11765,50552,50552,221613,98132,4006,90315,29160,351388,86157,183161,60509,21561,36122,35946,176,0,0,0,344407,23194,146608,70228,104377,151.6,232,188.6,168.4,211,476.3,210.7,nan,109.9,151.7,59.4,191.8,175.2,248,232.4,143.6,0,117.6,100.4,0,161.7
2026/7/14,10:00~17:00,通過量,30000,22275,7725,18239,12738,5025,2124,2676,2913,8573,1638,1206,3220,2509,8313,4636,1222,2455,6755,1934,1413,3408,3563,1195,2368,5613,2514,3099,1490,1490,8279,3239,2415,1465,1160,23852,2315,10543,7553,3441,16296,8417,7879,17112,8142,8970,11637,1619,4637,1411,3970,,,,,,,,,,,,,,,,,,,,,
2026/7/14,10:00~17:00,平均停等延滯,48,49.2,44.7,40.1,21.3,29.4,29.5,0,21,45.7,43.8,35.8,47.3,49.6,27.8,27.5,35.4,24.5,29.9,10.5,29,41.3,9.4,7.9,10.1,7,11,3.8,33.9,33.9,26.8,30.3,1.7,61.6,25.1,14.7,37.2,17.4,8,6.3,2.2,4.3,0,0,0,0,29.6,14.3,31.6,49.8,26.3,,,,,,,,,,,,,,,,,,,,,
2026/7/14,17:00~20:00,總停等延滯,818704,600954,217750,346706,128977,62955,28070,0,37952,243459,39735,27073,62651,114000,131487,62142,24712,44633,97031,18922,20641,57468,23008,8878,14130,30177,20675,9502,25965,25965,138600,57901,600,57074,23025,173907,35807,77482,57550,3068,22103,21989,114,0,0,0,150696,9652,78063,23176,39805,152.6,178.8,218.5,138.9,222.1,392.7,175.5,nan,104.5,152.8,69,223.3,142.3,205.2,179.2,137.2,0,81.2,94.7,0,125.7
2026/7/14,17:00~20:00,通過量,15543,11175,4368,8092,5578,2297,961,919,1401,4332,803,654,1369,1506,4479,2381,663,1435,3516,1258,813,1445,1900,742,1158,3103,1519,1584,783,783,4866,2023,1143,929,771,10207,1002,5116,2999,1090,6951,2988,3963,7342,3072,4270,4952,890,2088,528,1446,,,,,,,,,,,,,,,,,,,,,
2026/7/14,17:00~20:00,平均停等延滯,52.7,53.8,49.9,42.8,23.1,27.4,29.2,0,27.1,56.2,49.5,41.4,45.8,75.7,29.4,26.1,37.3,31.1,27.6,15,25.4,39.8,12.1,12,12.2,9.7,13.6,6,33.2,33.2,28.5,28.6,0.5,61.4,29.9,17,35.7,15.1,19.2,2.8,3.2,7.4,0,0,0,0,30.4,10.8,37.4,43.9,27.5,,,,,,,,,,,,,,,,,,,,,
2026/7/14,10:00~12:00,總停等延滯,363901,280368,83533,173844,71335,39489,17160,2,14684,98439,18229,10420,41181,28609,58696,33394,12403,12899,51898,4621,10272,37005,8306,1494,6812,10531,5986,4545,12156,12156,52540,21463,711,24025,6341,88857,24775,52365,4729,6988,2163,2144,19,0,0,0,82824,2270,38813,14522,27219,156.7,293.8,165.5,150.6,213.1,554.5,175.2,nan,117,158,56.6,168.3,152,284.1,273.2,184,0,81.8,94,0,126
2026/7/14,10:00~12:00,通過量,7957,5909,2048,4991,3424,1365,607,756,696,2365,447,347,921,650,2113,1216,331,566,1859,512,388,959,925,282,643,1501,633,868,376,376,2239,849,699,398,293,6478,617,3020,1829,1012,4253,2169,2084,4546,2113,2433,3054,394,1306,400,954,,,,,,,,,,,,,,,,,,,,,
2026/7/14,10:00~12:00,平均停等延滯,45.7,47.4,40.8,34.8,20.8,28.9,28.3,0,21.1,41.6,40.8,30,44.7,44,27.8,27.5,37.5,22.8,27.9,9,26.5,38.6,9,5.3,10.6,7,9.5,5.2,32.3,32.3,23.5,25.3,1,60.4,21.6,13.7,40.2,17.3,2.6,6.9,0.5,1,0,0,0,0,27.1,5.8,29.7,36.3,28.5,,,,,,,,,,,,,,,,,,,,,
2026/7/14,14:00~16:00,總停等延滯,422723,314372,108351,231305,79416,43547,17546,0,18323,110588,20391,13121,39630,37446,65480,34248,10827,20405,58888,5420,11799,41669,9794,3471,6323,11813,9344,2469,14796,14796,71948,35153,2587,25324,8884,118995,27212,56593,28582,6608,13428,13391,37,0,0,0,98882,7833,40575,20808,29666,145.5,195.1,190.5,160.6,205.3,411.5,288.1,nan,108.9,144.3,59.6,192,181.3,216.9,205.3,147.5,0,212.3,109.2,0,129.9
2026/7/14,14:00~16:00,通過量,8874,6638,2236,5277,3815,1398,596,857,964,2413,467,344,849,753,2492,1316,352,824,1980,573,405,1002,1026,367,659,1657,795,862,431,431,2406,968,709,403,326,7038,693,2961,2394,990,4959,2608,2351,5038,2437,2601,3365,483,1259,408,1215,,,,,,,,,,,,,,,,,,,,,
2026/7/14,14:00~16:00,平均停等延滯,47.6,47.4,48.5,43.8,20.8,31.1,29.4,0,19,45.8,43.7,38.1,46.7,49.7,26.3,26,30.8,24.8,29.7,9.5,29.1,41.6,9.5,9.5,9.6,7.1,11.8,2.9,34.3,34.3,29.9,36.3,3.6,62.8,27.3,16.9,39.3,19.1,11.9,6.7,2.7,5.1,0,0,0,0,29.4,16.2,32.2,51,24.4,,,,,,,,,,,,,,,,,,,,,
2026/7/14,16:00~19:00,總停等延滯,871759,627181,244578,402243,137800,67850,28887,0,41063,247226,40267,27131,66647,113181,138728,68901,27810,42017,103427,18217,20897,64313,25716,9471,16245,31121,21334,9787,32180,32180,155561,64888,704,64022,25947,192996,35884,80574,71980,4558,36369,36214,155,0,0,0,172878,15227,82445,31166,44040,152,179.4,212.9,174.8,221.6,414.8,173,nan,103,152.2,69,212.2,175.1,225.8,183.3,140.8,0,85.4,87.6,0,172.8
2026/7/14,16:00~19:00,通過量,16116,11387,4729,8683,5902,2449,972,969,1512,4170,799,563,1406,1402,4657,2547,697,1413,3588,1209,842,1537,2065,779,1286,3402,1636,1766,896,896,5177,2123,1272,967,815,11081,1094,5351,3388,1248,7430,3304,4126,7794,3345,4449,5346,961,2147,600,1638,,,,,,,,,,,,,,,,,,,,,
2026/7/14,16:00~19:00,平均停等延滯,54.1,55.1,51.7,46.3,23.3,27.7,29.7,0,27.2,59.3,50.4,48.2,47.4,80.7,29.8,27.1,39.9,29.7,28.8,15.1,24.8,41.8,12.5,12.2,12.6,9.1,13,5.5,35.9,35.9,30,30.6,0.6,66.2,31.8,17.4,32.8,15.1,21.2,3.7,4.9,11,0,0,0,0,32.3,15.8,38.4,51.9,26.9,,,,,,,,,,,,,,,,,,,,,
2026/7/14,20:00~23:00,總停等延滯,334149,266774,67375,138822,65775,32618,12635,0,20522,109788,20495,11166,32363,45764,50220,25669,10725,13826,40991,10622,9844,20525,5922,1532,4390,9081,6083,2998,11136,11136,41236,29931,62,7498,3745,64193,21440,39973,2161,619,856,853,3,0,0,0,73773,446,28249,12699,32379,147.4,172.3,189.1,175.2,221,342.1,178.7,nan,111.9,146.7,71.7,196.1,179.4,158.2,172.5,137.8,0,70,116.3,0,160.4
2026/7/14,20:00~23:00,通過量,8230,6156,2074,4509,3359,1260,528,737,834,2988,626,387,902,1073,2285,1248,303,734,1771,734,388,649,910,389,521,1198,702,496,374,374,2609,1298,588,453,270,5264,416,2508,1780,560,4263,2001,2262,4547,2113,2434,3032,380,1067,365,1220,,,,,,,,,,,,,,,,,,,,,
2026/7/14,20:00~23:00,平均停等延滯,40.6,43.3,32.5,30.8,19.6,25.9,23.9,0,24.6,36.7,32.7,28.9,35.9,42.7,22,20.6,35.4,18.8,23.1,14.5,25.4,31.6,6.5,3.9,8.4,7.6,8.7,6,29.8,29.8,15.8,23.1,0.1,16.6,13.9,12.2,51.5,15.9,1.2,1.1,0.2,0.4,0,0,0,0,24.3,1.2,26.5,34.8,26.5,,,,,,,,,,,,,,,,,,,,,
2026/7/15,07:00~09:00,總停等延滯,559915,398514,161401,227409,79231,40787,23612,3,14829,163049,26877,17222,38375,80575,85453,36403,27056,21994,70781,7670,16303,46808,17195,2755,14440,14686,11343,3343,18885,18885,110635,34728,15983,47986,11938,108968,21071,48279,27746,11872,23295,23264,31,0,0,0,95146,1185,34789,23910,35262,137.8,253,187.3,118.8,208.1,455,186.8,nan,99,137.3,72.4,194,118.8,204,228.9,138.6,0,95.9,81.1,0,125.6
2026/7/15,07:00~09:00,通過量,10755,7413,3342,5182,3895,1416,804,975,700,2562,532,354,706,970,2801,1293,729,779,2352,691,498,1163,1375,401,974,2020,856,1164,578,578,3442,1079,1315,634,414,7199,556,2998,2355,1290,4470,2769,1701,5299,2735,2564,3571,746,1197,495,1133,,,,,,,,,,,,,,,,,,,,,
2026/7/15,07:00~09:00,平均停等延滯,52.1,53.8,48.3,43.9,20.3,28.8,29.4,0,21.2,63.6,50.5,48.6,54.4,83.1,30.5,28.2,37.1,28.2,30.1,11.1,32.7,40.2,12.5,6.9,14.8,7.3,13.3,2.9,32.7,32.7,32.1,32.2,12.2,75.7,28.8,15.1,37.9,16.1,11.8,9.2,5.2,8.4,0,0,0,0,26.6,1.6,29.1,48.3,31.1,,,,,,,,,,,,,,,,,,,,,
2026/7/15,10:00~17:00,總停等延滯,1461375,1120596,340779,730497,268503,146112,66065,0,56326,430503,76225,53212,163879,137187,231029,125408,41524,64097,190561,20477,43498,126586,29463,7969,21494,37354,30012,7342,49937,49937,224025,94371,4225,95942,29487,342789,78770,172998,69459,21562,35174,35066,108,0,0,0,352534,23568,152901,64789,111276,152.4,342.4,199,141.1,217.2,571.4,190.6,nan,109.9,152.3,65.4,204.3,144.9,221.9,354.3,158.9,0,84.5,109.5,0,173.1
2026/7/15,10:00~17:00,通過量,31151,23230,7921,18593,12357,4993,2366,2055,2943,8632,1734,1271,3002,2625,8651,4836,1264,2551,7298,2081,1469,3748,3535,1271,2264,5586,2462,3124,1616,1616,8046,3012,2437,1480,1117,24044,2370,10721,7420,3533,15757,8131,7626,17130,8163,8967,11920,1540,4878,1474,4028,,,,,,,,,,,,,,,,,,,,,
2026/7/15,10:00~17:00,平均停等延滯,46.9,48.2,43,39.3,21.7,29.3,27.9,0,19.1,49.9,44,41.9,54.6,52.3,26.7,25.9,32.9,25.1,26.1,9.8,29.6,33.8,8.3,6.3,9.5,6.7,12.2,2.4,30.9,30.9,27.8,31.3,1.7,64.8,26.4,14.3,33.2,16.1,9.4,6.1,2.2,4.3,0,0,0,0,29.6,15.3,31.3,44,27.6,,,,,,,,,,,,,,,,,,,,,
2026/7/15,17:00~20:00,總停等延滯,846766,610334,236432,373104,136510,66021,34974,0,35515,245796,32118,28063,65524,120091,135414,67056,26912,41446,92614,17899,19698,55017,24562,9220,15342,34487,24705,9782,29644,29644,147739,57248,1650,65930,22911,185743,32633,73979,74126,5005,30756,30724,32,0,0,0,156605,8577,77129,25083,45816,182.8,198.5,176.2,130,261.7,410.7,175,nan,101,182.5,79.4,177.5,132.3,204.8,194.5,140.4,0,76.7,97.9,0,133
2026/7/15,17:00~20:00,通過量,16097,11451,4646,8175,5857,2320,1121,918,1498,4164,715,632,1238,1579,4940,2729,736,1475,3370,1280,728,1362,1944,754,1190,3272,1553,1719,837,837,5143,2088,1296,977,782,10177,1077,5045,2916,1139,6397,2696,3701,7074,2754,4320,4990,888,2049,571,1482,,,,,,,,,,,,,,,,,,,,,
2026/7/15,17:00~20:00,平均停等延滯,52.6,53.3,50.9,45.6,23.3,28.5,31.2,0,23.7,59,44.9,44.4,52.9,76.1,27.4,24.6,36.6,28.1,27.5,14,27.1,40.4,12.6,12.2,12.9,10.5,15.9,5.7,35.4,35.4,28.7,27.4,1.3,67.5,29.3,18.3,30.3,14.7,25.4,4.4,4.8,11.4,0,0,0,0,31.4,9.7,37.6,43.9,30.9,,,,,,,,,,,,,,,,,,,,,
2026/7/15,10:00~12:00,總停等延滯,385236,294223,91013,167401,72378,42033,18786,0,11559,111178,18945,12805,45157,34271,59835,33127,11820,14888,50832,5015,12881,32936,7474,1836,5638,7223,6346,877,13843,13843,62473,25664,2422,27669,6718,76630,19839,44260,6192,6339,3059,3042,17,0,0,0,87712,1348,41258,17800,27306,147.5,383.5,195.6,169.3,205.4,525.2,195.8,nan,101.2,147.5,58.1,204.3,167.5,155.1,431.8,154.9,0,92.7,106.5,0,132.2
2026/7/15,10:00~12:00,通過量,8151,5991,2160,5058,3141,1350,659,466,666,2265,468,331,823,643,2149,1161,352,636,1886,532,412,942,936,283,653,1446,626,820,444,444,2239,806,721,457,255,6607,639,3000,1925,1043,4342,2250,2092,4659,2196,2463,3415,424,1572,422,997,,,,,,,,,,,,,,,,,,,,,
2026/7/15,10:00~12:00,平均停等延滯,47.3,49.1,42.1,33.1,23,31.1,28.5,0,17.4,49.1,40.5,38.7,54.9,53.3,27.8,28.5,33.6,23.4,27,9.4,31.3,35,8,6.5,8.6,5,10.1,1.1,31.2,31.2,27.9,31.8,3.4,60.5,26.3,11.6,31,14.8,3.2,6.1,0.7,1.4,0,0,0,0,25.7,3.2,26.2,42.2,27.4,,,,,,,,,,,,,,,,,,,,,
2026/7/15,14:00~16:00,總停等延滯,409382,316373,93009,229516,79067,42089,17312,0,19666,116353,22178,15357,43661,35157,65824,36117,10544,19163,55129,5271,12820,37038,8129,2983,5146,10446,9220,1226,14165,14165,60269,25980,1175,24885,8229,111322,25319,53954,25014,7035,10118,10113,5,0,0,0,108076,11790,43943,16832,35511,151.8,257.1,191.2,118,217,453.8,180.1,nan,101.4,151.8,65.6,196.3,128.9,183.2,263.7,153.3,0,76.9,104.3,0,234.2
2026/7/15,14:00~16:00,通過量,9032,6786,2246,5550,3660,1436,637,639,948,2436,538,353,789,756,2505,1482,315,708,2184,551,411,1222,1019,388,631,1560,722,838,439,439,2294,875,728,413,278,7046,722,3117,2225,982,4638,2420,2218,4881,2359,2522,3529,440,1378,413,1298,,,,,,,,,,,,,,,,,,,,,
2026/7/15,14:00~16:00,平均停等延滯,45.3,46.6,41.4,41.4,21.6,29.3,27.2,0,20.7,47.8,41.2,43.5,55.3,46.5,26.3,24.4,33.5,27.1,25.2,9.6,31.2,30.3,8,7.7,8.2,6.7,12.8,1.5,32.3,32.3,26.3,29.7,1.6,60.3,29.6,15.8,35.1,17.3,11.2,7.2,2.2,4.2,0,0,0,0,30.6,26.8,31.9,40.8,27.4,,,,,,,,,,,,,,,,,,,,,
2026/7/15,16:00~19:00,總停等延滯,898064,635710,262354,425885,139233,69374,33539,0,36320,253594,33524,29250,72025,118795,141294,71007,29452,40835,101589,17209,21195,63185,26490,9843,16647,37027,26402,10625,33378,33378,165459,64035,2111,71590,27723,218218,33839,79181,99408,5790,45401,45331,70,0,0,0,162266,8073,82086,31475,40632,156.7,247.1,180.7,130.5,235.9,579.5,173.5,nan,102.1,156.9,79.5,182.5,132.6,325.6,250.8,139.3,0,75.6,98,0,132.4
2026/7/15,16:00~19:00,通過量,17119,12097,5022,8496,6169,2555,1136,905,1573,4141,700,668,1257,1516,5243,2845,814,1584,3549,1298,756,1495,2117,854,1263,3577,1665,1912,923,923,5308,2063,1505,865,875,10972,1168,5161,3327,1316,6661,2961,3700,7567,3096,4471,5230,962,2101,654,1513,,,,,,,,,,,,,,,,,,,,,
2026/7/15,16:00~19:00,平均停等延滯,52.5,52.6,52.2,50.1,22.6,27.2,29.5,0,23.1,61.2,47.9,43.8,57.3,78.4,26.9,25,36.2,25.8,28.6,13.3,28,42.3,12.5,11.5,13.2,10.4,15.9,5.6,36.2,36.2,31.2,31,1.4,82.8,31.7,19.9,29,15.3,29.9,4.4,6.8,15.3,0,0,0,0,31,8.4,39.1,48.1,26.9,,,,,,,,,,,,,,,,,,,,,
2026/7/15,20:00~23:00,總停等延滯,374538,303127,71411,161469,70259,35802,14205,0,20252,126096,17937,18833,40771,48555,53533,28810,10998,13725,53239,9091,10592,33556,7362,1777,5585,5972,5637,335,12741,12741,45336,29480,0,11349,4507,71064,23432,43783,3145,704,793,792,1,0,0,0,89612,2606,28834,14498,43674,136.9,236.3,194.8,157.5,210.6,407.1,145.1,nan,96.5,138.5,74.1,193.6,158.9,186.7,251.9,0,0,73.1,72.2,0,207.3
2026/7/15,20:00~23:00,通過量,8787,6616,2171,4785,3588,1288,527,880,893,3186,651,433,1109,993,2414,1292,333,789,2021,661,379,981,1083,378,705,1338,702,636,398,398,2664,1269,530,538,327,5615,469,2491,2094,561,4597,2361,2236,4913,2456,2457,3261,423,1013,378,1447,,,,,,,,,,,,,,,,,,,,,
2026/7/15,20:00~23:00,平均停等延滯,42.6,45.8,32.9,33.7,19.6,27.8,27,0,22.7,39.6,27.6,43.5,36.8,48.9,22.2,22.3,33,17.4,26.3,13.8,27.9,34.2,6.8,4.7,7.9,4.5,8,0.5,32,32,17,23.2,0,21.1,13.8,12.7,50,17.6,1.5,1.3,0.2,0.3,0,0,0,0,27.5,6.2,28.5,38.4,30.2,,,,,,,,,,,,,,,,,,,,,
2026/7/16,07:00~09:00,總停等延滯,539487,391181,148306,250758,83928,42836,24130,0,16962,154953,26065,16190,42814,69884,80288,34216,24103,21969,72012,6206,17514,48292,19408,3214,16194,14973,11459,3514,17884,17884,96041,33714,2108,49360,10859,115613,20630,52149,31224,11610,27666,27617,49,0,0,0,107479,1193,37174,29303,39809,145.8,211.6,176.9,112.1,202.3,414.8,212.5,nan,121.3,146.4,57.4,180.1,114.9,215.4,228.4,246,0,89.7,123.1,0,146.6
2026/7/16,07:00~09:00,通過量,10711,7459,3252,5383,3537,1432,779,615,711,2567,505,363,789,910,2808,1293,681,834,2421,672,526,1223,1385,437,948,1967,808,1159,543,543,3364,1092,1199,685,388,7265,481,3153,2229,1402,4760,2818,1942,5347,2711,2636,3684,707,1228,481,1268,,,,,,,,,,,,,,,,,,,,,
2026/7/16,07:00~09:00,平均停等延滯,50.4,52.4,45.6,46.6,23.7,29.9,31,0,23.9,60.4,51.6,44.6,54.3,76.8,28.6,26.5,35.4,26.3,29.7,9.2,33.3,39.5,14,7.4,17.1,7.6,14.2,3,32.9,32.9,28.5,30.9,1.8,72.1,28,15.9,42.9,16.5,14,8.3,5.8,9.8,0,0,0,0,29.2,1.7,30.3,60.9,31.4,,,,,,,,,,,,,,,,,,,,,
2026/7/16,10:00~17:00,總停等延滯,1456246,1112037,344209,375867,266823,140680,66551,0,59592,420335,78904,47802,152459,141170,234866,121181,47694,65991,190013,22123,46031,121859,35544,9638,25906,42792,33122,9670,50879,50879,214994,90207,499,91012,33276,179164,46867,97609,20707,13981,9705,9664,41,0,0,0,186998,1506,83502,39676,62314,152.1,219.7,202.7,123.2,215.6,467.8,252.1,nan,105.7,152.2,63.8,211.3,126.2,251.2,231.1,147.9,0,79.1,184,0,182.3
2026/7/16,10:00~17:00,通過量,32497,24387,8110,19442,12597,5015,2568,1984,3030,9036,1678,1284,3024,3050,8967,4949,1321,2697,7522,2100,1521,3901,3682,1305,2377,6218,2607,3611,1513,1513,8856,3564,2529,1530,1233,24367,2483,11191,7221,3472,15749,8016,7733,17148,8044,9104,12343,1593,4982,1472,4296,,,,,,,,,,,,,,,,,,,,,
2026/7/16,10:00~17:00,平均停等延滯,44.8,45.6,42.4,19.3,21.2,28.1,25.9,0,19.7,46.5,47,37.2,50.4,46.3,26.2,24.5,36.1,24.5,25.3,10.5,30.3,31.2,9.7,7.4,10.9,6.9,12.7,2.7,33.6,33.6,24.3,25.3,0.2,59.5,27,7.4,18.9,8.7,2.9,4,0.6,1.2,0,0,0,0,15.2,0.9,16.8,27,14.5,,,,,,,,,,,,,,,,,,,,,
2026/7/16,17:00~20:00,總停等延滯,853508,603286,250222,0,137496,67032,34973,0,35491,250692,38804,25889,63741,122258,128598,65429,23445,39724,86500,16552,20485,49463,27152,12430,14722,38924,25954,12970,29306,29306,154840,61508,2771,66989,23572,0,0,0,0,0,0,0,0,0,0,0,0,0,0,0,0,159,184.6,224.2,185.6,231.8,360,238.7,nan,100.8,160.8,72.9,221.3,177.3,201.8,186.7,136.5,0,142.7,104.7,0,150.5
2026/7/16,17:00~20:00,通過量,16255,11533,4722,7972,6084,2470,1046,986,1582,4204,787,638,1243,1536,4905,2730,684,1491,3415,1329,753,1333,2000,856,1144,3470,1593,1877,835,835,5074,2043,1211,1075,745,10063,1010,4907,3054,1092,7000,3079,3921,7420,2988,4432,4916,817,2044,537,1518,,,,,,,,,,,,,,,,,,,,,
2026/7/16,17:00~20:00,平均停等延滯,52.5,52.3,53,0,22.6,27.1,33.4,0,22.4,59.6,49.3,40.6,51.3,79.6,26.2,24,34.3,26.6,25.3,12.5,27.2,37.1,13.6,14.5,12.9,11.2,16.3,6.9,35.1,35.1,30.5,30.1,2.3,62.3,31.6,0,0,0,0,0,0,0,0,0,0,0,0,0,0,0,0,,,,,,,,,,,,,,,,,,,,,
2026/7/16,10:00~12:00,總停等延滯,369357,285461,83896,172179,73236,39010,21052,0,13174,106355,20170,11402,43560,31223,56172,30316,11326,14530,49698,5713,12979,31006,7741,2182,5559,10234,7910,2324,11876,11876,54045,22940,98,24458,6549,87871,25282,50695,4990,6904,1747,1733,14,0,0,0,82561,499,36353,18076,27633,153.9,183.8,163.5,106.2,218.4,496.5,209.1,nan,99,153.9,65.2,165.4,108.2,251.6,198.2,88,0,82.9,127.6,0,262
2026/7/16,10:00~12:00,通過量,8225,6082,2143,5353,3105,1336,687,463,619,2430,455,295,916,764,2274,1312,330,632,1942,523,432,987,952,326,626,1668,740,928,373,373,2316,872,744,436,264,6784,690,3255,1832,1007,4179,2134,2045,4517,2078,2439,3151,422,1321,389,1019,,,,,,,,,,,,,,,,,,,,,
2026/7/16,10:00~12:00,平均停等延滯,44.9,46.9,39.1,32.2,23.6,29.2,30.6,0,21.3,43.8,44.3,38.7,47.6,40.9,24.7,23.1,34.3,23,25.6,10.9,30,31.4,8.1,6.7,8.9,6.1,10.7,2.5,31.8,31.8,23.3,26.3,0.1,56.1,24.8,13,36.6,15.6,2.7,6.9,0.4,0.8,0,0,0,0,26.2,1.2,27.5,46.5,27.1,,,,,,,,,,,,,,,,,,,,,
2026/7/16,14:00~16:00,總停等延滯,408771,309096,99675,7528,75849,39280,17418,0,19151,115108,22461,14681,39536,38430,64068,32237,12346,19485,54071,6672,10957,36442,10656,3068,7588,11276,8934,2342,15121,15121,62622,28393,93,23548,10588,4135,1157,1843,926,209,472,472,0,0,0,0,2921,3,1056,786,1076,152,200.1,279.5,148.2,220,421.3,257.1,nan,105.2,151.9,68.4,304,152.7,224.9,195.9,159.2,0,76.8,181.1,0,144.5
2026/7/16,14:00~16:00,通過量,9336,7007,2329,5589,3774,1461,786,590,937,2445,484,349,771,841,2506,1443,346,717,2130,560,399,1171,1014,390,624,1858,727,1131,459,459,2552,1072,717,399,364,6971,661,3127,2207,976,4618,2394,2224,4889,2363,2526,3727,435,1491,395,1406,,,,,,,,,,,,,,,,,,,,,
2026/7/16,14:00~16:00,平均停等延滯,43.8,44.1,42.8,1.3,20.1,26.9,22.2,0,20.4,47.1,46.4,42.1,51.3,45.7,25.6,22.3,35.7,27.2,25.4,11.9,27.5,31.1,10.5,7.9,12.2,6.1,12.3,2.1,32.9,32.9,24.5,26.5,0.1,59,29.1,0.6,1.8,0.6,0.4,0.2,0.1,0.2,0,0,0,0,0.8,0,0.7,2,0.8,,,,,,,,,,,,,,,,,,,,,
2026/7/16,16:00~19:00,總停等延滯,921005,640887,280118,0,146345,72753,36296,0,37296,260534,38452,26142,69563,126377,141893,72087,26385,43421,92115,16582,21569,53964,28502,12906,15596,44284,29664,14620,34606,34606,172726,66736,3072,74716,28202,0,0,0,0,0,0,0,0,0,0,0,0,0,0,0,0,158.9,222.6,220,160.3,228.7,429.7,240.6,nan,103.2,161.1,70,219.4,151.6,239.9,243.7,144.4,0,141.3,107.6,0,160.5
2026/7/16,16:00~19:00,通過量,17338,12296,5042,8674,6354,2624,1153,932,1645,4186,760,675,1216,1535,5270,2896,730,1644,3639,1349,763,1527,2136,924,1212,3885,1757,2128,949,949,5358,2189,1391,915,863,10985,1091,5389,3240,1265,7174,3218,3956,7780,3142,4638,5105,864,2047,603,1591,,,,,,,,,,,,,,,,,,,,,
2026/7/16,16:00~19:00,平均停等延滯,53.1,52.1,55.6,0,23,27.7,31.5,0,22.7,62.2,50.6,38.7,57.2,82.3,26.9,24.9,36.1,26.4,25.3,12.3,28.3,35.3,13.3,14,12.9,11.4,16.9,6.9,36.5,36.5,32.2,30.5,2.2,81.7,32.7,0,0,0,0,0,0,0,0,0,0,0,0,0,0,0,0,,,,,,,,,,,,,,,,,,,,,
2026/7/16,20:00~23:00,總停等延滯,425935,335286,90649,0,72994,37939,13609,0,21446,138661,23296,15886,40395,59084,67285,32835,17207,17243,56346,11366,10601,34379,8646,2201,6445,12282,8115,4167,13357,13357,56364,39758,58,8526,8022,0,0,0,0,0,0,0,0,0,0,0,0,0,0,0,0,160.5,289.5,206,210.6,241.7,486.4,278.2,nan,112.5,163.6,81.3,225.4,212.8,193.2,278.9,143,0,87.9,224.1,0,185.8
2026/7/16,20:00~23:00,通過量,9573,7251,2322,5404,4018,1610,555,963,890,3347,676,426,1100,1145,2731,1485,427,819,2154,775,380,999,1145,439,706,1597,934,663,385,385,3053,1555,616,439,443,6312,525,2814,2395,578,5000,2540,2460,5414,2666,2748,3972,456,1451,345,1720,,,,,,,,,,,,,,,,,,,,,
2026/7/16,20:00~23:00,平均停等延滯,44.5,46.2,39,0,18.2,23.6,24.5,0,24.1,41.4,34.5,37.3,36.7,51.6,24.6,22.1,40.3,21.1,26.2,14.7,27.9,34.4,7.6,5,9.1,7.7,8.7,6.3,34.7,34.7,18.5,25.6,0.1,19.4,18.1,0,0,0,0,0,0,0,0,0,0,0,0,0,0,0,0,,,,,,,,,,,,,,,,,,,,,
2026/7/17,07:00~09:00,總停等延滯,540080,392574,147506,246148,79564,42078,22911,0,14575,153488,27026,18104,41324,67034,79897,35277,23727,20893,79625,7808,17813,54004,19154,1959,17195,17524,13172,4352,18290,18290,92538,31656,863,47622,12397,112982,20968,49943,31331,10740,30244,30194,50,0,0,0,102922,1938,41459,22832,36693,153.2,200,161,125.8,212.7,423.8,206.9,nan,103.7,154.1,60.4,161.3,126.1,228.6,196.3,124.4,0,96.2,114.9,0,140.9
2026/7/17,07:00~09:00,通過量,10647,7544,3103,5646,3454,1337,831,651,635,2683,548,348,797,990,2787,1275,703,809,2599,708,515,1376,1467,352,1115,1940,815,1125,510,510,3317,1076,1213,632,396,7459,608,3340,2224,1287,4692,2803,1889,5475,2730,2745,3723,738,1287,537,1161,,,,,,,,,,,,,,,,,,,,,
2026/7/17,07:00~09:00,平均停等延滯,50.7,52,47.5,43.6,23,31.5,27.6,0,23,57.2,49.3,52,51.8,67.7,28.7,27.7,33.8,25.8,30.6,11,34.6,39.2,13.1,5.6,15.4,9,16.2,3.9,35.9,35.9,27.9,29.4,0.7,75.4,31.3,15.1,34.5,15,14.1,8.3,6.4,10.8,0,0,0,0,27.6,2.6,32.2,42.5,31.6,,,,,,,,,,,,,,,,,,,,,
2026/7/17,10:00~17:00,總停等延滯,1655981,1266415,389566,786731,273853,143354,67469,0,63030,521619,97788,54702,181306,187823,255777,124449,57397,73931,215166,26029,49883,139254,46863,12111,34752,52926,43052,9874,49771,49771,240006,101864,5030,101789,31323,376303,82563,174054,94562,25124,60982,60852,130,0,0,0,349446,20135,151590,61209,116512,150.5,311.2,192.9,158.4,213.3,644.6,261.8,nan,116.2,150.6,62.8,194,158.4,353.4,323.8,146.5,0,80.3,180,0,162.8
2026/7/17,10:00~17:00,通過量,34751,26273,8478,19204,13185,5271,2502,2226,3186,10164,1984,1355,3395,3430,9837,5351,1659,2827,8256,2213,1748,4295,4367,1624,2743,6778,3077,3701,1510,1510,9190,3846,2592,1604,1148,24662,2394,10934,7727,3607,16342,8372,7970,17507,8361,9146,12607,1666,5065,1441,4435,,,,,,,,,,,,,,,,,,,,,
2026/7/17,10:00~17:00,平均停等延滯,47.7,48.2,46,41,20.8,27.2,27,0,19.8,51.3,49.3,40.4,53.4,54.8,26,23.3,34.6,26.2,26.1,11.8,28.5,32.4,10.7,7.5,12.7,7.8,14,2.7,33,33,26.1,26.5,1.9,63.5,27.3,15.3,34.5,15.9,12.2,7,3.7,7.3,0,0,0,0,27.7,12.1,29.9,42.5,26.3,,,,,,,,,,,,,,,,,,,,,
2026/7/17,17:00~20:00,總停等延滯,1070668,807645,263023,407956,144880,69414,35672,0,39794,372444,76727,36054,118030,141633,177026,73228,51379,52419,113295,28489,23726,61080,33711,8900,24811,33278,25908,7370,30999,30999,165035,66519,568,74612,23336,207352,39391,82596,80275,5090,37644,37521,123,0,0,0,162960,9553,84506,21645,47256,159.3,414.2,191,117.9,231.4,600.7,195.9,nan,100.5,160.8,72.4,190.5,120.9,225.7,446,140.3,0,85.8,109.4,0,202.9
2026/7/17,17:00~20:00,通過量,18233,13467,4766,8807,6391,2594,1224,996,1577,5374,1192,710,1546,1926,5553,2714,1056,1783,4260,1663,947,1650,2266,807,1459,3609,1693,1916,843,843,5329,2213,1197,1158,761,11025,1215,5417,3214,1179,7262,3129,4133,7539,2990,4549,5333,879,2279,548,1627,,,,,,,,,,,,,,,,,,,,,
2026/7/17,17:00~20:00,平均停等延滯,58.7,60,55.2,46.3,22.7,26.8,29.1,0,25.2,69.3,64.4,50.8,76.3,73.5,31.9,27,48.7,29.4,26.6,17.1,25.1,37,14.9,11,17,9.2,15.3,3.8,36.8,36.8,31,30.1,0.5,64.4,30.7,18.8,32.4,15.2,25,4.3,5.2,12,0,0,0,0,30.6,10.9,37.1,39.5,29,,,,,,,,,,,,,,,,,,,,,
2026/7/17,10:00~12:00,總停等延滯,433319,325876,107443,171074,73603,41272,19985,0,12346,129934,24860,15152,45064,44858,62891,32099,14931,15861,59448,6458,14106,38884,14943,3864,11079,13054,11265,1789,13119,13119,66327,27550,2202,28074,8501,75981,18909,42283,8314,6475,3901,3893,8,0,0,0,91192,1626,41800,15275,32491,152,222.4,180,147.8,215.9,444.9,189.7,nan,106,152,63.9,180.1,150.1,227.6,260.9,122.3,0,82.1,110.3,0,121.1
2026/7/17,10:00~12:00,通過量,9352,6947,2405,5255,3385,1501,699,600,585,2663,532,314,932,885,2683,1566,409,708,2429,583,484,1362,1252,385,867,1919,868,1051,375,375,2758,1113,781,550,314,6852,670,3150,1986,1046,4416,2254,2162,4742,2168,2574,3430,462,1533,358,1077,,,,,,,,,,,,,,,,,,,,,
2026/7/17,10:00~12:00,平均停等延滯,46.3,46.9,44.7,32.6,21.7,27.5,28.6,0,21.1,48.8,46.7,48.3,48.4,50.7,23.4,20.5,36.5,22.4,24.5,11.1,29.1,28.5,11.9,10,12.8,6.8,13,1.7,35,35,24,24.8,2.8,51,27.1,11.1,28.2,13.4,4.2,6.2,0.9,1.7,0,0,0,0,26.6,3.5,27.3,42.7,30.2,,,,,,,,,,,,,,,,,,,,,
2026/7/17,14:00~16:00,總停等延滯,473333,364739,108594,248052,80232,41375,18204,0,20653,150902,30024,14087,54510,52281,74272,36650,14133,23489,59333,7535,14264,37534,11432,3161,8271,17122,14318,2804,14443,14443,65597,28306,1732,26960,8599,119665,25572,53223,32653,8217,18687,18582,105,0,0,0,109700,13883,42403,18154,35260,150.7,291.9,200,177.3,209.4,594.4,236.9,nan,128.7,150.7,58.9,202.6,176.1,413.6,285.8,158.1,0,83.7,158.6,0,237.8
2026/7/17,14:00~16:00,通過量,10385,7914,2471,5468,4081,1495,743,669,1174,2950,593,419,939,999,2729,1479,442,808,2497,663,499,1335,1198,476,722,1867,896,971,444,444,2562,1011,791,434,326,6996,676,2969,2306,1045,4830,2468,2362,5137,2530,2607,3615,468,1324,382,1441,,,,,,,,,,,,,,,,,,,,,
2026/7/17,14:00~16:00,平均停等延滯,45.6,46.1,43.9,45.4,19.7,27.7,24.5,0,17.6,51.2,50.6,33.6,58.1,52.3,27.2,24.8,32,29.1,23.8,11.4,28.6,28.1,9.5,6.6,11.5,9.2,16,2.9,32.5,32.5,25.6,28,2.2,62.1,26.4,17.1,37.8,17.9,14.2,7.9,3.9,7.5,0,0,0,0,30.3,29.7,32,47.5,24.5,,,,,,,,,,,,,,,,,,,,,
2026/7/17,16:00~19:00,總停等延滯,1051259,772113,279146,457426,146709,68805,35812,0,42092,343180,66170,32459,112895,131656,166882,68825,47186,50871,115342,23535,24375,67432,33599,10054,23545,37172,29011,8161,35580,35580,172795,69357,1175,76292,25971,237782,40205,85076,105345,7156,53025,52901,124,0,0,0,166619,12064,82623,27568,44364,156,419.9,182.4,123.4,228.1,693.9,211.3,nan,105.3,157.1,72.5,183.8,126.2,300.1,443.1,149.7,0,81.5,136,0,144.6
2026/7/17,16:00~19:00,通過量,18002,13136,4866,9011,6387,2586,1203,928,1670,4945,1093,633,1528,1691,5459,2715,1005,1739,4090,1481,935,1674,2336,893,1443,3822,1847,1975,939,939,5304,2270,1304,902,828,11348,1240,5410,3328,1370,6970,3171,3799,7501,3101,4400,5349,933,2055,731,1630,,,,,,,,,,,,,,,,,,,,,
2026/7/17,16:00~19:00,平均停等延滯,58.4,58.8,57.4,50.8,23,26.6,29.8,0,25.2,69.4,60.5,51.3,73.9,77.9,30.6,25.3,47,29.3,28.2,15.9,26.1,40.3,14.4,11.3,16.3,9.7,15.7,4.1,37.9,37.9,32.6,30.6,0.9,84.6,31.4,21,32.4,15.7,31.7,5.2,7.6,16.7,0,0,0,0,31.1,12.9,40.2,37.7,27.2,,,,,,,,,,,,,,,,,,,,,
2026/7/17,20:00~23:00,總停等延滯,603905,489575,114330,237428,97124,49688,18587,0,28849,235065,44400,22750,71192,96723,90294,41778,22516,26000,67092,19024,13339,34729,17340,4213,13127,12627,11420,1207,14342,14342,70021,46428,75,16956,6562,99133,27957,55722,14333,1121,8745,8745,0,0,0,0,129550,616,54065,13546,61323,148.5,257.1,191.1,148,233.9,477.2,173.7,nan,101.5,149.8,84.1,196.2,147.4,233.4,271.5,147.3,0,72.7,100.8,0,156.1
2026/7/17,20:00~23:00,通過量,12098,9345,2753,6522,4922,1940,752,1060,1170,4764,997,648,1390,1729,3427,1765,584,1078,2585,1141,489,955,1418,552,866,1907,1074,833,420,420,3378,1597,838,647,296,7508,628,3408,2792,680,5976,2946,3030,6391,3076,3315,4733,475,1772,362,2124,,,,,,,,,,,,,,,,,,,,,
2026/7/17,20:00~23:00,平均停等延滯,49.9,52.4,41.5,36.4,19.7,25.6,24.7,0,24.7,49.3,44.5,35.1,51.2,55.9,26.3,23.7,38.6,24.1,26,16.7,27.3,36.4,12.2,7.6,15.2,6.6,10.6,1.4,34.1,34.1,20.7,29.1,0.1,26.2,22.2,13.2,44.5,16.4,5.1,1.6,1.5,3,0,0,0,0,27.4,1.3,30.5,37.4,28.9,,,,,,,,,,,,,,,,,,,,,
2026/7/18,07:00~09:00,總停等延滯,279836,221880,57956,137622,56809,38252,11046,0,7511,86415,21285,4014,28767,32349,41848,23461,9221,9166,36808,3930,8960,23918,4459,642,3817,6699,6003,696,7784,7784,39014,13669,0,19348,5997,65035,15126,33098,13105,3706,4934,4928,6,0,0,0,67653,128,31404,12906,23215,169.8,161.8,160.1,126.4,227.7,307.1,143.9,nan,97.5,170.7,58,152.9,124.3,144.2,159.3,0,0,66.4,76.5,0,109.5
2026/7/18,07:00~09:00,通過量,6418,4859,1559,3497,2387,1085,397,504,401,2071,458,204,610,799,1650,875,296,479,1643,445,308,890,768,248,520,1013,450,563,252,252,1609,550,597,241,221,4530,372,2098,1309,751,2950,1657,1293,3710,1653,2057,2415,385,1003,290,737,,,,,,,,,,,,,,,,,,,,,
2026/7/18,07:00~09:00,平均停等延滯,43.6,45.7,37.2,39.4,23.8,35.3,27.8,0,18.7,41.7,46.5,19.7,47.2,40.5,25.4,26.8,31.2,19.1,22.4,8.8,29.1,26.9,5.8,2.6,7.3,6.6,13.3,1.2,30.9,30.9,24.2,24.9,0,80.3,27.1,14.4,40.7,15.8,10,4.9,1.7,3,0,0,0,0,28,0.3,31.3,44.5,31.5,,,,,,,,,,,,,,,,,,,,,
2026/7/18,10:00~17:00,總停等延滯,2288751,1867667,421084,995450,387405,102559,165163,0,119683,753116,126058,80609,236261,310188,424026,201303,102791,119932,303120,26645,66104,210371,48904,6051,42853,67028,47320,19708,54599,54599,250553,92007,1618,121137,35791,348446,63753,142343,124093,18257,117076,116323,753,0,0,0,529928,49317,263514,71992,145105,158.7,269.7,196.2,147,256.5,604.6,255.8,nan,123.8,158.5,97.4,204.8,149.3,331.4,272.3,118.3,0,89.5,179.3,0,125.8
2026/7/18,10:00~17:00,通過量,38100,29600,8500,19257,15786,6012,3186,2359,4229,10650,2057,1333,3628,3632,12920,7277,2415,3228,8129,2564,2014,3551,4309,1169,3140,6879,2711,4168,1561,1561,9303,3533,2909,1554,1307,23628,1943,11014,7788,2883,18981,9158,9823,19628,8819,10809,13165,1835,5030,1378,4922,,,,,,,,,,,,,,,,,,,,,
2026/7/18,10:00~17:00,平均停等延滯,60.1,63.1,49.5,51.7,24.5,17.1,51.8,0,28.3,70.7,61.3,60.5,65.1,85.4,32.8,27.7,42.6,37.2,37.3,10.4,32.8,59.2,11.3,5.2,13.6,9.7,17.5,4.7,35,35,26.9,26,0.6,78,27.4,14.7,32.8,12.9,15.9,6.3,6.2,12.7,0.1,0,0,0,40.3,26.9,52.4,52.2,29.5,,,,,,,,,,,,,,,,,,,,,
2026/7/18,17:00~20:00,總停等延滯,876975,696398,180577,406665,126934,63840,46825,0,16269,278819,43516,34488,94300,106515,175283,91714,37556,46013,115362,12642,29237,73483,14861,3492,11369,33181,25307,7874,23007,23007,109528,45808,675,44828,18217,145308,29439,60281,48053,7535,44021,43969,52,0,0,0,217336,27261,93520,27522,69033,167.1,245.3,176.2,172.7,256.6,567.1,167.3,nan,127.6,167.9,89.7,179.5,180.2,325.2,254.8,150.5,0,77.1,90.1,0,161.8
2026/7/18,17:00~20:00,通過量,15450,11939,3511,6934,6715,2387,1155,959,2214,4425,823,581,1714,1307,5147,2746,747,1654,2962,1068,757,1137,1605,560,1045,2734,1308,1426,696,696,4130,1875,979,668,608,9535,793,4038,3582,1122,7296,3730,3566,7941,3779,4162,4978,1166,1709,470,1633,,,,,,,,,,,,,,,,,,,,,
2026/7/18,17:00~20:00,平均停等延滯,56.8,58.3,51.4,58.6,18.9,26.7,40.5,0,7.3,63,52.9,59.4,55,81.5,34.1,33.4,50.3,27.8,38.9,11.8,38.6,64.6,9.3,6.2,10.9,12.1,19.3,5.5,33.1,33.1,26.5,24.4,0.7,67.1,30,15.2,37.1,14.9,13.4,6.7,6,11.8,0,0,0,0,43.7,23.4,54.7,58.6,42.3,,,,,,,,,,,,,,,,,,,,,
2026/7/18,10:00~12:00,總停等延滯,605832,484627,121205,240986,88892,25883,50975,0,12034,202211,35436,18217,58075,90483,107631,50246,31698,25687,85893,6486,18475,60932,14996,1512,13484,16908,11806,5102,15460,15460,73841,24062,754,39964,9061,87135,14898,38468,28956,4813,24663,23922,741,0,0,0,129188,9709,65644,18577,35258,160.1,221.2,183.4,140.6,256.7,493.5,351.6,nan,103.3,160.1,96.4,188.6,139.2,290.6,219.6,0,0,101.7,278.3,0,141.4
2026/7/18,10:00~12:00,通過量,10168,7797,2371,5271,3894,1693,841,617,743,2968,584,325,1000,1059,3312,1760,761,791,2278,694,579,1005,1342,317,1025,1864,671,1193,427,427,2661,1034,812,461,354,6383,547,3040,2042,754,5323,2526,2797,5353,2444,2909,3684,543,1457,388,1296,,,,,,,,,,,,,,,,,,,,,
2026/7/18,10:00~12:00,平均停等延滯,59.6,62.2,51.1,45.7,22.8,15.3,60.6,0,16.2,68.1,60.7,56.1,58.1,85.4,32.5,28.5,41.7,32.5,37.7,9.3,31.9,60.6,11.2,4.8,13.2,9.1,17.6,4.3,36.2,36.2,27.7,23.3,0.9,86.7,25.6,13.7,27.2,12.7,14.2,6.4,4.6,9.5,0.3,0,0,0,35.1,17.9,45.1,47.9,27.2,,,,,,,,,,,,,,,,,,,,,
2026/7/18,14:00~16:00,總停等延滯,707857,585540,122317,307358,132584,27800,51846,0,52938,234538,38024,24753,78677,93084,131953,59424,27924,44605,86465,7841,18041,60583,13392,1328,12064,22932,15234,7698,15314,15314,70679,29554,260,31522,9343,101338,18826,39648,35871,6993,42426,42426,0,0,0,0,163594,20817,76146,21176,45455,158.4,216.7,208.3,121.9,268.3,518.4,176.6,nan,135.2,158,109.4,218.7,125.4,302.6,227.5,133.3,0,83.7,92.7,0,129.3
2026/7/18,14:00~16:00,通過量,11181,8745,2436,5480,4750,1679,852,713,1506,3010,561,370,1004,1075,4022,2345,669,1008,2343,757,563,1023,1219,339,880,1973,859,1114,477,477,2582,962,843,430,347,6791,513,3078,2306,894,5513,2752,2761,5782,2638,3144,3827,546,1392,402,1487,,,,,,,,,,,,,,,,,,,,,
2026/7/18,14:00~16:00,平均停等延滯,63.3,67,50.2,56.1,27.9,16.6,60.9,0,35.2,77.9,67.8,66.9,78.4,86.6,32.8,25.3,41.7,44.3,36.9,10.4,32,59.2,11,3.9,13.7,11.6,17.7,6.9,32.1,32.1,27.4,30.7,0.3,73.3,26.9,14.9,36.7,12.9,15.6,7.8,7.7,15.4,0,0,0,0,42.7,38.1,54.7,52.7,30.6,,,,,,,,,,,,,,,,,,,,,
2026/7/18,16:00~19:00,總停等延滯,977186,768702,208484,465552,140121,67922,52489,0,19710,308106,42778,36239,98671,130418,194989,100682,46559,47748,125486,13074,31751,80661,19691,4664,15027,35584,27899,7685,27639,27639,125570,51200,955,50585,22830,170719,30996,65286,65862,8575,56648,56596,52,0,0,0,238185,30907,108933,32128,66217,165.7,322.5,207.1,207.9,256.1,705.5,170.9,nan,125.2,165.9,90.5,216.4,208.9,383,329.9,146,0,80.7,90.2,0,118.6
2026/7/18,16:00~19:00,通過量,16497,12693,3804,7784,7151,2551,1300,962,2338,4381,792,547,1641,1401,5573,3082,877,1614,3201,1136,821,1244,1757,594,1163,3056,1442,1614,724,724,4294,1808,1161,612,713,10422,935,4583,3681,1223,7768,3887,3881,8295,3709,4586,4951,1005,1680,539,1727,,,,,,,,,,,,,,,,,,,,,
2026/7/18,16:00~19:00,平均停等延滯,59.2,60.6,54.8,59.8,19.6,26.6,40.4,0,8.4,70.3,54,66.3,60.1,93.1,35,32.7,53.1,29.6,39.2,11.5,38.7,64.8,11.2,7.9,12.9,11.6,19.3,4.8,38.2,38.2,29.2,28.3,0.8,82.7,32,16.4,33.2,14.2,17.9,7,7.3,14.6,0,0,0,0,48.1,30.8,64.8,59.6,38.3,,,,,,,,,,,,,,,,,,,,,
2026/7/18,20:00~23:00,總停等延滯,507067,416308,90759,261909,89606,37399,20629,0,31578,172284,27834,25106,44866,74478,90096,45374,15374,29348,64322,11743,13779,38800,10315,2596,7719,10824,9672,1152,11236,11236,58384,39329,30,12792,6233,107520,23927,43629,35579,4385,28295,28295,0,0,0,0,126094,5456,45699,14235,60704,175.4,170.4,217.2,151.7,265.6,396.2,160.1,nan,132.3,174.7,89.6,220.8,157.2,226.7,177.2,147.1,0,72.2,87.7,0,165.7
2026/7/18,20:00~23:00,通過量,11179,8725,2454,5976,4969,1565,600,916,1888,3509,615,511,1102,1281,3260,1581,425,1254,2123,922,407,794,1146,494,652,1559,947,612,356,356,3214,1610,690,596,318,7396,525,2761,3217,893,5849,3281,2568,6054,3276,2778,4304,577,1037,318,2372,,,,,,,,,,,,,,,,,,,,,
2026/7/18,20:00~23:00,平均停等延滯,45.4,47.7,37,43.8,18,23.9,34.4,0,16.7,49.1,45.3,49.1,40.7,58.1,27.6,28.7,36.2,23.4,30.3,12.7,33.9,48.9,9,5.3,11.8,6.9,10.2,1.9,31.6,31.6,18.2,24.4,0,21.5,19.6,14.5,45.6,15.8,11.1,4.9,4.8,8.6,0,0,0,0,29.3,9.5,44.1,44.8,25.6,,,,,,,,,,,,,,,,,,,,,
2026/7/19,07:00~09:00,總停等延滯,171327,138376,32951,79430,34263,20982,7834,0,5447,54123,13521,2555,21224,16823,28741,15978,7523,5240,21249,2167,4426,14656,1556,228,1328,3807,3502,305,5080,5080,22508,7348,83,11071,4006,45848,13913,25257,5678,1000,166,166,0,0,0,0,33416,2,14964,5304,13146,171.6,246.6,151.2,190.6,233.1,408.3,127,nan,90.6,170.6,62.7,151.9,175.7,188.4,293.4,150.7,0,63.4,61.9,0,104.5
2026/7/19,07:00~09:00,通過量,4122,3059,1063,2034,1539,760,243,259,277,1284,331,126,376,451,1174,605,235,334,978,345,173,460,526,169,357,713,315,398,157,157,1143,406,385,180,172,2727,213,1225,797,492,1785,994,791,2428,1083,1345,1346,224,526,170,426,,,,,,,,,,,,,,,,,,,,,
2026/7/19,07:00~09:00,平均停等延滯,41.6,45.2,31,39.1,22.3,27.6,32.2,0,19.7,42.2,40.8,20.3,56.4,37.3,24.5,26.4,32,15.7,21.7,6.3,25.6,31.9,3,1.3,3.7,5.3,11.1,0.8,32.4,32.4,19.7,18.1,0.2,61.5,23.3,16.8,65.3,20.6,7.1,2,0.1,0.2,0,0,0,0,24.8,0,28.4,31.2,30.9,,,,,,,,,,,,,,,,,,,,,
2026/7/19,10:00~17:00,總停等延滯,2256295,1852170,404125,899618,349308,105144,113708,0,130456,781770,132385,81574,253665,314146,432054,217108,96865,118081,289038,26084,61190,201764,47526,6800,40726,65677,41276,24401,52733,52733,238189,82290,1562,121009,33328,306085,64448,141739,85327,14571,84640,84618,22,0,0,0,508893,18440,256188,62634,171631,159.9,337.9,185.9,130.1,254.9,670.2,172,nan,134.9,160.3,96.1,195.1,133.4,327.8,390.9,140,0,82.3,89.5,0,222.8
2026/7/19,10:00~17:00,通過量,35810,28106,7704,17113,15171,6003,2828,2269,4071,10414,2202,1316,3446,3450,12448,7078,2289,3081,7706,2638,1999,3069,4077,1071,3006,6513,2476,4037,1433,1433,8444,3244,2659,1358,1183,21229,1728,10033,6948,2520,17267,7942,9325,18801,8170,10631,11617,1606,4659,1115,4237,,,,,,,,,,,,,,,,,,,,,
2026/7/19,10:00~17:00,平均停等延滯,63,65.9,52.5,52.6,23,17.5,40.2,0,32,75.1,60.1,62,73.6,91.1,34.7,30.7,42.3,38.3,37.5,9.9,30.6,65.7,11.7,6.3,13.5,10.1,16.7,6,36.8,36.8,28.2,25.4,0.6,89.1,28.2,14.4,37.3,14.1,12.3,5.8,4.9,10.7,0,0,0,0,43.8,11.5,55,56.2,40.5,,,,,,,,,,,,,,,,,,,,,
2026/7/19,17:00~20:00,總停等延滯,917076,744805,172271,412626,122828,61930,41507,0,19391,346914,56091,34770,94042,162011,164367,80837,37643,45887,110696,14945,25141,70610,16023,3241,12782,31569,24747,6822,20324,20324,104355,46983,127,41716,15529,150947,31163,58318,52909,8557,57321,57321,0,0,0,0,204358,13970,83802,23381,83205,159.8,246.4,199.2,149,256.7,553.4,209.4,nan,142.3,160,97.8,209.1,157,331.6,249,161.9,0,124.1,92,0,284.4
2026/7/19,17:00~20:00,通過量,15670,12242,3428,7089,6680,2367,973,1057,2283,4852,1043,588,1607,1614,4890,2516,860,1514,3327,1284,837,1206,1580,563,1017,2647,1339,1308,613,613,4002,1750,979,755,518,8910,541,3567,3538,1264,7123,3872,3251,7720,4012,3708,5365,871,1513,455,2526,,,,,,,,,,,,,,,,,,,,,
2026/7/19,17:00~20:00,平均停等延滯,58.5,60.8,50.3,58.2,18.4,26.2,42.7,0,8.5,71.5,53.8,59.1,58.5,100.4,33.6,32.1,43.8,30.3,33.3,11.6,30,58.5,10.1,5.8,12.6,11.9,18.5,5.2,33.2,33.2,26.1,26.8,0.1,55.3,30,16.9,57.6,16.3,15,6.8,8,14.8,0,0,0,0,38.1,16,55.4,51.4,32.9,,,,,,,,,,,,,,,,,,,,,
2026/7/19,10:00~12:00,總停等延滯,515843,410574,105269,198071,63978,21850,29089,0,13039,157471,31171,14794,51912,59594,104074,56827,24560,22687,85051,5526,15207,64318,12996,935,12061,16213,8061,8152,11887,11887,64173,17625,322,36790,9436,70558,16883,35960,16560,1155,8810,8810,0,0,0,0,118703,1766,66690,12964,37283,161.1,440.3,171.5,116.5,252,764.1,170.9,nan,105.8,161.7,92.4,174.9,118.4,361.4,565,152.3,0,81.8,88.6,0,87.3
2026/7/19,10:00~12:00,通過量,8882,6888,1994,4291,3497,1553,727,528,689,2646,516,314,969,847,3178,1848,657,673,2089,661,492,936,1096,237,859,1768,503,1265,334,334,2178,755,656,452,315,5216,462,2649,1555,550,4461,1959,2502,4757,1945,2812,2901,428,1293,266,914,,,,,,,,,,,,,,,,,,,,,
2026/7/19,10:00~12:00,平均停等延滯,58.1,59.6,52.8,46.2,18.3,14.1,40,0,18.9,59.5,60.4,47.1,53.6,70.4,32.7,30.8,37.4,33.7,40.7,8.4,30.9,68.7,11.9,3.9,14,9.2,16,6.4,35.6,35.6,29.5,23.3,0.5,81.4,30,13.5,36.5,13.6,10.6,2.1,2,4.5,0,0,0,0,40.9,4.1,51.6,48.7,40.8,,,,,,,,,,,,,,,,,,,,,
2026/7/19,14:00~16:00,總停等延滯,772185,648559,123626,303050,130811,35149,36566,0,59096,291298,44702,32020,88184,126392,139785,64194,30695,44896,86665,7918,19147,59600,15787,3105,12682,19000,14627,4373,17105,17105,71734,29175,712,32532,9315,105054,20625,45133,33380,5916,39901,39891,10,0,0,0,158095,7501,79384,20192,51018,162.4,230.9,207.4,144.8,258.3,443.1,173.5,nan,120.2,162.3,96.2,235.5,144.3,270.5,221.6,125.4,0,83.9,89.2,0,326.9
2026/7/19,14:00~16:00,通過量,11261,8835,2426,5269,5015,1840,852,762,1561,3054,694,386,939,1035,3847,2121,704,1022,2277,842,640,795,1283,367,916,2019,875,1144,485,485,2613,1039,895,337,342,6699,498,3066,2336,799,5452,2569,2883,5790,2631,3159,3666,502,1459,346,1359,,,,,,,,,,,,,,,,,,,,,
2026/7/19,14:00~16:00,平均停等延滯,68.6,73.4,51,57.5,26.1,19.1,42.9,0,37.9,95.4,64.4,83,93.9,122.1,36.3,30.3,43.6,43.9,38.1,9.4,29.9,75,12.3,8.5,13.8,9.4,16.7,3.8,35.3,35.3,27.5,28.1,0.8,96.5,27.2,15.7,41.4,14.7,14.3,7.4,7.3,15.5,0,0,0,0,43.1,14.9,54.4,58.4,37.5,,,,,,,,,,,,,,,,,,,,,
2026/7/19,16:00~19:00,總停等延滯,988063,799077,188986,445206,138499,68866,47286,0,22347,367000,56864,33982,103349,172805,178184,90972,42082,45130,115394,16332,27688,71374,16815,4043,12772,37075,26086,10989,24743,24743,110353,45819,342,47665,16527,155227,31252,62264,51027,10684,60947,60935,12,0,0,0,229032,12357,96616,31895,88164,157.9,338.3,195.2,152.2,257.8,631.8,170.4,nan,138.2,157.7,102,206.6,162,342.8,369.7,164.6,0,78.3,92,0,246.2
2026/7/19,16:00~19:00,通過量,15889,12349,3540,7419,6846,2474,1088,998,2286,4566,1006,531,1462,1567,5151,2817,902,1432,3361,1292,862,1207,1636,562,1074,2810,1370,1440,672,672,4041,1735,1082,671,553,9241,496,3850,3443,1452,7270,3805,3465,8231,4037,4194,5500,795,1632,519,2554,,,,,,,,,,,,,,,,,,,,,
2026/7/19,16:00~19:00,平均停等延滯,62.2,64.7,53.4,60,20.2,27.8,43.5,0,9.8,80.4,56.5,64,70.7,110.3,34.6,32.3,46.7,31.5,34.3,12.6,32.1,59.1,10.3,7.2,11.9,13.2,19,7.6,36.8,36.8,27.3,26.4,0.3,71,29.9,16.8,63,16.2,14.8,7.4,8.4,16,0,0,0,0,41.6,15.5,59.2,61.5,34.5,,,,,,,,,,,,,,,,,,,,,
2026/7/19,20:00~23:00,總停等延滯,575025,476369,98656,247159,81239,41949,21779,0,17511,237398,43081,26083,56092,112142,92159,42864,21089,28206,65573,13468,13171,38934,12957,2175,10782,11824,11221,603,11824,11824,62051,39764,0,16025,6262,100404,23382,42338,31239,3445,26219,26219,0,0,0,0,120536,1606,50593,12868,55469,176.2,228.4,165.4,183.9,262.4,448.2,173.5,nan,141.2,173.1,85,166.8,178.2,237.6,220.4,144.9,0,91.9,84.6,0,235.8
2026/7/19,20:00~23:00,通過量,10920,8471,2449,5709,4879,1810,624,1099,1346,4250,955,494,1285,1516,2999,1487,562,950,2259,1090,455,714,1284,528,756,1567,898,669,340,340,3102,1521,595,690,296,7032,466,2733,3066,767,5707,3116,2591,6181,3288,2893,4137,454,1173,419,2091,,,,,,,,,,,,,,,,,,,,,
2026/7/19,20:00~23:00,平均停等延滯,52.7,56.2,40.3,43.3,16.7,23.2,34.9,0,13,55.9,45.1,52.8,43.7,74,30.7,28.8,37.5,29.7,29,12.4,28.9,54.5,10.1,4.1,14.3,7.5,12.5,0.9,34.8,34.8,20,26.1,0,23.2,21.2,14.3,50.2,15.5,10.2,4.5,4.6,8.4,0,0,0,0,29.1,3.5,43.1,30.7,26.5,,,,,,,,,,,,,,,,,,,,,
2026/7/20,07:00~09:00,總停等延滯,544968,405092,139876,263296,82647,42216,26151,0,14280,172642,27135,14608,40359,90540,81634,34503,25730,21401,68169,6642,16002,45525,18032,2820,15212,15283,11513,3770,16867,16867,89694,32207,2085,45835,9567,113046,18239,47213,36687,10907,47169,47157,12,0,0,0,103081,1550,37291,23352,40888,146.6,175.8,164,114,214.1,372.3,177.2,nan,170.6,147.1,67.1,164.1,117,197.3,180.6,0,0,74.8,103.1,0,140.4
2026/7/20,07:00~09:00,通過量,10492,7383,3109,5536,3387,1360,748,530,749,2676,533,346,738,1059,2784,1240,703,841,2265,688,505,1072,1303,382,921,1933,810,1123,517,517,3305,1095,1270,554,386,7262,509,3294,2162,1297,4639,2874,1765,5373,2846,2527,3580,689,1158,454,1279,,,,,,,,,,,,,,,,,,,,,
2026/7/20,07:00~09:00,平均停等延滯,51.9,54.9,45,47.6,24.4,31,35,0,19.1,64.5,50.9,42.2,54.7,85.5,29.3,27.8,36.6,25.4,30.1,9.7,31.7,42.5,13.8,7.4,16.5,7.9,14.2,3.4,32.6,32.6,27.1,29.4,1.6,82.7,24.8,15.6,35.8,14.3,17,8.4,10.2,16.4,0,0,0,0,28.8,2.2,32.2,51.4,32,,,,,,,,,,,,,,,,,,,,,
2026/7/20,10:00~17:00,總停等延滯,1408864,1103806,305058,692980,261900,139298,63158,0,59444,430235,73883,53881,170959,131512,228619,117082,43456,68081,183052,20729,43204,119119,27672,7990,19682,37594,30277,7317,44433,44433,195359,81301,200,88970,24888,317965,79638,169352,46429,22546,32147,31003,1144,0,0,0,342868,15183,146608,64603,116474,156.1,233.5,209.7,145.2,217.2,429.9,329.2,nan,113.8,157.6,61,217.5,157.3,192.4,249.2,0,0,155.2,170.8,0,185.8
2026/7/20,10:00~17:00,通過量,29976,22793,7183,18455,12053,4562,2310,2076,3105,8912,1714,1267,3175,2756,8557,4627,1238,2692,6735,1872,1467,3396,3433,1128,2305,5316,2496,2820,1336,1336,8014,3295,2321,1421,977,23653,2246,10868,7205,3334,16182,8208,7974,16611,7804,8807,11781,1529,4911,1453,3888,,,,,,,,,,,,,,,,,,,,,
2026/7/20,10:00~17:00,平均停等延滯,47,48.4,42.5,37.5,21.7,30.5,27.3,0,19.1,48.3,43.1,42.5,53.8,47.7,26.7,25.3,35.1,25.3,27.2,11.1,29.5,35.1,8.1,7.1,8.5,7.1,12.1,2.6,33.3,33.3,24.4,24.7,0.1,62.6,25.5,13.4,35.5,15.6,6.4,6.8,2,3.8,0.1,0,0,0,29.1,9.9,29.9,44.5,30,,,,,,,,,,,,,,,,,,,,,
2026/7/20,17:00~20:00,總停等延滯,736402,539394,197008,310646,122959,58579,30590,0,33790,209761,29967,27217,59954,92623,119162,55456,26812,36894,87512,15250,21921,50341,18131,6482,11649,26604,21796,4808,26349,26349,125924,50943,381,54176,20424,178908,36782,93108,45185,3833,8374,8243,131,0,0,0,123364,8790,56230,20827,37517,148.8,287.5,182.8,140.2,211.6,557.2,198.2,nan,97.5,148.7,62.6,187.3,151.3,294.7,250.5,148.7,0,96.1,102.5,0,142.5
2026/7/20,17:00~20:00,通過量,15208,10901,4307,7727,5443,1969,1061,906,1507,3923,717,569,1200,1437,4417,2194,714,1509,3305,1170,794,1341,1729,659,1070,2946,1498,1448,766,766,4813,1931,1189,979,714,9438,1600,4131,2642,1065,5715,2705,3010,6231,2751,3480,4358,755,1607,543,1453,,,,,,,,,,,,,,,,,,,,,
2026/7/20,17:00~20:00,平均停等延滯,48.4,49.5,45.7,40.2,22.6,29.8,28.8,0,22.4,53.5,41.8,47.8,50,64.5,27,25.3,37.6,24.4,26.5,13,27.6,37.5,10.5,9.8,10.9,9,14.6,3.3,34.4,34.4,26.2,26.4,0.3,55.3,28.6,19,23,22.5,17.1,3.6,1.5,3,0,0,0,0,28.3,11.6,35,38.4,25.8,,,,,,,,,,,,,,,,,,,,,
2026/7/20,10:00~12:00,總停等延滯,363646,282951,80695,164878,69239,38298,18110,0,12831,110081,20260,11612,46840,31369,54543,29118,12643,12782,49088,5584,12317,31187,9275,1878,7397,7709,6450,1259,10997,10997,52714,19590,62,26668,6394,72457,17506,40782,8408,5761,4238,3303,935,0,0,0,88183,1162,34065,18256,34700,185.6,240.8,248.8,126.9,250.6,414.6,223.1,nan,132.9,192.6,65,265.7,125.4,163.1,242.4,0,0,127.4,96.8,0,305.6
2026/7/20,10:00~12:00,通過量,8212,6175,2037,4981,3193,1238,685,534,736,2413,477,321,916,699,2360,1235,337,788,1896,525,451,920,1002,292,710,1455,622,833,336,336,2260,851,670,471,268,6337,634,3001,1749,953,4440,2188,2252,4607,2176,2431,3041,422,1273,373,973,,,,,,,,,,,,,,,,,,,,,
2026/7/20,10:00~12:00,平均停等延滯,44.3,45.8,39.6,33.1,21.7,30.9,26.4,0,17.4,45.6,42.5,36.2,51.1,44.9,23.1,23.6,37.5,16.2,25.9,10.6,27.3,33.9,9.3,6.4,10.4,5.3,10.4,1.5,32.7,32.7,23.3,23,0.1,56.6,23.9,11.4,27.6,13.6,4.8,6,1,1.5,0.4,0,0,0,29,2.8,26.8,48.9,35.7,,,,,,,,,,,,,,,,,,,,,
2026/7/20,14:00~16:00,總停等延滯,409976,320242,89734,226125,80891,42751,18172,0,19968,119314,19994,18178,45526,35616,65709,34058,9064,22587,54328,5034,10881,38413,6999,2535,4464,11447,9734,1713,13770,13770,57518,27024,58,23798,6638,106128,27592,55397,16695,6444,14027,13901,126,0,0,0,105970,7455,47855,18480,32180,142.4,217.6,223.1,159.8,200.9,399.5,383.3,nan,111.4,142.4,58.4,237.3,166.4,187.4,238.1,0,0,155.1,250.1,0,155.6
2026/7/20,14:00~16:00,通過量,8673,6618,2055,5500,3620,1340,624,632,1024,2534,486,349,902,797,2368,1315,313,740,1936,505,386,1045,937,317,620,1465,720,745,404,404,2267,933,690,382,262,7020,659,3115,2282,964,4872,2574,2298,5114,2506,2608,3662,443,1493,468,1258,,,,,,,,,,,,,,,,,,,,,
2026/7/20,14:00~16:00,平均停等延滯,47.3,48.4,43.7,41.1,22.3,31.9,29.1,0,19.5,47.1,41.1,52.1,50.5,44.7,27.7,25.9,29,30.5,28.1,10,28.2,36.8,7.5,8,7.2,7.8,13.5,2.3,34.1,34.1,25.4,29,0.1,62.3,25.3,15.1,41.9,17.8,7.3,6.7,2.9,5.4,0.1,0,0,0,28.9,16.8,32.1,39.5,25.6,,,,,,,,,,,,,,,,,,,,,
2026/7/20,16:00~19:00,總停等延滯,784543,568963,215580,347385,128737,61986,30431,0,36320,210133,31276,28039,66115,84703,132201,61710,28475,42016,97892,14362,23373,60157,19948,7475,12473,27224,22899,4325,29084,29084,139324,56196,393,59160,23575,194334,36857,91936,59449,6092,18011,17864,147,0,0,0,135040,9056,61521,25295,39168,146.8,198.2,179.9,146,208.7,526.9,264.3,nan,95.5,146.8,61.9,188,161.1,347.4,188.9,152.3,0,154.5,103.2,0,121.8
2026/7/20,16:00~19:00,通過量,15639,11190,4449,8295,5633,2108,1012,881,1632,3862,738,589,1236,1299,4605,2363,717,1525,3431,1123,784,1524,1878,717,1161,3160,1599,1561,845,845,4921,2034,1225,901,761,10457,1462,4634,3116,1245,6224,3056,3168,6733,3004,3729,4750,815,1736,631,1568,,,,,,,,,,,,,,,,,,,,,
2026/7/20,16:00~19:00,平均停等延滯,50.2,50.8,48.5,41.9,22.9,29.4,30.1,0,22.3,54.4,42.4,47.6,53.5,65.2,28.7,26.1,39.7,27.6,28.5,12.8,29.8,39.5,10.6,10.4,10.7,8.6,14.3,2.8,34.4,34.4,28.3,27.6,0.3,65.7,31,18.6,25.2,19.8,19.1,4.9,2.9,5.8,0,0,0,0,28.4,11.1,35.4,40.1,25,,,,,,,,,,,,,,,,,,,,,
2026/7/20,20:00~23:00,總停等延滯,347746,285130,62616,149629,68322,36899,13272,0,18151,120599,19823,18420,36190,46166,53058,27623,9757,15678,43151,8818,10837,23496,5594,872,4722,8420,6851,1569,11674,11674,36928,26262,0,6861,3805,76708,24792,49029,2265,622,185,185,0,0,0,0,72736,2168,28879,8384,33305,143.3,179.4,180.7,134.3,220.9,419.6,166.4,nan,90.1,144.6,76.3,183,135.7,207.9,185.9,127.6,0,82.4,84.8,0,137.6
2026/7/20,20:00~23:00,通過量,8270,6363,1907,5035,3499,1308,569,777,845,2998,609,421,945,1023,2336,1271,265,800,1825,693,345,787,841,341,500,1142,672,470,316,316,2305,1055,586,453,211,5798,782,2675,1777,564,4048,1908,2140,4499,2073,2426,3026,362,1086,296,1282,,,,,,,,,,,,,,,,,,,,,
2026/7/20,20:00~23:00,平均停等延滯,42,44.8,32.8,29.7,19.5,28.2,23.3,0,21.5,40.2,32.6,43.8,38.3,45.1,22.7,21.7,36.8,19.6,23.6,12.7,31.4,29.9,6.7,2.6,9.4,7.4,10.2,3.3,36.9,36.9,16,24.9,0,15.1,18,13.2,31.7,18.3,1.3,1.1,0,0.1,0,0,0,0,24,6,26.6,28.3,26,,,,,,,,,,,,,,,,,,,,,
2026/7/21,07:00~09:00,總停等延滯,537757,391259,146498,270685,81259,41886,21947,0,17426,160908,26208,17046,45268,72386,80124,36521,23830,19773,68968,5874,14333,48761,19000,3037,15963,13533,11142,2391,18877,18877,95088,33560,1915,48336,11277,129322,23422,56049,35845,14006,35999,35954,45,0,0,0,105364,3149,42523,23652,36040,148,214.7,172.4,124.4,211,436.2,175.5,nan,96.6,147.9,63.8,176.6,115.4,219,214.1,167.5,0,90.1,85.6,0,193.7
2026/7/21,07:00~09:00,通過量,10644,7433,3211,5379,3580,1429,731,753,667,2618,532,379,779,928,2745,1265,719,761,2520,701,505,1314,1431,447,984,1917,837,1080,548,548,3351,1135,1204,622,390,7422,555,3075,2371,1421,4764,2817,1947,5366,2801,2565,3788,745,1294,483,1266,,,,,,,,,,,,,,,,,,,,,
2026/7/21,07:00~09:00,平均停等延滯,50.5,52.6,45.6,50.3,22.7,29.3,30,0,26.1,61.5,49.3,45,58.1,78,29.2,28.9,33.1,26,27.4,8.4,28.4,37.1,13.3,6.8,16.2,7.1,13.3,2.2,34.4,34.4,28.4,29.6,1.6,77.7,28.9,17.4,42.2,18.2,15.1,9.9,7.6,12.8,0,0,0,0,27.8,4.2,32.9,49,28.5,,,,,,,,,,,,,,,,,,,,,
2026/7/21,10:00~17:00,總停等延滯,1368882,1053544,315338,741454,256185,134746,63942,0,57497,383009,67156,41281,146743,127829,228046,119171,45387,63488,186304,18425,42076,125803,31666,9266,22400,36680,25305,11375,46081,46081,200911,91695,916,84398,23902,359070,79743,165554,87297,26476,65467,65445,22,0,0,0,316917,10124,135470,64209,107114,148.1,242,190.7,146.4,210.1,467.8,190.5,nan,111.4,148,62,196.6,146.9,229.1,233.3,143.5,0,81.2,107.5,0,233.9
2026/7/21,10:00~17:00,通過量,30031,22334,7697,18637,11529,4609,2245,1934,2741,8299,1633,1109,2920,2637,8590,4767,1318,2505,7010,1840,1483,3687,3535,1321,2214,5490,2704,2786,1421,1421,8590,3635,2362,1555,1038,23570,2216,10866,6821,3667,15107,7535,7572,16105,7660,8445,11596,1491,4550,1336,4219,,,,,,,,,,,,,,,,,,,,,
2026/7/21,10:00~17:00,平均停等延滯,45.6,47.2,41,39.8,22.2,29.2,28.5,0,21,46.2,41.1,37.2,50.3,48.5,26.5,25,34.4,25.3,26.6,10,28.4,34.1,9,7,10.1,6.7,9.4,4.1,32.4,32.4,23.4,25.2,0.4,54.3,23,15.2,36,15.2,12.8,7.2,4.3,8.7,0,0,0,0,27.3,6.8,29.8,48.1,25.4,,,,,,,,,,,,,,,,,,,,,
2026/7/21,17:00~20:00,總停等延滯,772675,598379,174296,380696,122387,60421,29303,0,32663,238931,35671,27981,63839,111440,134963,62573,33557,38833,102098,18347,21981,61770,16703,3964,12739,15315,9548,5767,22538,22538,119740,56553,2511,44157,16519,208947,33610,72207,96824,6306,46160,46014,146,0,0,0,125589,7423,67815,16023,34328,161.8,234.3,163.9,149,240,531.5,172,nan,101.7,161,77.9,164.3,147.8,295.6,254.5,146.5,0,81,96.6,0,140.1
2026/7/21,17:00~20:00,通過量,15564,11402,4162,7550,5587,2252,1061,906,1368,4309,825,647,1316,1521,4626,2389,764,1473,3639,1323,822,1494,1859,749,1110,3162,1648,1514,795,795,4899,2281,1146,754,718,9426,976,4713,2632,1105,6038,2517,3521,6558,2578,3980,4706,982,1863,518,1343,,,,,,,,,,,,,,,,,,,,,
2026/7/21,17:00~20:00,平均停等延滯,49.6,52.5,41.9,50.4,21.9,26.8,27.6,0,23.9,55.4,43.2,43.2,48.5,73.3,29.2,26.2,43.9,26.4,28.1,13.9,26.7,41.3,9,5.3,11.5,4.8,5.8,3.8,28.3,28.3,24.4,24.8,2.2,58.6,23,22.2,34.4,15.3,36.8,5.7,7.6,18.3,0,0,0,0,26.7,7.6,36.4,30.9,25.6,,,,,,,,,,,,,,,,,,,,,
2026/7/21,10:00~12:00,總停等延滯,365567,283652,81915,178581,74812,40294,21909,0,12609,99830,19456,9050,40403,30921,56607,32401,10703,13503,52403,4709,11768,35926,8499,1991,6508,7467,5553,1914,11792,11792,54157,22745,133,25692,5587,88537,24023,46834,12701,4979,8457,8457,0,0,0,0,81587,1252,34009,17618,28708,148.4,190.7,201.8,131.3,209.7,411.6,159.1,nan,99.4,148.3,61.5,207.5,128.1,219.2,190.2,159.9,0,80.9,76.1,0,206.2
2026/7/21,10:00~12:00,通過量,7781,5649,2132,5079,2861,1238,557,477,589,2239,460,296,813,670,2127,1233,349,545,1870,465,419,986,913,306,607,1388,627,761,399,399,2300,873,660,526,241,6357,628,2967,1769,993,4159,2111,2048,4230,2020,2210,3152,407,1261,353,1131,,,,,,,,,,,,,,,,,,,,,
2026/7/21,10:00~12:00,平均停等延滯,47,50.2,38.4,35.2,26.1,32.5,39.3,0,21.4,44.6,42.3,30.6,49.7,46.2,26.6,26.3,30.7,24.8,28,10.1,28.1,36.4,9.3,6.5,10.7,5.4,8.9,2.5,29.6,29.6,23.5,26.1,0.2,48.8,23.2,13.9,38.3,15.8,7.2,5,2,4,0,0,0,0,25.9,3.1,27,49.9,25.4,,,,,,,,,,,,,,,,,,,,,
2026/7/21,14:00~16:00,總停等延滯,401783,299084,102699,201584,70971,38699,15129,0,17143,112460,20579,12574,42056,37251,62764,30517,12336,19911,52889,5529,12313,35047,11452,3812,7640,13496,9767,3729,15317,15317,62434,29643,238,25194,7359,96593,23493,48824,16534,7742,12169,12157,12,0,0,0,92822,4497,39511,18450,30364,150,273,179.5,148.3,215.7,480.2,184.5,nan,119.7,149.9,65.5,182.8,154.2,216.4,267.1,141.5,0,83.8,100.6,0,167.6
2026/7/21,14:00~16:00,通過量,8985,6631,2354,5468,3659,1391,745,634,889,2377,480,297,858,742,2449,1383,356,710,2057,556,432,1069,1110,451,659,1628,860,768,433,433,2645,1175,740,424,306,7048,693,3137,2201,1017,4603,2398,2205,5009,2457,2552,3321,416,1267,402,1236,,,,,,,,,,,,,,,,,,,,,
2026/7/21,14:00~16:00,平均停等延滯,44.7,45.1,43.6,36.9,19.4,27.8,20.3,0,19.3,47.3,42.9,42.3,49,50.2,25.6,22.1,34.7,28,25.7,9.9,28.5,32.8,10.3,8.5,11.6,8.3,11.4,4.9,35.4,35.4,23.6,25.2,0.3,59.4,24,13.7,33.9,15.6,7.5,7.6,2.6,5.1,0,0,0,0,28,10.8,31.2,45.9,24.6,,,,,,,,,,,,,,,,,,,,,
2026/7/21,16:00~19:00,總停等延滯,816864,620505,196359,474354,131691,64110,31798,0,35783,237058,33530,25473,70515,107540,144388,68421,34334,41633,107368,16256,23020,68092,17982,5245,12737,18554,10213,8341,25500,25500,134323,62958,3056,48915,19394,262463,36559,80921,135163,9820,71074,70918,156,0,0,0,140817,7428,72940,21651,38798,152.1,253.9,176.2,141.4,228.9,472.1,178,nan,103,151.8,76.5,181.7,140.3,207.3,280,139.9,0,84.8,96.1,0,142.7
2026/7/21,16:00~19:00,通過量,15965,11477,4488,8507,5725,2334,1089,893,1409,4100,744,624,1326,1406,4924,2589,750,1585,3494,1214,820,1460,2007,818,1189,3446,1821,1625,868,868,5101,2299,1252,756,794,10672,1063,5302,2992,1315,6392,2708,3684,6901,2831,4070,5010,878,1990,588,1554,,,,,,,,,,,,,,,,,,,,,
2026/7/21,16:00~19:00,平均停等延滯,51.2,54.1,43.8,55.8,23,27.5,29.2,0,25.4,57.8,45.1,40.8,53.2,76.5,29.3,26.4,45.8,26.3,30.7,13.4,28.1,46.6,9,6.4,10.7,5.4,5.6,5.1,29.4,29.4,26.3,27.4,2.4,64.7,24.4,24.6,34.4,15.3,45.2,7.5,11.1,26.2,0,0,0,0,28.1,8.5,36.7,36.8,25,,,,,,,,,,,,,,,,,,,,,
2026/7/21,20:00~23:00,總停等延滯,328685,266560,62125,139294,63443,32964,12074,0,18405,114008,18446,15360,36948,43254,48215,26400,8907,12908,40894,10392,9480,21022,2684,569,2115,8182,2450,5732,11323,11323,39936,34160,32,3048,2696,66275,22015,42723,1190,347,105,105,0,0,0,0,72914,147,28402,10209,34156,142.3,222.1,191.5,182.2,218.5,324.2,155.5,nan,105.9,143.4,73.4,186.7,177.5,140.3,219.1,144.7,0,78.5,80.3,0,164.1
2026/7/21,20:00~23:00,通過量,7716,5974,1742,4475,3265,1286,486,802,691,2908,590,396,970,952,2258,1210,293,755,1873,758,373,742,772,316,456,1142,613,529,308,308,2107,989,589,279,250,5144,490,2384,1714,556,3958,1870,2088,4550,2104,2446,2934,298,1035,357,1244,,,,,,,,,,,,,,,,,,,,,
2026/7/21,20:00~23:00,平均停等延滯,42.6,44.6,35.7,31.1,19.4,25.6,24.8,0,26.6,39.2,31.3,38.8,38.1,45.4,21.4,21.8,30.4,17.1,21.8,13.7,25.4,28.3,3.5,1.8,4.6,7.2,4,10.8,36.8,36.8,19,34.5,0.1,10.9,10.8,12.9,44.9,17.9,0.7,0.6,0,0.1,0,0,0,0,24.9,0.5,27.4,28.6,27.5,,,,,,,,,,,,,,,,,,,,,
2026/7/22,07:00~09:00,總停等延滯,527002,377469,149533,238110,82222,43946,23656,0,14620,143812,26428,16473,39390,61521,78303,35045,25546,17712,73132,6623,16662,49847,18273,2833,15440,14483,10405,4078,18373,18373,98404,31737,3375,50872,12420,115693,21685,56146,26563,11299,20207,20070,137,0,0,0,102210,1667,40019,25425,35099,150.3,175.3,183.6,124.8,214.9,424,176.7,nan,95.7,150.9,64.8,189.5,120.4,237.7,173.7,121.3,0,83.2,95.5,0,167.1
2026/7/22,07:00~09:00,通過量,10511,7220,3291,5477,3397,1418,709,580,690,2558,544,351,746,917,2685,1239,678,768,2387,698,535,1154,1355,417,938,1924,831,1093,576,576,3462,1164,1236,669,393,7664,540,3327,2411,1386,4922,2802,2120,5327,2702,2625,3524,714,1200,478,1132,,,,,,,,,,,,,,,,,,,,,
2026/7/22,07:00~09:00,平均停等延滯,50.1,52.3,45.4,43.5,24.2,31,33.4,0,21.2,56.2,48.6,46.9,52.8,67.1,29.2,28.3,37.7,23.1,30.6,9.5,31.1,43.2,13.5,6.8,16.5,7.5,12.5,3.7,31.9,31.9,28.4,27.3,2.7,76,31.6,15.1,40.2,16.9,11,8.2,4.1,7.2,0.1,0,0,0,29,2.3,33.3,53.2,31,,,,,,,,,,,,,,,,,,,,,
2026/7/22,10:00~17:00,總停等延滯,1430373,1095776,334597,730241,257255,139205,62361,0,55689,411349,74304,44858,158642,133545,215347,111649,43889,59809,211825,23698,45085,143042,32404,9464,22940,38652,32047,6605,50782,50782,212759,92723,289,90209,29538,363551,87645,178639,73490,23777,44715,44612,103,0,0,0,321975,12177,135243,64688,109867,156,213.5,200.9,159,216.7,453.4,218.2,nan,118,156.7,60.7,207.4,164.3,230.2,222.7,0,0,85.3,137.2,0,142.4
2026/7/22,10:00~17:00,通過量,31463,23736,7727,18762,12858,4894,2414,2214,3336,8651,1723,1174,3012,2742,8300,4529,1267,2504,7490,2085,1498,3907,3681,1260,2421,5555,2529,3026,1486,1486,8460,3479,2336,1499,1146,23705,2280,10766,7340,3319,15694,8232,7462,16953,8130,8823,11976,1581,4679,1510,4206,,,,,,,,,,,,,,,,,,,,,
2026/7/22,10:00~17:00,平均停等延滯,45.5,46.2,43.3,38.9,20,28.4,25.8,0,16.7,47.5,43.1,38.2,52.7,48.7,25.9,24.7,34.6,23.9,28.3,11.4,30.1,36.6,8.8,7.5,9.5,7,12.7,2.2,34.2,34.2,25.1,26.7,0.1,60.2,25.8,15.3,38.4,16.6,10,7.2,2.8,5.4,0,0,0,0,26.9,7.7,28.9,42.8,26.1,,,,,,,,,,,,,,,,,,,,,
2026/7/22,17:00~20:00,總停等延滯,811195,597655,213540,314918,125958,62736,31177,0,32045,250489,36517,29124,61452,123396,131356,66043,25308,40005,89852,18472,21185,50195,21466,7771,13695,29349,24548,4801,26903,26903,135822,54267,821,59094,21640,157048,30915,68392,53913,3828,20310,20182,128,0,0,0,137560,7169,71430,21486,37475,149.2,209.4,184.5,148.3,220.6,406.8,176.5,nan,108,149.2,71.2,187.2,141.7,202,224,0,0,86,92.1,0,132.8
2026/7/22,17:00~20:00,通過量,15262,11032,4230,7397,5612,2305,1083,940,1284,4148,819,566,1271,1492,4622,2396,773,1453,3281,1205,755,1321,1830,701,1129,2906,1437,1469,815,815,4725,2011,1103,882,729,9379,929,4510,2854,1086,6370,2810,3560,6803,2722,4081,4672,830,1884,538,1420,,,,,,,,,,,,,,,,,,,,,
2026/7/22,17:00~20:00,平均停等延滯,53.2,54.2,50.5,42.6,22.4,27.2,28.8,0,25,60.4,44.6,51.5,48.3,82.7,28.4,27.6,32.7,27.5,27.4,15.3,28.1,38,11.7,11.1,12.1,10.1,17.1,3.3,33,33,28.7,27,0.7,67,29.7,16.7,33.3,15.2,18.9,3.5,3.2,7.2,0,0,0,0,29.4,8.6,37.9,39.9,26.4,,,,,,,,,,,,,,,,,,,,,
2026/7/22,10:00~12:00,總停等延滯,367294,284516,82778,173506,68947,38197,16491,0,14259,99986,20464,10663,40156,28703,55596,31433,11943,12220,59987,6023,12597,41367,8565,1881,6684,7646,5487,2159,12693,12693,53874,22760,171,24168,6775,89485,25072,52326,6204,5883,2191,2156,35,0,0,0,81830,182,33078,18760,29810,150.4,177.5,230.5,167.6,209.2,410.4,247.1,nan,118.1,150.4,58.7,243.1,178.7,231.7,178.8,0,0,84.4,168.2,0,130
2026/7/22,10:00~12:00,通過量,8276,6123,2153,5080,3293,1305,704,499,785,2257,449,303,808,697,2190,1261,319,610,1934,534,410,990,981,321,660,1500,641,859,412,412,2382,962,683,447,290,6476,623,3025,1854,974,4262,2187,2075,4591,2177,2414,3221,382,1407,416,1016,,,,,,,,,,,,,,,,,,,,,
2026/7/22,10:00~12:00,平均停等延滯,44.4,46.5,38.4,34.2,20.9,29.3,23.4,0,18.2,44.3,45.6,35.2,49.7,41.2,25.4,24.9,37.4,20,31,11.3,30.7,41.8,8.7,5.9,10.1,5.1,8.6,2.5,30.8,30.8,22.6,23.7,0.3,54.1,23.4,13.8,40.2,17.3,3.3,6,0.5,1,0,0,0,0,25.4,0.5,23.5,45.1,29.3,,,,,,,,,,,,,,,,,,,,,
2026/7/22,14:00~16:00,總停等延滯,419357,318784,100573,232036,74321,39843,17441,0,17037,120254,21365,14080,48094,36715,61006,32113,11121,17772,63203,5703,13141,44359,11490,4618,6872,12803,10998,1805,14449,14449,61831,27990,1,26014,7826,115393,30768,55864,21892,6869,18342,18306,36,0,0,0,98301,6392,39092,19720,33097,143.6,239,191.4,159.9,207.9,426.5,232.9,nan,100.3,143.7,64.4,189.2,158.7,177.7,285.2,0,0,85.5,151.4,0,119.6
2026/7/22,14:00~16:00,通過量,9144,6929,2215,5455,3987,1423,626,779,1159,2443,493,318,854,778,2425,1320,344,761,2069,549,402,1118,1106,401,705,1623,780,843,403,403,2438,1027,708,372,331,6828,613,3031,2293,891,4767,2602,2165,5044,2501,2543,3578,481,1286,431,1380,,,,,,,,,,,,,,,,,,,,,
2026/7/22,14:00~16:00,平均停等延滯,45.9,46,45.4,42.5,18.6,28,27.9,0,14.7,49.2,43.3,44.3,56.3,47.2,25.2,24.3,32.3,23.4,30.5,10.4,32.7,39.7,10.4,11.5,9.7,7.9,14.1,2.1,35.9,35.9,25.4,27.3,0,69.9,23.6,16.9,50.2,18.4,9.5,7.7,3.8,7,0,0,0,0,27.5,13.3,30.4,45.8,24,,,,,,,,,,,,,,,,,,,,,
2026/7/22,16:00~19:00,總停等延滯,874866,640043,234823,399623,132787,67120,31458,0,34209,268911,41155,29199,72688,125869,137806,68114,27447,42245,100539,19333,20534,60672,22701,7472,15229,32535,28021,4514,30628,30628,148959,58936,925,64250,24848,206317,33638,76504,89071,7104,40353,40225,128,0,0,0,152953,10807,78182,24552,39412,151,218.7,188.8,141.2,217.4,434.9,179.5,nan,106.6,150.7,66.5,195.7,132.6,219.3,214,0,0,91.2,87.8,0,137.2
2026/7/22,16:00~19:00,通過量,16165,11798,4367,8215,6151,2517,1139,964,1531,4285,874,570,1341,1500,4742,2484,756,1502,3532,1249,765,1518,1959,719,1240,3262,1587,1675,864,864,4830,2046,1195,798,791,10611,1077,4958,3304,1272,6734,3047,3687,7459,3043,4416,5110,904,2026,590,1590,,,,,,,,,,,,,,,,,,,,,
2026/7/22,16:00~19:00,平均停等延滯,54.1,54.3,53.8,48.6,21.6,26.7,27.6,0,22.3,62.8,47.1,51.2,54.2,83.9,29.1,27.4,36.3,28.1,28.5,15.5,26.8,40,11.6,10.4,12.3,10,17.7,2.7,35.4,35.4,30.8,28.8,0.8,80.5,31.4,19.4,31.2,15.4,27,5.6,6,13.2,0,0,0,0,29.9,12,38.6,41.6,24.8,,,,,,,,,,,,,,,,,,,,,
2026/7/22,20:00~23:00,總停等延滯,336838,269217,67621,135682,68298,35181,11610,0,21507,105634,17031,12364,34574,41665,52248,26842,11569,13837,43037,9791,9722,23524,6750,2043,4707,9560,5411,4149,9543,9543,41768,28444,0,9082,4242,69309,23129,43971,1615,594,386,386,0,0,0,0,65987,456,25549,8844,31138,138.1,195.3,190.9,144.5,214.8,418.6,146.5,nan,124.4,138.7,76.4,196.2,148,355.4,204,0,0,70.9,75.2,0,126.8
2026/7/22,20:00~23:00,通過量,8545,6409,2136,4476,3357,1266,599,683,809,2900,551,449,891,1009,2331,1217,385,729,1851,688,365,798,937,420,517,1165,681,484,331,331,2545,1160,653,508,224,5196,509,2417,1764,506,3941,1880,2061,4476,2055,2421,2883,363,970,340,1210,,,,,,,,,,,,,,,,,,,,,
2026/7/22,20:00~23:00,平均停等延滯,39.4,42,31.7,30.3,20.3,27.8,19.4,0,26.6,36.4,30.9,27.5,38.8,41.3,22.4,22.1,30,19,23.3,14.2,26.6,29.5,7.2,4.9,9.1,8.2,7.9,8.6,28.8,28.8,16.4,24.5,0,17.9,18.9,13.3,45.4,18.2,0.9,1.2,0.1,0.2,0,0,0,0,22.9,1.3,26.3,26,25.7,,,,,,,,,,,,,,,,,,,,,
2026/7/23,07:00~09:00,總停等延滯,507328,406053,101275,249216,81235,43204,21237,0,16794,154940,24113,16420,44322,70085,94275,36731,35437,22107,75603,7122,17422,51059,12780,437,12343,3608,2104,1504,14489,14489,70398,26600,4749,32924,6125,115695,20953,50007,32644,12091,36549,36364,185,0,0,0,96972,1575,39425,23045,32927,151.4,205.8,179.4,167.9,207.2,430.1,163,nan,102.1,151.8,56,189.4,162.6,204.9,210.6,109.2,0,76.8,86.8,0,171.8
2026/7/23,07:00~09:00,通過量,10536,7380,3156,5515,3423,1426,710,607,680,2682,543,361,805,973,2764,1268,786,710,2423,689,504,1230,1369,385,984,2135,877,1258,506,506,3481,1216,1196,705,364,7438,588,3200,2272,1378,5240,2845,2395,5529,2802,2727,3652,722,1203,508,1219,,,,,,,,,,,,,,,,,,,,,
2026/7/23,07:00~09:00,平均停等延滯,48.2,55,32.1,45.2,23.7,30.3,29.9,0,24.7,57.8,44.4,45.5,55.1,72,34.1,29,45.1,31.1,31.2,10.3,34.6,41.5,9.3,1.1,12.5,1.7,2.4,1.2,28.6,28.6,20.2,21.9,4,46.7,16.8,15.6,35.6,15.6,14.4,8.8,7,12.8,0.1,0,0,0,26.6,2.2,32.8,45.4,27,,,,,,,,,,,,,,,,,,,,,
2026/7/23,10:00~17:00,總停等延滯,1308795,1087038,221757,923810,256675,138395,63463,0,54817,392231,68046,45877,147790,130518,252304,122640,61024,68640,185828,18412,43508,123908,27199,3511,23688,15407,6218,9189,36459,36459,142692,71521,706,43332,27133,333861,80724,171179,60782,21176,44684,43980,704,204226,88788,115438,341039,15118,138864,58879,128178,159.8,221.1,185.9,185.9,217.9,433.2,220.9,nan,131.4,160.7,58.1,186.9,180.6,225.6,213.5,136.2,0,80.3,143.2,0,127.8
2026/7/23,10:00~17:00,通過量,30519,23105,7414,17648,12339,5149,2263,2037,2890,8408,1640,1182,3049,2537,8805,4939,1328,2538,7182,1964,1480,3738,3677,1271,2406,5858,2676,3182,1439,1439,8213,3509,2422,1124,1158,23698,2182,10865,7347,3304,15879,8046,7833,16788,7826,8962,10576,1603,4372,1263,3338,,,,,,,,,,,,,,,,,,,,,
2026/7/23,10:00~17:00,平均停等延滯,42.9,47,29.9,52.3,20.8,26.9,28,0,19,46.6,41.5,38.8,48.5,51.4,28.7,24.8,46,27,25.9,9.4,29.4,33.1,7.4,2.8,9.8,2.6,2.3,2.9,25.3,25.3,17.4,20.4,0.3,38.6,23.4,14.1,37,15.8,8.3,6.4,2.8,5.5,0.1,12.2,11.3,12.9,32.2,9.4,31.8,46.6,38.4,,,,,,,,,,,,,,,,,,,,,
2026/7/23,17:00~20:00,總停等延滯,769105,605228,163877,447791,128754,65323,31357,0,32074,239109,35866,31377,62639,109227,137064,63310,33231,40523,100301,20294,22599,57408,15027,2854,12173,15138,10169,4969,22693,22693,111019,52552,1511,36368,20588,169518,33840,74053,57280,4345,22373,22308,65,100234,38696,61538,155666,2412,72430,20792,60032,148.8,207.7,181.2,139,234,456.6,177.9,nan,99,149,86.1,181.6,137.7,231,202.4,132.2,0,79.2,100.5,0,150
2026/7/23,17:00~20:00,通過量,15583,11484,4099,7830,5921,2314,1129,1017,1461,4233,811,603,1283,1536,4559,2446,697,1416,3692,1364,764,1564,1770,714,1056,3016,1530,1486,831,831,4687,2133,1104,781,669,9769,938,4859,2920,1052,6639,2908,3731,7178,2931,4247,4946,830,2083,525,1508,,,,,,,,,,,,,,,,,,,,,
2026/7/23,17:00~20:00,平均停等延滯,49.4,52.7,40,57.2,21.7,28.2,27.8,0,22,56.5,44.2,52,48.8,71.1,30.1,25.9,47.7,28.6,27.2,14.9,29.6,36.7,8.5,4,11.5,5,6.6,3.3,27.3,27.3,23.7,24.6,1.4,46.6,30.8,17.4,36.1,15.2,19.6,4.1,3.4,7.7,0,14,13.2,14.5,31.5,2.9,34.8,39.6,39.8,,,,,,,,,,,,,,,,,,,,,
2026/7/23,10:00~12:00,總停等延滯,342094,287289,54805,219589,72199,41662,17392,0,13145,100979,17529,10852,42196,30402,65597,34124,18394,13079,48514,4930,11282,32302,7278,701,6577,3310,982,2328,8939,8939,35278,15232,169,13036,6841,78081,20722,47784,4465,5110,1432,1409,23,50681,23234,27447,89395,4455,39451,14642,30847,156.2,229.7,185.7,180.4,213.3,421.6,250.2,nan,131.4,156.2,57.1,189.5,176.2,199.5,219,99.3,0,84.6,174,0,120.8
2026/7/23,10:00~12:00,通過量,8171,6188,1983,5197,3246,1452,596,528,670,2344,465,346,865,668,2365,1403,368,594,1999,505,370,1124,1051,345,706,1675,684,991,359,359,2222,943,668,324,287,6683,756,3105,1904,918,4489,2205,2284,4737,2155,2582,3041,413,1292,360,976,,,,,,,,,,,,,,,,,,,,,
2026/7/23,10:00~12:00,平均停等延滯,41.9,46.4,27.6,42.3,22.2,28.7,29.2,0,19.6,43.1,37.7,31.4,48.8,45.5,27.7,24.3,50,22,24.3,9.8,30.5,28.7,6.9,2,9.3,2,1.4,2.3,24.9,24.9,15.9,16.2,0.3,40.2,23.8,11.7,27.4,15.4,2.3,5.6,0.3,0.6,0,10.7,10.8,10.6,29.4,10.8,30.5,40.7,31.6,,,,,,,,,,,,,,,,,,,,,
2026/7/23,14:00~16:00,總停等延滯,364666,299659,65007,288089,66027,34016,16184,0,15827,113836,20419,13052,43946,36419,68849,33534,14874,20441,50947,4974,12649,33324,7561,1274,6287,4072,1531,2541,11915,11915,41459,23007,50,10702,7700,104561,28546,54679,14067,7269,17568,17014,554,61029,25415,35614,104931,4872,39413,18293,42353,150.3,202,154.1,186.8,209.9,402.9,236.2,nan,174,150.6,59.1,155.1,182.5,202.8,205,143.3,0,81.6,155.4,0,124
2026/7/23,14:00~16:00,通過量,8677,6465,2212,5280,3593,1370,632,659,932,2366,450,347,856,713,2380,1358,334,688,2013,564,413,1036,1017,356,661,1682,836,846,451,451,2478,1073,722,326,357,6939,565,3217,2165,992,4566,2403,2163,4844,2359,2485,3172,459,1215,390,1108,,,,,,,,,,,,,,,,,,,,,
2026/7/23,14:00~16:00,平均停等延滯,42,46.4,29.4,54.6,18.4,24.8,25.6,0,17,48.1,45.4,37.6,51.3,51.1,28.9,24.7,44.5,29.7,25.3,8.8,30.6,32.2,7.4,3.6,9.5,2.4,1.8,3,26.4,26.4,16.7,21.4,0.1,32.8,21.6,15.1,50.5,17,6.5,7.3,3.8,7.1,0.3,12.6,10.8,14.3,33.1,10.6,32.4,46.9,38.2,,,,,,,,,,,,,,,,,,,,,
2026/7/23,16:00~19:00,總停等延滯,822627,643232,179395,523250,138818,69275,33425,0,36118,247197,37743,29625,65716,114113,151557,69031,34921,47605,105660,17671,23911,64078,16327,3598,12729,15735,11013,4722,23827,23827,123506,55278,1925,41364,24939,207611,34935,79012,87625,6039,38650,38521,129,112010,40433,71577,164979,3180,77063,25031,59705,147.9,183.3,179.1,150.6,227.7,445,188.7,nan,99.1,148.2,79.7,178.3,151.4,256.2,185.6,145.3,0,79.7,114.6,0,146.3
2026/7/23,16:00~19:00,通過量,16448,11979,4469,8361,6240,2577,1120,1012,1531,4150,810,547,1269,1524,4796,2572,749,1475,3774,1318,800,1656,1945,786,1159,3319,1703,1616,897,897,4931,2145,1241,785,760,10715,1016,5284,3206,1209,6909,3053,3856,7437,3021,4416,5064,919,2084,587,1474,,,,,,,,,,,,,,,,,,,,,
2026/7/23,16:00~19:00,平均停等延滯,50,53.7,40.1,62.6,22.2,26.9,29.8,0,23.6,59.6,46.6,54.2,51.8,74.9,31.6,26.8,46.6,32.3,28,13.4,29.9,38.7,8.4,4.6,11,4.7,6.5,2.9,26.6,26.6,25,25.8,1.6,52.7,32.8,19.4,34.4,15,27.3,5,5.6,12.6,0,15.1,13.4,16.2,32.6,3.5,37,42.6,40.5,,,,,,,,,,,,,,,,,,,,,
2026/7/23,20:00~23:00,總停等延滯,368116,292730,75386,215101,66815,35742,13309,0,17764,126423,18146,15701,40247,52329,53777,26959,11745,15073,45715,9529,11490,24696,3404,651,2753,14741,4388,10353,10161,10161,47080,40108,0,3816,3156,72441,23788,45224,2160,1269,444,444,0,57144,29359,27785,85072,141,32170,11362,41399,141.7,207.5,255.9,204.9,214.9,398,155.3,nan,108.6,144.7,71.5,254.7,202.7,174.8,215.5,152.4,0,72.3,85.6,0,140.2
2026/7/23,20:00~23:00,通過量,8437,6527,1910,4829,3530,1397,513,837,783,3091,602,404,973,1112,2403,1272,376,755,1945,758,412,775,898,362,536,1325,689,636,326,326,2397,1175,602,376,244,5536,520,2593,1893,530,4380,2112,2268,4715,2266,2449,3233,393,1124,381,1335,,,,,,,,,,,,,,,,,,,,,
2026/7/23,20:00~23:00,平均停等延滯,43.6,44.8,39.5,44.5,18.9,25.6,25.9,0,22.7,40.9,30.1,38.9,41.4,47.1,22.4,21.2,31.2,20,23.5,12.6,27.9,31.9,3.8,1.8,5.1,11.1,6.4,16.3,31.2,31.2,19.6,34.1,0,10.1,12.9,13.1,45.7,17.4,1.1,2.4,0.1,0.2,0,12.1,13,11.3,26.3,0.4,28.6,29.8,31,,,,,,,,,,,,,,,,,,,,,
2026/7/24,07:00~09:00,總停等延滯,495032,394113,100919,257069,65558,27854,21292,0,16412,160282,26301,18225,41150,74606,93623,38864,35202,19557,74650,6660,15273,52717,13537,919,12618,2378,1624,754,15280,15280,69724,28309,5970,29547,5898,109140,22287,49994,23004,13855,32333,31974,359,42744,25733,17011,72852,5591,33542,18630,15089,145.5,189.4,142,133,203.1,490.5,157.8,nan,127.3,145.6,57.8,141.7,131.7,298.7,190.7,135.9,0,79.5,78.8,0,215.4
2026/7/24,07:00~09:00,通過量,10352,7275,3077,5344,3543,1560,698,630,655,2575,533,347,788,907,2779,1295,769,715,2329,705,490,1134,1321,373,948,1950,813,1137,512,512,3338,1146,1189,630,373,7445,646,3247,2207,1345,5205,2855,2350,5536,2821,2715,3327,752,1124,489,962,,,,,,,,,,,,,,,,,,,,,
2026/7/24,07:00~09:00,平均停等延滯,47.8,54.2,32.8,48.1,18.5,17.9,30.5,0,25.1,62.2,49.3,52.5,52.2,82.3,33.7,30,45.8,27.4,32.1,9.4,31.2,46.5,10.2,2.5,13.3,1.2,2,0.7,29.8,29.8,20.9,24.7,5,46.9,15.8,14.7,34.5,15.4,10.4,10.3,6.2,11.2,0.2,7.7,9.1,6.3,21.9,7.4,29.8,38.1,15.7,,,,,,,,,,,,,,,,,,,,,
2026/7/24,10:00~17:00,總停等延滯,1571566,1292114,279452,880341,233889,100692,66867,0,66330,529372,91674,54373,182755,200570,297590,140845,75064,81681,231263,28544,45964,156755,34088,5198,28890,21528,11732,9796,42394,42394,181442,89516,5075,57513,29338,395851,83162,172929,112554,27206,88073,86550,1523,154889,81091,73798,241528,15349,129116,44592,52471,179.7,243.2,189.2,193.3,246.7,550.2,243.1,nan,147.5,184.1,67.3,196.6,189.1,300.4,237.2,150.7,0,109.4,130.9,0,149.5
2026/7/24,10:00~17:00,通過量,35165,26768,8397,19397,13798,5833,2603,2181,3181,9972,1891,1400,3439,3242,10059,5485,1610,2964,8293,2358,1632,4303,4058,1332,2726,6359,2944,3415,1595,1595,9513,4043,2689,1545,1236,25661,2434,11510,8161,3556,17566,8745,8821,18058,8282,9776,11628,1693,4482,1510,3943,,,,,,,,,,,,,,,,,,,,,
2026/7/24,10:00~17:00,平均停等延滯,44.7,48.3,33.3,45.4,17,17.3,25.7,0,20.9,53.1,48.5,38.8,53.1,61.9,29.6,25.7,46.6,27.6,27.9,12.1,28.2,36.4,8.4,3.9,10.6,3.4,4,2.9,26.6,26.6,19.1,22.1,1.9,37.2,23.7,15.4,34.2,15,13.8,7.7,5,9.9,0.2,8.6,9.8,7.5,20.8,9.1,28.8,29.5,13.3,,,,,,,,,,,,,,,,,,,,,
2026/7/24,17:00~20:00,總停等延滯,937332,741606,195726,436630,109564,39988,33418,0,36158,341772,73770,30842,110812,126348,179115,70126,57456,51533,111155,24611,24035,62509,22151,4165,17986,9249,5237,4012,21925,21925,142401,58917,1898,60571,21015,203122,34094,70885,90587,7556,46325,45834,491,75031,41559,33472,112152,12910,63934,18826,16482,147,313.1,194.6,157.8,212.8,553.1,171.5,nan,127.4,146.8,66.4,196.7,157.1,225,309.5,0,0,88.9,83.4,0,125.5
2026/7/24,17:00~20:00,通過量,18722,14065,4657,8457,6714,2744,1222,969,1779,5635,1082,741,1622,2190,5708,2680,1200,1828,3996,1635,860,1501,2218,775,1443,3611,1718,1893,821,821,5376,2315,1182,1124,755,10531,1063,5118,3146,1204,7008,3151,3857,7626,3182,4444,5179,921,1982,748,1528,,,,,,,,,,,,,,,,,,,,,
2026/7/24,17:00~20:00,平均停等延滯,50.1,52.7,42,51.6,16.3,14.6,27.3,0,20.3,60.7,68.2,41.6,68.3,57.7,31.4,26.2,47.9,28.2,27.8,15.1,27.9,41.6,10,5.4,12.5,2.6,3,2.1,26.7,26.7,26.5,25.5,1.6,53.9,27.8,19.3,32.1,13.9,28.8,6.3,6.6,14.5,0.1,9.8,13.1,7.5,21.7,14,32.3,25.2,10.8,,,,,,,,,,,,,,,,,,,,,
2026/7/24,10:00~12:00,總停等延滯,384930,319471,65459,205635,59796,27405,18271,0,14120,121912,24290,15185,45415,37022,76880,38914,18497,19469,60883,7016,13747,40120,7995,1074,6921,5045,2331,2714,10742,10742,41677,21869,590,14373,4845,89679,22459,46828,13036,7356,12159,11600,559,40468,20448,20020,63329,2112,36019,12784,12414,150.2,181.9,197.1,296.9,206.6,527.4,215.7,nan,152.1,150,56.6,208.9,292.4,327.8,179.3,150.7,0,83.2,124.7,0,153.2
2026/7/24,10:00~12:00,通過量,9155,6854,2301,5194,3492,1588,721,541,642,2533,528,363,944,698,2636,1468,397,771,2329,655,485,1189,1054,337,717,1737,783,954,450,450,2588,1074,789,447,278,6981,694,3147,2146,994,4935,2398,2537,4845,2130,2715,3179,467,1359,408,945,,,,,,,,,,,,,,,,,,,,,
2026/7/24,10:00~12:00,平均停等延滯,42,46.6,28.4,39.6,17.1,17.3,25.3,0,22,48.1,46,41.8,48.1,53,29.2,26.5,46.6,25.3,26.1,10.7,28.3,33.7,7.6,3.2,9.7,2.9,3,2.8,23.9,23.9,16.1,20.4,0.7,32.2,17.4,12.8,32.4,14.9,6.1,7.4,2.5,4.8,0.2,8.4,9.6,7.4,19.9,4.5,26.5,31.3,13.1,,,,,,,,,,,,,,,,,,,,,
2026/7/24,14:00~16:00,總停等延滯,457118,377957,79161,264649,63656,27558,16740,0,19358,163549,27262,16063,56287,63937,84437,41951,19380,23106,66315,8398,11539,46378,10243,1371,8872,6142,4253,1889,11683,11683,51093,26489,2753,13642,8209,121228,26485,50507,37056,7180,26930,26626,304,40475,20323,20152,76016,6595,37872,12403,19146,154.2,222.4,169.3,158.5,229.3,418.7,239.2,nan,158.7,154.2,75.1,172.8,159,184.9,225.9,0,0,116.4,127.2,0,131.1
2026/7/24,14:00~16:00,通過量,10447,7953,2494,5736,4183,1632,772,738,1041,3038,539,422,999,1078,2944,1602,425,917,2342,676,449,1217,1176,396,780,1791,894,897,469,469,2968,1339,824,419,386,7659,671,3410,2558,1020,5095,2576,2519,5190,2429,2761,3326,466,1205,402,1253,,,,,,,,,,,,,,,,,,,,,
2026/7/24,14:00~16:00,平均停等延滯,43.8,47.5,31.7,46.1,15.2,16.9,21.7,0,18.6,53.8,50.6,38.1,56.3,59.3,28.7,26.2,45.6,25.2,28.3,12.4,25.7,38.1,8.7,3.5,11.4,3.4,4.8,2.1,24.9,24.9,17.2,19.8,3.3,32.6,21.3,15.8,39.5,14.8,14.5,7,5.3,10.3,0.1,7.8,8.4,7.3,22.9,14.2,31.4,30.9,15.3,,,,,,,,,,,,,,,,,,,,,
2026/7/24,16:00~19:00,總停等延滯,962560,741096,221464,518050,121431,44561,34966,0,41904,321784,63752,28252,102575,127205,177995,71326,54178,52491,119886,23761,23547,72578,23702,4895,18807,11338,7109,4229,25039,25039,161385,64929,1960,66623,27873,255349,36511,81216,126317,11305,67035,66388,647,86809,51524,35285,108857,13395,61058,19885,14519,213.4,292.2,172.9,150,282.4,530.2,198.5,nan,125.6,220.6,69.7,173.4,150.7,248.9,291,0,0,86.5,117.1,0,127.3
2026/7/24,16:00~19:00,通過量,18737,13913,4824,8717,6762,2786,1228,919,1829,5082,959,625,1533,1965,5711,2809,1138,1764,4079,1501,841,1737,2299,786,1513,3774,1807,1967,921,921,5445,2328,1216,1035,866,11278,1138,5331,3375,1434,6933,3177,3756,7799,3282,4517,5100,971,1881,753,1495,,,,,,,,,,,,,,,,,,,,,
2026/7/24,16:00~19:00,平均停等延滯,51.4,53.3,45.9,59.4,18,16,28.5,0,22.9,63.3,66.5,45.2,66.9,64.7,31.2,25.4,47.6,29.8,29.4,15.8,28,41.8,10.3,6.2,12.4,3,3.9,2.1,27.2,27.2,29.6,27.9,1.6,64.4,32.2,22.6,32.1,15.2,37.4,7.9,9.7,20.9,0.2,11.1,15.7,7.8,21.3,13.8,32.5,26.4,9.7,,,,,,,,,,,,,,,,,,,,,
2026/7/24,20:00~23:00,總停等延滯,542303,449244,93059,220690,75019,28996,18195,0,27828,224538,43114,24903,64170,92351,80370,38105,21529,20736,69317,16104,15255,37958,6858,1265,5593,17523,8164,9359,13310,13310,55368,46762,8,5107,3491,78081,24246,41241,11373,1221,11481,11408,73,42139,23775,18364,88989,506,44756,13196,30531,149.1,323.7,213.4,201.6,228.4,663.7,201.4,nan,102.4,150.4,79.1,211.5,203.1,286.7,292.5,0,0,126.4,61.3,0,159.8
2026/7/24,20:00~23:00,通過量,11983,9563,2420,5913,4876,1815,725,1057,1279,4903,969,675,1432,1827,3338,1666,549,1123,2712,1142,547,1023,1236,505,731,1909,1065,844,383,383,3031,1499,776,461,295,6913,587,3111,2545,670,5621,2838,2783,6026,2981,3045,3917,471,1231,443,1772,,,,,,,,,,,,,,,,,,,,,
2026/7/24,20:00~23:00,平均停等延滯,45.3,47,38.5,37.3,15.4,16,25.1,0,21.8,45.8,44.5,36.9,44.8,50.5,24.1,22.9,39.2,18.5,25.6,14.1,27.9,37.1,5.5,2.5,7.7,9.2,7.7,11.1,34.8,34.8,18.3,31.2,0,11.1,11.8,11.3,41.3,13.3,4.5,1.8,2,4,0,7,8,6,22.7,1.1,36.4,29.8,17.2,,,,,,,,,,,,,,,,,,,,,
2026/7/25,07:00~09:00,總停等延滯,248039,210120,37919,136390,39308,18530,12448,0,8330,86383,23532,4720,28425,29706,49894,29005,12808,8081,34535,5054,6991,22490,6333,220,6113,1378,732,646,7854,7854,22354,13831,30,5661,2832,60717,17822,34060,6121,2714,3930,3892,38,32906,15047,17859,38837,128,22735,8598,7376,142.9,141.4,189.8,141.5,200.2,367.2,135.1,nan,95.3,142.8,57.7,204.3,136.4,289.4,141.8,138.6,0,75.4,58.7,0,207.2
2026/7/25,07:00~09:00,通過量,6150,4586,1564,3151,2377,1224,379,428,346,1801,451,171,572,607,1587,846,320,421,1549,431,286,832,720,209,511,1012,430,582,254,254,1730,629,571,297,233,4463,379,1964,1373,747,3256,1665,1591,3598,1612,1986,1862,345,709,271,537,,,,,,,,,,,,,,,,,,,,,
2026/7/25,07:00~09:00,平均停等延滯,40.3,45.8,24.2,43.3,16.5,15.1,32.8,0,24.1,48,52.2,27.6,49.7,48.9,31.4,34.3,40,19.2,22.3,11.7,24.4,27,8.8,1.1,12,1.4,1.7,1.1,30.9,30.9,12.9,22,0.1,19.1,12.2,13.6,47,17.3,4.5,3.6,1.2,2.3,0,9.1,9.3,9,20.9,0.4,32.1,31.7,13.7,,,,,,,,,,,,,,,,,,,,,
2026/7/25,10:00~17:00,總停等延滯,2181900,1842833,339067,938582,385760,113702,156467,0,115591,718086,97244,84063,245059,291720,447071,226456,90217,130398,291916,25891,66640,199385,33292,5608,27684,46113,19567,26546,57375,57375,202287,88121,10145,73606,30415,315004,75080,149598,73132,17194,93953,91191,2762,191134,95155,95979,338491,16667,157861,51738,112225,162,272.8,167.7,160.8,264.1,556.5,306.3,nan,134.6,162.1,101.7,163.4,162.4,311.3,295.8,157.4,0,101.7,209.4,0,183.9
2026/7/25,10:00~17:00,通過量,36688,27934,8754,17197,14631,6154,2656,2095,3726,10253,1987,1375,3541,3350,12703,7049,2298,3356,7519,2500,2006,3013,4140,1224,2916,6688,2642,4046,1619,1619,9443,3532,3041,1462,1408,23658,1916,11088,7936,2718,19225,9130,10095,19612,8699,10913,11227,1833,5201,1388,2805,,,,,,,,,,,,,,,,,,,,,
2026/7/25,10:00~17:00,平均停等延滯,59.5,66,38.7,54.6,26.4,18.5,58.9,0,31,70,48.9,61.1,69.2,87.1,35.2,32.1,39.3,38.9,38.8,10.4,33.2,66.2,8,4.6,9.5,6.9,7.4,6.6,35.4,35.4,21.4,24.9,3.3,50.3,21.6,13.3,39.2,13.5,9.2,6.3,4.9,10,0.3,9.7,10.9,8.8,30.1,9.1,30.4,37.3,40,,,,,,,,,,,,,,,,,,,,,
2026/7/25,17:00~20:00,總停等延滯,771070,628729,142341,343288,116306,55514,44734,0,16058,261302,32810,34668,94986,98838,152836,84412,24291,44133,98285,11665,23286,63334,9780,3751,6029,26349,13209,13140,23307,23307,82905,42167,119,21513,19106,137762,34055,61933,37887,3887,29186,29109,77,60273,34931,25342,116067,2197,45829,19038,49003,173.7,275.5,185.3,160.5,266.1,487.9,147.2,nan,127.7,173.6,92.8,196.5,146.4,221.7,271.9,158.3,0,76.5,73,0,116.3
2026/7/25,17:00~20:00,通過量,15238,11570,3668,6673,6453,2320,1026,1015,2092,4395,756,674,1593,1372,4680,2513,734,1433,2968,1049,720,1199,1648,635,1013,2682,1252,1430,670,670,4129,1766,1039,638,686,8939,717,4042,3260,920,7199,3618,3581,7503,3644,3859,4358,733,1711,466,1448,,,,,,,,,,,,,,,,,,,,,
2026/7/25,17:00~20:00,平均停等延滯,50.6,54.3,38.8,51.4,18,23.9,43.6,0,7.7,59.5,43.4,51.4,59.6,72,32.7,33.6,33.1,30.8,33.1,11.1,32.3,52.8,5.9,5.9,6,9.8,10.6,9.2,34.8,34.8,20.1,23.9,0.1,33.7,27.9,15.4,47.5,15.3,11.6,4.2,4.1,8,0,8,9.6,6.6,26.6,3,26.8,40.9,33.8,,,,,,,,,,,,,,,,,,,,,
2026/7/25,10:00~12:00,總停等延滯,554359,457174,97185,226185,83553,28294,46147,0,9112,180919,25602,16585,58736,79996,115604,60360,20676,34568,77098,6975,17352,52771,11715,1873,9842,13985,2398,11587,14944,14944,56541,21311,101,29810,5319,79720,21385,43193,10617,4525,11307,10848,459,51454,25408,26046,83704,4128,45356,12279,21941,162.9,383.5,165.6,197.2,255.7,635.1,208.8,nan,136.8,162.9,92.5,167.3,188.9,278.7,424.5,161.4,0,123.1,72.5,0,268.4
2026/7/25,10:00~12:00,通過量,9847,7420,2427,4807,3738,1800,754,545,639,2803,573,322,906,1002,3281,1789,628,864,2125,714,567,844,1165,314,851,1886,636,1250,423,423,2610,920,815,540,335,6422,531,3161,1989,741,5136,2358,2778,5319,2204,3115,3072,537,1420,365,750,,,,,,,,,,,,,,,,,,,,,
2026/7/25,10:00~12:00,平均停等延滯,56.3,61.6,40,47.1,22.4,15.7,61.2,0,14.3,64.5,44.7,51.5,64.8,79.8,35.2,33.7,32.9,40,36.3,9.8,30.6,62.5,10.1,6,11.6,7.4,3.8,9.3,35.3,35.3,21.7,23.2,0.1,55.2,15.9,12.4,40.3,13.7,5.3,6.1,2.2,4.6,0.2,9.7,11.5,8.4,27.2,7.7,31.9,33.6,29.3,,,,,,,,,,,,,,,,,,,,,
2026/7/25,14:00~16:00,總停等延滯,671786,579282,92504,283041,136340,36348,44262,0,55730,221320,28604,29042,78401,85273,136642,66749,26426,43467,84980,6980,19531,58469,8684,1292,7392,11592,6821,4771,16450,16450,55778,25644,6268,15527,8339,91799,22063,44081,19445,6210,37443,37278,165,50928,23977,26951,102871,5467,45354,15201,36849,162.4,211.3,182.7,151.7,260.5,562.4,497.1,nan,134.3,162.2,98.5,168.1,158.8,398.2,197.6,177,0,81.5,434.8,0,127.1
2026/7/25,14:00~16:00,通過量,10790,8277,2513,5012,4455,1663,750,703,1339,2965,559,412,1042,952,3875,2154,695,1026,2119,679,568,872,1220,381,839,1918,810,1108,460,460,2632,960,938,308,426,7011,587,3251,2383,790,5785,2841,2944,5799,2636,3163,3211,524,1513,362,812,,,,,,,,,,,,,,,,,,,,,
2026/7/25,14:00~16:00,平均停等延滯,62.3,70,36.8,56.5,30.6,21.9,59,0,41.6,74.6,51.2,70.5,75.2,89.6,35.3,31,38,42.4,40.1,10.3,34.4,67.1,7.1,3.4,8.8,6,8.4,4.3,35.8,35.8,21.2,26.7,6.7,50.4,19.6,13.1,37.6,13.6,8.2,7.9,6.5,13.1,0.1,8.8,9.1,8.5,32,10.4,30,42,45.4,,,,,,,,,,,,,,,,,,,,,
2026/7/25,16:00~19:00,總停等延滯,881477,713688,167789,435142,129081,61876,48195,0,19010,293680,37212,36591,108381,111496,172112,93764,31475,46873,118815,13236,27695,77884,10780,3656,7124,32555,18754,13801,27112,27112,97342,45948,127,26545,24722,171576,36464,68980,59927,6205,50896,48953,1943,75473,43501,31972,137197,3976,53970,25351,53900,165.6,299.9,155.7,139.9,262.8,541.3,185.6,nan,139.1,165.5,97.4,150.2,127.5,240.5,309.8,142.6,0,98.5,83.9,0,0
2026/7/25,16:00~19:00,通過量,16187,12193,3994,7189,6763,2544,1071,924,2224,4284,770,695,1519,1300,5057,2760,799,1498,3227,1165,803,1259,1748,648,1100,3018,1456,1562,778,778,4485,1917,1155,617,796,10142,826,4565,3656,1095,7879,3802,4077,8060,3783,4277,4529,788,1943,521,1277,,,,,,,,,,,,,,,,,,,,,
2026/7/25,16:00~19:00,平均停等延滯,54.5,58.5,42,60.5,19.1,24.3,45,0,8.5,68.6,48.3,52.6,71.4,85.8,34,34,39.4,31.3,36.8,11.4,34.5,61.9,6.2,5.6,6.5,10.8,12.9,8.8,34.8,34.8,21.7,24,0.1,43,31.1,16.9,44.1,15.1,16.4,5.7,6.5,12.9,0.5,9.4,11.5,7.5,30.3,5,27.8,48.7,42.2,,,,,,,,,,,,,,,,,,,,,
2026/7/25,20:00~23:00,總停等延滯,459239,398156,61083,234416,82657,33244,21281,0,28132,167795,23803,26646,51180,66166,79699,44984,10675,24040,68005,13979,13097,40929,3049,603,2446,8003,5518,2485,12024,12024,38007,28311,99,5770,3827,87978,26693,42923,17715,647,16688,16687,1,40304,21268,19036,89446,1193,32608,11907,43738,163.4,303.8,244.2,144,268.5,474.6,226.2,nan,116.5,161.8,106,244.6,146.3,188.8,310.9,155.3,0,170.3,60.1,0,199.2
2026/7/25,20:00~23:00,通過量,10535,8312,2223,5793,4885,1686,625,956,1618,3597,701,505,1170,1221,2940,1466,408,1066,2113,930,397,786,968,438,530,1428,800,628,364,364,2876,1455,669,441,311,6690,520,2766,2748,656,5702,3156,2546,6080,3214,2866,3981,463,1011,386,2121,,,,,,,,,,,,,,,,,,,,,
2026/7/25,20:00~23:00,平均停等延滯,43.6,47.9,27.5,40.5,16.9,19.7,34,0,17.4,46.6,34,52.8,43.7,54.2,27.1,30.7,26.2,22.6,32.2,15,33,52.1,3.1,1.4,4.6,5.6,6.9,4,33,33,13.2,19.5,0.1,13.1,12.3,13.2,51.3,15.5,6.4,1,2.9,5.3,0,6.6,6.6,6.6,22.5,2.6,32.3,30.8,20.6,,,,,,,,,,,,,,,,,,,,,
2026/7/26,07:00~09:00,總停等延滯,136928,118818,18110,73835,25706,13427,7932,0,4347,42932,8629,2363,18669,13271,32236,19360,7564,5312,17944,2845,4828,10271,3262,67,3195,655,211,444,3482,3482,10711,9357,0,243,1111,36096,12576,22311,371,838,960,960,0,18054,8943,9111,18725,9,7471,7150,4095,157.8,139.2,147.5,120.2,215.3,237.9,123.4,nan,138.1,158.8,58.1,148.7,122.2,104.8,142.4,110.4,0,73.3,51.3,0,210.2
2026/7/26,07:00~09:00,通過量,3981,3069,912,1979,1600,812,246,255,287,1239,251,118,404,466,1094,592,200,302,941,303,180,458,474,151,323,612,318,294,163,163,1067,469,331,117,150,2633,226,1209,778,420,2000,947,1053,2380,1053,1327,1075,221,310,192,352,,,,,,,,,,,,,,,,,,,,,
2026/7/26,07:00~09:00,平均停等延滯,34.4,38.7,19.9,37.3,16.1,16.5,32.2,0,15.1,34.7,34.4,20,46.2,28.5,29.5,32.7,37.8,17.6,19.1,9.4,26.8,22.4,6.9,0.4,9.9,1.1,0.7,1.5,21.4,21.4,10,20,0,2.1,7.4,13.7,55.6,18.5,0.5,2,0.5,1,0,7.6,8.5,6.9,17.4,0,24.1,37.2,11.6,,,,,,,,,,,,,,,,,,,,,
2026/7/26,10:00~17:00,總停等延滯,2316784,1993626,323158,910869,406435,128652,146305,0,131478,793275,117572,96741,280218,298744,485244,256683,94964,133597,308672,29543,64046,215083,26844,2925,23919,55666,25376,30290,55774,55774,184874,78723,2846,70539,32766,292502,76573,146108,56598,13223,74249,73936,313,190723,91001,99722,353395,16127,171982,33981,131305,196.1,341.7,170.4,134.9,295.1,664.4,166.6,nan,127.1,203.7,97.9,175.9,147.6,332.2,363.5,149.7,0,87.6,79.3,0,135.6
2026/7/26,10:00~17:00,通過量,36775,28762,8013,17422,15078,6428,2480,2215,3955,10975,2190,1527,3699,3559,13013,7443,2325,3245,7916,2673,1978,3265,4051,1167,2884,6602,2568,4034,1485,1485,8721,3360,2688,1292,1381,22101,1722,10766,7183,2430,18546,8512,10034,19120,8167,10953,11899,1746,5219,1013,3921,,,,,,,,,,,,,,,,,,,,,
2026/7/26,10:00~17:00,平均停等延滯,63,69.3,40.3,52.3,27,20,59,0,33.2,72.3,53.7,63.4,75.8,83.9,37.3,34.5,40.8,41.2,39,11.1,32.4,65.9,6.6,2.5,8.3,8.4,9.9,7.5,37.6,37.6,21.2,23.4,1.1,54.6,23.7,13.2,44.5,13.6,7.9,5.4,4,8.7,0,10,11.1,9.1,29.7,9.2,33,33.5,33.5,,,,,,,,,,,,,,,,,,,,,
2026/7/26,17:00~20:00,總停等延滯,874312,748557,125755,364672,117186,58509,40002,0,18675,359255,48071,33046,103406,174732,162066,89838,26369,45859,110050,14082,25660,70308,12760,4011,8749,18673,10277,8396,20595,20595,73727,42099,720,18108,12800,127314,32980,59045,30030,5259,42247,42103,144,69861,46419,23442,125250,4009,48595,17032,55614,180.4,344.2,159.4,152,295.6,695.3,156.1,nan,109.1,181.6,115.6,160.8,169.1,308.6,322.1,0,0,85.9,70.8,0,185.7
2026/7/26,17:00~20:00,通過量,15296,11884,3412,7416,6594,2500,894,1009,2191,4718,908,566,1710,1534,4794,2465,860,1469,3136,1266,707,1163,1684,627,1057,2633,1285,1348,576,576,4118,1909,977,601,631,8806,594,3821,3399,992,7666,4094,3572,7897,4094,3803,5453,738,1714,501,2500,,,,,,,,,,,,,,,,,,,,,
2026/7/26,17:00~20:00,平均停等延滯,57.2,63,36.9,49.2,17.8,23.4,44.7,0,8.5,76.1,52.9,58.4,60.5,113.9,33.8,36.4,30.7,31.2,35.1,11.1,36.3,60.5,7.6,6.4,8.3,7.1,8,6.2,35.8,35.8,17.9,22.1,0.7,30.1,20.3,14.5,55.5,15.5,8.8,5.3,5.5,10.3,0,8.8,11.3,6.2,23,5.4,28.4,34,22.2,,,,,,,,,,,,,,,,,,,,,
2026/7/26,10:00~12:00,總停等延滯,515567,433432,82135,199006,77547,26904,42633,0,8010,155873,22835,17837,58182,57019,119404,67418,21775,30211,80608,6623,15864,58121,8695,591,8104,18054,4685,13369,12330,12330,43056,14539,645,21926,5946,65719,18843,36746,8758,1372,10097,10067,30,40814,13635,27179,82376,1761,51051,7224,22340,244.7,433.1,158.1,112.6,335.4,705.4,168.3,nan,135.6,263.7,93.8,160.6,117.1,295.7,442.7,140.5,0,88.8,79.3,0,110.9
2026/7/26,10:00~12:00,通過量,9230,7083,2147,4274,3542,1717,628,591,606,2850,520,401,1015,914,3262,1824,613,825,2026,647,504,875,1147,286,861,1707,568,1139,358,358,2232,729,745,417,341,5479,429,2848,1646,556,4647,1949,2698,4873,1844,3029,3007,481,1529,282,715,,,,,,,,,,,,,,,,,,,,,
2026/7/26,10:00~12:00,平均停等延滯,55.9,61.2,38.3,46.6,21.9,15.7,67.9,0,13.2,54.7,43.9,44.5,57.3,62.4,36.6,37,35.5,36.6,39.8,10.2,31.5,66.4,7.6,2.1,9.4,10.6,8.2,11.7,34.4,34.4,19.3,19.9,0.9,52.6,17.4,12,43.9,12.9,5.3,2.5,2.2,5.2,0,8.4,7.4,9,27.4,3.7,33.4,25.6,31.2,,,,,,,,,,,,,,,,,,,,,
2026/7/26,14:00~16:00,總停等延滯,813651,706581,107070,311776,158487,47571,44723,0,66193,295815,45490,34829,96477,119019,160306,77793,32078,50435,91973,9495,19192,63286,6814,661,6153,17504,9738,7766,19634,19634,63118,29097,1175,20462,12384,94616,22815,43809,22242,5750,32632,32469,163,66826,34185,32641,117702,9185,48901,9176,50440,169.2,372,162.3,138.4,276.5,757.5,160.7,nan,125,168.8,107.2,162.2,147.1,359.6,412.4,135.6,0,86.6,74.4,0,197.7
2026/7/26,14:00~16:00,通過量,11641,9096,2545,5413,4906,1916,803,702,1485,3456,755,466,1072,1163,3957,2266,708,983,2453,881,628,944,1172,373,799,2026,870,1156,481,481,2812,1121,867,385,439,6949,532,3280,2342,795,5884,2763,3121,6158,2814,3344,3658,529,1528,298,1303,,,,,,,,,,,,,,,,,,,,,
2026/7/26,14:00~16:00,平均停等延滯,69.9,77.7,42.1,57.6,32.3,24.8,55.7,0,44.6,85.6,60.3,74.7,90,102.3,40.5,34.3,45.3,51.3,37.5,10.8,30.6,67,5.8,1.8,7.7,8.6,11.2,6.7,40.8,40.8,22.4,26,1.4,53.1,28.2,13.6,42.9,13.4,9.5,7.2,5.5,11.8,0.1,10.9,12.1,9.8,32.2,17.4,32,30.8,38.7,,,,,,,,,,,,,,,,,,,,,
2026/7/26,16:00~19:00,總停等延滯,972189,827445,144744,422999,134735,65166,46525,0,23044,389585,51732,34742,122557,180554,182086,104342,30436,47308,121039,14944,27674,78421,11697,3374,8323,24617,15272,9345,23254,23254,85176,45605,876,21254,17441,145767,36048,67262,34362,8095,50169,49922,247,85885,57782,28103,141178,5692,54445,20971,60070,188.7,362.6,171.2,147.6,297.7,689,167.2,nan,114.5,192,109.5,174,167.9,303.2,345.6,0,0,88,79,0,184.8
2026/7/26,16:00~19:00,通過量,15960,12437,3523,8067,6899,2640,999,951,2309,4642,936,578,1645,1483,5377,2925,917,1535,3253,1277,755,1221,1730,639,1091,2854,1344,1510,642,642,4064,1822,1039,502,701,9648,625,4302,3590,1131,8313,4306,4007,8418,4235,4183,5845,802,1903,518,2622,,,,,,,,,,,,,,,,,,,,,
2026/7/26,16:00~19:00,平均停等延滯,60.9,66.5,41.1,52.4,19.5,24.7,46.6,0,10,83.9,55.3,60.1,74.5,121.7,33.9,35.7,33.2,30.8,37.2,11.7,36.7,64.2,6.8,5.3,7.6,8.6,11.4,6.2,36.2,36.2,21,25,0.8,42.3,24.9,15.1,57.7,15.6,9.6,7.2,6,11.6,0.1,10.2,13.6,6.7,24.2,7.1,28.6,40.5,22.9,,,,,,,,,,,,,,,,,,,,,
2026/7/26,20:00~23:00,總停等延滯,553245,463180,90065,224235,80138,39284,21903,0,18951,235335,35746,26394,55928,117267,82712,41365,13616,27731,64995,13508,13455,38032,5982,2212,3770,14099,8322,5777,12074,12074,57910,44822,0,7289,5799,85307,25042,41251,16557,2457,21674,21636,38,42387,27770,14617,74867,354,29801,9491,35221,180.3,234.7,230.4,142,290.5,417.5,145.8,nan,118.8,179.7,110.9,226.7,130.4,158.1,235.3,0,0,87.9,60.8,0,143.3
2026/7/26,20:00~23:00,通過量,10963,8774,2189,5492,4960,1780,593,1080,1507,4203,862,503,1242,1596,3001,1445,497,1059,2393,1154,424,815,1087,422,665,1731,936,795,346,346,2929,1508,603,517,301,6673,514,2673,2834,652,5867,3294,2573,6111,3352,2759,3854,408,1141,315,1990,,,,,,,,,,,,,,,,,,,,,
2026/7/26,20:00~23:00,平均停等延滯,50.5,52.8,41.1,40.8,16.2,22.1,36.9,0,12.6,56,41.5,52.5,45,73.5,27.6,28.6,27.4,26.2,27.2,11.7,31.7,46.7,5.5,5.2,5.7,8.1,8.9,7.3,34.9,34.9,19.8,29.7,0,14.1,19.3,12.8,48.7,15.4,5.8,3.8,3.7,6.6,0,6.9,8.3,5.3,19.4,0.9,26.1,30.1,17.7,,,,,,,,,,,,,,,,,,,,,
2026/7/27,07:00~09:00,總停等延滯,523124,417031,106093,324954,78295,43063,20545,0,14687,178833,28552,14007,45876,90398,86818,33883,30080,22855,73085,8112,15525,49448,17865,525,17340,2643,2094,549,17034,17034,68551,29355,4333,28674,6189,121035,22506,51254,34306,12969,32370,32360,10,72159,34932,37227,99390,1122,40916,20723,36629,159.4,215.8,202.8,151.6,224,414.4,192.5,nan,108.4,159.4,64.2,186.2,152.5,191.2,213.3,128,0,73.5,119.5,0,134.1
2026/7/27,07:00~09:00,通過量,10228,7166,3062,5394,3327,1459,613,598,657,2774,595,346,816,1017,2672,1170,758,744,2335,763,497,1075,1372,346,1026,1989,845,1144,526,526,3374,1184,1151,650,389,7438,437,3145,2488,1368,5203,2765,2438,5369,2780,2589,4029,677,1540,457,1355,,,,,,,,,,,,,,,,,,,,,
2026/7/27,07:00~09:00,平均停等延滯,51.1,58.2,34.6,60.2,23.5,29.5,33.5,0,22.4,64.5,48,40.5,56.2,88.9,32.5,29,39.7,30.7,31.3,10.6,31.2,46,13,1.5,16.9,1.3,2.5,0.5,32.4,32.4,20.3,24.8,3.8,44.1,15.9,16.3,51.5,16.3,13.8,9.5,6.2,11.7,0,13.4,12.6,14.4,24.7,1.7,26.6,45.3,27,,,,,,,,,,,,,,,,,,,,,
2026/7/27,10:00~17:00,總停等延滯,1327349,1082950,244399,860659,235485,98684,75011,0,61790,410984,68299,50355,157011,135319,254422,132136,59032,63254,182059,21151,40365,120543,9180,5573,3607,39240,26548,12692,39160,39160,156819,79550,1456,53538,22275,393826,88932,170499,111037,23358,77191,76427,764,159050,86100,72950,230592,17317,114073,41991,57211,152.4,301.7,175.2,206.4,211.3,524.1,165.8,nan,117.6,152.6,58.9,176.9,207.4,221.4,287.4,143.3,0,93.3,74.1,0,147.2
2026/7/27,10:00~17:00,通過量,30217,22842,7375,17963,12302,5151,2203,2045,2903,8754,1616,1328,3140,2670,8555,4786,1279,2490,6696,1878,1438,3380,3623,1283,2340,5837,2873,2964,1393,1393,8485,3786,2393,1325,981,23454,2397,10552,7148,3357,15635,7807,7828,16262,7632,8630,10973,1583,4376,1304,3710,,,,,,,,,,,,,,,,,,,,,
2026/7/27,10:00~17:00,平均停等延滯,43.9,47.4,33.1,47.9,19.1,19.2,34,0,21.3,46.9,42.3,37.9,50,50.7,29.7,27.6,46.2,25.4,27.2,11.3,28.1,35.7,2.5,4.3,1.5,6.7,9.2,4.3,28.1,28.1,18.5,21,0.6,40.4,22.7,16.8,37.1,16.2,15.5,7,4.9,9.8,0.1,9.8,11.3,8.5,21,10.9,26.1,32.2,15.4,,,,,,,,,,,,,,,,,,,,,
2026/7/27,17:00~20:00,總停等延滯,702421,542671,159750,415361,103264,38837,32186,0,32241,215189,34580,28543,58817,93249,137562,64632,31344,41586,86656,16887,21064,48705,6077,5439,638,14949,12291,2658,21990,21990,116734,53411,1902,42623,18798,212129,41155,78123,84808,8043,37743,37251,492,77087,38600,38487,88402,2971,55606,16390,13435,149.1,240.8,196.2,163.1,217.9,445.8,195.8,nan,114.9,149,68.9,207.9,160.7,192.3,257.3,137.6,0,96.2,108.5,0,120.8
2026/7/27,17:00~20:00,通過量,15311,11191,4120,8029,5690,2416,991,875,1408,4146,755,631,1263,1497,4598,2394,691,1513,3228,1184,769,1275,1661,674,987,2987,1539,1448,800,800,4868,2222,1112,897,637,10105,1028,5210,2757,1110,6497,2699,3798,6649,2641,4008,4616,820,2005,500,1291,,,,,,,,,,,,,,,,,,,,,
2026/7/27,17:00~20:00,平均停等延滯,45.9,48.5,38.8,51.7,18.1,16.1,32.5,0,22.9,51.9,45.8,45.2,46.6,62.3,29.9,27,45.4,27.5,26.8,14.3,27.4,38.2,3.7,8.1,0.6,5,8,1.8,27.5,27.5,24,24,1.7,47.5,29.5,21,40,15,30.8,7.2,5.8,13.8,0.1,11.6,14.6,9.6,19.2,3.6,27.7,32.8,10.4,,,,,,,,,,,,,,,,,,,,,
2026/7/27,10:00~12:00,總停等延滯,356945,301535,55410,217655,67353,30584,20349,0,16420,110195,17928,14329,42832,35106,72003,38628,19760,13615,51984,5195,12284,34505,1433,748,685,7879,7021,858,9716,9716,36382,19195,699,12498,3990,92274,27029,52554,6712,5979,8098,7795,303,44791,23618,21173,72492,10377,34641,12023,15451,148.5,273.6,169.5,183.4,204.2,471.2,161.6,nan,122,148.5,55.7,172.7,187.2,210.6,278.1,118.9,0,87.4,75.1,0,128.8
2026/7/27,10:00~12:00,通過量,8221,6243,1978,5047,3321,1513,654,534,620,2379,461,383,837,698,2369,1362,385,622,1844,476,424,944,994,304,690,1666,777,889,385,385,2302,1013,662,388,239,6586,664,3074,1883,965,4504,2183,2321,4649,2137,2512,3020,429,1282,353,956,,,,,,,,,,,,,,,,,,,,,
2026/7/27,10:00~12:00,平均停等延滯,43.4,48.3,28,43.1,20.3,20.2,31.1,0,26.5,46.3,38.9,37.4,51.2,50.3,30.4,28.4,51.3,21.9,28.2,10.9,29,36.6,1.4,2.5,1,4.7,9,1,25.2,25.2,15.8,18.9,1.1,32.2,16.7,14,40.7,17.1,3.6,6.2,1.8,3.6,0.1,9.6,11.1,8.4,24,24.2,27,34.1,16.2,,,,,,,,,,,,,,,,,,,,,
2026/7/27,14:00~16:00,總停等延滯,391566,318371,73195,258895,75421,32491,22293,0,20637,118939,19883,13218,45943,39895,73707,36123,15381,22203,50304,5727,10419,34158,3138,1974,1164,10033,7344,2689,10471,10471,49553,25379,456,16543,7175,127657,24130,45117,50569,7841,28910,28774,136,43509,23808,19701,58819,1790,27070,10050,19909,160.8,314.8,166.5,301.9,220.9,607.1,185.3,nan,115.4,161,60,169.8,315.1,297.2,279.9,189.2,0,109.6,74.9,0,126.8
2026/7/27,14:00~16:00,通過量,8938,6641,2297,4963,3482,1344,527,601,1010,2652,487,373,935,857,2525,1338,358,829,1865,522,377,966,1092,401,691,1660,850,810,381,381,2668,1153,745,451,319,6584,652,2742,2196,994,4296,2278,2018,4701,2350,2351,3201,482,1150,348,1221,,,,,,,,,,,,,,,,,,,,,
2026/7/27,14:00~16:00,平均停等延滯,43.8,47.9,31.9,52.2,21.7,24.2,42.3,0,20.4,44.8,40.8,35.4,49.1,46.6,29.2,27,43,26.8,27,11,27.6,35.4,2.9,4.9,1.7,6,8.6,3.3,27.5,27.5,18.6,22,0.6,36.7,22.5,19.4,37,16.5,23,7.9,6.7,12.6,0.1,9.3,10.1,8.4,18.4,3.7,23.5,28.9,16.3,,,,,,,,,,,,,,,,,,,,,
2026/7/27,16:00~19:00,總停等延滯,772291,579222,193069,507391,112346,42951,34715,0,34680,229073,31710,28610,67346,101407,141279,66489,32668,42122,96524,16660,21927,57937,8679,7473,1206,22017,12754,9263,26319,26319,136054,59934,1909,51465,22746,272414,46952,90469,124011,10982,66440,65828,612,79330,49010,30320,89207,5245,50321,17962,15679,152.3,393.7,205.4,164.6,222.1,602.9,187.6,nan,112.8,152.3,69.8,213.6,164,199.9,384.3,145.4,0,91.7,101.1,0,125.4
2026/7/27,16:00~19:00,通過量,15867,11396,4471,8732,5934,2451,1085,929,1469,4070,690,623,1291,1466,4607,2448,720,1439,3300,1157,790,1353,1839,782,1057,3268,1722,1546,866,866,5131,2308,1261,872,690,11145,1154,5627,3073,1291,6759,2853,3906,6767,2777,3990,4754,871,1932,583,1368,,,,,,,,,,,,,,,,,,,,,
2026/7/27,16:00~19:00,平均停等延滯,48.7,50.8,43.2,58.1,18.9,17.5,32,0,23.6,56.3,46,45.9,52.2,69.2,30.7,27.2,45.4,29.3,29.2,14.4,27.8,42.8,4.7,9.6,1.1,6.7,7.4,6,30.4,30.4,26.5,26,1.5,59,33,24.4,40.7,16.1,40.4,8.5,9.8,23.1,0.2,11.7,17.6,7.6,18.8,6,26,30.8,11.5,,,,,,,,,,,,,,,,,,,,,
2026/7/27,20:00~23:00,總停等延滯,314673,257080,57593,141846,43257,15996,10007,0,17254,120967,18991,21829,38153,41994,54849,26640,10446,17763,38007,9393,9414,19200,1266,348,918,12541,6607,5934,7412,7412,36374,31981,20,2659,1714,54519,18736,33165,2461,157,2962,2962,0,37732,22961,14771,46633,122,24959,9320,12232,135.8,167.5,208.6,201.6,202.8,303.1,201.5,nan,114.5,135.6,65.7,210.5,204.5,185,166.5,131.9,0,135.5,67.2,0,110.3
2026/7/27,20:00~23:00,通過量,7778,6119,1659,4309,3350,1348,488,759,755,2895,591,400,955,949,2220,1146,310,764,1811,706,350,755,873,331,542,1266,683,583,258,258,2156,1086,577,298,195,4960,468,2305,1673,514,3785,1977,1808,4155,1976,2179,2619,331,752,422,1114,,,,,,,,,,,,,,,,,,,,,
2026/7/27,20:00~23:00,平均停等延滯,40.5,42,34.7,32.9,12.9,11.9,20.5,0,22.9,41.8,32.1,54.6,40,44.3,24.7,23.2,33.7,23.2,21,13.3,26.9,25.4,1.5,1.1,1.7,9.9,9.7,10.2,28.7,28.7,16.9,29.4,0,8.9,8.8,11,40,14.4,1.5,0.3,0.8,1.5,0,9.1,11.6,6.8,17.8,0.4,33.2,22.1,11,,,,,,,,,,,,,,,,,,,,,
2026/7/28,07:00~09:00,總停等延滯,478198,380145,98053,243977,60273,27174,19263,0,13836,160049,28117,17957,35729,78246,90573,36758,27942,25873,69250,5724,16413,47113,14288,1546,12742,2779,1783,996,16061,16061,64925,27087,1788,30512,5538,108752,23302,51966,20000,13484,25448,25025,423,40421,27242,13179,69356,2403,30980,18598,17375,146.5,169.4,170.9,133.7,203.6,360.5,214.6,nan,124.2,146.9,58.8,185.3,132.5,201,168.8,119.8,0,83.1,143,0,338.6
2026/7/28,07:00~09:00,通過量,10091,7169,2922,5395,3367,1494,602,578,693,2467,526,343,667,931,2711,1220,711,780,2308,693,521,1094,1370,413,957,1872,780,1092,495,495,3146,1132,1095,563,356,7591,520,3311,2422,1338,5071,2824,2247,5356,2738,2618,3277,705,1008,550,1014,,,,,,,,,,,,,,,,,,,,,
2026/7/28,07:00~09:00,平均停等延滯,47.4,53,33.6,45.2,17.9,18.2,32,0,20,64.9,53.5,52.4,53.6,84,33.4,30.1,39.3,33.2,30,8.3,31.5,43.1,10.4,3.7,13.3,1.5,2.3,0.9,32.4,32.4,20.6,23.9,1.6,54.2,15.6,14.3,44.8,15.7,8.3,10.1,5,8.9,0.2,7.5,9.9,5,21.2,3.4,30.7,33.8,17.1,,,,,,,,,,,,,,,,,,,,,
2026/7/28,10:00~17:00,總停等延滯,1263659,1047079,216580,755572,205131,89187,60794,0,55150,381730,71584,40368,145163,124615,256793,133778,58218,64797,203425,19602,43166,140657,25810,3925,21885,23300,11880,11420,35702,35702,131768,66525,2150,45972,17121,323612,82112,163887,55739,21874,42867,42283,584,157086,90556,66530,232007,9876,125816,45144,51171,165.3,275.5,179.1,188.4,226.2,547.1,217.4,nan,112,167.9,61.2,178.6,187.9,296.5,296.1,130.1,0,106.3,132.5,0,157.4
2026/7/28,10:00~17:00,通過量,29582,22544,7038,17340,11849,5018,2106,1916,2809,8472,1675,1172,3135,2490,8480,4735,1336,2409,7095,1891,1468,3736,3470,1184,2286,5603,2523,3080,1388,1388,7947,3481,2313,1202,951,23207,2278,10279,7317,3333,15585,7945,7640,13995,6630,7365,10476,1525,4168,1244,3539,,,,,,,,,,,,,,,,,,,,,
2026/7/28,10:00~17:00,平均停等延滯,42.7,46.4,30.8,43.6,17.3,17.8,28.9,0,19.6,45.1,42.7,34.4,46.3,50,30.3,28.3,43.6,26.9,28.7,10.4,29.4,37.6,7.4,3.3,9.6,4.2,4.7,3.7,25.7,25.7,16.6,19.1,0.9,38.2,18,13.9,36,15.9,7.6,6.6,2.8,5.3,0.1,11.2,13.7,9,22.1,6.5,30.2,36.3,14.5,,,,,,,,,,,,,,,,,,,,,
2026/7/28,17:00~20:00,總停等延滯,704753,551582,153171,331923,104372,40330,30674,0,33368,215861,34924,24626,62497,93814,137470,67464,30522,39484,93879,16604,20456,56819,14823,2299,12524,11327,6766,4561,24948,24948,102073,46617,1382,36253,17821,161490,38223,76625,42416,4226,13691,13262,429,63320,27491,35829,93422,2104,54219,17986,19113,146.1,217.4,207,147.2,209.9,377,167.1,nan,136,144.7,63.4,200.5,147.4,163.3,220.4,132.8,0,97.3,71.5,0,137
2026/7/28,17:00~20:00,通過量,15150,11087,4063,7690,5706,2361,987,986,1372,4081,766,582,1350,1383,4461,2314,674,1473,3437,1182,753,1502,1745,653,1092,2812,1396,1416,786,786,4651,2027,1093,798,733,9605,1020,4727,2768,1090,6696,2868,3828,7060,2931,4129,4477,750,1784,525,1418,,,,,,,,,,,,,,,,,,,,,
2026/7/28,17:00~20:00,平均停等延滯,46.5,49.8,37.7,43.2,18.3,17.1,31.1,0,24.3,52.9,45.6,42.3,46.3,67.8,30.8,29.2,45.3,26.8,27.3,14,27.2,37.8,8.5,3.5,11.5,4,4.8,3.2,31.7,31.7,21.9,23,1.3,45.4,24.3,16.8,37.5,16.2,15.3,3.9,2,4.6,0.1,9,9.4,8.7,20.9,2.8,30.4,34.3,13.5,,,,,,,,,,,,,,,,,,,,,
2026/7/28,10:00~12:00,總停等延滯,335514,278697,56817,194697,51574,21742,18049,0,11783,105499,21158,9818,43523,31000,65176,35499,15778,13899,56448,5051,13851,37546,7083,955,6128,4025,2501,1524,9729,9729,35980,17724,332,13249,4675,82241,23165,46081,7283,5712,6967,6878,89,45483,27718,17765,60006,4471,30384,11694,13457,153.4,269.2,198.1,184.5,223.2,673.5,351.7,nan,102.3,154.6,71.1,201.6,179.2,285,282.8,125,0,175.6,256.9,0,186.5
2026/7/28,10:00~12:00,通過量,8005,5964,2041,4796,3016,1387,631,458,540,2340,487,307,889,657,2332,1308,402,622,1972,554,425,993,982,346,636,1622,696,926,366,366,2265,936,689,398,242,6461,679,2917,1868,997,4263,2088,2175,3878,1789,2089,2729,417,1112,310,890,,,,,,,,,,,,,,,,,,,,,
2026/7/28,10:00~12:00,平均停等延滯,41.9,46.7,27.8,40.6,17.1,15.7,28.6,0,21.8,45.1,43.4,32,49,47.2,27.9,27.1,39.2,22.3,28.6,9.1,32.6,37.8,7.2,2.8,9.6,2.5,3.6,1.6,26.6,26.6,15.9,18.9,0.5,33.3,19.3,12.7,34.1,15.8,3.9,5.7,1.6,3.3,0,11.7,15.5,8.5,22,10.7,27.3,37.7,15.1,,,,,,,,,,,,,,,,,,,,,
2026/7/28,14:00~16:00,總停等延滯,375906,308670,67236,236161,64581,29756,17713,0,17112,107401,19779,11989,40199,35434,77721,40989,16246,20486,58967,5395,11108,42464,6512,1109,5403,13641,5869,7772,10084,10084,36999,18466,895,13314,4324,94677,22210,47334,17268,7865,19735,19525,210,42833,22918,19915,78916,2379,44521,13672,18344,156,191.3,166.6,206.4,214.4,482.3,169.5,nan,110.5,157.6,58.5,168.2,208.6,291.7,215.8,111.4,0,78.5,88.7,0,130.5
2026/7/28,14:00~16:00,通過量,8642,6608,2034,5107,3589,1422,631,619,917,2413,470,351,893,699,2473,1371,374,728,2008,522,398,1088,986,342,644,1714,805,909,410,410,2347,1065,683,338,261,6763,593,2968,2214,988,4688,2488,2200,4915,2361,2554,3370,443,1381,376,1170,,,,,,,,,,,,,,,,,,,,,
2026/7/28,14:00~16:00,平均停等延滯,43.5,46.7,33.1,46.2,18,20.9,28.1,0,18.7,44.5,42.1,34.2,45,50.7,31.4,29.9,43.4,28.1,29.4,10.3,27.9,39,6.6,3.2,8.4,8,7.3,8.6,24.6,24.6,15.8,17.3,1.3,39.4,16.6,14,37.5,15.9,7.8,8,4.2,7.8,0.1,8.7,9.7,7.8,23.4,5.4,32.2,36.4,15.7,,,,,,,,,,,,,,,,,,,,,
2026/7/28,16:00~19:00,總停等延滯,731599,568344,163255,380727,105852,40307,30273,0,35272,216016,36773,23509,63790,91944,140633,68635,31880,40118,105843,17176,21084,67583,14522,2773,11749,12571,7847,4724,25395,25395,110767,51423,1809,40386,17149,195162,42243,85775,61121,6023,16521,16011,510,67074,28940,38134,101970,4451,56136,21160,20223,148.9,215.5,192.3,169.3,210.4,394.8,172.8,nan,148.8,148.7,61,184.6,160.6,241.6,211.4,136.9,0,99.6,74.1,0,138.7
2026/7/28,16:00~19:00,通過量,15533,11264,4269,8098,5900,2438,1009,953,1500,3984,779,541,1327,1337,4504,2419,678,1407,3481,1127,758,1596,1822,681,1141,3016,1484,1532,835,835,4737,1984,1203,771,779,10438,1102,5085,3104,1147,6955,3042,3913,7216,2992,4224,4488,828,1749,538,1373,,,,,,,,,,,,,,,,,,,,,
2026/7/28,16:00~19:00,平均停等延滯,47.1,50.5,38.2,47,17.9,16.5,30,0,23.5,54.2,47.2,43.5,48.1,68.8,31.2,28.4,47,28.5,30.4,15.2,27.8,42.3,8,4.1,10.3,4.2,5.3,3.1,30.4,30.4,23.4,25.9,1.5,52.4,22,18.7,38.3,16.9,19.7,5.3,2.4,5.3,0.1,9.3,9.7,9,22.7,5.4,32.1,39.3,14.7,,,,,,,,,,,,,,,,,,,,,
2026/7/28,20:00~23:00,總停等延滯,316654,246853,69801,138249,49290,18766,12499,0,18025,108148,16347,16269,36571,38961,53954,27760,10794,15400,35461,8583,9507,17371,3896,677,3219,19854,10952,8902,8486,8486,37565,32423,0,2906,2236,60659,21860,35998,2602,199,3178,3152,26,29121,15312,13809,45291,265,24664,9031,11331,135.2,228.3,214.4,137.7,204.9,681.1,143.8,nan,121,134.4,69.1,214.9,131.9,327.2,254.7,0,0,79.4,63.1,0,196.4
2026/7/28,20:00~23:00,通過量,7983,6200,1783,4059,3434,1372,543,760,759,2853,595,373,943,942,2329,1198,295,836,1729,649,415,665,981,350,631,1470,810,660,312,312,2205,1084,607,278,236,4871,459,2251,1667,494,4052,1986,2066,4417,2083,2334,2433,357,727,325,1024,,,,,,,,,,,,,,,,,,,,,
2026/7/28,20:00~23:00,平均停等延滯,39.7,39.8,39.1,34.1,14.4,13.7,23,0,23.7,37.9,27.5,43.6,38.8,41.4,23.2,23.2,36.6,18.4,20.5,13.2,22.9,26.1,4,1.9,5.1,13.5,13.5,13.5,27.2,27.2,17,29.9,0,10.5,9.5,12.5,47.6,16,1.6,0.4,0.8,1.6,0,6.6,7.4,5.9,18.6,0.7,33.9,27.8,11.1,,,,,,,,,,,,,,,,,,,,,
2026/7/29,07:00~09:00,總停等延滯,472812,375366,97446,256495,66770,29997,21596,0,15177,148598,28242,17081,37871,65404,85114,36677,28745,19692,74884,6270,16218,52396,12288,1107,11181,2206,1657,549,15306,15306,67646,26313,5946,27770,7617,111334,23888,51362,22958,13126,31243,30796,447,44057,26835,17222,69861,2508,34665,16966,15722,146,190,137.7,132.3,209.4,384.1,161.9,nan,113.4,146.2,63.1,139.5,130.9,189.8,193.7,0,0,79.8,82.1,0,119.2
2026/7/29,07:00~09:00,通過量,10331,7248,3083,5282,3573,1606,722,627,618,2629,562,403,756,908,2677,1314,678,685,2322,694,485,1143,1376,387,989,1953,809,1144,489,489,3314,1107,1175,664,368,7339,549,3130,2298,1362,5280,2801,2479,5458,2752,2706,3546,696,1247,495,1108,,,,,,,,,,,,,,,,,,,,,
2026/7/29,07:00~09:00,平均停等延滯,45.8,51.8,31.6,48.6,18.7,18.7,29.9,0,24.6,56.5,50.3,42.4,50.1,72,31.8,27.9,42.4,28.7,32.2,9,33.4,45.8,8.9,2.9,11.3,1.1,2,0.5,31.3,31.3,20.4,23.8,5.1,41.8,20.7,15.2,43.5,16.4,10,9.6,5.9,11,0.2,8.1,9.8,6.4,19.7,3.6,27.8,34.3,14.2,,,,,,,,,,,,,,,,,,,,,
2026/7/29,10:00~17:00,總停等延滯,1346096,1102979,243117,781776,232924,97274,75242,0,60408,403700,67826,43640,162133,130101,273152,141059,61345,70748,193203,20149,41624,131430,28799,3608,25191,24219,10446,13773,38698,38698,151401,76140,2245,51386,21630,316141,74108,153696,65595,22742,67569,66609,960,165211,82734,82477,232855,13622,119929,42064,57240,148.1,211,211.9,157.4,206.1,450,202.1,nan,145.1,148.1,57.9,212.4,158.3,234.4,228,145.3,0,115.8,90.2,0,159.8
2026/7/29,10:00~17:00,通過量,30812,23422,7390,18587,12612,5362,2205,1909,3136,8448,1656,1164,3126,2502,9132,5153,1364,2615,7022,1948,1435,3639,3627,1217,2410,5795,2691,3104,1438,1438,8521,3786,2362,1268,1105,24624,2398,11200,7621,3405,17158,8577,8581,17660,8180,9480,11077,1611,4477,1297,3692,,,,,,,,,,,,,,,,,,,,,
2026/7/29,10:00~17:00,平均停等延滯,43.7,47.1,32.9,42.1,18.5,18.1,34.1,0,19.3,47.8,41,37.5,51.9,52,29.9,27.4,45,27.1,27.5,10.3,29,36.1,7.9,3,10.5,4.2,3.9,4.4,26.9,26.9,17.8,20.1,1,40.5,19.6,12.8,30.9,13.7,8.6,6.7,3.9,7.8,0.1,9.4,10.1,8.7,21,8.5,26.8,32.4,15.5,,,,,,,,,,,,,,,,,,,,,
2026/7/29,17:00~20:00,總停等延滯,779822,595427,184395,349962,113722,43570,36341,0,33811,243024,37027,31200,63872,110925,144721,67059,29603,48059,93960,16309,20486,57165,15332,4474,10858,31767,11524,20243,27167,27167,110129,51561,3529,37377,17662,158670,36886,75643,42127,4014,15705,15399,306,69449,28019,41430,106138,5082,62879,17820,20357,155.2,200.4,180.7,189.5,234.5,441,153,nan,122.9,154.8,79.5,180.9,183.3,254.4,200,136.6,0,88.8,63.5,0,126.5
2026/7/29,17:00~20:00,通過量,15861,11391,4470,7687,5769,2485,1022,861,1401,4210,813,649,1278,1470,4837,2621,697,1519,3376,1228,726,1422,1820,720,1100,3243,1550,1693,838,838,5222,2310,1284,843,785,9900,1018,4818,3014,1050,6884,2862,4022,7126,2857,4269,4618,825,1942,534,1317,,,,,,,,,,,,,,,,,,,,,
2026/7/29,17:00~20:00,平均停等延滯,49.2,52.3,41.3,45.5,19.7,17.5,35.6,0,24.1,57.7,45.5,48.1,50,75.5,29.9,25.6,42.5,31.6,27.8,13.3,28.2,40.2,8.4,6.2,9.9,9.8,7.4,12,32.4,32.4,21.1,22.3,2.7,44.3,22.5,16,36.2,15.7,14,3.8,2.3,5.4,0.1,9.7,9.8,9.7,23,6.2,32.4,33.4,15.5,,,,,,,,,,,,,,,,,,,,,
2026/7/29,10:00~12:00,總停等延滯,344339,283387,60952,189648,63671,31099,17595,0,14977,104990,19278,10539,41472,33701,71248,38648,18562,14038,43478,4236,10531,28711,7521,648,6873,4123,2310,1813,10415,10415,38893,19503,819,13817,4754,77112,20695,42308,7877,6232,8679,8322,357,44958,23297,21661,58899,1217,35544,12034,10104,148.8,197.9,230.4,163.9,204.9,353.8,176.8,nan,135.7,148.7,56.4,236.4,159.7,142.5,222.2,145,0,83.7,88,0,181.6
2026/7/29,10:00~12:00,通過量,8279,6217,2062,5048,3274,1531,590,461,692,2265,470,293,831,671,2396,1362,385,649,1904,498,400,1006,998,326,672,1553,721,832,402,402,2404,1070,693,365,276,6756,697,3157,1859,1043,4726,2216,2510,4831,2084,2747,2862,412,1256,392,802,,,,,,,,,,,,,,,,,,,,,
2026/7/29,10:00~12:00,平均停等延滯,41.6,45.6,29.6,37.6,19.4,20.3,29.8,0,21.6,46.4,41,36,49.9,50.2,29.7,28.4,48.2,21.6,22.8,8.5,26.3,28.5,7.5,2,10.2,2.7,3.2,2.2,25.9,25.9,16.2,18.2,1.2,37.9,17.2,11.4,29.7,13.4,4.2,6,1.8,3.8,0.1,9.3,11.2,7.9,20.6,3,28.3,30.7,12.6,,,,,,,,,,,,,,,,,,,,,
2026/7/29,14:00~16:00,總停等延滯,400420,328234,72186,245520,71956,29554,23516,0,18886,115725,17761,15607,45559,36798,78799,40225,16396,22178,61754,5955,11961,43838,8314,1199,7115,10709,3127,7582,11091,11091,42072,22185,864,13115,5908,92746,22565,46150,17158,6873,27834,27487,347,47405,22296,25109,77535,7223,32534,12382,25396,145.5,251.3,210.3,165.2,202.1,564.8,247.2,nan,143.4,145.5,56.7,204,171.1,289.8,263.8,140.7,0,159.5,103.1,0,127.6
2026/7/29,14:00~16:00,通過量,8875,6721,2154,5421,3723,1495,605,570,1053,2434,432,365,958,679,2576,1480,339,757,1971,543,405,1023,1040,362,678,1677,817,860,416,416,2523,1147,664,367,345,7152,626,3226,2341,959,5083,2665,2418,5293,2596,2697,3371,466,1336,363,1206,,,,,,,,,,,,,,,,,,,,,
2026/7/29,14:00~16:00,平均停等延滯,45.1,48.8,33.5,45.3,19.3,19.8,38.9,0,17.9,47.5,41.1,42.8,47.6,54.2,30.6,27.2,48.4,29.3,31.3,11,29.5,42.9,8,3.3,10.5,6.4,3.8,8.8,26.7,26.7,16.7,19.3,1.3,35.7,17.1,13,36,14.3,7.3,7.2,5.5,10.3,0.1,9,8.6,9.3,23,15.5,24.4,34.1,21.1,,,,,,,,,,,,,,,,,,,,,
2026/7/29,16:00~19:00,總停等延滯,834525,622309,212216,404905,121694,43181,41506,0,37007,241020,32626,29154,71555,107685,156367,73129,32512,50726,103228,16675,22165,64388,17022,4949,12073,36604,14725,21879,30622,30622,127968,57608,3834,45041,21485,191892,38071,80324,66429,7068,31044,30662,382,73305,29717,43588,108664,6221,61536,20869,20038,152.3,198.6,180.7,167.6,227.7,435.4,165.1,nan,107.5,152.2,75.9,181.6,161.3,249.2,202.3,145.7,0,98.4,63.8,0,127.5
2026/7/29,16:00~19:00,通過量,16575,11771,4804,8205,6027,2623,1026,856,1522,4075,734,600,1324,1417,5158,2833,743,1582,3446,1188,758,1500,1946,758,1188,3588,1719,1869,899,899,5466,2319,1413,906,828,10874,1147,5081,3433,1213,7273,3201,4072,7492,3133,4359,4821,883,1961,569,1408,,,,,,,,,,,,,,,,,,,,,
2026/7/29,16:00~19:00,平均停等延滯,50.3,52.9,44.2,49.3,20.2,16.5,40.5,0,24.3,59.1,44.4,48.6,54,76,30.3,25.8,43.8,32.1,30,14,29.2,42.9,8.7,6.5,10.2,10.2,8.6,11.7,34.1,34.1,23.4,24.8,2.7,49.7,25.9,17.6,33.2,15.8,19.4,5.8,4.3,9.6,0.1,9.8,9.5,10,22.5,7,31.4,36.7,14.2,,,,,,,,,,,,,,,,,,,,,
2026/7/29,20:00~23:00,總停等延滯,384899,299826,85073,163845,55285,20250,11672,0,23363,123576,17930,17218,41218,47210,58535,29707,12617,16211,62430,10179,10181,42070,4173,1003,3170,16019,4877,11142,12253,12253,52628,41290,10,3451,7877,60938,20088,34677,5853,320,4441,4429,12,33615,17024,16591,64851,19,31152,11602,22078,143,185.6,254.9,296.1,215.1,399.9,158,nan,95.4,143.7,70.7,243.2,244.9,225.2,186.2,160.3,0,82.6,79,0,154.2
2026/7/29,20:00~23:00,通過量,9114,7055,2059,4585,3793,1386,528,949,930,3377,602,530,1176,1069,2461,1271,381,809,2204,782,369,1053,1118,382,736,1437,789,648,354,354,2730,1407,647,280,396,5347,450,2316,2035,546,4476,2364,2112,4960,2565,2395,3078,421,838,344,1475,,,,,,,,,,,,,,,,,,,,,
2026/7/29,20:00~23:00,平均停等延滯,42.2,42.5,41.3,35.7,14.6,14.6,22.1,0,25.1,36.6,29.8,32.5,35,44.2,23.8,23.4,33.1,20,28.3,13,27.6,40,3.7,2.6,4.3,11.1,6.2,17.2,34.6,34.6,19.3,29.3,0,12.3,19.9,11.4,44.6,15,2.9,0.6,1,1.9,0,6.8,6.6,6.9,21.1,0,37.2,33.7,15,,,,,,,,,,,,,,,,,,,,,
2026/7/30,07:00~09:00,總停等延滯,527894,378199,149695,330951,81407,44170,21545,0,15692,151800,26413,12752,41561,71074,80965,36619,23829,20517,64027,5420,14665,43942,19821,3129,16692,12778,10416,2362,18213,18213,98883,35492,3272,48111,12008,119765,22968,54977,30341,11479,30422,30394,28,77606,40380,37226,103158,1208,41471,21896,38583,146.6,214.4,165.8,122.2,210.7,428.9,252.1,nan,108.3,146.1,63.4,165.9,120.9,217.2,223.6,127.4,0,75,179.4,0,236.9
2026/7/30,07:00~09:00,通過量,10131,7009,3122,5794,3366,1515,673,560,618,2614,540,346,792,936,2692,1307,662,723,2190,654,451,1085,1314,360,954,1886,798,1088,509,509,3424,1171,1132,733,388,7552,586,3325,2326,1315,5385,2796,2589,5585,2841,2744,3893,692,1318,463,1420,,,,,,,,,,,,,,,,,,,,,
2026/7/30,07:00~09:00,平均停等延滯,52.1,54,47.9,57.1,24.2,29.2,32,0,25.4,58.1,48.9,36.9,52.5,75.9,30.1,28,36,28.4,29.2,8.3,32.5,40.5,15.1,8.7,17.5,6.8,13.1,2.2,35.8,35.8,28.9,30.3,2.9,65.6,30.9,15.9,39.2,16.5,13,8.7,5.6,10.9,0,13.9,14.2,13.6,26.5,1.7,31.5,47.3,27.2,,,,,,,,,,,,,,,,,,,,,
2026/7/30,10:00~17:00,總停等延滯,1452219,1138166,314053,1004655,279557,150504,65947,0,63106,408826,67959,44528,165714,130625,247821,131423,44877,71521,201962,22508,46192,133262,29161,8595,20566,36800,27787,9013,46610,46610,201482,80954,735,92896,26897,371357,87638,185785,76304,21630,43562,43478,84,220080,92702,127378,369656,15553,148817,73006,132280,168.4,235.7,210.7,135.4,228,426.9,245.2,nan,109.2,170.7,59.5,218.4,136.6,197.8,233.5,149.1,0,121.8,133.6,0,152.1
2026/7/30,10:00~17:00,通過量,30878,23299,7579,18393,12229,4979,2263,1938,3049,8763,1611,1119,3334,2699,8889,4931,1275,2683,7117,1885,1509,3723,3467,1148,2319,5601,2447,3154,1335,1335,8387,3291,2254,1611,1231,23485,2318,10563,7246,3358,16546,8316,8230,16997,8088,8909,11875,1646,4717,1329,4183,,,,,,,,,,,,,,,,,,,,,
2026/7/30,10:00~17:00,平均停等延滯,47,48.9,41.4,54.6,22.9,30.2,29.1,0,20.7,46.7,42.2,39.8,49.7,48.4,27.9,26.7,35.2,26.7,28.4,11.9,30.6,35.8,8.4,7.5,8.9,6.6,11.4,2.9,34.9,34.9,24,24.6,0.3,57.7,21.8,15.8,37.8,17.6,10.5,6.4,2.6,5.2,0,12.9,11.5,14.3,31.1,9.4,31.5,54.9,31.6,,,,,,,,,,,,,,,,,,,,,
2026/7/30,17:00~20:00,總停等延滯,833173,608131,225042,428457,131142,62785,33461,0,34896,242655,38801,28860,63809,111185,138183,66063,25588,46532,96151,19150,23313,53688,22004,8649,13355,38316,25775,12541,30478,30478,134244,55466,335,59404,19039,163388,33185,71152,55145,3906,21320,21204,116,99640,35754,63886,144109,4168,76925,19033,43983,155.5,252.9,200.8,125.3,227.2,373.8,226.3,nan,127.4,155.7,71.8,205.7,124,217.1,258.4,132.9,0,135.2,107.5,0,138.5
2026/7/30,17:00~20:00,通過量,15865,11394,4471,8085,5988,2459,1167,942,1420,4252,846,650,1339,1417,4779,2663,676,1440,3427,1262,769,1396,1787,707,1080,3157,1618,1539,868,868,5071,2175,1201,925,770,9879,1110,4883,2845,1041,6804,2868,3936,7243,2926,4317,5104,790,2222,529,1563,,,,,,,,,,,,,,,,,,,,,
2026/7/30,17:00~20:00,平均停等延滯,52.5,53.4,50.3,53,21.9,25.5,28.7,0,24.6,57.1,45.9,44.4,47.7,78.5,28.9,24.8,37.9,32.3,28.1,15.2,30.3,38.5,12.3,12.2,12.4,12.1,15.9,8.1,35.1,35.1,26.5,25.5,0.3,64.2,24.7,16.5,29.9,14.6,19.4,3.8,3.1,7.4,0,13.8,12.2,14.8,28.2,5.3,34.6,36,28.1,,,,,,,,,,,,,,,,,,,,,
2026/7/30,10:00~12:00,總停等延滯,374790,295525,79265,250910,75468,43951,17232,0,14285,103227,15490,11338,44252,32147,62169,34967,13359,13843,54661,6200,12042,36419,8970,2023,6947,7572,4738,2834,13618,13618,49105,17748,200,25522,5635,91882,26690,52391,6303,6498,2085,2055,30,62238,25347,36891,94705,334,41101,23262,30008,148.3,201,252.7,118.6,213.8,421.4,244.9,nan,103.9,148.5,65.5,266.3,119.7,206.5,193.8,148.8,0,136,118.8,0,162.9
2026/7/30,10:00~12:00,通過量,8090,6098,1992,4811,3114,1366,635,491,622,2212,422,279,856,655,2294,1283,388,623,2004,474,380,1150,961,290,671,1407,570,837,352,352,2172,822,621,479,250,6138,582,2816,1779,961,4332,2114,2218,4436,2032,2404,3102,400,1289,347,1066,,,,,,,,,,,,,,,,,,,,,
2026/7/30,10:00~12:00,平均停等延滯,46.3,48.5,39.8,52.2,24.2,32.2,27.1,0,23,46.7,36.7,40.6,51.7,49.1,27.1,27.3,34.4,22.2,27.3,13.1,31.7,31.7,9.3,7,10.4,5.4,8.3,3.4,38.7,38.7,22.6,21.6,0.3,53.3,22.5,15,45.9,18.6,3.5,6.8,0.5,1,0,14,12.5,15.3,30.5,0.8,31.9,67,28.2,,,,,,,,,,,,,,,,,,,,,
2026/7/30,14:00~16:00,總停等延滯,410463,320699,89764,297597,75454,39645,18438,0,17371,115187,20158,11156,49413,34460,72795,38192,11549,23054,57263,5671,13214,38378,7361,2125,5236,9564,8281,1283,13403,13403,59436,25934,190,24500,8812,108723,26650,53951,21470,6652,17225,17215,10,60764,27145,33619,110885,5426,39559,21894,44006,146.2,339.8,174.5,167,202,554.9,254.3,nan,105.4,146.7,55.7,176.3,168.7,173.9,333,134.5,0,174.6,99,0,192
2026/7/30,14:00~16:00,通過量,8900,6690,2210,5498,3661,1395,619,619,1028,2476,483,311,974,708,2583,1451,331,801,2036,539,426,1071,941,325,616,1572,733,839,400,400,2478,993,646,451,388,6997,709,3121,2211,956,4917,2603,2314,5144,2616,2528,3416,465,1283,388,1280,,,,,,,,,,,,,,,,,,,,,
2026/7/30,14:00~16:00,平均停等延滯,46.1,47.9,40.6,54.1,20.6,28.4,29.8,0,16.9,46.5,41.7,35.9,50.7,48.7,28.2,26.3,34.9,28.8,28.1,10.5,31,35.8,7.8,6.5,8.5,6.1,11.3,1.5,33.5,33.5,24,26.1,0.3,54.3,22.7,15.5,37.6,17.3,9.7,7,3.5,6.6,0,11.8,10.4,13.3,32.5,11.7,30.8,56.4,34.4,,,,,,,,,,,,,,,,,,,,,
2026/7/30,16:00~19:00,總停等延滯,881502,631347,250155,514495,139586,66132,34723,0,38731,240241,38295,28665,68658,104623,146771,69977,26226,50568,104749,20053,23598,61098,23837,9680,14157,43192,29895,13297,34165,34165,148961,61194,573,65057,22137,207715,34647,79022,88217,5829,36207,36091,116,107716,37527,70189,162857,11283,84208,21658,45708,203.9,270.3,199.6,124.3,273.1,390.4,195.5,nan,126.1,206,69.6,206.7,123.6,231.1,280.6,137.8,0,80.5,115,0,137.7
2026/7/30,16:00~19:00,通過量,16659,11863,4796,8386,6188,2525,1199,940,1524,4369,819,618,1424,1508,5016,2777,692,1547,3500,1250,771,1479,1946,783,1163,3527,1785,1742,925,925,5359,2271,1316,900,872,10657,1170,5079,3193,1215,7182,3056,4126,7405,2990,4415,5362,904,2321,543,1594,,,,,,,,,,,,,,,,,,,,,
2026/7/30,16:00~19:00,平均停等延滯,52.9,53.2,52.2,61.4,22.6,26.2,29,0,25.4,55,46.8,46.4,48.2,69.4,29.3,25.2,37.9,32.7,29.9,16,30.6,41.3,12.2,12.4,12.2,12.2,16.7,7.6,36.9,36.9,27.8,26.9,0.4,72.3,25.4,19.5,29.6,15.6,27.6,4.8,5,11.8,0,14.5,12.6,15.9,30.4,12.5,36.3,39.9,28.7,,,,,,,,,,,,,,,,,,,,,
2026/7/30,20:00~23:00,總停等延滯,382347,309228,73119,219176,67687,35219,12315,0,20153,127861,17287,19893,40315,50366,56543,26469,13261,16813,57137,9051,10013,38073,7309,908,6401,7779,6328,1451,12910,12910,45121,30984,0,9242,4895,71455,23281,43598,3507,1069,945,945,0,58184,31592,26592,88592,37,28937,10303,49315,140.5,189.3,227.3,141.4,211.2,450.3,154.3,nan,98.8,140.3,70.2,223.7,139.1,227,198.8,162.3,0,73.4,83.4,0,166.7
2026/7/30,20:00~23:00,通過量,9350,7049,2301,4851,3707,1355,545,882,925,3362,597,439,1207,1119,2425,1251,352,822,2215,723,407,1085,1113,355,758,1367,739,628,381,381,2910,1345,655,516,394,5475,443,2369,2083,580,4502,2454,2048,4972,2602,2370,3483,394,1050,329,1710,,,,,,,,,,,,,,,,,,,,,
2026/7/30,20:00~23:00,平均停等延滯,40.9,43.9,31.8,45.2,18.3,26,22.6,0,21.8,38,29,45.3,33.4,45,23.3,21.2,37.7,20.5,25.8,12.5,24.6,35.1,6.6,2.6,8.4,5.7,8.6,2.3,33.9,33.9,15.5,23,0,17.9,12.4,13.1,52.6,18.4,1.7,1.8,0.2,0.4,0,11.7,12.1,11.2,25.4,0.1,27.6,31.3,28.8,,,,,,,,,,,,,,,,,,,,,
2026/7/31,07:00~09:00,總停等延滯,459766,368147,91619,262167,64626,29981,19159,0,15486,153897,24475,19593,39745,70084,83046,38350,26642,18054,66578,5522,14933,46123,12633,474,12159,2762,2032,730,14713,14713,61511,23883,3744,28986,4898,118193,22505,51241,32394,12053,33036,32950,86,46333,28587,17746,64605,2777,29018,13466,19344,156.8,189.2,155.6,133.5,224.4,375.4,179.6,nan,111,158.2,67.7,158.6,135.9,183.9,192.7,0,0,119.7,64.7,0,140.2
2026/7/31,07:00~09:00,通過量,10227,7158,3069,5210,3357,1510,618,621,608,2568,522,342,796,908,2576,1167,664,745,2376,613,586,1177,1254,307,947,1836,782,1054,476,476,3303,1017,1158,739,389,7293,531,3106,2334,1322,5003,2690,2313,5256,2749,2507,3337,677,1087,420,1153,,,,,,,,,,,,,,,,,,,,,
2026/7/31,07:00~09:00,平均停等延滯,45,51.4,29.9,50.3,19.3,19.9,31,0,25.5,59.9,46.9,57.3,49.9,77.2,32.2,32.9,40.1,24.2,28,9,25.5,39.2,10.1,1.5,12.8,1.5,2.6,0.7,30.9,30.9,18.6,23.5,3.2,39.2,12.6,16.2,42.4,16.5,13.9,9.1,6.6,12.2,0,8.8,10.4,7.1,19.4,4.1,26.7,32.1,16.8,,,,,,,,,,,,,,,,,,,,,
2026/7/31,10:00~17:00,總停等延滯,1606334,1323878,282456,1096254,285835,145787,74948,0,65100,503931,86237,49764,181798,186132,301745,141044,75098,85603,232367,24700,48724,158943,27136,3494,23642,40704,19386,21318,43239,43239,171377,91239,865,54613,24660,415700,86131,187859,120176,21534,78350,78286,64,254294,111291,143003,347910,17471,153081,62966,114392,150.8,264.7,210.9,174.7,210,640,205.9,nan,104.8,151.1,59.2,210.3,176.2,348.6,275.7,142,0,83.2,122.3,0,214.3
2026/7/31,10:00~17:00,通過量,33107,25080,8027,18524,13390,5421,2519,2202,3248,9309,1841,1107,3464,2897,9982,5345,1536,3101,7409,2158,1620,3631,3874,1262,2612,6319,2898,3421,1547,1547,8750,3532,2676,1157,1385,24565,2194,10609,8372,3390,16461,8277,8184,17632,8275,9357,12292,1717,4854,1354,4367,,,,,,,,,,,,,,,,,,,,,
2026/7/31,10:00~17:00,平均停等延滯,48.5,52.8,35.2,59.2,21.3,26.9,29.8,0,20,54.1,46.8,45,52.5,64.2,30.2,26.4,48.9,27.6,31.4,11.4,30.1,43.8,7,2.8,9.1,6.4,6.7,6.2,28,28,19.6,25.8,0.3,47.2,17.8,16.9,39.3,17.7,14.4,6.4,4.8,9.5,0,14.4,13.4,15.3,28.3,10.2,31.5,46.5,26.2,,,,,,,,,,,,,,,,,,,,,
2026/7/31,17:00~20:00,總停等延滯,992005,806515,185490,518783,153742,68370,43234,0,42138,350530,74800,33756,110162,131812,191555,70466,56497,64592,110688,23135,24267,63286,19910,4224,15686,18013,6128,11885,24410,24410,123157,55467,1623,45708,20359,234683,35334,80275,110542,8532,53468,52839,629,147530,82913,64617,83102,6382,64387,5291,7042,148.8,346.7,194.1,171.1,228.5,548.3,183.4,nan,113.1,148.8,80.4,194.3,174.9,235,347.3,162.1,0,81.6,103.5,0,178.5
2026/7/31,17:00~20:00,通過量,17960,13290,4670,7274,6459,2609,1215,937,1698,5135,1094,714,1531,1796,5497,2663,1082,1752,3965,1541,861,1563,2174,791,1383,3672,1743,1929,861,861,5497,2479,1153,989,876,12281,1452,5442,4162,1225,6800,2391,4409,7564,3101,4463,4786,900,3506,126,254,,,,,,,,,,,,,,,,,,,,,
2026/7/31,17:00~20:00,平均停等延滯,55.2,60.7,39.7,71.3,23.8,26.2,35.6,0,24.8,68.3,68.4,47.3,72,73.4,34.8,26.5,52.2,36.9,27.9,15,28.2,40.5,9.2,5.3,11.3,4.9,3.5,6.2,28.4,28.4,22.4,22.4,1.4,46.2,23.2,19.1,24.3,14.8,26.6,7,7.9,22.1,0.1,19.5,26.7,14.5,17.4,7.1,18.4,42,27.7,,,,,,,,,,,,,,,,,,,,,
2026/7/31,10:00~12:00,總停等延滯,383767,320046,63721,253362,74168,38991,20588,0,14589,111061,21944,10490,42000,36627,76541,36932,21014,18595,58276,6134,14603,37539,8190,833,7357,3620,1412,2208,9911,9911,42000,21027,251,14103,6619,94293,26136,55717,6464,5976,3232,3232,0,69654,29065,40589,86183,1215,38373,16838,29757,155.4,190.1,182.1,173.1,212.6,655,185.2,nan,108.2,155.8,57.3,180.8,169.9,439.4,182.8,0,0,86,100.8,0,296.4
2026/7/31,10:00~12:00,通過量,8696,6527,2169,5393,3424,1502,715,503,704,2425,480,281,958,706,2647,1501,395,751,2009,536,454,1019,1005,296,709,1644,709,935,385,385,2324,836,782,373,333,6862,672,3241,1958,991,4570,2220,2350,4752,2159,2593,3403,489,1434,377,1103,,,,,,,,,,,,,,,,,,,,,
2026/7/31,10:00~12:00,平均停等延滯,44.1,49,29.4,47,21.7,26,28.8,0,20.7,45.8,45.7,37.3,43.8,51.9,28.9,24.6,53.2,24.8,29,11.4,32.2,36.8,8.1,2.8,10.4,2.2,2,2.4,25.7,25.7,18.1,25.2,0.3,37.8,19.9,13.7,38.9,17.2,3.3,6,0.7,1.5,0,14.7,13.5,15.7,25.3,2.5,26.8,44.7,27,,,,,,,,,,,,,,,,,,,,,
2026/7/31,14:00~16:00,總停等延滯,487322,399314,88008,343529,83584,42375,20374,0,20835,156764,23557,13669,58921,60617,89354,42072,20050,27232,69612,7115,13448,49049,7042,845,6197,16898,7710,9188,15405,15405,48663,26510,97,16071,5985,133317,24150,50763,52840,5564,36382,36380,2,69702,30793,38909,104128,10369,43028,16284,34447,149.4,370,250.5,184.5,206.7,675.8,188,nan,104.2,149.8,57.4,244.5,189.1,318.8,409.1,180,0,85.6,103.7,0,205.8
2026/7/31,14:00~16:00,通過量,10020,7520,2500,5277,4133,1545,717,724,1147,2749,516,336,977,920,2874,1530,421,923,2130,619,473,1038,1146,389,757,1816,855,961,526,526,2683,1098,815,330,440,7476,668,2843,2971,994,4770,2527,2243,5185,2537,2648,3570,498,1306,378,1388,,,,,,,,,,,,,,,,,,,,,
2026/7/31,14:00~16:00,平均停等延滯,48.6,53.1,35.2,65.1,20.2,27.4,28.4,0,18.2,57,45.7,40.7,60.3,65.9,31.1,27.5,47.6,29.5,32.7,11.5,28.4,47.3,6.1,2.2,8.2,9.3,9,9.6,29.3,29.3,18.1,24.1,0.1,48.7,13.6,17.8,36.2,17.9,17.8,5.6,7.6,14.4,0,13.4,12.1,14.7,29.2,20.8,32.9,43.1,24.8,,,,,,,,,,,,,,,,,,,,,
2026/7/31,16:00~19:00,總停等延滯,1025220,810938,214282,605530,159620,71949,43473,0,44198,346112,68459,35090,110014,132549,189474,71314,54196,63964,115732,20971,24930,69831,19664,4881,14783,30697,14254,16443,27957,27957,135964,60467,1689,50326,23482,267671,35968,82260,139405,10038,78016,77493,523,148953,80808,68145,110890,8750,68667,12746,20727,149.5,331.6,234.7,173,231.2,551.6,188.1,nan,107.3,149.6,82.3,241,178.9,207.3,329.3,158.5,0,80.2,108,0,169
2026/7/31,16:00~19:00,通過量,17985,13243,4742,7302,6559,2660,1241,912,1746,4777,1036,655,1483,1603,5541,2737,1066,1738,3975,1441,844,1690,2196,798,1398,3856,1875,1981,914,914,5425,2395,1255,810,965,11587,1233,4981,4042,1331,6630,2330,4300,7411,3030,4381,4946,919,2939,290,798,,,,,,,,,,,,,,,,,,,,,
2026/7/31,16:00~19:00,平均停等延滯,57,61.2,45.2,82.9,24.3,27,35,0,25.3,72.5,66.1,53.6,74.2,82.7,34.2,26.1,50.8,36.8,29.1,14.6,29.5,41.3,9,6.1,10.6,8,7.6,8.3,30.6,30.6,25.1,25.2,1.3,62.1,24.3,23.1,29.2,16.5,34.5,7.5,11.8,33.3,0.1,20.1,26.7,15.6,22.4,9.5,23.4,44,26,,,,,,,,,,,,,,,,,,,,,
2026/7/31,20:00~23:00,總停等延滯,681769,571082,110687,261469,140907,68900,24886,1403,45718,265494,53227,29688,81474,101105,91433,43524,19581,28328,73248,19731,15690,37827,6322,1547,4775,23085,10690,12395,14413,14413,66867,56179,0,8135,2553,102378,27267,52626,20582,1903,11943,11684,259,108172,59436,48736,38976,1254,37722,0,0,150,284.3,229.1,192.3,228.8,467.2,213.2,nan,109.1,150,79.3,216.4,182.5,202.5,290.2,151.2,0,125,85.3,0,212.1
2026/7/31,20:00~23:00,通過量,12084,9495,2589,4681,5160,2021,863,1116,1160,5161,1243,571,1631,1716,3328,1611,550,1167,2573,1126,563,884,1325,582,743,2015,1111,904,454,454,3289,1736,754,487,312,8901,799,3882,3529,691,6424,3087,3337,6420,3108,3312,3382,518,2864,0,0,,,,,,,,,,,,,,,,,,,,,
2026/7/31,20:00~23:00,平均停等延滯,56.4,60.1,42.8,55.9,27.3,34.1,28.8,1.3,39.4,51.4,42.8,52,50,58.9,27.5,27,35.6,24.3,28.5,17.5,27.9,42.8,4.8,2.7,6.4,11.5,9.6,13.7,31.7,31.7,20.3,32.4,0,16.7,8.2,11.5,34.1,13.6,5.8,2.8,1.9,3.8,0.1,16.8,19.1,14.7,11.5,2.4,13.2,0,0,,,,,,,,,,,,,,,,,,,,,
2026/8/1,07:00~09:00,總停等延滯,340206,292262,47944,174305,76549,50521,13534,784,11710,108525,28122,8749,34455,37199,66321,34805,17000,14516,40867,5990,10616,24261,10608,1379,9229,7078,2084,4994,5997,5997,24261,15152,45,5777,3287,65221,16198,35036,13987,0,4282,4110,172,73241,41908,31333,31561,1983,29578,0,0,161.1,191.6,161.8,132.4,220.4,404.1,157.5,nan,109.8,161.8,59,157,134.9,190,201.1,0,0,70.8,88.2,0,179.9
2026/8/1,07:00~09:00,通過量,7449,4882,2567,3538,2667,1330,453,537,347,2835,799,201,1099,736,1642,842,364,436,1490,475,326,689,1231,375,856,1293,514,779,253,253,2671,732,647,1014,278,5695,624,2914,2157,0,4043,1747,2296,3975,1810,2165,2239,392,1847,0,0,,,,,,,,,,,,,,,,,,,,,
2026/8/1,07:00~09:00,平均停等延滯,45.7,59.9,18.7,49.3,28.7,38,29.9,1.5,33.7,38.3,35.2,43.5,31.4,50.5,40.4,41.3,46.7,33.3,27.4,12.6,32.6,35.2,8.6,3.7,10.8,5.5,4.1,6.4,23.7,23.7,9.1,20.7,0.1,5.7,11.8,11.5,26,12,6.5,0,1.1,2.4,0.1,18.4,23.2,14.5,14.1,5.1,16,0,0,,,,,,,,,,,,,,,,,,,,,
2026/8/1,10:00~17:00,總停等延滯,3603501,3062376,541125,1209825,610011,172557,186386,4701,246367,1409089,186660,194495,503020,524914,650820,319296,94483,237041,392456,38388,79373,274695,56082,13307,42775,188754,56329,132425,52679,52679,243610,91902,11311,76768,63629,393421,65576,151285,176560,0,145384,143699,1685,381942,214839,167103,289078,39574,249504,0,0,167.5,386.3,188.3,145.6,265.1,718.3,252.9,601,134.6,168,98.2,192.2,145.5,308.6,379.5,150.3,0,126.2,138.1,335.8,161.4
2026/8/1,10:00~17:00,通過量,49457,33863,15594,16721,17666,6620,3841,3053,4152,17225,3997,2411,5933,4884,13882,7784,2672,3426,8454,2597,2479,3378,7211,2047,5164,8255,3176,5079,1857,1857,15903,4213,4120,5583,1987,27789,3479,13242,11068,0,20739,9242,11497,20685,9196,11489,12280,2294,9986,0,0,,,,,,,,,,,,,,,,,,,,,
2026/8/1,10:00~17:00,平均停等延滯,72.9,90.4,34.7,72.4,34.5,26.1,48.5,1.5,59.3,81.8,46.7,80.7,84.8,107.5,46.9,41,35.4,69.2,46.4,14.8,32,81.3,7.8,6.5,8.3,22.9,17.7,26.1,28.4,28.4,15.3,21.8,2.7,13.8,32,14.2,18.8,11.4,16,0,7,15.5,0.1,18.5,23.4,14.5,23.5,17.3,25,0,0,,,,,,,,,,,,,,,,,,,,,
2026/8/1,17:00~20:00,總停等延滯,1259788,1049891,209897,547882,193035,90638,60037,1972,40388,475661,67273,59820,184792,163776,224652,119921,41042,63689,156543,19452,27775,109316,14542,4721,9821,74931,32593,42338,20257,20257,100167,40380,772,23901,35114,188921,33009,67759,88153,0,73699,73278,421,166329,103707,62622,118933,31904,87029,0,0,160.7,496.3,194.7,216,265,932.8,175,367.5,123.5,160.2,105.5,195.9,225.7,386.9,520.3,124.3,0,84.6,91,213.6,149.8
2026/8/1,17:00~20:00,通過量,19719,13616,6103,6784,7395,2441,1320,1245,2389,6627,1613,869,2356,1789,5523,2968,887,1668,3466,1213,938,1315,2942,993,1949,3302,1496,1806,842,842,6339,2071,1382,1938,948,11941,1468,5316,5157,0,8251,3939,4312,8361,3987,4374,4848,1193,3655,0,0,,,,,,,,,,,,,,,,,,,,,
2026/8/1,17:00~20:00,平均停等延滯,63.9,77.1,34.4,80.8,26.1,37.1,45.5,1.6,16.9,71.8,41.7,68.8,78.4,91.5,40.7,40.4,46.3,38.2,45.2,16,29.6,83.1,4.9,4.8,5,22.7,21.8,23.4,24.1,24.1,15.8,19.5,0.6,12.3,37,15.8,22.5,12.7,17.1,0,8.9,18.6,0.1,19.9,26,14.3,24.5,26.7,23.8,0,0,,,,,,,,,,,,,,,,,,,,,
2026/8/1,10:00~12:00,總停等延滯,819929,692006,127923,292745,108879,35236,43458,1272,28913,309402,48451,39279,110954,110718,165928,79302,29890,56736,107797,9884,18731,79182,16812,2223,14589,37622,13199,24423,12849,12849,60640,20421,2715,24494,13010,90100,16423,40263,33414,0,23152,22898,254,102262,55150,47112,77231,8974,68257,0,0,174.9,261.8,188.1,208.6,276.3,488.5,269.2,nan,108.3,175.3,101.2,190,197.9,215.4,266,147,0,82.5,186,0,127.4
2026/8/1,10:00~12:00,通過量,13170,8706,4464,4595,4377,1884,1004,757,732,4735,1124,544,1754,1313,3556,1946,797,813,2290,671,671,948,2028,510,1518,2311,764,1547,470,470,4500,1016,1187,1823,474,7292,937,3658,2697,0,5726,2471,3255,5485,2384,3101,3298,609,2689,0,0,,,,,,,,,,,,,,,,,,,,,
2026/8/1,10:00~12:00,平均停等延滯,62.3,79.5,28.7,63.7,24.9,18.7,43.3,1.7,39.5,65.3,43.1,72.2,63.3,84.3,46.7,40.8,37.5,69.8,47.1,14.7,27.9,83.5,8.3,4.4,9.6,16.3,17.3,15.8,27.3,27.3,13.5,20.1,2.3,13.4,27.4,12.4,17.5,11,12.4,0,4,9.3,0.1,18.6,23.1,15.2,23.4,14.7,25.4,0,0,,,,,,,,,,,,,,,,,,,,,
2026/8/1,14:00~16:00,總停等延滯,1205512,1019638,185874,388466,235619,58320,62372,1313,113614,468442,58196,67449,160255,182542,201064,96044,24547,80473,114513,11679,23400,79434,18545,5774,12771,67782,16622,51160,16975,16975,82572,32712,5514,21937,22409,122839,19247,42467,61125,0,60571,59693,878,115467,65953,49514,89589,14571,75018,0,0,161.8,523,200.9,131.5,260.3,972.3,196.6,669.6,125,162.4,98.5,204.9,135.3,426.2,520.6,160.8,0,91.9,112.9,354.3,230.5
2026/8/1,14:00~16:00,通過量,14941,10320,4621,4483,5375,1879,1105,920,1471,4983,1114,810,1586,1473,4334,2456,776,1102,2483,779,751,953,2186,671,1515,2422,1029,1393,586,586,4731,1367,1259,1491,614,7960,854,3629,3477,0,6156,2825,3331,6297,2849,3448,3766,695,3071,0,0,,,,,,,,,,,,,,,,,,,,,
2026/8/1,14:00~16:00,平均停等延滯,80.7,98.8,40.2,86.7,43.8,31,56.4,1.4,77.2,94,52.2,83.3,101,123.9,46.4,39.1,31.6,73,46.1,15,31.2,83.4,8.5,8.6,8.4,28,16.2,36.7,29,29,17.5,23.9,4.4,14.7,36.5,15.4,22.5,11.7,17.6,0,9.8,21.1,0.3,18.3,23.1,14.4,23.8,21,24.4,0,0,,,,,,,,,,,,,,,,,,,,,
2026/8/1,16:00~19:00,總停等延滯,1492750,1237174,255576,607070,221824,103848,68007,1832,48137,574259,74865,69339,212867,217188,265309,143480,47310,74519,175782,20693,30350,124739,18290,5898,12392,103260,42194,61066,22209,22209,111817,43546,919,27590,39762,214560,32837,72253,109470,0,84298,83843,455,176076,113013,63063,132136,35104,97032,0,0,160.6,505.9,192.6,213.6,253.2,838.1,174,443.2,121.8,160.4,94.8,198.6,219.3,341.7,539.7,124.2,0,83.1,90.8,264.4,186.3
2026/8/1,16:00~19:00,通過量,21535,14811,6724,7570,7949,2715,1501,1287,2446,7046,1699,933,2423,1991,6037,3320,994,1723,3801,1293,1039,1469,3200,1070,2130,3610,1656,1954,922,922,7002,2270,1506,2135,1091,12953,1664,5906,5383,0,8867,4010,4857,8745,3984,4761,5287,1254,4033,0,0,,,,,,,,,,,,,,,,,,,,,
2026/8/1,16:00~19:00,平均停等延滯,69.3,83.5,38,80.2,27.9,38.2,45.3,1.4,19.7,81.5,44.1,74.3,87.9,109.1,43.9,43.2,47.6,43.2,46.2,16,29.2,84.9,5.7,5.5,5.8,28.6,25.5,31.3,24.1,24.1,16,19.2,0.6,12.9,36.4,16.6,19.7,12.2,20.3,0,9.5,20.9,0.1,20.1,28.4,13.2,25,28,24.1,0,0,,,,,,,,,,,,,,,,,,,,,
2026/8/1,20:00~23:00,總停等延滯,775873,654231,121642,357479,145851,63694,33929,1904,46324,306828,49930,44282,108184,104432,122930,66357,13880,42693,78622,17878,15961,44783,9670,5441,4229,34097,18810,15287,11894,11894,65981,48594,198,6863,10326,124353,26331,46430,51592,0,45294,45061,233,130895,84311,46584,56937,5489,51448,0,0,166,213.3,213,145.6,271.5,622.1,164,311.8,104.2,166.2,105.2,204.5,140.2,358.3,223.6,151.5,0,72.2,91.8,166.8,152.3
2026/8/1,20:00~23:00,通過量,13593,9776,3817,4587,5778,1968,816,1163,1831,5345,1237,681,1986,1441,3594,1833,475,1286,2281,1003,501,777,1747,777,970,1947,1073,874,593,593,3946,1499,995,1018,434,8717,841,3746,4130,0,6533,3492,3041,6507,3431,3076,3232,573,2659,0,0,,,,,,,,,,,,,,,,,,,,,
2026/8/1,20:00~23:00,平均停等延滯,57.1,66.9,31.9,77.9,25.2,32.4,41.6,1.6,25.3,57.4,40.4,65,54.5,72.5,34.2,36.2,29.2,33.2,34.5,17.8,31.9,57.6,5.5,7,4.4,17.5,17.5,17.5,20.1,20.1,16.7,32.4,0.2,6.7,23.8,14.3,31.3,12.4,12.5,0,6.9,12.9,0.1,20.1,24.6,15.1,17.6,9.6,19.3,0,0,,,,,,,,,,,,,,,,,,,,,
2026/8/2,07:00~09:00,總停等延滯,217312,189789,27523,112835,51063,27250,12411,480,10922,67662,17644,7471,20959,21588,42863,24617,9808,8438,28201,4523,5448,18230,7220,624,6596,2931,1543,1388,3648,3648,13724,9738,33,824,3129,48556,14595,25482,8217,262,435,356,79,52849,31173,21676,10995,304,10691,0,0,139.7,180.7,170.5,155.2,194.6,279.7,137.5,175.5,92.8,139.1,55.2,171.4,159.7,136.1,167.2,116.5,0,66.8,71.2,71.5,107.5
2026/8/2,07:00~09:00,通過量,4941,3200,1741,2101,1693,843,303,281,266,1830,446,159,732,493,1137,639,218,280,922,284,182,456,863,296,567,941,412,529,146,146,1811,512,443,679,177,3902,346,1755,1354,447,2630,1120,1510,2573,1161,1412,1496,300,1196,0,0,,,,,,,,,,,,,,,,,,,,,
2026/8/2,07:00~09:00,平均停等延滯,44,59.3,15.8,53.7,30.2,32.3,41,1.7,41.1,37,39.6,47,28.6,43.8,37.7,38.5,45,30.1,30.6,15.9,29.9,40,8.4,2.1,11.6,3.1,3.7,2.6,25,25,7.6,19,0.1,1.2,17.7,12.4,42.2,14.5,6.1,0.6,0.2,0.3,0.1,20.5,26.9,15.4,7.3,1,8.9,0,0,,,,,,,,,,,,,,,,,,,,,
2026/8/2,10:00~17:00,總停等延滯,3605548,3081975,523573,1195563,626205,189814,172637,4499,259255,1440980,201244,208403,523351,507982,647548,339385,96206,211957,367242,42960,66486,257796,61800,13284,48516,161139,47858,113281,56728,56728,243906,85879,9819,81159,67049,376283,67785,151253,139310,17935,122067,120316,1751,398498,229357,169141,298715,43779,254936,0,0,178.5,477.7,169.5,153.7,295,920.5,188,259.2,135.7,179.7,115.8,172,152.3,439.7,454.5,164.2,0,97.1,91.9,135,123.5
2026/8/2,10:00~17:00,通過量,49892,34040,15852,17006,17527,6893,3592,2820,4222,17574,4052,2553,6017,4952,13934,7900,2714,3320,8734,2940,2406,3388,7454,2074,5380,8493,3181,5312,2019,2019,16090,4331,4069,5752,1938,30923,3629,13377,11019,2898,20521,8657,11864,20573,8839,11734,12503,2381,10122,0,0,,,,,,,,,,,,,,,,,,,,,
2026/8/2,10:00~17:00,平均停等延滯,72.3,90.5,33,70.3,35.7,27.5,48.1,1.6,61.4,82,49.7,81.6,87,102.6,46.5,43,35.4,63.8,42,14.6,27.6,76.1,8.3,6.4,9,19,15,21.3,28.1,28.1,15.2,19.8,2.4,14.1,34.6,12.2,18.7,11.3,12.6,6.2,5.9,13.9,0.1,19.4,25.9,14.4,23.9,18.4,25.2,0,0,,,,,,,,,,,,,,,,,,,,,
2026/8/2,17:00~20:00,總停等延滯,1375428,1190333,185095,589492,194149,91011,57990,2186,42962,618876,75894,66123,207655,269204,224173,114651,36739,72783,153135,23368,25426,104341,19937,7018,12919,40459,21854,18605,23251,23251,101448,47129,779,21733,31807,186159,29693,59002,85682,11782,77795,77551,244,206522,146490,60032,119016,31471,87545,0,0,168.5,401.6,175.1,130.7,261.4,687.4,188,462.1,139,169,93.2,172.8,134.3,293.4,384.1,155.2,0,94.5,92.6,229.1,229.6
2026/8/2,17:00~20:00,通過量,20104,14129,5975,5750,7511,2502,1281,1370,2358,7304,1785,899,2382,2238,5367,2755,975,1637,3626,1387,893,1346,2957,1063,1894,3240,1551,1689,741,741,6263,2092,1312,1890,969,12074,1084,4666,4885,1439,8114,4086,4028,8180,4149,4031,4724,1155,3569,0,0,,,,,,,,,,,,,,,,,,,,,
2026/8/2,17:00~20:00,平均停等延滯,68.4,84.2,31,102.5,25.8,36.4,45.3,1.6,18.2,84.7,42.5,73.6,87.2,120.3,41.8,41.6,37.7,44.5,42.2,16.8,28.5,77.5,6.7,6.6,6.8,12.5,14.1,11,31.4,31.4,16.2,22.5,0.6,11.5,32.8,15.4,27.4,12.6,17.5,8.2,9.6,19,0.1,25.2,35.3,14.9,25.2,27.2,24.5,0,0,,,,,,,,,,,,,,,,,,,,,
2026/8/2,10:00~12:00,總停等延滯,766943,629525,137418,269095,104461,38897,35459,1082,29023,276691,44700,35973,114150,81868,153005,93609,22606,36790,95368,8034,18047,69287,15479,2827,12652,45943,10365,35578,14331,14331,61665,16209,1802,27700,15954,76997,17575,39530,18050,1842,11050,10806,244,102428,55534,46894,78620,7355,71265,0,0,184.8,458.4,142.8,136.2,339.7,1016.3,206.1,205.8,118.2,183.6,153,140.2,138.1,610.2,423.3,168.9,0,121.3,91.6,101.6,106.1
2026/8/2,10:00~12:00,通過量,12602,8310,4292,4684,4194,1935,920,637,702,4305,983,564,1618,1140,3408,1957,685,766,2282,684,668,930,1864,441,1423,2111,639,1472,502,502,4275,926,1073,1800,476,7741,1001,3683,2491,566,5292,1999,3293,5471,2186,3285,3332,533,2799,0,0,,,,,,,,,,,,,,,,,,,,,
2026/8/2,10:00~12:00,平均停等延滯,60.9,75.8,32,57.4,24.9,20.1,38.5,1.7,41.3,64.3,45.5,63.8,70.6,71.8,44.9,47.8,33,48,41.8,11.7,27,74.5,8.3,6.4,8.9,21.8,16.2,24.2,28.5,28.5,14.4,17.5,1.7,15.4,33.5,9.9,17.6,10.7,7.2,3.3,2.1,5.4,0.1,18.7,25.4,14.3,23.6,13.8,25.5,0,0,,,,,,,,,,,,,,,,,,,,,
2026/8/2,14:00~16:00,總停等延滯,1220847,1052407,168440,376494,256017,71497,61275,1274,121971,482671,67456,75341,159549,180325,202788,97681,25005,80102,110931,14853,18916,77162,21375,5318,16057,44199,13565,30634,19904,19904,82962,33996,3528,23667,21771,130938,20672,45535,56209,8522,46100,45646,454,112090,63456,48634,87366,13896,73470,0,0,172.3,480.9,164.8,182.8,282.2,822.3,180.6,287,151.5,173.7,112.8,169.5,174.1,332.5,461.8,159.8,0,86.7,93.6,180.5,104.2
2026/8/2,14:00~16:00,通過量,15373,10627,4746,5218,5499,2039,1096,895,1469,5637,1322,859,1769,1687,4324,2508,775,1041,2632,971,740,921,2289,688,1601,2674,1091,1583,651,651,4925,1518,1251,1590,566,9961,1153,4065,3711,1032,6181,2781,3400,6183,2723,3460,3671,714,2957,0,0,,,,,,,,,,,,,,,,,,,,,
2026/8/2,14:00~16:00,平均停等延滯,79.4,99,35.5,72.2,46.6,35.1,55.9,1.4,83,85.6,51,87.7,90.2,106.9,46.9,38.9,32.3,76.9,42.1,15.3,25.6,83.8,9.3,7.7,10,16.5,12.4,19.4,30.6,30.6,16.8,22.4,2.8,14.9,38.5,13.1,17.9,11.2,15.1,8.3,7.5,16.4,0.1,18.1,23.3,14.1,23.8,19.5,24.8,0,0,,,,,,,,,,,,,,,,,,,,,
2026/8/2,16:00~19:00,總停等延滯,1615286,1400131,215155,672500,239913,109832,67249,2083,60749,721576,83748,78916,250268,308644,262343,139142,45074,78127,176299,24475,30269,121555,21832,6600,15232,57585,29166,28419,24338,24338,111400,49056,1412,25770,35162,201678,29715,63403,94873,13687,97610,96622,988,234895,164657,70238,138317,38955,99362,0,0,182.7,459.5,182,143.9,286.8,829.2,178.6,505.4,160,184.7,104,177.8,147.1,361.7,443.8,160.4,0,85.8,92.2,240.5,247.9
2026/8/2,16:00~19:00,通過量,21648,15095,6553,6291,7983,2713,1483,1331,2456,7638,1844,984,2485,2325,6024,3238,1083,1703,3767,1419,1002,1346,3161,1118,2043,3512,1669,1843,826,826,6861,2252,1442,2076,1091,13139,1202,5089,5224,1624,8812,4223,4589,8662,4194,4468,5342,1370,3972,0,0,,,,,,,,,,,,,,,,,,,,,
2026/8/2,16:00~19:00,平均停等延滯,74.6,92.8,32.8,106.9,30.1,40.5,45.3,1.6,24.7,94.5,45.4,80.2,100.7,132.8,43.5,43,41.6,45.9,46.8,17.2,30.2,90.3,6.9,5.9,7.5,16.4,17.5,15.4,29.5,29.5,16.2,21.8,1,12.4,32.2,15.3,24.7,12.5,18.2,8.4,11.1,22.9,0.2,27.1,39.3,15.7,25.9,28.4,25,0,0,,,,,,,,,,,,,,,,,,,,,
2026/8/2,20:00~23:00,總停等延滯,813361,698613,114748,359297,120314,63465,27030,2062,27757,372962,57248,51511,100271,163932,123188,59064,17790,46334,82149,18515,15314,48320,7618,3913,3705,34262,16490,17772,12921,12921,59947,41070,82,8309,10486,128339,23708,45891,54902,3838,45480,45276,204,132332,93449,38883,53146,3858,49288,0,0,165.3,334.9,173.1,179.1,268.8,542.8,178,320.7,125.6,163.2,101.6,166,200.6,193.1,352.2,137.3,0,97.1,86.6,170.1,182.5
2026/8/2,20:00~23:00,通過量,13055,9643,3412,4259,5475,1995,684,1270,1526,5836,1410,641,2010,1775,3220,1551,516,1153,2433,1080,520,833,1789,762,1027,1960,1085,875,441,441,3710,1501,896,973,340,8867,717,3542,3767,841,6377,3410,2967,6313,3363,2950,3090,523,2567,0,0,,,,,,,,,,,,,,,,,,,,,
2026/8/2,20:00~23:00,平均停等延滯,62.3,72.4,33.6,84.4,22,31.8,39.5,1.6,18.2,63.9,40.6,80.4,49.9,92.4,38.3,38.1,34.5,40.2,33.8,17.1,29.4,58,4.3,5.1,3.6,17.5,15.2,20.3,29.3,29.3,16.2,27.4,0.1,8.5,30.8,14.5,33.1,13,14.6,4.6,7.1,13.3,0.1,21,27.8,13.2,17.2,7.4,19.2,0,0,,,,,,,,,,,,,,,,,,,,,
2026/8/3,07:00~09:00,總停等延滯,620905,506630,114275,324599,99255,52683,26400,1238,18934,199146,34123,22806,45105,97112,108342,47459,33316,27567,99887,11336,17171,71380,17830,2900,14930,8059,4776,3283,13180,13180,75206,25962,5149,34140,9955,139854,22964,54978,47620,14292,50965,50569,396,99178,61505,37673,34602,2869,31733,0,0,146.3,186.6,188.6,129,210.6,374.6,171.1,381.9,115.8,146.5,64,198.1,128.2,190,190.4,0,0,84.4,85.2,233.5,183.7
2026/8/3,07:00~09:00,通過量,13228,8247,4981,4607,3888,1615,859,780,634,4374,1012,411,1584,1367,2877,1262,838,777,2514,768,619,1127,2254,673,1581,2437,961,1476,581,581,5154,1427,1314,1960,453,10099,814,3793,4079,1413,5825,2997,2828,5660,2960,2700,3021,750,2271,0,0,,,,,,,,,,,,,,,,,,,,,
2026/8/3,07:00~09:00,平均停等延滯,46.9,61.4,22.9,70.5,25.5,32.6,30.7,1.6,29.9,45.5,33.7,55.5,28.5,71,37.7,37.6,39.8,35.5,39.7,14.8,27.7,63.3,7.9,4.3,9.4,3.3,5,2.2,22.7,22.7,14.6,18.2,3.9,17.4,22,13.8,28.2,14.5,11.7,10.1,8.7,16.9,0.1,17.5,20.8,14,11.5,3.8,14,0,0,,,,,,,,,,,,,,,,,,,,,
2026/8/3,10:00~17:00,總停等延滯,1585222,1287430,297792,827413,307157,125690,76840,3494,101133,442600,90605,51637,177349,123009,296868,143719,66140,87009,240805,30660,50222,159923,41947,7153,34794,61769,19308,42461,34913,34913,159163,69011,1546,45738,42868,302160,70852,132988,75204,23116,58269,55568,2701,212150,143135,69015,254834,16865,87253,48663,102053,156.4,254.7,182.3,162.2,214.8,497,200.7,267.6,114.7,157.6,58.4,190.6,162.1,245.2,250.4,171.9,0,78.2,115.2,105.2,160.6
2026/8/3,10:00~17:00,通過量,37846,25117,12729,22132,13636,5523,2748,2537,2828,13007,2937,1414,5700,2956,9264,5205,1441,2618,7598,2009,1960,3629,5901,1958,3943,6585,2920,3665,1634,1634,13025,3888,3369,4317,1451,29007,2714,12457,10535,3301,17786,8534,9252,17496,8526,8970,16519,1657,7901,1312,5649,,,,,,,,,,,,,,,,,,,,,
2026/8/3,10:00~17:00,平均停等延滯,41.9,51.3,23.4,37.4,22.5,22.8,28,1.4,35.8,34,30.8,36.5,31.1,41.6,32,27.6,45.9,33.2,31.7,15.3,25.6,44.1,7.1,3.7,8.8,9.4,6.6,11.6,21.4,21.4,12.2,17.7,0.5,10.6,29.5,10.4,26.1,10.7,7.1,7,3.3,6.5,0.3,12.1,16.8,7.7,15.4,10.2,11,37.1,18.1,,,,,,,,,,,,,,,,,,,,,
2026/8/3,17:00~20:00,總停等延滯,924411,735177,189234,400132,156086,56123,38766,1768,59429,289710,49712,39162,81804,119032,173948,80480,35484,57984,115433,21374,21425,72634,21300,6436,14864,37752,11850,25902,21592,21592,108590,46602,2162,31994,27832,170105,30988,60140,71427,7550,34457,33085,1372,88514,56382,32132,107056,8010,48728,19567,30751,152.8,276.8,194.1,157.3,219.4,446.8,157.2,257.6,109.7,153.2,66.6,204.4,158.8,165.1,313.3,153.4,0,76.7,79.5,98,174.8
2026/8/3,17:00~20:00,通過量,19231,12544,6687,10389,6290,2579,1218,1040,1453,6016,1353,758,2285,1620,4835,2547,726,1562,3843,1215,939,1689,2905,1216,1689,3444,1701,1743,904,904,6939,2372,1420,2297,850,12786,1494,6043,4101,1148,7629,3256,4373,7402,3105,4297,7462,873,3737,524,2328,,,,,,,,,,,,,,,,,,,,,
2026/8/3,17:00~20:00,平均停等延滯,48.1,58.6,28.3,38.5,24.8,21.8,31.8,1.7,40.9,48.2,36.7,51.7,35.8,73.5,36,31.6,48.9,37.1,30,17.6,22.8,43,7.3,5.3,8.8,11,7,14.9,23.9,23.9,15.6,19.6,1.5,13.9,32.7,13.3,20.7,10,17.4,6.6,4.5,10.2,0.3,12,18.2,7.5,14.3,9.2,13,37.3,13.2,,,,,,,,,,,,,,,,,,,,,
2026/8/3,10:00~12:00,總停等延滯,438686,364390,74296,242689,98083,45336,25541,947,26259,119110,27339,12901,45135,33735,78263,39195,18036,21032,68934,9689,12998,46247,12678,1701,10977,11923,4051,7872,8934,8934,40761,17358,285,13560,9558,83116,23112,47295,6028,6681,6209,5868,341,77190,47668,29522,76174,7369,29850,10397,28558,147.6,193,166.9,171.4,205.6,396.3,175.8,293.5,111.6,148,58.1,166.3,166.4,211.1,193.1,0,0,83.6,92.7,85.5,169
2026/8/3,10:00~12:00,通過量,10112,6615,3497,5559,3487,1474,818,597,598,3614,844,399,1554,817,2483,1466,400,617,2032,540,536,956,1669,489,1180,1819,748,1071,422,422,3628,1042,986,1273,327,7924,793,3265,2907,959,4869,2275,2594,4874,2303,2571,4155,461,2193,267,1234,,,,,,,,,,,,,,,,,,,,,
2026/8/3,10:00~12:00,平均停等延滯,43.4,55.1,21.2,43.7,28.1,30.8,31.2,1.6,43.9,33,32.4,32.3,29,41.3,31.5,26.7,45.1,34.1,33.9,17.9,24.2,48.4,7.6,3.5,9.3,6.6,5.4,7.4,21.2,21.2,11.2,16.7,0.3,10.7,29.2,10.5,29.1,14.5,2.1,7,1.3,2.6,0.1,15.8,20.7,11.5,18.3,16,13.6,38.9,23.1,,,,,,,,,,,,,,,,,,,,,
2026/8/3,14:00~16:00,總停等延滯,487698,397182,90516,235630,89115,30740,22827,1083,34465,141173,24836,17992,59010,39335,92441,43637,19770,29034,74453,7425,12702,54326,12618,2072,10546,18757,5315,13442,12124,12124,47017,24369,444,11210,10994,84013,19722,34033,23339,6919,21263,20350,913,57608,41044,16564,72746,3634,23605,16814,28693,150.9,285.3,177.3,156.4,208.8,498,250.5,231.8,132.8,150.9,57.9,188.4,158.3,215.2,250.1,207,0,73.6,153.2,98.2,138.5
2026/8/3,14:00~16:00,通過量,10913,7224,3689,6328,3943,1495,726,773,949,3520,712,401,1576,831,2617,1432,416,769,2198,561,514,1123,1652,566,1086,1911,883,1028,541,541,3718,1136,1008,1154,420,8106,617,3457,3097,935,4981,2529,2452,4897,2539,2358,4850,456,2140,430,1824,,,,,,,,,,,,,,,,,,,,,
2026/8/3,14:00~16:00,平均停等延滯,44.7,55,24.5,37.2,22.6,20.6,31.4,1.4,36.3,40.1,34.9,44.9,37.4,47.3,35.3,30.5,47.5,37.8,33.9,13.2,24.7,48.4,7.6,3.7,9.7,9.8,6,13.1,22.4,22.4,12.6,21.5,0.4,9.7,26.2,10.4,32,9.8,7.5,7.4,4.3,8,0.4,11.8,16.2,7,15,8,11,39.1,15.7,,,,,,,,,,,,,,,,,,,,,
2026/8/3,16:00~19:00,總停等延滯,924672,714606,210066,461207,152470,53613,38155,1593,59109,270414,49354,34713,81883,104464,171549,77869,35482,58198,120173,20373,24314,75486,21500,6923,14577,42182,15936,26246,23225,23225,123159,48679,2540,38096,33844,220133,38222,71753,100639,9519,46644,44608,2036,84676,55584,29092,109754,6686,43531,21947,37590,151.2,308.2,183.2,162.7,217.7,511.2,156.1,272.8,102.6,151.5,66.5,195.3,165.3,199.7,351.8,169.5,0,79.6,75.4,114.6,176.8
2026/8/3,16:00~19:00,通過量,20303,13039,7264,11071,6758,2765,1293,1132,1568,6060,1447,717,2303,1593,5077,2694,744,1639,3940,1220,1014,1706,3088,1286,1802,3617,1795,1822,992,992,7558,2572,1563,2466,957,13557,1567,6555,4154,1281,7931,3402,4529,7666,3294,4372,7717,968,3800,584,2365,,,,,,,,,,,,,,,,,,,,,
2026/8/3,16:00~19:00,平均停等延滯,45.5,54.8,28.9,41.7,22.6,19.4,29.5,1.4,37.7,44.6,34.1,48.4,35.6,65.6,33.8,28.9,47.7,35.5,30.5,16.7,24,44.2,7,5.4,8.1,11.7,8.9,14.4,23.4,23.4,16.3,18.9,1.6,15.4,35.4,16.2,24.4,10.9,24.2,7.4,5.9,13.1,0.4,11,16.9,6.7,14.2,6.9,11.5,37.6,15.9,,,,,,,,,,,,,,,,,,,,,
2026/8/3,20:00~23:00,總停等延滯,458754,371613,87141,165315,81392,31094,16222,1305,32771,160217,24980,26711,54035,54491,74984,38185,10753,26046,55020,13385,11249,30386,6823,2041,4782,28794,6583,22211,8655,8655,42869,34510,60,3224,5075,49776,16382,27551,4864,979,6609,6393,216,53296,35072,18224,55634,1055,24766,11617,18196,148.8,203.4,202.1,226.6,224.6,318.5,254.7,215,124.3,151.7,74,187.3,236.3,134.9,206.5,117.1,0,106.7,166.8,78.5,160.3
2026/8/3,20:00~23:00,通過量,9333,6479,2854,5874,3701,1445,631,836,789,3673,819,429,1418,1007,2218,1220,299,699,1887,707,414,766,1296,526,770,1366,686,680,398,398,2935,1005,855,809,266,6775,635,3064,2549,527,4472,2154,2318,4523,2216,2307,4506,359,1972,399,1776,,,,,,,,,,,,,,,,,,,,,
2026/8/3,20:00~23:00,平均停等延滯,49.2,57.4,30.5,28.1,22,21.5,25.7,1.6,41.5,43.6,30.5,62.3,38.1,54.1,33.8,31.3,36,37.3,29.2,18.9,27.2,39.7,5.3,3.9,6.2,21.1,9.6,32.7,21.7,21.7,14.6,34.3,0.1,4,19.1,7.3,25.8,9,1.9,1.9,1.5,3,0.1,11.8,15.8,7.9,12.3,2.9,12.6,29.1,10.2,,,,,,,,,,,,,,,,,,,,,
2026/8/4,07:00~09:00,總停等延滯,591611,476056,115555,279762,85658,36480,27916,1298,19964,190985,33038,18882,51782,87283,109460,49256,34357,25847,89953,8907,17848,63198,17000,3063,13937,8897,4252,4645,13608,13608,76050,26820,2555,37216,9459,107656,19301,43995,28034,16326,34738,33730,1008,66320,46520,19800,71048,3085,28167,18532,21264,146.5,189.4,150.3,146.3,202.1,495,209.1,265.3,115.2,146.4,55.5,153.2,147.1,275.8,190.3,139.6,0,129.6,80.6,152.2,126.9
2026/8/4,07:00~09:00,通過量,12804,7927,4877,6673,3802,1488,830,850,634,4158,964,356,1540,1298,2806,1266,810,730,2468,687,657,1124,2260,646,1614,2332,938,1394,599,599,5119,1487,1332,1883,417,9310,707,3365,3816,1422,5498,2987,2511,5405,2895,2510,5358,743,2014,525,2076,,,,,,,,,,,,,,,,,,,,,
2026/8/4,07:00~09:00,平均停等延滯,46.2,60.1,23.7,41.9,22.5,24.5,33.6,1.5,31.5,45.9,34.3,53,33.6,67.2,39,38.9,42.4,35.4,36.4,13,27.2,56.2,7.5,4.7,8.6,3.8,4.5,3.3,22.7,22.7,14.9,18,1.9,19.8,22.7,11.6,27.3,13.1,7.3,11.5,6.3,11.3,0.4,12.3,16.1,7.9,13.3,4.2,14,35.3,10.2,,,,,,,,,,,,,,,,,,,,,
2026/8/4,10:00~17:00,總停等延滯,1486062,1216440,269622,701786,282072,105726,74322,4030,97994,446020,104801,53995,163516,123708,282462,142299,62807,77356,205886,28970,41661,135255,42600,9995,32605,59625,17087,42538,33218,33218,134179,66189,599,38581,28810,250178,62504,125733,39181,22760,58278,56120,2158,197045,141430,55615,196285,11931,75150,41570,67634,153.9,207.8,190.3,179.2,215.2,462.2,222.6,231.6,112.4,153.9,61.4,195.1,179.4,251,211.6,129.9,0,90.8,137.4,116.1,141.6
2026/8/4,10:00~17:00,通過量,36749,24606,12143,22375,13316,5650,2490,2481,2695,12838,2935,1455,5421,3027,8563,4796,1286,2481,7519,1997,1752,3770,6060,2319,3741,6163,2744,3419,1649,1649,12090,3915,2799,4165,1211,29349,3173,11986,10765,3425,17731,8345,9386,17282,8211,9071,16540,1553,7771,1399,5817,,,,,,,,,,,,,,,,,,,,,
2026/8/4,10:00~17:00,平均停等延滯,40.4,49.4,22.2,31.4,21.2,18.7,29.8,1.6,36.4,34.7,35.7,37.1,30.2,40.9,33,29.7,48.8,31.2,27.4,14.5,23.8,35.9,7,4.3,8.7,9.7,6.2,12.4,20.1,20.1,11.1,16.9,0.2,9.3,23.8,8.5,19.7,10.5,3.6,6.6,3.3,6.7,0.2,11.4,17.2,6.1,11.9,7.7,9.7,29.7,11.6,,,,,,,,,,,,,,,,,,,,,
2026/8/4,17:00~20:00,總停等延滯,878739,697951,180788,361814,136999,53168,36589,1647,45595,296700,45293,37320,91699,122388,163840,82801,31165,49874,100412,21007,22777,56628,22583,6439,16144,35501,9850,25651,21035,21035,101669,44195,1401,30101,25972,133958,29577,60150,37226,7005,29587,27520,2067,84713,52052,32661,113556,7985,53592,18696,33283,147.9,323.5,154.3,152.9,221.8,486.2,156.3,221,111.1,147.9,73.9,154.8,162.8,165.1,281.1,141.7,0,82.8,72.5,87.7,129.1
2026/8/4,17:00~20:00,通過量,18266,11755,6511,9952,6111,2568,1129,1077,1337,5658,1271,721,2073,1593,4774,2726,657,1391,3576,1217,963,1396,2878,1178,1700,3372,1615,1757,927,927,6589,2183,1302,2284,820,12087,1523,5662,3752,1150,7277,2981,4296,7245,2996,4249,7045,800,3478,612,2155,,,,,,,,,,,,,,,,,,,,,
2026/8/4,17:00~20:00,平均停等延滯,48.1,59.4,27.8,36.4,22.4,20.7,32.4,1.5,34.1,52.4,35.6,51.8,44.2,76.8,34.3,30.4,47.4,35.9,28.1,17.3,23.7,40.6,7.8,5.5,9.5,10.5,6.1,14.6,22.7,22.7,15.4,20.2,1.1,13.2,31.7,11.1,19.4,10.6,9.9,6.1,4.1,9.2,0.5,11.7,17.4,7.7,16.1,10,15.4,30.5,15.4,,,,,,,,,,,,,,,,,,,,,
2026/8/4,10:00~12:00,總停等延滯,463965,384348,79617,219578,92663,36115,22285,1046,33217,143084,29569,17496,57350,38669,81141,44203,18431,18507,67460,8284,12844,46332,12164,2000,10164,17448,3220,14228,9392,9392,40613,19701,223,14155,6534,79673,21124,41492,9460,7597,9101,8446,655,73594,51530,22064,57210,1150,27925,11980,16155,153.1,202.3,186.6,158.6,210.7,481.3,372.5,227.6,118.3,152.7,57.6,188.7,160.9,285.9,207.7,133,0,105.9,261.8,98,142.8
2026/8/4,10:00~12:00,通過量,10054,6625,3429,6201,3559,1601,691,606,661,3560,837,373,1528,822,2193,1257,397,539,2082,541,467,1074,1730,558,1172,1712,679,1033,470,470,3401,1000,818,1295,288,8226,865,3390,2930,1041,4742,2243,2499,4711,2202,2509,4495,391,2158,365,1581,,,,,,,,,,,,,,,,,,,,,
2026/8/4,10:00~12:00,平均停等延滯,46.1,58,23.2,35.4,26,22.6,32.3,1.7,50.3,40.2,35.3,46.9,37.5,47,37,35.2,46.4,34.3,32.4,15.3,27.5,43.1,7,3.6,8.7,10.2,4.7,13.8,20,20,11.9,19.7,0.3,10.9,22.7,9.7,24.4,12.2,3.2,7.3,1.9,3.8,0.3,15.6,23.4,8.8,12.7,2.9,12.9,32.8,10.2,,,,,,,,,,,,,,,,,,,,,
2026/8/4,14:00~16:00,總停等延滯,360061,290294,69767,176261,66126,24696,18610,1109,21711,102250,29441,11237,36539,25033,69525,34382,13817,21326,52393,6986,10337,35070,11691,3001,8690,13100,6222,6878,9549,9549,35427,19138,68,9946,6275,61766,15009,31924,7542,7291,19822,19123,699,44261,31824,12437,50412,5489,15454,10195,19274,156.4,203.1,176.4,192.3,220.3,412.2,169.5,nan,109.6,156.9,64.1,189.2,194.2,254.4,196.2,115.8,0,82.1,89.8,250.6,0
2026/8/4,14:00~16:00,通過量,10456,6963,3493,6397,3815,1616,666,741,792,3628,819,473,1509,827,2468,1393,314,761,2055,541,439,1075,1688,700,988,1748,841,907,507,507,3558,1272,782,1160,344,8613,979,3375,3311,948,5289,2565,2724,5066,2467,2599,4670,481,2146,387,1656,,,,,,,,,,,,,,,,,,,,,
2026/8/4,14:00~16:00,平均停等延滯,34.4,41.7,20,27.6,17.3,15.3,27.9,1.5,27.4,28.2,35.9,23.8,24.2,30.3,28.2,24.7,44,28,25.5,12.9,23.5,32.6,6.9,4.3,8.8,7.5,7.4,7.6,18.8,18.8,10,15,0.1,8.6,18.2,7.2,15.3,9.5,2.3,7.7,3.7,7.5,0.3,8.7,12.9,4.8,10.8,11.4,7.2,26.3,11.6,,,,,,,,,,,,,,,,,,,,,
2026/8/4,16:00~19:00,總停等延滯,879058,690976,188082,403067,140869,54174,37576,1861,47258,279020,47471,34594,86367,110588,166013,82883,35461,47669,105074,21494,21999,61581,23402,6778,16624,32673,11664,21009,20983,20983,111024,48191,1621,31295,29917,160498,33597,68556,49654,8691,41074,38892,2182,88135,57486,30649,113360,10380,49808,19236,33936,147.7,304.5,182.2,175.9,220.9,506.5,164.7,236.6,107.2,147.8,73.3,184.2,167.3,189.3,249.9,150.1,0,83.7,82.5,90.3,135
2026/8/4,16:00~19:00,通過量,19161,12234,6927,10619,6431,2655,1256,1130,1390,5765,1297,691,2208,1569,4862,2709,690,1463,3738,1218,987,1533,3098,1303,1795,3615,1773,1842,985,985,7013,2374,1406,2382,851,13060,1687,6107,3944,1322,7746,3193,4553,7500,3134,4366,7321,871,3625,597,2228,,,,,,,,,,,,,,,,,,,,,
2026/8/4,16:00~19:00,平均停等延滯,45.9,56.5,27.2,38,21.9,20.4,29.9,1.6,34,48.4,36.6,50.1,39.1,70.5,34.1,30.6,51.4,32.6,28.1,17.6,22.3,40.2,7.6,5.2,9.3,9,6.6,11.4,21.3,21.3,15.8,20.3,1.2,13.1,35.2,12.3,19.9,11.2,12.6,6.6,5.3,12.2,0.5,11.8,18.3,7,15.5,11.9,13.7,32.2,15.2,,,,,,,,,,,,,,,,,,,,,
2026/8/4,20:00~23:00,總停等延滯,460013,367241,92772,187205,69506,26645,14292,1243,27326,163528,27856,31468,50681,53523,81268,38985,11284,30999,52939,13921,9428,29590,8356,2071,6285,34453,6718,27735,8254,8254,41709,32447,76,3349,5837,61294,18547,30153,11269,1325,6808,6531,277,62859,39404,23455,56244,498,25252,12732,17762,146.5,271,208.8,209.6,213.2,556.3,145.2,287.8,97.2,147.6,66.2,198.3,186.8,254,278.3,132.3,0,84.4,60.5,67.3,211.1
2026/8/4,20:00~23:00,通過量,9252,6439,2813,6238,3659,1469,594,810,786,3669,844,421,1414,990,2247,1208,340,699,1855,715,360,780,1365,562,803,1421,748,673,314,314,3126,1189,872,776,289,7353,678,3318,2813,544,4724,2296,2428,4728,2311,2417,4703,393,2068,396,1846,,,,,,,,,,,,,,,,,,,,,
2026/8/4,20:00~23:00,平均停等延滯,49.7,57,33,30,19,18.1,24.1,1.5,34.8,44.6,33,74.7,35.8,54.1,36.2,32.3,33.2,44.3,28.5,19.5,26.2,37.9,6.1,3.7,7.8,24.2,9,41.2,26.3,26.3,13.3,27.3,0.1,4.3,20.2,8.3,27.4,9.1,4,2.4,1.4,2.8,0.1,13.3,17.1,9.7,12,1.3,12.2,32.2,9.6,,,,,,,,,,,,,,,,,,,,,
2026/8/5,07:00~09:00,總停等延滯,678281,512218,166063,213943,90619,36001,27013,1303,26302,204918,39057,18953,51283,95625,115923,51780,35811,28332,100758,11214,19268,70276,12897,3253,9644,28649,10775,17874,13691,13691,110826,44115,8647,44773,13291,28832,2076,6154,7717,12885,45932,44676,1256,62107,47050,15057,77072,4165,27543,21626,23738,146.4,177.9,191.9,165,202,447.7,144.7,424.3,108.7,146.6,56.2,185.3,168.6,254.2,178.6,0,0,79.4,65.2,153.7,235.5
2026/8/5,07:00~09:00,通過量,13363,8355,5008,5782,4034,1785,813,769,667,4217,1020,382,1501,1314,2915,1344,838,733,2558,735,702,1121,2249,664,1585,2438,955,1483,601,601,5172,1429,1377,1941,425,8477,791,2385,3904,1397,5691,2855,2836,5642,2933,2709,5539,714,2219,610,1996,,,,,,,,,,,,,,,,,,,,,
2026/8/5,07:00~09:00,平均停等延滯,50.8,61.3,33.2,37,22.5,20.2,33.2,1.7,39.4,48.6,38.3,49.6,34.2,72.8,39.8,38.5,42.7,38.7,39.4,15.3,27.4,62.7,5.7,4.9,6.1,11.8,11.3,12.1,22.8,22.8,21.4,30.9,6.3,23.1,31.3,3.4,2.6,2.6,2,9.2,8.1,15.6,0.4,11,16,5.6,13.9,5.8,12.4,35.5,11.9,,,,,,,,,,,,,,,,,,,,,
2026/8/5,10:00~17:00,總停等延滯,1671792,1379243,292549,577151,320934,115711,76388,3686,125149,500273,96370,65054,193495,145354,315128,162496,70274,82358,242908,30537,46076,166295,46269,7957,38312,67266,17019,50247,33520,33520,145494,69695,1413,38243,36143,92253,9017,20859,36887,25490,67852,65253,2599,207244,146793,60451,209802,12650,91619,48938,56595,161.4,309,186.7,171.2,222,589.7,295.5,241.7,110.8,164.3,61,191.3,162.6,282.8,320.9,0,0,114.9,183.3,102.5,139.3
2026/8/5,10:00~17:00,通過量,36771,24466,12305,19317,13762,5610,2598,2733,2821,12612,2845,1373,5417,2977,8800,4890,1519,2391,7120,1943,1775,3402,6065,2066,3999,6504,2831,3673,1580,1580,12620,3961,3001,4368,1290,25912,3688,7787,11005,3432,17986,8738,9248,17359,8420,8939,17184,1629,7713,1521,6321,,,,,,,,,,,,,,,,,,,,,
2026/8/5,10:00~17:00,平均停等延滯,45.5,56.4,23.8,29.9,23.3,20.6,29.4,1.3,44.4,39.7,33.9,47.4,35.7,48.8,35.8,33.2,46.3,34.4,34.1,15.7,26,48.9,7.6,3.9,9.6,10.3,6,13.7,21.2,21.2,11.5,17.6,0.5,8.8,28,3.6,2.4,2.7,3.4,7.4,3.8,7.5,0.3,11.9,17.4,6.8,12.2,7.8,11.9,32.2,9,,,,,,,,,,,,,,,,,,,,,
2026/8/5,17:00~20:00,總停等延滯,902956,724975,177981,250111,147173,51789,36747,1632,57005,283789,46381,39206,78942,119260,178568,87235,36781,54552,115445,20209,20909,74327,22271,5934,16337,32269,10182,22087,21112,21112,102329,44689,2596,32680,22364,51400,4119,7743,35103,4435,23474,22555,919,79729,45334,34395,95508,4020,48326,19405,23757,148.7,190.5,198.6,165.8,213,437.6,149.4,272.3,140.7,148.8,64.1,210.1,163.9,258.1,186.8,135.8,0,87,63.3,120,136.9
2026/8/5,17:00~20:00,通過量,18713,12068,6645,8082,6147,2480,1242,1072,1353,5887,1277,712,2133,1765,4626,2513,770,1343,3582,1179,936,1467,3052,1199,1853,3519,1730,1789,852,852,6908,2314,1421,2401,772,10031,1552,3555,3820,1104,7319,2987,4332,7138,2948,4190,7426,828,3623,565,2410,,,,,,,,,,,,,,,,,,,,,
2026/8/5,17:00~20:00,平均停等延滯,48.3,60.1,26.8,30.9,23.9,20.9,29.6,1.5,42.1,48.2,36.3,55.1,37,67.6,38.6,34.7,47.8,40.6,32.2,17.1,22.3,50.7,7.3,4.9,8.8,9.2,5.9,12.3,24.8,24.8,14.8,19.3,1.8,13.6,29,5.1,2.7,2.2,9.2,4,3.2,7.6,0.2,11.2,15.4,8.2,12.9,4.9,13.3,34.3,9.9,,,,,,,,,,,,,,,,,,,,,
2026/8/5,10:00~12:00,總停等延滯,465757,393995,71762,169930,93019,33624,22223,993,36179,145521,25647,22666,57460,39748,89224,49192,18995,21037,66231,6650,13902,45679,12637,1770,10867,11659,3120,8539,9134,9134,38332,18280,80,11049,8923,24730,2178,6844,7508,8200,15427,14667,760,68104,48744,19360,61669,4913,30757,14125,11874,149.1,223.8,197.3,142.3,206.1,413.4,290,203.7,107.2,149.3,57.1,198,135.1,219.5,225.9,0,0,96.3,229.7,93.1,107.7
2026/8/5,10:00~12:00,通過量,9725,6351,3374,5233,3563,1594,719,611,639,3387,792,349,1512,734,2351,1385,410,556,1834,484,472,878,1614,568,1046,1756,744,1012,412,412,3405,1011,832,1246,316,7347,1224,2034,3087,1002,5026,2349,2677,4799,2230,2569,4564,432,2157,452,1523,,,,,,,,,,,,,,,,,,,,,
2026/8/5,10:00~12:00,平均停等延滯,47.9,62,21.3,32.5,26.1,21.1,30.9,1.6,56.6,43,32.4,64.9,38,54.2,38,35.5,46.3,37.8,36.1,13.7,29.5,52,7.8,3.1,10.4,6.6,4.2,8.4,22.2,22.2,11.3,18.1,0.1,8.9,28.2,3.4,1.8,3.4,2.4,8.2,3.1,6.2,0.3,14.2,21.9,7.5,13.5,11.4,14.3,31.2,7.8,,,,,,,,,,,,,,,,,,,,,
2026/8/5,14:00~16:00,總停等延滯,525437,432046,93391,177655,95193,29034,21666,1137,43356,165995,28230,18216,66260,53289,98274,49695,22400,26179,72584,9503,11765,51316,13678,2458,11220,25072,5544,19528,10155,10155,44486,22601,747,10502,10636,28523,4590,8902,8004,7027,24706,23819,887,61726,42173,19553,62700,1822,25965,15878,19035,148.5,372.1,189.2,224,207,667,410.3,262.5,108.9,148.5,58.7,202.1,193.3,285.3,385.1,0,0,173.6,191.8,111.5,162.5
2026/8/5,14:00~16:00,通過量,10770,7221,3549,5659,4186,1600,728,887,971,3694,800,375,1642,877,2576,1375,477,724,2032,563,462,1007,1864,634,1230,1931,852,1079,479,479,3652,1216,854,1210,372,7634,993,2243,3405,993,5271,2660,2611,4927,2494,2433,5059,459,2177,387,2036,,,,,,,,,,,,,,,,,,,,,
2026/8/5,14:00~16:00,平均停等延滯,48.8,59.8,26.3,31.4,22.7,18.1,29.8,1.3,44.7,44.9,35.3,48.6,40.4,60.8,38.1,36.1,47,36.2,35.7,16.9,25.5,51,7.3,3.9,9.1,13,6.5,18.1,21.2,21.2,12.2,18.6,0.9,8.7,28.6,3.7,4.6,4,2.4,7.1,4.7,9,0.3,12.5,16.9,8,12.4,4,11.9,41,9.3,,,,,,,,,,,,,,,,,,,,,
2026/8/5,16:00~19:00,總停等延滯,917460,727211,190249,277019,151145,53467,37527,1583,58568,269839,45313,32916,81158,110452,179079,85344,37365,56370,127148,20289,23913,82946,24169,6225,17944,35119,12770,22349,21819,21819,109142,48231,2811,33028,25072,70090,5984,11017,45393,7696,32963,31707,1256,81708,48175,33533,92258,4631,45618,21435,20574,149.4,189.8,201.9,155.3,215.9,496.9,151.1,296,135.3,149.4,66.6,206.7,159,327.8,186.5,103,0,82.5,70,126.1,144.7
2026/8/5,16:00~19:00,通過量,19720,12561,7159,8538,6474,2592,1315,1135,1432,5970,1266,683,2244,1777,4748,2576,784,1388,3756,1166,1012,1578,3160,1249,1911,3704,1865,1839,984,984,7432,2506,1563,2559,804,10742,1696,3648,4100,1298,7626,3240,4386,7499,3195,4304,7819,907,3718,654,2540,,,,,,,,,,,,,,,,,,,,,
2026/8/5,16:00~19:00,平均停等延滯,46.5,57.9,26.6,32.4,23.3,20.6,28.5,1.4,40.9,45.2,35.8,48.2,36.2,62.2,37.7,33.1,47.7,40.6,33.9,17.4,23.6,52.6,7.6,5,9.4,9.5,6.8,12.2,22.2,22.2,14.7,19.2,1.8,12.9,31.2,6.5,3.5,3,11.1,5.9,4.3,9.8,0.3,10.9,15.1,7.8,11.8,5.1,12.3,32.8,8.1,,,,,,,,,,,,,,,,,,,,,
2026/8/5,20:00~23:00,總停等延滯,499459,388153,111306,145219,82461,29674,16260,1413,35114,170048,31761,27876,52543,57868,78280,39260,13050,25970,57364,13429,10800,33135,8531,3100,5431,40894,9198,31696,9826,9826,52055,35855,64,9921,6215,12592,37,161,11148,1246,13654,13400,254,59779,41478,18301,59194,638,21234,11354,25968,140.9,285,227.9,230.5,215.2,507.4,129.2,308.4,111,140.6,75.8,228.9,207.6,251.8,279.5,152,0,73.1,55.2,80.4,198.9
2026/8/5,20:00~23:00,通過量,9986,6859,3127,5533,3876,1558,610,892,816,3881,858,484,1460,1079,2367,1296,370,701,1969,728,398,843,1653,573,1080,1720,735,985,341,341,3335,1122,882,1063,268,6663,755,2387,2968,553,4999,2478,2521,5022,2511,2511,4869,354,2124,349,2042,,,,,,,,,,,,,,,,,,,,,
2026/8/5,20:00~23:00,平均停等延滯,50,56.6,35.6,26.2,21.3,19,26.7,1.6,43,43.8,37,57.6,36,53.6,33.1,30.3,35.3,37,29.1,18.4,27.1,39.3,5.2,5.4,5,23.8,12.5,32.2,28.8,28.8,15.6,32,0.1,9.3,23.2,1.9,0,0.1,3.8,2.3,2.7,5.4,0.1,11.9,16.5,7.3,12.2,1.8,10,32.5,12.7,,,,,,,,,,,,,,,,,,,,,
2026/8/6,07:00~09:00,總停等延滯,617481,503492,113989,281232,87212,33929,26730,1292,25261,203658,33723,23051,50014,96870,116099,50573,35943,29583,96523,10052,16555,69916,16229,2762,13467,9221,5482,3739,13499,13499,75040,26712,4869,35090,8369,80403,20792,46057,415,13139,54259,53386,873,65959,53573,12386,80611,4892,28245,23613,23861,147.6,271.7,155.3,169,204.1,558.9,164.4,364.4,116.9,147.7,56.3,157.9,172.1,325.1,288.7,146.4,0,91.1,73,179.1,183.9
2026/8/6,07:00~09:00,通過量,13614,8455,5159,7317,3906,1623,899,751,633,4294,1015,424,1571,1284,3028,1344,910,774,2610,702,626,1282,2293,628,1665,2378,935,1443,670,670,5341,1480,1374,2020,467,10093,807,3792,4120,1374,5476,2873,2603,5566,2949,2617,5589,745,2126,621,2097,,,,,,,,,,,,,,,,,,,,,
2026/8/6,07:00~09:00,平均停等延滯,45.4,59.5,22.1,38.4,22.3,20.9,29.7,1.7,39.9,47.4,33.2,54.4,31.8,75.4,38.3,37.6,39.5,38.2,37,14.3,26.4,54.5,7.1,4.4,8.1,3.9,5.9,2.6,20.1,20.1,14,18,3.5,17.4,17.9,8,25.8,12.1,0.1,9.6,9.9,18.6,0.3,11.9,18.2,4.7,14.4,6.6,13.3,38,11.4,,,,,,,,,,,,,,,,,,,,,
2026/8/6,10:00~17:00,總停等延滯,1585422,1321548,263874,737738,317507,119791,72851,3575,121290,458727,111951,57914,155276,133586,302096,156749,66955,78392,243218,33200,48404,161614,44175,10405,33770,43804,17692,26112,33934,33934,141961,67584,991,40176,33210,233494,63343,128989,15968,25194,76934,74748,2186,191001,139777,51224,236309,16989,87799,43877,87644,150.9,287.5,184.8,199.4,214.3,561.9,205.8,235.7,155.2,151.1,63.7,186.2,194.5,257.3,284.7,143,0,90,114.5,104,127
2026/8/6,10:00~17:00,通過量,37264,24948,12316,23222,13778,5722,2596,2638,2822,13399,3274,1344,5551,3230,8858,5004,1442,2412,7418,2038,1908,3472,5943,2082,3861,6391,2875,3516,1562,1562,12647,3975,3090,4337,1245,30332,3097,12487,11225,3523,18349,8650,9699,17918,8573,9345,17588,1711,8239,1463,6175,,,,,,,,,,,,,,,,,,,,,
2026/8/6,10:00~17:00,平均停等延滯,42.5,53,21.4,31.8,23,20.9,28.1,1.4,43,34.2,34.2,43.1,28,41.4,34.1,31.3,46.4,32.5,32.8,16.3,25.4,46.5,7.4,5,8.7,6.9,6.2,7.4,21.7,21.7,11.2,17,0.3,9.3,26.7,7.7,20.5,10.3,1.4,7.2,4.2,8.6,0.2,10.7,16.3,5.5,13.4,9.9,10.7,30,14.2,,,,,,,,,,,,,,,,,,,,,
2026/8/6,17:00~20:00,總停等延滯,892184,710391,181793,336518,146989,54101,35023,1759,56106,292699,54253,32340,69393,136713,166194,75563,36908,53723,104509,21063,21387,62059,24837,7972,16865,33661,14603,19058,21832,21832,101463,44620,604,30351,25888,120393,32946,64103,18528,4816,30355,28887,1468,77886,49891,27995,107884,5429,48157,19329,34969,148.4,184.2,172.8,170.3,220.1,460.1,157.9,213.3,110,148.5,72,178.2,177.3,246.2,186,138.7,0,80.4,75.8,90.3,127.2
2026/8/6,17:00~20:00,通過量,19037,12442,6595,9551,6534,2714,1254,1176,1390,6132,1450,683,2171,1828,4710,2484,812,1414,3621,1274,960,1387,2975,1203,1772,3431,1692,1739,827,827,6866,2301,1400,2381,784,11619,1330,5308,3928,1053,7636,3220,4416,7518,3150,4368,7492,841,3738,549,2364,,,,,,,,,,,,,,,,,,,,,
2026/8/6,17:00~20:00,平均停等延滯,46.9,57.1,27.6,35.2,22.5,19.9,27.9,1.5,40.4,47.7,37.4,47.3,32,74.8,35.3,30.4,45.5,38,28.9,16.5,22.3,44.7,8.3,6.6,9.5,9.8,8.6,11,26.4,26.4,14.8,19.4,0.4,12.7,33,10.4,24.8,12.1,4.7,4.6,4,9,0.3,10.4,15.8,6.4,14.4,6.5,12.9,35.2,14.8,,,,,,,,,,,,,,,,,,,,,
2026/8/6,10:00~12:00,總停等延滯,437130,367757,69373,224230,86235,33185,20716,973,31361,140267,37129,18551,47445,37142,77738,44102,16090,17546,63517,6985,13681,42851,13186,3306,9880,11359,4117,7242,8917,8917,35911,15942,316,12194,7459,68832,20427,40562,295,7548,13758,12896,862,67609,47447,20162,74031,7790,29145,13692,23404,149.1,268.3,189.4,212.1,218.1,463.8,214,214.1,149.8,149.2,70,203.5,215.5,176.4,259.6,134,0,88.1,125.9,98,118.7
2026/8/6,10:00~12:00,通過量,10056,6672,3384,6820,3542,1553,701,620,668,3780,992,366,1539,883,2259,1333,361,565,2100,525,548,1027,1612,540,1072,1704,708,996,437,437,3400,993,878,1198,331,8882,906,3858,3116,1002,5107,2321,2786,4878,2221,2657,4830,467,2307,439,1617,,,,,,,,,,,,,,,,,,,,,
2026/8/6,10:00~12:00,平均停等延滯,43.5,55.1,20.5,32.9,24.3,21.4,29.6,1.6,46.9,37.1,37.4,50.7,30.8,42.1,34.4,33.1,44.6,31.1,30.2,13.3,25,41.7,8.2,6.1,9.2,6.7,5.8,7.3,20.4,20.4,10.6,16.1,0.4,10.2,22.5,7.7,22.5,10.5,0.1,7.5,2.7,5.6,0.3,13.9,21.4,7.6,15.3,16.7,12.6,31.2,14.5,,,,,,,,,,,,,,,,,,,,,
2026/8/6,14:00~16:00,總停等延滯,459077,379799,79278,221908,93398,33289,21391,1042,37676,124814,26897,16039,44403,37475,88155,44724,19459,23972,73432,8818,13451,51163,12826,2972,9854,13199,6633,6566,10163,10163,43090,21488,445,13160,7997,73070,19331,39314,6447,7978,26457,25697,760,52236,38194,14042,70145,3228,26001,12732,28184,151,273,215.8,156.6,212.1,521.4,160.7,183.8,197.9,151.3,61.1,209.4,153.8,268.1,268.7,153.7,0,88.5,72.1,100.6,73
2026/8/6,14:00~16:00,通過量,10631,7043,3588,6941,4074,1567,735,764,1008,3579,837,367,1525,850,2603,1493,389,721,1985,579,516,890,1727,637,1090,1900,944,956,468,468,3781,1298,905,1231,347,8999,952,3635,3414,998,5201,2537,2664,5146,2587,2559,5149,484,2311,414,1940,,,,,,,,,,,,,,,,,,,,,
2026/8/6,14:00~16:00,平均停等延滯,43.2,53.9,22.1,32,22.9,21.2,29.1,1.4,37.4,34.9,32.1,43.7,29.1,44.1,33.9,30,50,33.2,37,15.2,26.1,57.5,7.4,4.7,9,6.9,7,6.9,21.7,21.7,11.4,16.6,0.5,10.7,23,8.1,20.3,10.8,1.9,8,5.1,10.1,0.3,10.2,14.8,5.5,13.6,6.7,11.3,30.8,14.5,,,,,,,,,,,,,,,,,,,,,
2026/8/6,16:00~19:00,總停等延滯,936453,739032,197421,373933,164352,58829,36934,1756,66833,281161,54381,30804,70936,125040,175753,79260,39726,56767,117766,21961,21737,74068,24941,8241,16700,36198,15282,20916,23546,23546,112736,48368,743,30880,32745,138640,34272,69100,27275,7993,46793,45222,1571,77086,52865,24221,111414,7007,46238,21211,36958,149.6,221.4,149,184.2,216.6,481.2,159.5,212.8,123.4,149.8,67.4,147.6,192.6,243.2,234.5,145.3,0,79.6,79.3,98,126.3
2026/8/6,16:00~19:00,通過量,20020,12879,7141,10236,6860,2804,1380,1251,1425,6504,1528,679,2422,1875,4872,2574,827,1471,3675,1257,1013,1405,3218,1296,1922,3579,1766,1813,900,900,7410,2465,1523,2547,875,12618,1465,5599,4278,1276,8071,3419,4652,7938,3372,4566,7968,912,3884,587,2585,,,,,,,,,,,,,,,,,,,,,
2026/8/6,16:00~19:00,平均停等延滯,46.8,57.4,27.6,36.5,24,21,26.8,1.4,46.9,43.2,35.6,45.4,29.3,66.7,36.1,30.8,48,38.6,32,17.5,21.5,52.7,7.8,6.4,8.7,10.1,8.7,11.5,26.2,26.2,15.2,19.6,0.5,12.1,37.4,11,23.4,12.3,6.4,6.3,5.8,13.2,0.3,9.7,15.7,5.3,14,7.7,11.9,36.1,14.3,,,,,,,,,,,,,,,,,,,,,
2026/8/6,20:00~23:00,總停等延滯,482766,397425,85341,179882,87799,36666,17739,1253,32141,174231,29908,26866,53133,64324,74672,40766,12624,21282,60723,15547,11125,34051,7231,2304,4927,22960,8700,14260,10860,10860,44290,33836,75,3964,6415,52529,19687,31319,290,1233,10821,10568,253,61930,41478,20452,54602,1301,23425,11521,18355,134.1,214,233.3,172.2,208.3,419.8,134.4,270.8,152.6,135.1,73.8,229,164.5,216.3,227.4,143.9,0,72.5,61.7,84.9,203.5
2026/8/6,20:00~23:00,通過量,9764,6826,2938,6312,3887,1616,638,829,804,3989,944,466,1481,1098,2317,1228,353,736,1846,731,389,726,1417,581,836,1471,767,704,347,347,3065,1055,882,873,255,7485,681,3306,2934,564,4803,2423,2380,4914,2394,2520,4905,428,2152,397,1928,,,,,,,,,,,,,,,,,,,,,
2026/8/6,20:00~23:00,平均停等延滯,49.4,58.2,29,28.5,22.6,22.7,27.8,1.5,40,43.7,31.7,57.7,35.9,58.6,32.2,33.2,35.8,28.9,32.9,21.3,28.6,46.9,5.1,4,5.9,15.6,11.3,20.3,31.3,31.3,14.5,32.1,0.1,4.5,25.2,7,28.9,9.5,0.1,2.2,2.3,4.4,0.1,12.6,17.3,8.1,11.1,3,10.9,29,9.5,,,,,,,,,,,,,,,,,,,,,
2026/8/7,07:00~09:00,總停等延滯,602443,488683,113760,278596,86477,32575,25482,1266,27154,195264,32862,27627,54789,79986,113764,52385,32126,29253,93178,10808,19317,63053,15604,1944,13660,13893,6717,7176,15528,15528,68735,26829,3593,26690,11623,109465,22202,45974,27260,14029,30640,29861,779,63206,46643,16563,75285,5028,28592,18337,23328,149.2,178.1,159.5,125.8,215.6,446.8,254.5,274.3,107.3,150.9,67.6,161.7,130.7,270.1,181.9,139.2,0,83,176.6,117.8,166.4
2026/8/7,07:00~09:00,通過量,12983,8060,4923,7337,3840,1636,840,725,639,4082,933,383,1587,1179,2816,1282,814,720,2552,703,667,1182,2278,643,1635,2392,946,1446,590,590,5141,1451,1313,1962,415,10095,823,3931,4000,1341,5693,2996,2697,5565,2964,2601,5484,788,2113,548,2035,,,,,,,,,,,,,,,,,,,,,
2026/8/7,07:00~09:00,平均停等延滯,46.4,60.6,23.1,38,22.5,19.9,30.3,1.7,42.5,47.8,35.2,72.1,34.5,67.8,40.4,40.9,39.5,40.6,36.5,15.4,29,53.3,6.8,3,8.4,5.8,7.1,5,26.3,26.3,13.4,18.5,2.7,13.6,28,10.8,27,11.7,6.8,10.5,5.4,10,0.3,11.4,15.7,6.4,13.7,6.4,13.5,33.5,11.5,,,,,,,,,,,,,,,,,,,,,
2026/8/7,10:00~17:00,總停等延滯,1639185,1266962,372223,738033,307327,112952,83482,3716,107177,443287,98865,53333,147350,143739,286453,141204,68758,76491,229895,37535,47747,144613,50251,16608,33643,90406,47810,42596,44364,44364,187202,72563,1718,79259,33662,310694,73978,142885,63435,30396,62627,59497,3130,180867,125542,55325,183845,23268,70064,41638,48875,146.8,271.2,184,160.3,213.6,551.4,182,283.8,126.9,146.6,67.6,185.5,157.4,273.2,268.8,0,0,110.6,77.5,114.9,159.9
2026/8/7,10:00~17:00,通過量,40524,27175,13349,24722,14847,6056,3031,2795,2965,14147,3232,1498,5798,3619,9657,5266,1698,2693,7983,2368,2004,3611,6585,2215,4370,7121,3056,4065,1767,1767,13660,4293,3318,4793,1256,30000,3263,13153,9939,3645,18830,8837,9993,18478,8792,9686,18244,1723,8215,1569,6737,,,,,,,,,,,,,,,,,,,,,
2026/8/7,10:00~17:00,平均停等延滯,40.4,46.6,27.9,29.9,20.7,18.7,27.5,1.3,36.1,31.3,30.6,35.6,25.4,39.7,29.7,26.8,40.5,28.4,28.8,15.9,23.8,40,7.6,7.5,7.7,12.7,15.6,10.5,25.1,25.1,13.7,16.9,0.5,16.5,26.8,10.4,22.7,10.9,6.4,8.3,3.3,6.7,0.3,9.8,14.3,5.7,10.1,13.5,8.5,26.5,7.3,,,,,,,,,,,,,,,,,,,,,
2026/8/7,17:00~20:00,總停等延滯,1020891,713119,307772,339719,136391,47291,38522,1539,49039,266552,76628,24715,79599,85610,192689,75589,53310,63790,117487,29663,22776,65048,36593,13672,22921,88821,40955,47866,26734,26734,155624,58916,3024,70338,23346,149689,28900,60930,49023,10836,49348,46900,2448,65230,38179,27051,75452,6781,33620,18652,16399,151.2,461.2,220.6,195.2,228.8,803.4,173.8,296,112.4,151.3,78.4,226.5,209,320,459.7,0,0,92.4,80.3,145.7,162
2026/8/7,17:00~20:00,通過量,23320,14878,8442,11776,7330,3095,1399,1243,1593,7292,1848,909,2118,2417,6051,3152,1231,1668,4253,1687,1079,1487,3890,1473,2417,4777,2080,2697,976,976,8587,2594,1768,3293,932,12897,1755,6671,3272,1199,8196,3276,4920,7868,3178,4690,8519,985,4184,814,2536,,,,,,,,,,,,,,,,,,,,,
2026/8/7,17:00~20:00,平均停等延滯,43.8,47.9,36.5,28.8,18.6,15.3,27.5,1.2,30.8,36.6,41.5,27.2,37.6,35.4,31.8,24,43.3,38.2,27.6,17.6,21.1,43.7,9.4,9.3,9.5,18.6,19.7,17.7,27.4,27.4,18.1,22.7,1.7,21.4,25,11.6,16.5,9.1,15,9,6,14.3,0.5,8.3,12,5.8,8.9,6.9,8,22.9,6.5,,,,,,,,,,,,,,,,,,,,,
2026/8/7,10:00~12:00,總停等延滯,492182,410895,81287,238018,89683,29191,25813,1106,33573,157825,33647,23139,52883,48156,94429,48438,23111,22880,68958,8176,14369,46413,12933,3660,9273,17501,5590,11911,9283,9283,41570,17875,380,15792,7523,91645,25011,48086,11699,6849,10841,9634,1207,69606,46740,22866,65926,9446,28779,15261,12440,144.4,210.9,159.4,160.3,219.2,531.1,200.8,212.9,110.2,144.6,77,160,154.7,285.6,217.5,0,0,135.9,82.8,95.8,116
2026/8/7,10:00~12:00,通過量,10510,6999,3511,6204,3759,1691,810,665,593,3654,908,359,1528,859,2476,1426,442,608,2186,549,544,1093,1711,562,1149,1900,745,1155,424,424,3574,1049,888,1334,303,7875,797,3215,2922,941,5118,2342,2776,5011,2343,2668,4847,439,2216,474,1718,,,,,,,,,,,,,,,,,,,,,
2026/8/7,10:00~12:00,平均停等延滯,46.8,58.7,23.2,38.4,23.9,17.3,31.9,1.7,56.6,43.2,37.1,64.5,34.6,56.1,38.1,34,52.3,37.6,31.5,14.9,26.4,42.5,7.6,6.5,8.1,9.2,7.5,10.3,21.9,21.9,11.6,17,0.4,11.8,24.8,11.6,31.4,15,4,7.3,2.1,4.1,0.4,13.9,19.9,8.6,13.6,21.5,13,32.2,7.2,,,,,,,,,,,,,,,,,,,,,
2026/8/7,14:00~16:00,總停等延滯,454411,342190,112221,213559,88115,33191,26570,983,27371,115508,26341,12517,38195,38455,73416,34751,16826,21839,65151,11279,12378,41494,15848,5123,10725,26395,16475,9920,13153,13153,56825,22614,642,23493,10076,98819,23711,43842,21929,9337,22494,21846,648,43783,31175,12608,48463,8458,14715,9195,16095,144.8,341.9,196.6,216,206,678.4,149,328.5,142.6,144.2,61.1,195.4,209.7,347,345.4,0,0,88.9,63.8,151.1,177.3
2026/8/7,14:00~16:00,通過量,11619,7826,3793,7227,4340,1639,854,843,1004,4101,883,470,1691,1057,2727,1464,479,784,2239,700,493,1046,1954,609,1345,2048,920,1128,513,513,3981,1310,1002,1324,345,8606,912,3822,2749,1123,5482,2687,2795,5351,2651,2700,5234,495,2246,438,2055,,,,,,,,,,,,,,,,,,,,,
2026/8/7,14:00~16:00,平均停等延滯,39.1,43.7,29.6,29.6,20.3,20.3,31.1,1.2,27.3,28.2,29.8,26.6,22.6,36.4,26.9,23.7,35.1,27.9,29.1,16.1,25.1,39.7,8.1,8.4,8,12.9,17.9,8.8,25.6,25.6,14.3,17.3,0.6,17.7,29.2,11.5,26,11.5,8,8.3,4.1,8.1,0.2,8.2,11.8,4.7,9.3,17.1,6.6,21,7.8,,,,,,,,,,,,,,,,,,,,,
2026/8/7,16:00~19:00,總停等延滯,900712,604684,296028,356090,133325,49566,35416,1491,46852,200041,54417,19258,59157,67209,159957,64456,46909,48592,111361,25701,23291,62369,32351,12721,19630,84562,39466,45096,30434,30434,148681,55236,3545,65864,24036,172726,32222,66302,58462,15740,59011,56852,2159,58325,38645,19680,66028,7457,27473,16608,14490,149.8,349.4,220.3,150.8,222,598.3,169.2,364.6,129,149.8,73.4,228.2,165.6,231.8,342.8,0,0,90.5,77.3,147.2,202.7
2026/8/7,16:00~19:00,通過量,23547,14672,8875,12283,7546,3139,1546,1265,1596,6943,1642,823,2275,2203,5933,3157,1105,1671,4129,1540,1145,1444,3996,1548,2448,4778,2110,2668,1120,1120,8955,2748,1851,3359,997,13724,1894,7000,3376,1454,8257,3404,4853,7909,3301,4608,8512,1031,4092,724,2665,,,,,,,,,,,,,,,,,,,,,
2026/8/7,16:00~19:00,平均停等延滯,38.3,41.2,33.4,29,17.7,15.8,22.9,1.2,29.4,28.8,33.1,23.4,26,30.5,27,20.4,42.5,29.1,27,16.7,20.3,43.2,8.1,8.2,8,17.7,18.7,16.9,27.2,27.2,16.6,20.1,1.9,19.6,24.1,12.6,17,9.5,17.3,10.8,7.1,16.7,0.4,7.4,11.7,4.3,7.8,7.2,6.7,22.9,5.4,,,,,,,,,,,,,,,,,,,,,
2026/8/7,20:00~23:00,總停等延滯,901293,734230,167063,318053,125026,45337,26596,2550,50543,374887,68229,38439,118595,149624,134463,61549,26987,45927,99854,24740,15941,59173,25609,7344,18265,34200,20721,13479,16870,16870,90384,53046,189,19560,17589,98299,23978,40987,29381,3953,31702,31451,251,88791,62819,25972,99261,6343,34323,17598,40997,142,305.6,204.5,191.1,228.7,500.2,180.5,343.1,104.6,143.3,84.6,210.6,197.1,193.5,317.8,0,0,111.7,67,150.7,173.8
2026/8/7,20:00~23:00,通過量,14906,10618,4288,8821,5866,2234,890,1550,1192,6582,1591,658,2300,2033,3585,1762,669,1154,3081,1293,597,1191,2335,791,1544,2410,1243,1167,591,591,4736,1830,1137,1193,576,9650,863,4239,3729,819,7070,3749,3321,7154,3747,3407,7334,708,2907,643,3076,,,,,,,,,,,,,,,,,,,,,
2026/8/7,20:00~23:00,平均停等延滯,60.5,69.1,39,36.1,21.3,20.3,29.9,1.6,42.4,57,42.9,58.4,51.6,73.6,37.5,34.9,40.3,39.8,32.4,19.1,26.7,49.7,11,9.3,11.8,14.2,16.7,11.6,28.5,28.5,19.1,29,0.2,16.4,30.5,10.2,27.8,9.7,7.9,4.8,4.5,8.4,0.1,12.4,16.8,7.6,13.5,9,11.8,27.4,13.3,,,,,,,,,,,,,,,,,,,,,
2026/8/8,07:00~09:00,總停等延滯,333536,268090,65446,128083,80470,39303,12074,676,28417,90818,22415,8109,31211,29083,55145,35515,9117,10513,41657,5254,6870,29533,8103,2541,5562,10063,8727,1336,6577,6577,40703,12317,43,20005,8338,40219,13119,22880,1723,2497,3118,2989,129,45998,29938,16060,38748,962,19838,7237,10711,155.8,189.4,155.2,114.1,229.5,325.6,373.4,217.8,113,157.5,75.1,156,118.4,138,182.9,125.5,0,131,236.7,80.7,142.3
2026/8/8,07:00~09:00,通過量,6732,4356,2376,4407,2336,1172,385,439,340,2462,701,189,967,605,1442,797,293,352,1420,400,279,741,1204,380,824,1265,510,755,235,235,2456,695,603,937,221,5745,482,2516,2081,666,3571,1584,1987,3465,1600,1865,3366,344,1613,238,1171,,,,,,,,,,,,,,,,,,,,,
2026/8/8,07:00~09:00,平均停等延滯,49.5,61.5,27.5,29.1,34.4,33.5,31.4,1.5,83.6,36.9,32,42.9,32.3,48.1,38.2,44.6,31.1,29.9,29.3,13.1,24.6,39.9,6.7,6.7,6.8,8,17.1,1.8,28,28,16.6,17.7,0.1,21.4,37.7,7,27.2,9.1,0.8,3.7,0.9,1.9,0.1,13.3,18.7,8.6,11.5,2.8,12.3,30.4,9.1,,,,,,,,,,,,,,,,,,,,,
2026/8/8,10:00~17:00,總停等延滯,2789992,2242354,547638,785617,480498,138912,138393,4218,198975,849827,137479,109682,311048,291618,547622,268480,109604,169538,364407,41462,72024,250921,69445,13330,56115,136652,73024,63628,54914,54914,286627,91232,6128,135302,53965,172149,31045,45886,75540,19678,72282,70355,1927,270500,177636,92864,270686,27569,116309,52572,74236,186.2,349.3,225.5,155.9,275,1062.3,297.6,249.4,144.3,186,88.7,233.7,155.6,527.2,334.5,147.9,0,84,209.9,100,143.9
2026/8/8,10:00~17:00,通過量,47638,32299,15339,21854,16885,6699,3363,2799,4024,16412,4020,2185,5804,4403,12804,7052,2554,3198,8568,2695,2235,3638,7313,2156,5157,8147,3136,5011,2037,2037,15589,4443,3902,5597,1647,26779,3876,9309,10966,2628,20350,9145,11205,20050,9121,10929,20298,1998,9631,1876,6793,,,,,,,,,,,,,,,,,,,,,
2026/8/8,10:00~17:00,平均停等延滯,58.6,69.4,35.7,35.9,28.5,20.7,41.2,1.5,49.4,51.8,34.2,50.2,53.6,66.2,42.8,38.1,42.9,53,42.5,15.4,32.2,69,9.5,6.2,10.9,16.8,23.3,12.7,27,27,18.4,20.5,1.6,24.2,32.8,6.4,8,4.9,6.9,7.5,3.6,7.7,0.2,13.5,19.5,8.5,13.3,13.8,12.1,28,10.9,,,,,,,,,,,,,,,,,,,,,
2026/8/8,17:00~20:00,總停等延滯,893039,696605,196434,262214,145213,65817,45836,1554,32006,257980,38002,38983,104082,76913,172775,86636,38915,47224,120637,17382,26413,76842,23954,6830,17124,55732,32466,23266,19324,19324,97424,35646,444,41419,19915,68033,10573,12102,37529,7829,32655,32225,430,75935,50164,25771,85591,10605,30312,16732,27942,166.5,284.5,200.8,182.7,264.2,513.7,160.4,251.1,134.9,166.6,98,204.5,170.9,252.9,276,146.3,0,89,72.6,126.1,132.7
2026/8/8,17:00~20:00,通過量,17759,12209,5550,8074,6625,2281,1129,1145,2070,6018,1301,798,2361,1558,4830,2622,819,1389,3269,1104,948,1217,2587,887,1700,2888,1286,1602,790,790,5775,1902,1333,1897,643,9995,1212,3229,4471,1083,7644,3760,3884,7412,3689,3723,7577,756,3188,657,2976,,,,,,,,,,,,,,,,,,,,,
2026/8/8,17:00~20:00,平均停等延滯,50.3,57.1,35.4,32.5,21.9,28.9,40.6,1.4,15.5,42.9,29.2,48.9,44.1,49.4,35.8,33,47.5,34,36.9,15.7,27.9,63.1,9.3,7.7,10.1,19.3,25.2,14.5,24.5,24.5,16.9,18.7,0.3,21.8,31,6.8,8.7,3.7,8.4,7.2,4.3,8.6,0.1,10.2,13.6,6.9,11.3,14,9.5,25.5,9.4,,,,,,,,,,,,,,,,,,,,,
2026/8/8,10:00~12:00,總停等延滯,763004,612055,150949,216092,118075,37185,40827,1117,38946,246629,36714,24414,93304,92197,145037,77097,31415,36525,102314,9525,22015,70774,19076,2754,16322,40260,19527,20733,12507,12507,79106,20019,541,43621,14925,48820,12058,21741,10987,4034,9237,8789,448,82180,51365,30815,75855,4177,40243,14317,17118,191.8,200.3,229.8,116.1,279.4,454,331.4,220.1,140.8,192.7,87.5,237.1,118.3,306,207.9,138.2,0,86.3,233.9,92.9,124.2
2026/8/8,10:00~12:00,通過量,12334,8255,4079,6150,4128,1820,890,689,729,4426,1157,472,1620,1177,3073,1615,707,751,2437,728,606,1103,1979,505,1474,2155,716,1439,441,441,4135,1002,999,1706,428,7743,917,3072,3020,734,5702,2520,3182,5470,2447,3023,5492,570,2761,447,1714,,,,,,,,,,,,,,,,,,,,,
2026/8/8,10:00~12:00,平均停等延滯,61.9,74.1,37,35.1,28.6,20.4,45.9,1.6,53.4,55.7,31.7,51.7,57.6,78.3,47.2,47.7,44.4,48.6,42,13.1,36.3,64.2,9.6,5.5,11.1,18.7,27.3,14.4,28.4,28.4,19.1,20,0.5,25.6,34.9,6.3,13.1,7.1,3.6,5.5,1.6,3.5,0.1,15,21,10.2,13.8,7.3,14.6,32,10,,,,,,,,,,,,,,,,,,,,,
2026/8/8,14:00~16:00,總停等延滯,830757,676576,154181,240891,159529,40351,40471,1311,77396,249653,42912,36471,91195,79075,170207,78724,26152,65331,97187,11165,19265,66757,18623,4385,14238,35309,21568,13741,16899,16899,83350,29267,3096,36975,14012,52289,8246,10311,28086,5646,29437,28815,622,75756,52245,23511,83409,12266,30780,15920,24443,175.6,423.3,188.9,126.2,267.7,1177.8,445.4,246.4,135,176.5,92.2,189.4,128.1,657,396.4,140.8,0,88.8,309.6,104.8,138.9
2026/8/8,14:00~16:00,通過量,14366,9835,4531,6407,5307,2003,964,860,1480,4854,1189,718,1688,1259,4074,2254,719,1101,2369,778,621,970,2008,656,1352,2377,992,1385,693,693,4632,1450,1223,1532,427,7373,1232,2444,3044,653,5839,2638,3201,5892,2747,3145,6053,574,2748,565,2166,,,,,,,,,,,,,,,,,,,,,
2026/8/8,14:00~16:00,平均停等延滯,57.8,68.8,34,37.6,30.1,20.1,42,1.5,52.3,51.4,36.1,50.8,54,62.8,41.8,34.9,36.4,59.3,41,14.4,31,68.8,9.3,6.7,10.5,14.9,21.7,9.9,24.4,24.4,18,20.2,2.5,24.1,32.8,7.1,6.7,4.2,9.2,8.6,5,10.9,0.2,12.9,19,7.5,13.8,21.4,11.2,28.2,11.3,,,,,,,,,,,,,,,,,,,,,
2026/8/8,16:00~19:00,總停等延滯,964001,727531,236470,304681,157436,68594,47610,1583,39649,240556,43607,31564,91585,73800,190699,86127,52759,51813,138840,20114,27757,90969,28497,7239,21258,64817,34733,30084,24439,24439,118717,43905,1195,47674,25943,87902,10456,13470,51357,12619,43947,43193,754,83748,61841,21907,89084,12560,30613,17301,28610,170.8,353.8,237.4,195.3,266.4,636.8,166.5,302.3,151.5,171.3,95.9,249.3,184.2,307.6,339.5,144.5,0,79.9,87.5,137.1,156
2026/8/8,16:00~19:00,通過量,20187,13561,6626,8945,7240,2564,1259,1246,2171,6549,1457,892,2383,1817,5440,2910,1032,1498,3571,1243,990,1338,3192,1063,2129,3501,1553,1948,875,875,6940,2252,1552,2271,865,11359,1510,3599,4961,1289,8411,3962,4449,8146,3883,4263,8333,874,3623,771,3065,,,,,,,,,,,,,,,,,,,,,
2026/8/8,16:00~19:00,平均停等延滯,47.8,53.6,35.7,34.1,21.7,26.8,37.8,1.3,18.3,36.7,29.9,35.4,38.4,40.6,35.1,29.6,51.1,34.6,38.9,16.2,28,68,8.9,6.8,10,18.5,22.4,15.4,27.9,27.9,17.1,19.5,0.8,21,30,7.7,6.9,3.7,10.4,9.8,5.2,10.9,0.2,10.3,15.9,5.1,10.7,14.4,8.4,22.4,9.3,,,,,,,,,,,,,,,,,,,,,
2026/8/8,20:00~23:00,總停等延滯,632014,513517,118497,191110,106335,45817,27714,2379,30425,216813,31018,36938,74102,74755,109451,57056,16605,35790,80918,16907,15963,48048,16674,5549,11125,27334,16843,10491,12220,12220,62269,38059,127,14052,10031,41462,10861,11055,16797,2749,17257,17011,246,61670,40162,21508,70721,515,25273,10297,34636,160.9,350.5,185.1,160.9,259.7,634.7,144.5,223.4,147.8,159.4,99.5,186,168,232.5,348.1,156.9,0,86.3,59,89.9,138.8
2026/8/8,20:00~23:00,通過量,12236,8760,3476,6245,5025,1692,776,976,1581,4624,1026,595,1814,1189,3018,1548,419,1051,2376,919,540,917,1716,659,1057,1776,928,848,490,490,3764,1437,974,971,382,7274,791,2399,3388,696,5599,3183,2416,5899,3234,2665,5848,465,2328,433,2622,,,,,,,,,,,,,,,,,,,,,
2026/8/8,20:00~23:00,平均停等延滯,51.7,58.6,34.1,30.6,21.2,27.1,35.7,2.4,19.2,46.9,30.2,62.1,40.9,62.9,36.3,36.9,39.6,34.1,34.1,18.4,29.6,52.4,9.7,8.4,10.5,15.4,18.1,12.4,24.9,24.9,16.5,26.5,0.1,14.5,26.3,5.7,13.7,4.6,5,3.9,3.1,5.3,0.1,10.5,12.4,8.1,12.1,1.1,10.9,23.8,13.2,,,,,,,,,,,,,,,,,,,,,
2026/8/9,07:00~09:00,總停等延滯,191184,152063,39121,56093,33221,15656,7239,448,9878,55619,9265,4257,20362,21735,37016,19798,8197,9021,26207,3808,6335,16064,4379,1872,2507,10763,6222,4541,4233,4233,19746,8242,72,6812,4620,22042,7551,12499,564,1428,1237,1159,78,20588,11158,9430,12226,157,3380,4453,4236,149.7,155.7,172,110.3,207.8,278.4,132.3,244,115.2,148.7,58.7,174.5,110.9,147.4,153.5,60,0,88.2,45.5,56.7,196.6
2026/8/9,07:00~09:00,通過量,4486,3003,1483,2453,1460,661,254,390,155,1778,395,146,736,501,1074,487,251,336,1001,302,233,466,774,257,517,742,320,422,180,180,1455,409,363,539,144,3313,298,1304,1236,475,1926,899,1027,1885,909,976,1923,211,861,178,673,,,,,,,,,,,,,,,,,,,,,
2026/8/9,07:00~09:00,平均停等延滯,42.6,50.6,26.4,22.9,22.8,23.7,28.5,1.1,63.7,31.3,23.5,29.2,27.7,43.4,34.5,40.7,32.7,26.8,26.2,12.6,27.2,34.5,5.7,7.3,4.8,14.5,19.4,10.8,23.5,23.5,13.6,20.2,0.2,12.6,32.1,6.7,25.3,9.6,0.5,3,0.6,1.3,0.1,10.9,12.3,9.7,6.4,0.7,3.9,25,6.3,,,,,,,,,,,,,,,,,,,,,
2026/8/9,10:00~17:00,總停等延滯,2555024,2107534,447490,687479,420418,135645,113543,4174,167056,913637,160556,127989,309992,315100,444490,210835,89354,144301,328989,44054,59620,225315,52104,11231,40873,121585,65631,55954,48254,48254,225547,73642,1799,110780,39326,210681,55740,101600,42084,11257,46540,45648,892,197740,118956,78784,232518,9239,110749,41998,70532,165.4,374.1,203.3,128.2,256.3,709.5,165.7,229.4,125.8,165.6,91.2,211.9,131.3,334.9,396.4,145.6,0,93.9,72.2,90.5,142.1
2026/8/9,10:00~17:00,通過量,42904,30362,12542,22870,15458,6281,2765,2961,3451,17042,4040,2380,5807,4815,11653,6296,2311,3046,8058,2745,2135,3178,6094,1736,4358,6921,2659,4262,1823,1823,12747,3764,3045,4749,1189,26508,2643,12451,9242,2172,18077,7998,10079,17678,7979,9699,18174,1514,8884,1421,6355,,,,,,,,,,,,,,,,,,,,,
2026/8/9,10:00~17:00,平均停等延滯,59.6,69.4,35.7,30.1,27.2,21.6,41.1,1.4,48.4,53.6,39.7,53.8,53.4,65.4,38.1,33.5,38.7,47.4,40.8,16,27.9,70.9,8.6,6.5,9.4,17.6,24.7,13.1,26.5,26.5,17.7,19.6,0.6,23.3,33.1,7.9,21.1,8.2,4.6,5.2,2.6,5.7,0.1,11.2,14.9,8.1,12.8,6.1,12.5,29.6,11.1,,,,,,,,,,,,,,,,,,,,,
2026/8/9,17:00~20:00,總停等延滯,1071986,876503,195483,314818,157184,73682,52048,1993,29461,409784,64795,48977,133984,162028,191743,89765,41061,60917,117792,19799,23999,73994,22339,6245,16094,58356,34535,23821,19219,19219,95569,37088,102,41997,16382,97924,23187,37699,30363,6675,38497,38046,451,76594,54136,22458,101803,3354,39734,17772,40943,182.4,352.7,194.2,147.3,278,553,160.2,309.4,118.9,183.7,95.6,201.5,149,221.6,344.5,0,0,101,65.6,91.7,212.1
2026/8/9,17:00~20:00,通過量,18760,13676,5084,9726,7243,2594,1242,1372,2035,7378,1769,925,2423,2261,4980,2504,954,1522,3540,1397,881,1262,2576,753,1823,2896,1295,1601,793,793,5342,1804,1227,1787,524,11574,926,4786,4801,1061,8081,4145,3936,7839,4097,3742,8211,695,3502,631,3383,,,,,,,,,,,,,,,,,,,,,
2026/8/9,17:00~20:00,平均停等延滯,57.1,64.1,38.5,32.4,21.7,28.4,41.9,1.5,14.5,55.5,36.6,52.9,55.3,71.7,38.5,35.8,43,40,33.3,14.2,27.2,58.6,8.7,8.3,8.8,20.2,26.7,14.9,24.2,24.2,17.9,20.6,0.1,23.5,31.3,8.5,25,7.9,6.3,6.3,4.8,9.2,0.1,9.8,13.2,6,12.4,4.8,11.3,28.2,12.1,,,,,,,,,,,,,,,,,,,,,
2026/8/9,10:00~12:00,總停等延滯,579786,463656,116130,162797,77929,30263,24960,1075,21631,195065,42039,26707,64718,61601,105108,50276,24321,30511,85554,8626,14458,62470,13247,2500,10747,27902,14049,13853,11046,11046,63935,15379,446,37686,10424,46719,14237,25605,5599,1278,5585,5405,180,51236,27101,24135,59257,1672,28412,7072,22101,161.5,213.8,164.4,109.1,248.4,523.6,158.5,244.7,113.3,161.7,86.9,164.7,110.3,298.5,230,158.6,0,90.2,70.3,77.2,175.9
2026/8/9,10:00~12:00,通過量,10946,7548,3398,5503,3617,1565,661,744,647,4128,926,512,1492,1198,3031,1532,681,818,2050,584,556,910,1547,367,1180,1779,584,1195,432,432,3368,769,758,1512,329,6489,638,3172,2196,483,4334,1785,2549,4129,1738,2391,4338,405,2240,326,1367,,,,,,,,,,,,,,,,,,,,,
2026/8/9,10:00~12:00,平均停等延滯,53,61.4,34.2,29.6,21.5,19.3,37.8,1.4,33.4,47.3,45.4,52.2,43.4,51.4,34.7,32.8,35.7,37.3,41.7,14.8,26,68.6,8.6,6.8,9.1,15.7,24.1,11.6,25.6,25.6,19,20,0.6,24.9,31.7,7.2,22.3,8.1,2.5,2.6,1.3,3,0.1,12.4,15.6,10.1,13.7,4.1,12.7,21.7,16.2,,,,,,,,,,,,,,,,,,,,,
2026/8/9,14:00~16:00,總停等延滯,905908,764004,141904,236037,150028,41485,35302,1417,71824,361330,55693,47427,115870,142340,148627,66032,27222,55373,104019,16324,19725,67970,17009,3805,13204,36976,21358,15618,17166,17166,70753,27371,569,30232,12581,76611,18722,34710,18329,4850,21588,21191,397,61819,39672,22147,76019,3727,34342,16073,21877,165.6,467,230.9,145.1,262.5,827.5,174.6,234.4,130.1,166.2,96,240.4,140.9,346.3,508.3,0,0,94,81.2,100.8,130.8
2026/8/9,14:00~16:00,通過量,13550,9742,3808,7652,5138,2035,867,1029,1207,5625,1355,845,1746,1679,3584,1983,708,893,2439,931,642,866,1917,577,1340,2082,836,1246,596,596,3846,1211,975,1290,370,8639,965,4005,2955,714,5882,2715,3167,5963,2815,3148,6025,502,2841,428,2254,,,,,,,,,,,,,,,,,,,,,
2026/8/9,14:00~16:00,平均停等延滯,66.9,78.4,37.3,30.8,29.2,20.4,40.7,1.4,59.5,64.2,41.1,56.1,66.4,84.8,41.5,33.3,38.4,62,42.6,17.5,30.7,78.5,8.9,6.6,9.9,17.8,25.5,12.5,28.8,28.8,18.4,22.6,0.6,23.4,34,8.9,19.4,8.7,6.2,6.8,3.7,7.8,0.1,10.4,14.1,7,12.6,7.4,12.1,37.6,9.7,,,,,,,,,,,,,,,,,,,,,
2026/8/9,16:00~19:00,總停等延滯,1019356,824061,195295,310431,160493,70469,53236,1705,35083,342233,62311,42392,112545,124985,190459,94768,42041,53650,130876,22413,26615,81848,21600,5931,15669,57231,33070,24161,21398,21398,95066,33416,735,43232,17683,101048,23798,39093,28975,9182,38986,38593,393,76792,55251,21541,93605,3650,36144,20467,33344,183.5,420.8,217.2,148.2,275.3,644,161.1,311.6,134.1,183.4,91.7,222.2,154.7,252.6,415.4,0,0,91.5,70.3,93.7,209.8
2026/8/9,16:00~19:00,通過量,19594,14160,5434,10216,7484,2738,1295,1341,2110,7635,1807,1038,2504,2286,5245,2786,947,1512,3676,1442,934,1300,2688,817,1871,3023,1295,1728,848,848,5694,1925,1293,1921,555,12332,1031,5124,5011,1166,8415,4203,4212,8058,4100,3958,8542,739,3742,695,3366,,,,,,,,,,,,,,,,,,,,,
2026/8/9,16:00~19:00,平均停等延滯,52,58.2,35.9,30.4,21.4,25.7,41.1,1.3,16.6,44.8,34.5,40.8,44.9,54.7,36.3,34,44.4,35.5,35.6,15.5,28.5,63,8,7.3,8.4,18.9,25.5,14,25.2,25.2,16.7,17.4,0.6,22.5,31.9,8.2,23.1,7.6,5.8,7.9,4.6,9.2,0.1,9.5,13.5,5.4,11,4.9,9.7,29.4,9.9,,,,,,,,,,,,,,,,,,,,,
2026/8/9,20:00~23:00,總停等延滯,737325,614314,123011,229042,104732,52495,29164,1833,21240,310112,50841,34577,84321,140373,124538,55340,21251,47947,74932,16680,13698,44554,19474,6348,13126,26198,16636,9562,13035,13035,64304,38740,74,16431,9059,73435,19943,32909,18068,2515,16792,16504,288,68250,47890,20360,70565,795,25967,14556,29247,177.1,234.8,170.1,141.6,273.9,401.9,131.9,235.9,132.1,176.8,98.4,171.6,146.2,266.4,241.6,0,0,74.7,56.1,100.8,137.4
2026/8/9,20:00~23:00,通過量,12721,9354,3367,7549,5249,1927,780,1259,1283,5877,1411,565,2005,1896,3124,1473,529,1122,2328,1076,448,804,1813,692,1121,1922,990,932,491,491,3535,1351,871,1019,294,8810,726,3555,3883,646,6062,3280,2782,6212,3359,2853,6250,452,2530,538,2730,,,,,,,,,,,,,,,,,,,,,
2026/8/9,20:00~23:00,平均停等延滯,58,65.7,36.5,30.3,20,27.2,37.4,1.5,16.6,52.8,36,61.2,42.1,74,39.9,37.6,40.2,42.7,32.2,15.5,30.6,55.4,10.7,9.2,11.7,13.6,16.8,10.3,26.5,26.5,18.2,28.7,0.1,16.1,30.8,8.3,27.5,9.3,4.7,3.9,2.8,5,0.1,11,14.3,7.1,11.3,1.8,10.3,27.1,10.7,,,,,,,,,,,,,,,,,,,,,
2026/8/10,07:00~09:00,總停等延滯,677972,510331,167641,267723,104452,52338,28002,1464,22648,209450,36686,21669,48298,102797,105454,47630,30442,27382,90975,12821,15981,62173,21724,5649,16075,28199,19444,8755,17137,17137,100581,31192,1592,53785,14012,122599,23944,50860,47795,0,46360,46042,318,0,0,0,98764,3319,29148,26170,40127,162,203.9,169.1,119.9,221.4,380.1,155.8,327.9,96.7,162.3,60,170,120.6,174.1,206.3,87.3,0,76.1,79.7,168,161.1
2026/8/10,07:00~09:00,通過量,13314,8246,5068,6905,3751,1527,835,756,633,4462,1023,411,1618,1410,2965,1328,898,739,2595,802,619,1174,2365,718,1647,2485,974,1511,594,594,5276,1520,1336,2015,405,8258,718,3573,3967,0,5669,2961,2708,0,0,0,5444,751,2079,531,2083,,,,,,,,,,,,,,,,,,,,,
2026/8/10,07:00~09:00,平均停等延滯,50.9,61.9,33.1,38.8,27.8,34.3,33.5,1.9,35.8,46.9,35.9,52.7,29.9,72.9,35.6,35.9,33.9,37.1,35.1,16,25.8,53,9.2,7.9,9.8,11.3,20,5.8,28.9,28.9,19.1,20.5,1.2,26.7,34.6,14.8,33.3,14.2,12,0,8.2,15.5,0.1,0,0,0,18.1,4.4,14,49.3,19.3,,,,,,,,,,,,,,,,,,,,,
2026/8/10,10:00~17:00,總停等延滯,1574010,1219640,354370,650056,352061,162797,68652,3354,117258,386612,92414,48225,138363,107610,264109,137039,52411,74659,216858,32541,45411,138906,40728,14164,26564,81276,48871,32405,43437,43437,188929,71817,762,79600,36750,298887,76851,149047,72989,0,49006,48280,726,59369,34772,24597,242794,18829,75003,51078,97884,152.9,220.2,216.5,141.3,216.4,584.2,197.9,255.6,104.6,153.1,63.4,223.3,142.2,328.1,216.4,142.4,0,77.6,123.4,106,146.7
2026/8/10,10:00~17:00,通過量,35389,23726,11663,22151,12904,5343,2402,2521,2638,12646,2936,1417,5318,2975,8701,4800,1385,2516,7026,1976,1894,3156,5581,1823,3758,6123,2712,3411,1484,1484,12226,3870,2965,4228,1163,25575,2788,11845,10942,0,17423,8261,9162,4358,2097,2261,16487,1513,7456,1429,6089,,,,,,,,,,,,,,,,,,,,,
2026/8/10,10:00~17:00,平均停等延滯,44.5,51.4,30.4,29.3,27.3,30.5,28.6,1.3,44.4,30.6,31.5,34,26,36.2,30.4,28.5,37.8,29.7,30.9,16.5,24,44,7.3,7.8,7.1,13.3,18,9.5,29.3,29.3,15.5,18.6,0.3,18.8,31.6,11.7,27.6,12.6,6.7,0,2.8,5.8,0.1,13.6,16.6,10.9,14.7,12.4,10.1,35.7,16.1,,,,,,,,,,,,,,,,,,,,,
2026/8/10,17:00~20:00,總停等延滯,819028,600707,218321,312192,158687,75942,34598,1547,46600,205206,42524,24705,55662,82315,133494,63423,25482,44589,103320,19557,21738,62025,26753,11886,14867,50211,32301,17910,23038,23038,118319,42859,887,50921,23652,118849,31667,63027,24155,0,5405,4829,576,92207,48350,43857,95731,3984,42046,16754,32947,153.3,240.5,227.5,145,226.7,461.8,164,263,105.2,152.9,73.5,236.3,148.6,218,254.5,152,0,77.8,86.7,84.5,182.8
2026/8/10,17:00~20:00,通過量,18868,12331,6537,9698,6296,2596,1237,1009,1454,5940,1294,716,2176,1754,4770,2556,715,1499,3548,1188,993,1367,2923,1162,1761,3403,1664,1739,947,947,6717,2289,1361,2324,743,10444,1401,5432,3611,0,7165,2944,4221,7034,2906,4128,7232,869,3498,559,2306,,,,,,,,,,,,,,,,,,,,,
2026/8/10,17:00~20:00,平均停等延滯,43.4,48.7,33.4,32.2,25.2,29.3,28,1.5,32,34.5,32.9,34.5,25.6,46.9,28,24.8,35.6,29.7,29.1,16.5,21.9,45.4,9.2,10.2,8.4,14.8,19.4,10.3,24.3,24.3,17.6,18.7,0.7,21.9,31.8,11.4,22.6,11.6,6.7,0,0.8,1.6,0.1,13.1,16.6,10.6,13.2,4.6,12,30,14.3,,,,,,,,,,,,,,,,,,,,,
2026/8/10,10:00~12:00,總停等延滯,473876,370518,103358,178349,105970,50831,20068,998,34073,127236,29203,17288,45337,35408,74392,40983,14252,19157,62920,7830,13433,41657,12364,4012,8352,23139,12106,11033,12466,12466,55389,19703,59,24707,10920,91845,27622,52562,11661,0,6378,6220,158,0,0,0,80126,8190,24352,15031,32553,154.8,195.1,241.6,138.1,223.1,446.1,171.3,203.7,110.6,155,67.8,249.9,143.8,227.4,196.7,138,0,76.5,95.5,79.4,128.1
2026/8/10,10:00~12:00,通過量,9538,6306,3232,5971,3462,1535,652,659,616,3562,888,366,1515,793,2204,1260,373,571,1910,510,482,918,1570,475,1095,1688,711,977,375,375,3404,1022,823,1237,322,7127,742,3277,3108,0,4725,2242,2483,0,0,0,4440,437,2051,384,1568,,,,,,,,,,,,,,,,,,,,,
2026/8/10,10:00~12:00,平均停等延滯,49.7,58.8,32,29.9,30.6,33.1,30.8,1.5,55.3,35.7,32.9,47.2,29.9,44.7,33.8,32.5,38.2,33.5,32.9,15.4,27.9,45.4,7.9,8.4,7.6,13.7,17,11.3,33.2,33.2,16.3,19.3,0.1,20,33.9,12.9,37.2,16,3.8,0,1.3,2.8,0.1,0,0,0,18,18.7,11.9,39.1,20.8,,,,,,,,,,,,,,,,,,,,,
2026/8/10,14:00~16:00,總停等延滯,503654,395111,108543,222486,112370,52297,21836,1108,37129,129579,28119,15188,50343,35929,86899,45824,15417,25658,66263,9922,11926,44415,12861,4663,8198,23179,16442,6737,13461,13461,59042,24669,325,23270,10778,90882,22979,45077,22826,0,22469,22240,229,28382,16217,12165,80753,7696,25729,16287,31041,146.5,292.1,234.1,130.4,208.1,525.1,166.9,257.3,107.2,146.5,61.8,241.7,125,208.9,279.8,126.7,0,77.1,89.7,127.5,131.1
2026/8/10,14:00~16:00,通過量,10317,6927,3390,6578,3816,1532,675,761,848,3544,801,417,1496,830,2549,1349,397,803,1991,566,520,905,1629,558,1071,1732,799,933,442,442,3504,1114,924,1141,325,7297,814,3367,3116,0,5079,2456,2623,1819,912,907,4878,413,2068,454,1943,,,,,,,,,,,,,,,,,,,,,
2026/8/10,14:00~16:00,平均停等延滯,48.8,57,32,33.8,29.4,34.1,32.3,1.5,43.8,36.6,35.1,36.4,33.7,43.3,34.1,34,38.8,32,33.3,17.5,22.9,49.1,7.9,8.4,7.7,13.4,20.6,7.2,30.5,30.5,16.8,22.1,0.4,20.4,33.2,12.5,28.2,13.4,7.3,0,4.4,9.1,0.1,15.6,17.8,13.4,16.6,18.6,12.4,35.9,16,,,,,,,,,,,,,,,,,,,,,
2026/8/10,16:00~19:00,總停等延滯,833210,604362,228848,352781,166243,75778,33671,1445,55349,185633,39564,20111,54205,71753,137287,66092,25896,45299,115199,20582,21924,72693,26865,11830,15035,52320,34828,17492,25380,25380,124283,45423,975,52360,25525,143142,29262,61517,52363,0,19928,19320,608,92174,50102,42072,97537,4719,39483,20772,32563,152.3,242.9,198.9,132.9,223.9,466.4,177.1,306.1,107.4,151.8,71.9,208.6,134.8,226.3,254.6,156.5,0,80,101,118.6,189
2026/8/10,16:00~19:00,通過量,19544,12649,6895,10493,6567,2704,1278,1074,1511,6007,1309,690,2311,1697,5088,2768,735,1585,3657,1208,1031,1418,3039,1231,1808,3620,1814,1806,944,944,7124,2404,1468,2454,798,11285,1510,5863,3912,0,7711,3269,4442,7393,3097,4296,7698,928,3650,662,2458,,,,,,,,,,,,,,,,,,,,,
2026/8/10,16:00~19:00,平均停等延滯,42.6,47.8,33.2,33.6,25.3,28,26.3,1.3,36.6,30.9,30.2,29.1,23.5,42.3,27,23.9,35.2,28.6,31.5,17,21.3,51.3,8.8,9.6,8.3,14.5,19.2,9.7,26.9,26.9,17.4,18.9,0.7,21.3,32,12.7,19.4,10.5,13.4,0,2.6,5.9,0.1,12.5,16.2,9.8,12.7,5.1,10.8,31.4,13.2,,,,,,,,,,,,,,,,,,,,,
2026/8/10,20:00~23:00,總停等延滯,489541,393020,96521,207734,94491,49670,17371,1379,26071,160361,31870,23948,49988,54555,83957,35125,14437,34395,54211,15029,11331,27851,13157,3796,9361,28289,11820,16469,11116,11116,43959,27165,63,9635,7096,58320,21208,36871,241,0,1001,841,160,76244,41739,34505,72169,1821,22644,10653,37051,147.5,302.7,176.6,136,224.6,487.2,181.1,243.9,91.6,149.9,75.6,178,137.5,156.1,330.5,141.5,0,107.8,85.2,77.1,177
2026/8/10,20:00~23:00,通過量,9472,6574,2898,5979,3657,1543,587,795,732,3785,885,422,1445,1033,2324,1187,384,753,1888,768,430,690,1400,558,842,1430,728,702,381,381,3094,1135,865,862,232,6569,636,3188,2745,0,4668,2215,2453,4698,2247,2451,4623,361,2107,334,1821,,,,,,,,,,,,,,,,,,,,,
2026/8/10,20:00~23:00,平均停等延滯,51.7,59.8,33.3,34.7,25.8,32.2,29.6,1.7,35.6,42.4,36,56.7,34.6,52.8,36.1,29.6,37.6,45.7,28.7,19.6,26.4,40.4,9.4,6.8,11.1,19.8,16.2,23.5,29.2,29.2,14.2,23.9,0.1,11.2,30.6,8.9,33.3,11.6,0.1,0,0.2,0.4,0.1,16.2,18.6,14.1,15.6,5,10.7,31.9,20.3,,,,,,,,,,,,,,,,,,,,,
2026/8/11,07:00~09:00,總停等延滯,610375,454235,156140,302618,87387,34866,25424,1228,25869,177210,35897,18702,45150,77461,97270,45720,26931,24619,92368,11021,20836,60511,18663,3711,14952,24868,16412,8456,16542,16542,96067,30136,2094,48739,15098,127421,23490,50542,33935,19454,40156,38923,1233,67104,51392,15712,67937,3179,25189,18437,21132,146.5,247.1,175,148.5,204,466.9,277,298.9,115.9,147,58.3,179.2,152.9,218.1,239.8,115.7,0,185.2,66.5,155.2,144.6
2026/8/11,07:00~09:00,通過量,13218,8260,4958,7557,3997,1689,881,747,680,4276,1039,370,1531,1336,2797,1254,836,707,2533,772,674,1087,2291,660,1631,2331,912,1419,600,600,5109,1411,1314,1975,409,10571,870,4057,4247,1397,5662,2966,2696,5719,2980,2739,5619,734,2255,565,2065,,,,,,,,,,,,,,,,,,,,,
2026/8/11,07:00~09:00,平均停等延滯,46.2,55,31.5,40,21.9,20.6,28.9,1.6,38,41.4,34.5,50.5,29.5,58,34.8,36.5,32.2,34.8,36.5,14.3,30.9,55.7,8.1,5.6,9.2,10.7,18,6,27.6,27.6,18.8,21.4,1.6,24.7,36.9,12.1,27,12.5,8,13.9,7.1,13.1,0.5,11.7,17.2,5.7,12.1,4.3,11.2,32.6,10.2,,,,,,,,,,,,,,,,,,,,,
2026/8/11,10:00~17:00,總停等延滯,1418225,1053995,364230,560658,275603,107272,61944,3131,103256,335742,78003,40701,112333,104705,237758,123429,49278,65051,204892,32788,44273,127831,48160,16427,31733,85127,49954,35173,40831,40831,190112,73491,1353,79966,35302,181977,32277,63714,60472,25514,52176,49577,2599,155012,103086,51926,171493,15134,59628,35641,61090,147.2,252.7,192.2,121.6,208.4,570.3,215.6,281.3,127,147.2,61.5,196.5,123.3,308.7,256.1,144.6,0,114.3,105.8,97.2,190.2
2026/8/11,10:00~17:00,通過量,37276,25003,12273,20978,13408,5530,2610,2567,2701,13098,2877,1518,5456,3247,8740,4929,1466,2345,7749,2163,1898,3688,6056,1985,4071,6621,2884,3737,1611,1611,12773,4096,3027,4485,1165,27984,3268,10108,11082,3526,18388,8958,9430,17757,8694,9063,16965,1732,7631,1489,6113,,,,,,,,,,,,,,,,,,,,,
2026/8/11,10:00~17:00,平均停等延滯,38,42.2,29.7,26.7,20.6,19.4,23.7,1.2,38.2,25.6,27.1,26.8,20.6,32.2,27.2,25,33.6,27.7,26.4,15.2,23.3,34.7,8,8.3,7.8,12.9,17.3,9.4,25.3,25.3,14.9,17.9,0.4,17.8,30.3,6.5,9.9,6.3,5.5,7.2,2.8,5.5,0.3,8.7,11.9,5.7,10.1,8.7,7.8,23.9,10,,,,,,,,,,,,,,,,,,,,,
2026/8/11,17:00~20:00,總停等延滯,809293,594717,214576,238600,143247,55561,32541,1618,53527,210278,42536,28145,55001,84596,139710,68204,28745,42761,101482,21717,19081,60684,24279,9504,14775,49772,33958,15814,22160,22160,118365,46503,866,50690,20306,62267,4760,7718,43049,6740,21161,20271,890,65299,37784,27515,89873,5573,35950,15162,33188,154,208.5,177,120.2,220.4,383,164.7,261.6,133.5,153.8,66.4,179.6,123.4,229.9,231.2,121.8,0,82.1,82.8,96,167.4
2026/8/11,17:00~20:00,通過量,18543,12062,6481,7876,6200,2559,1280,964,1397,5743,1294,665,2068,1716,4591,2396,773,1422,3517,1267,929,1321,2955,1183,1772,3465,1691,1774,994,994,6753,2449,1363,2254,687,10185,1549,3526,3952,1158,7249,3040,4209,7220,3097,4123,7117,859,3457,579,2222,,,,,,,,,,,,,,,,,,,,,
2026/8/11,17:00~20:00,平均停等延滯,43.6,49.3,33.1,30.3,23.1,21.7,25.4,1.7,38.3,36.6,32.9,42.3,26.6,49.3,30.4,28.5,37.2,30.1,28.9,17.1,20.5,45.9,8.2,8,8.3,14.4,20.1,8.9,22.3,22.3,17.5,19,0.6,22.5,29.6,6.1,3.1,2.2,10.9,5.8,2.9,6.7,0.2,9,12.2,6.7,12.6,6.5,10.4,26.2,14.9,,,,,,,,,,,,,,,,,,,,,
2026/8/11,10:00~12:00,總停等延滯,434956,327110,107846,191005,80293,33166,18159,996,27972,106851,27049,12381,36681,30740,78325,44058,15895,18372,61641,9012,14091,38538,16125,5760,10365,21690,13422,8268,10386,10386,59645,22165,276,26301,10903,74783,18717,36929,11223,7914,12674,12069,605,52045,36733,15312,51503,5320,21112,10604,14467,148.9,173.8,189.4,126.2,214,363.8,163.2,220.8,154.6,148.6,65.5,191.5,126,216.1,172.5,156.5,0,80,86.7,89.3,129.8
2026/8/11,10:00~12:00,通過量,10117,6672,3445,6239,3578,1606,736,661,575,3560,827,364,1554,815,2366,1381,433,552,2170,579,541,1050,1676,508,1168,1914,793,1121,384,384,3645,1092,920,1328,305,8308,857,3332,3059,1060,5128,2474,2654,4926,2379,2547,4635,452,2133,387,1663,,,,,,,,,,,,,,,,,,,,,
2026/8/11,10:00~12:00,平均停等延滯,43,49,31.3,30.6,22.4,20.7,24.7,1.5,48.6,30,32.7,34,23.6,37.7,33.1,31.9,36.7,33.3,28.4,15.6,26,36.7,9.6,11.3,8.9,11.3,16.9,7.4,27,27,16.4,20.3,0.3,19.8,35.7,9,21.8,11.1,3.7,7.5,2.5,4.9,0.2,10.6,15.4,6,11.1,11.8,9.9,27.4,8.7,,,,,,,,,,,,,,,,,,,,,
2026/8/11,14:00~16:00,總停等延滯,401540,298921,102619,135257,81494,29611,18304,866,32713,94433,21799,13192,31981,27461,65357,32733,12157,20467,57637,9284,9925,38428,12766,4187,8579,27455,17002,10453,11185,11185,51213,21760,767,20574,8112,27573,1288,3654,14772,7859,14597,13892,705,42624,27295,15329,50463,5926,15460,9943,19134,144.8,327.1,196.9,126.4,205.1,653.9,311.8,302.2,122,144.8,60.3,199.9,127,297.8,340.4,144.2,0,215.1,124.3,103.2,230.5
2026/8/11,14:00~16:00,通過量,10540,7048,3492,5722,3804,1466,665,776,897,3737,799,463,1545,930,2581,1444,403,734,2077,587,486,1004,1763,603,1160,1961,912,1049,476,476,3726,1313,871,1235,307,7671,1060,2358,3255,998,5489,2738,2751,5274,2666,2608,5001,511,2186,388,1916,,,,,,,,,,,,,,,,,,,,,
2026/8/11,14:00~16:00,平均停等延滯,38.1,42.4,29.4,23.6,21.4,20.2,27.5,1.1,36.5,25.3,27.3,28.5,20.7,29.5,25.3,22.7,30.2,27.9,27.8,15.8,20.4,38.3,7.2,6.9,7.4,14,18.6,10,23.5,23.5,13.7,16.6,0.9,16.7,26.4,3.6,1.2,1.5,4.5,7.9,2.7,5.1,0.3,8.1,10.2,5.9,10.1,11.6,7.1,25.6,10,,,,,,,,,,,,,,,,,,,,,
2026/8/11,16:00~19:00,總停等延滯,790101,562654,227447,273746,135193,49585,29839,1505,54264,183685,38695,21881,48329,74780,136227,64433,30265,41529,107549,22481,21594,63474,26527,9990,16537,50217,33520,16697,24265,24265,126438,47193,1028,53411,24806,90269,5170,9124,65872,10103,33842,32367,1475,67097,39724,27373,82538,6436,31691,17648,26763,149.8,176.4,195.2,120.7,210.6,428.9,181.1,306.6,133.1,150,60.8,201.7,123.3,268.7,180.9,141.2,0,88.7,95,105,205.8
2026/8/11,16:00~19:00,通過量,19594,12503,7091,8604,6559,2741,1366,1003,1449,5844,1285,634,2163,1762,4742,2545,810,1387,3656,1302,978,1376,3173,1257,1916,3680,1781,1899,1118,1118,7305,2589,1448,2478,790,11107,1727,3812,4211,1357,7699,3317,4382,7583,3312,4271,7616,946,3605,712,2353,,,,,,,,,,,,,,,,,,,,,
2026/8/11,16:00~19:00,平均停等延滯,40.3,45,32.1,31.8,20.6,18.1,21.8,1.5,37.4,31.4,30.1,34.5,22.3,42.4,28.7,25.3,37.4,29.9,29.4,17.3,22.1,46.1,8.4,7.9,8.6,13.6,18.8,8.8,21.7,21.7,17.3,18.2,0.7,21.6,31.4,8.1,3,2.4,15.6,7.4,4.4,9.8,0.3,8.8,12,6.4,10.8,6.8,8.8,24.8,11.4,,,,,,,,,,,,,,,,,,,,,
2026/8/11,20:00~23:00,總停等延滯,458738,369029,89709,123087,76548,30331,15980,1342,28895,166528,29509,24585,48764,63670,73099,34853,12232,26014,52854,12933,10590,29331,12658,3452,9206,26521,12998,13523,10233,10233,40297,25602,77,8679,5939,5826,38,148,5011,629,6839,6608,231,48226,26843,21383,62196,1922,20711,13562,26001,133.9,224.2,221.7,187.1,214.8,404.9,137.7,257.7,94.2,134.5,83.3,216.2,186.5,177.4,250.8,0,0,73.4,64.5,85.8,171.5
2026/8/11,20:00~23:00,通過量,9460,6578,2882,5116,3571,1490,634,759,688,3800,907,459,1402,1032,2269,1156,355,758,1929,767,387,775,1438,574,864,1496,752,744,389,389,2966,1047,831,846,242,6311,721,2247,2799,544,4680,2260,2420,4694,2295,2399,4543,362,2033,379,1769,,,,,,,,,,,,,,,,,,,,,
2026/8/11,20:00~23:00,平均停等延滯,48.5,56.1,31.1,24.1,21.4,20.4,25.2,1.8,42,43.8,32.5,53.6,34.8,61.7,32.2,30.1,34.5,34.3,27.4,16.9,27.4,37.8,8.8,6,10.7,17.7,17.3,18.2,26.3,26.3,13.6,24.5,0.1,10.3,24.5,0.9,0.1,0.1,1.8,1.2,1.5,2.9,0.1,10.3,11.7,8.9,13.7,5.3,10.2,35.8,14.7,,,,,,,,,,,,,,,,,,,,,
2026/8/12,07:00~09:00,總停等延滯,591820,436599,155221,270168,88749,35104,26203,1208,26234,165655,32529,18196,37788,77142,96791,44972,27626,24193,85404,11429,15936,58039,19654,4502,15152,22962,16631,6331,16834,16834,95771,29711,1649,50906,13505,114947,21036,44411,31611,17889,33204,31897,1307,55651,40187,15464,66366,2820,24060,19924,19562,150.1,157.3,170.7,117,211.2,440.2,422.6,338.2,101,149.8,60.2,171.5,111.1,257.7,161,103.5,0,86.2,328.6,130.9,182.7
2026/8/12,07:00~09:00,通過量,13027,8109,4918,7481,3813,1562,850,769,632,4198,1005,376,1521,1296,2784,1259,814,711,2577,709,660,1208,2242,656,1586,2326,967,1359,617,617,5031,1386,1298,1948,399,10135,828,3966,3887,1454,5697,2971,2726,5693,3034,2659,5567,740,2140,597,2090,,,,,,,,,,,,,,,,,,,,,
2026/8/12,07:00~09:00,平均停等延滯,45.4,53.8,31.6,36.1,23.3,22.5,30.8,1.6,41.5,39.5,32.4,48.4,24.8,59.5,34.8,35.7,33.9,34,33.1,16.1,24.1,48,8.8,6.9,9.6,9.9,17.2,4.7,27.3,27.3,19,21.4,1.3,26.1,33.8,11.3,25.4,11.2,8.1,12.3,5.8,10.7,0.5,9.8,13.2,5.8,11.9,3.8,11.2,33.4,9.4,,,,,,,,,,,,,,,,,,,,,
2026/8/12,10:00~17:00,總停等延滯,1401768,1038001,363767,681545,273607,99655,64132,3239,106581,315618,86166,37084,100324,92044,242995,118956,55314,68725,205781,33390,42999,129392,45816,14824,30992,97893,48654,49239,41282,41282,178776,67221,935,74193,36427,244275,55511,112195,48796,27773,49316,47053,2263,159467,109785,49682,228487,15505,128759,33391,50832,150.4,253.6,172.6,141.9,215.1,497.6,228.5,261.9,125.2,150.5,64.9,174.9,145.2,268.2,275.6,159.4,0,102.2,128.5,117.9,163.1
2026/8/12,10:00~17:00,通過量,37330,25285,12045,23051,13737,5806,2538,2588,2805,13071,2992,1425,5334,3320,8529,4640,1509,2380,7721,2219,1828,3674,5987,1958,4029,6564,2899,3665,1647,1647,12411,3971,2966,4227,1247,29055,2926,12260,10453,3416,18057,8680,9377,17631,8542,9089,12437,765,3807,1454,6411,,,,,,,,,,,,,,,,,,,,,
2026/8/12,10:00~17:00,平均停等延滯,37.6,41.1,30.2,29.6,19.9,17.2,25.3,1.3,38,24.1,28.8,26,18.8,27.7,28.5,25.6,36.7,28.9,26.7,15,23.5,35.2,7.7,7.6,7.7,14.9,16.8,13.4,25.1,25.1,14.4,16.9,0.3,17.6,29.2,8.4,19,9.2,4.7,8.1,2.7,5.4,0.2,9,12.9,5.5,18.4,20.3,33.8,23,7.9,,,,,,,,,,,,,,,,,,,,,
2026/8/12,17:00~20:00,總停等延滯,768532,550692,217840,355312,122830,45442,30281,1511,45596,186812,40052,23036,45182,78542,132544,59821,27846,44877,108506,23061,22920,62525,24485,10035,14450,56494,33230,23264,22657,22657,114204,45411,899,48042,19852,129342,34815,65079,23073,6375,16790,15941,849,66253,37350,28903,142927,11782,100147,12433,18565,155.4,271.3,176.6,157.6,224,496.3,199.6,245,131.2,155.2,68.7,182.7,162.2,224.4,281.9,142.5,0,105.7,96.2,86.1,157.6
2026/8/12,17:00~20:00,通過量,18909,12139,6770,10154,6105,2423,1274,1083,1325,5900,1295,722,2114,1769,4712,2504,759,1449,3726,1308,984,1434,3082,1241,1841,3545,1690,1855,887,887,7078,2436,1397,2483,762,11376,1423,5735,3063,1155,7271,3005,4266,7158,2997,4161,2996,0,0,585,2411,,,,,,,,,,,,,,,,,,,,,
2026/8/12,17:00~20:00,平均停等延滯,40.6,45.4,32.2,35,20.1,18.8,23.8,1.4,34.4,31.7,30.9,31.9,21.4,44.4,28.1,23.9,36.7,31,29.1,17.6,23.3,43.6,7.9,8.1,7.8,15.9,19.7,12.5,25.5,25.5,16.1,18.6,0.6,19.3,26.1,11.4,24.5,11.3,7.5,5.5,2.3,5.3,0.2,9.3,12.5,6.9,47.7,0,0,21.3,7.7,,,,,,,,,,,,,,,,,,,,,
2026/8/12,10:00~12:00,總停等延滯,401806,302138,99668,171295,82699,31076,19763,919,30941,88581,25936,9526,28740,24379,69765,35060,17073,17632,61093,8110,12504,40479,13696,3819,9877,24568,11745,12823,10745,10745,50659,17855,213,22576,10015,66013,16456,32612,9819,7126,8208,7510,698,52893,36606,16287,44181,1802,16642,10231,15506,151.4,248.8,170.5,118.3,218.4,555.6,239.4,262,107.2,151.5,67.2,170.8,121.9,337.9,278.1,251,0,91.1,142.8,95.4,191.6
2026/8/12,10:00~12:00,通過量,10143,6840,3303,6655,3625,1683,709,629,604,3588,855,378,1460,895,2314,1282,449,583,2122,583,513,1026,1661,489,1172,1831,750,1081,456,456,3375,1017,865,1179,314,8765,896,3622,3215,1032,5184,2354,2830,5011,2354,2657,4918,440,2341,445,1692,,,,,,,,,,,,,,,,,,,,,
2026/8/12,10:00~12:00,平均停等延滯,39.6,44.2,30.2,25.7,22.8,18.5,27.9,1.5,51.2,24.7,30.3,25.2,19.7,27.2,30.1,27.3,38,30.2,28.8,13.9,24.4,39.5,8.2,7.8,8.4,13.4,15.7,11.9,23.6,23.6,15,17.6,0.2,19.1,31.9,7.5,18.4,9,3.1,6.9,1.6,3.2,0.2,10.6,15.6,6.1,9,4.1,7.1,23,9.2,,,,,,,,,,,,,,,,,,,,,
2026/8/12,14:00~16:00,總停等延滯,455664,339615,116049,252826,85006,30115,20635,1107,33149,109863,29362,14498,35367,30636,80189,39488,16631,24070,64557,11553,12591,40413,13427,4820,8607,32938,14444,18494,12078,12078,57606,22482,104,23390,11630,82179,17843,35777,18809,9750,21330,20651,679,53703,36849,16854,95614,7164,60894,9830,17726,148.4,225.4,184.1,165,208.6,397.5,201.3,292.9,151.6,148.4,60.5,187.6,176.9,181.6,232.2,142,0,89,114.3,167.6,131.6
2026/8/12,14:00~16:00,通過量,10643,7214,3429,6497,4072,1619,732,783,938,3699,858,382,1549,910,2361,1286,390,685,2144,586,485,1073,1677,559,1118,1818,844,974,473,473,3542,1145,870,1152,375,7740,755,3266,2775,944,5259,2656,2603,5149,2549,2600,2476,0,0,421,2055,,,,,,,,,,,,,,,,,,,,,
2026/8/12,14:00~16:00,平均停等延滯,42.8,47.1,33.8,38.9,20.9,18.6,28.2,1.4,35.3,29.7,34.2,38,22.8,33.7,34,30.7,42.6,35.1,30.1,19.7,26,37.7,8,8.6,7.7,18.1,17.1,19,25.5,25.5,16.3,19.6,0.1,20.3,31,10.6,23.6,11,6.8,10.3,4.1,7.8,0.3,10.4,14.5,6.5,38.6,0,0,23.3,8.6,,,,,,,,,,,,,,,,,,,,,
2026/8/12,16:00~19:00,總停等延滯,763501,539855,223646,348946,129810,43919,30467,1371,54053,166936,38578,19017,41732,67609,131168,57935,30249,42984,111941,21797,23137,67007,25215,10443,14772,56415,34729,21686,24589,24589,117427,43037,1123,49692,23575,144263,34577,69500,30920,9266,21381,20407,974,61897,35729,26168,121405,9488,80648,14834,16435,154.1,271.6,172.1,161.3,224.1,496.3,178.7,262.1,116.6,154.1,69.9,172.4,161.1,218.7,278,150.3,0,84.4,91.9,104,166.3
2026/8/12,16:00~19:00,通過量,20083,12814,7269,10693,6541,2632,1356,1127,1426,6097,1347,735,2202,1813,4965,2622,817,1526,3798,1289,1054,1455,3308,1318,1990,3771,1806,1965,970,970,7533,2552,1482,2673,826,12223,1425,6111,3405,1282,7640,3294,4346,7493,3231,4262,3157,0,0,665,2492,,,,,,,,,,,,,,,,,,,,,
2026/8/12,16:00~19:00,平均停等延滯,38,42.1,30.8,32.6,19.8,16.7,22.5,1.2,37.9,27.4,28.6,25.9,19,37.3,26.4,22.1,37,28.2,29.5,16.9,22,46.1,7.6,7.9,7.4,15,19.2,11,25.3,25.3,15.6,16.9,0.8,18.6,28.5,11.8,24.3,11.4,9.1,7.2,2.8,6.2,0.2,8.3,11.1,6.1,38.5,0,0,22.3,6.6,,,,,,,,,,,,,,,,,,,,,
2026/8/12,20:00~23:00,總停等延滯,474626,379673,94953,368615,74952,29817,17446,1252,26437,164739,26541,30630,46941,60627,87504,39700,13032,34772,52478,15210,11472,25796,12576,4035,8541,31503,15589,15914,10848,10848,40026,25112,60,7138,7716,56528,18821,33167,3957,583,5927,5678,249,66933,41792,25141,239227,21530,183005,9819,24873,141.8,229.9,229.2,147.7,216.1,381.5,142.7,225.5,96.3,142.8,73.8,245.5,148.1,129.8,233.5,125.1,0,75.9,67.8,75.9,141.1
2026/8/12,20:00~23:00,通過量,9499,6623,2876,5994,3653,1501,626,763,763,3750,856,467,1337,1090,2446,1379,334,733,1851,742,392,717,1380,578,802,1471,759,712,405,405,2954,1061,890,752,251,6635,656,3104,2314,561,4802,2323,2479,4870,2386,2484,2234,0,0,357,1877,,,,,,,,,,,,,,,,,,,,,
2026/8/12,20:00~23:00,平均停等延滯,50,57.3,33,61.5,20.5,19.9,27.9,1.6,34.6,43.9,31,65.6,35.1,55.6,35.8,28.8,39,47.4,28.4,20.5,29.3,36,9.1,7,10.6,21.4,20.5,22.4,26.8,26.8,13.5,23.7,0.1,9.5,30.7,8.5,28.7,10.7,1.7,1,1.2,2.4,0.1,13.7,17.5,10.1,107.1,0,0,27.5,13.3,,,,,,,,,,,,,,,,,,,,,
2026/8/13,07:00~09:00,總停等延滯,633359,471093,162266,345654,102534,53756,25235,1212,22331,183796,37897,21096,41873,82930,101888,45776,29808,26304,82875,11607,15463,55805,19404,4952,14452,26211,18088,8123,18237,18237,98414,30819,1308,53016,13271,125988,20328,49485,41373,14802,32121,31827,294,90538,53184,37354,97007,2964,29758,26575,37710,150.6,204.3,178.6,181.3,206.3,383.9,199.1,280.1,104.1,150.5,56.4,181.1,194.8,180.3,208.3,135.9,0,82.1,123.9,155.1,133.9
2026/8/13,07:00~09:00,通過量,13028,8151,4877,7020,3905,1674,869,730,632,4167,1060,378,1481,1248,2858,1295,849,714,2514,727,674,1113,2276,642,1634,2265,915,1350,638,638,5068,1471,1301,1879,417,9372,742,3709,3540,1381,5663,2891,2772,5614,2915,2699,5573,714,2290,572,1997,,,,,,,,,,,,,,,,,,,,,
2026/8/13,07:00~09:00,平均停等延滯,48.6,57.8,33.3,49.2,26.3,32.1,29,1.7,35.3,44.1,35.8,55.8,28.3,66.5,35.7,35.3,35.1,36.8,33,16,22.9,50.1,8.5,7.7,8.8,11.6,19.8,6,28.6,28.6,19.4,21,1,28.2,31.8,13.4,27.4,13.3,11.7,10.7,5.7,11,0.1,16.1,18.2,13.8,17.4,4.2,13,46.5,18.9,,,,,,,,,,,,,,,,,,,,,
2026/8/13,10:00~17:00,總停等延滯,1268140,917274,350866,617603,273424,121470,56832,2720,92402,254594,66734,30662,86666,70532,197359,95373,42478,59508,191897,30800,51732,109365,38205,14169,24036,79855,43726,36129,39402,39402,193404,79866,706,70519,42313,264271,58002,114365,68493,23411,42426,40627,1799,159182,98943,60239,151724,4548,49895,36535,60746,148.4,269.6,222.8,116.7,208.3,572.8,254,258.1,111,148.5,60.3,213,120.4,291.1,256.5,152.7,0,103.1,149.1,114.2,134.4
2026/8/13,10:00~17:00,通過量,33776,22691,11085,20274,11984,4838,2472,2108,2566,11704,2589,1331,4858,2926,7834,4288,1353,2193,6901,1889,1630,3382,5395,1838,3557,5927,2574,3353,1416,1416,11379,3548,2734,4003,1094,26351,2613,10636,9892,3210,15798,7515,8283,15389,7383,8006,15450,1541,6884,1431,5594,,,,,,,,,,,,,,,,,,,,,
2026/8/13,10:00~17:00,平均停等延滯,37.5,40.4,31.7,30.5,22.8,25.1,23,1.3,36,21.8,25.8,23,17.8,24.1,25.2,22.2,31.4,27.1,27.8,16.3,31.7,32.3,7.1,7.7,6.8,13.5,17,10.8,27.8,27.8,17,22.5,0.3,17.6,38.7,10,22.2,10.8,6.9,7.3,2.7,5.4,0.2,10.3,13.4,7.5,9.8,3,7.2,25.5,10.9,,,,,,,,,,,,,,,,,,,,,
2026/8/13,17:00~20:00,總停等延滯,848693,620705,227988,381329,169201,81575,33204,1647,52775,209797,41127,28681,52901,87088,135503,66150,27801,41552,106204,24207,19710,62287,29152,11683,17469,53453,31219,22234,22454,22454,122929,43993,661,51128,27147,165457,33963,65063,62054,4377,17111,16509,602,101701,50673,51028,97060,2591,38502,20110,35857,153.9,268.6,216.8,156.4,217.8,463.2,165.9,245.5,101,154.4,63.9,221.6,156.2,192.6,252.7,128.8,0,77.6,88.2,89.1,162.1
2026/8/13,17:00~20:00,通過量,18310,11704,6606,9656,6100,2485,1181,1074,1360,5840,1320,659,2057,1804,4373,2336,745,1292,3472,1294,871,1307,2849,1087,1762,3419,1618,1801,843,843,6883,2207,1416,2466,794,11552,1368,5401,3722,1061,7245,2968,4277,7166,2923,4243,7316,800,3629,601,2286,,,,,,,,,,,,,,,,,,,,,
2026/8/13,17:00~20:00,平均停等延滯,46.4,53,34.5,39.5,27.7,32.8,28.1,1.5,38.8,35.9,31.2,43.5,25.7,48.3,31,28.3,37.3,32.2,30.6,18.7,22.6,47.7,10.2,10.7,9.9,15.6,19.3,12.3,26.6,26.6,17.9,19.9,0.5,20.7,34.2,14.3,24.8,12,16.7,4.1,2.4,5.6,0.1,14.2,17.3,12,13.3,3.2,10.6,33.5,15.7,,,,,,,,,,,,,,,,,,,,,
2026/8/13,10:00~12:00,總停等延滯,391015,295365,95650,184871,90468,43945,18883,889,26751,82786,21059,9437,29830,22460,66068,35198,13952,16918,56043,8319,12433,35291,12661,4470,8191,18540,10559,7981,11452,11452,52997,19674,352,23997,8974,74133,20787,39739,5877,7730,3534,3229,305,54896,32830,22066,52308,912,16136,14000,21260,147.1,221.9,187.7,118.6,206.2,407.2,275.5,297.6,127.6,146.5,59.3,185.3,126.6,195,234.2,174.1,0,143.6,124.1,121.4,164.3
2026/8/13,10:00~12:00,通過量,9898,6595,3303,6130,3428,1508,741,584,595,3525,791,386,1509,839,2319,1315,416,588,2042,520,502,1020,1604,475,1129,1813,720,1093,420,420,3409,1001,858,1272,278,8079,806,3227,3031,1015,4805,2327,2478,4766,2267,2499,4620,442,2081,402,1695,,,,,,,,,,,,,,,,,,,,,
2026/8/13,10:00~12:00,平均停等延滯,39.5,44.8,29,30.2,26.4,29.1,25.5,1.5,45,23.5,26.6,24.4,19.8,26.8,28.5,26.8,33.5,28.8,27.4,16,24.8,34.6,7.9,9.4,7.3,10.2,14.7,7.3,27.3,27.3,15.5,19.7,0.4,18.9,32.3,9.2,25.8,12.3,1.9,7.6,0.7,1.4,0.1,11.5,14.5,8.8,11.3,2.1,7.8,34.8,12.5,,,,,,,,,,,,,,,,,,,,,
2026/8/13,14:00~16:00,總停等延滯,307978,204805,103173,143081,60345,23433,11746,597,24569,55030,15023,7212,18485,14310,41011,19202,8168,13641,48419,7085,15299,26035,7400,2598,4802,20963,10360,10603,9109,9109,65701,32230,124,15369,17978,68525,14285,29637,18672,5931,11295,11212,83,34088,22665,11423,29173,1208,7833,7109,13023,143,260.2,318.2,134.9,196.8,942.3,347.1,238.6,95.1,142.7,53.7,273.5,141.5,569,232.6,154,0,100.4,241.2,94.8,135.3
2026/8/13,14:00~16:00,通過量,7694,5217,2477,4814,2787,1050,542,506,689,2580,580,294,1040,666,1718,979,264,475,1671,434,342,895,1211,426,785,1326,601,725,323,323,2546,818,624,840,264,6194,636,2559,2220,779,3563,1711,1852,3390,1667,1723,3487,351,1517,308,1311,,,,,,,,,,,,,,,,,,,,,
2026/8/13,14:00~16:00,平均停等延滯,40,39.3,41.7,29.7,21.7,22.3,21.7,1.2,35.7,21.3,25.9,24.5,17.8,21.5,23.9,19.6,30.9,28.7,29,16.3,44.7,29.1,6.1,6.1,6.1,15.8,17.2,14.6,28.2,28.2,25.8,39.4,0.2,18.3,68.1,11.1,22.5,11.6,8.4,7.6,3.2,6.6,0,10.1,13.6,6.6,8.4,3.4,5.2,23.1,9.9,,,,,,,,,,,,,,,,,,,,,
2026/8/13,16:00~19:00,總停等延滯,833791,588647,245144,413245,169255,75190,32321,1498,60246,172386,41687,17716,48422,64561,131185,60763,28980,41442,115821,23588,21244,70989,30404,12440,17964,56508,32767,23741,26686,26686,131546,46631,689,54239,29987,198171,33255,65858,92675,6383,35805,35044,761,92835,48571,44264,86434,2955,33550,19183,30746,153.8,217.6,196.5,143,221,437.2,165.3,276.9,106.6,154,68,205.9,146.9,222.7,219.4,132.2,0,82,85.4,131.1,156.2
2026/8/13,16:00~19:00,通過量,19672,12471,7201,9908,6466,2640,1267,1043,1516,6076,1353,679,2307,1737,4674,2493,774,1407,3762,1311,960,1491,3172,1225,1947,3660,1714,1946,930,930,7458,2412,1518,2650,878,12236,1397,5505,4083,1251,7519,3022,4497,7389,3000,4389,7691,917,3768,630,2376,,,,,,,,,,,,,,,,,,,,,
2026/8/13,16:00~19:00,平均停等延滯,42.4,47.2,34,41.7,26.2,28.5,25.5,1.4,39.7,28.4,30.8,26.1,21,37.2,28.1,24.4,37.4,29.5,30.8,18,22.1,47.6,9.6,10.2,9.2,15.4,19.1,12.2,28.7,28.7,17.6,19.3,0.5,20.5,34.2,16.2,23.8,12,22.7,5.1,4.8,11.6,0.2,12.6,16.2,10.1,11.2,3.2,8.9,30.4,12.9,,,,,,,,,,,,,,,,,,,,,
2026/8/13,20:00~23:00,總停等延滯,512985,403184,109801,295085,95251,49060,17235,1264,27692,173111,29868,32984,47326,62933,82164,42451,13293,26420,52658,14541,10557,27560,14597,5431,9166,32618,17992,14626,11980,11980,50606,36532,180,8159,5735,123814,23325,40722,59131,636,1330,1042,288,86053,46956,39097,83888,357,31046,12456,40029,157.8,259.4,178.7,221.9,242.5,538,295.9,204.3,101.8,156.9,82.8,180.2,209.6,254.3,238.2,139.3,0,200.4,78.4,69.8,130.8
2026/8/13,20:00~23:00,通過量,9733,6721,3012,6433,3888,1725,635,775,753,3838,898,462,1401,1077,2491,1532,321,638,1799,689,381,729,1448,661,787,1724,1051,673,385,385,3373,1407,921,807,238,7388,751,3369,2747,521,4786,2193,2593,4872,2239,2633,5097,341,2443,431,1882,,,,,,,,,,,,,,,,,,,,,
2026/8/13,20:00~23:00,平均停等延滯,52.7,60,36.5,45.9,24.5,28.4,27.1,1.6,36.8,45.1,33.3,71.4,33.8,58.4,33,27.7,41.4,41.4,29.3,21.1,27.7,37.8,10.1,8.2,11.6,18.9,17.1,21.7,31.1,31.1,15,26,0.2,10.1,24.1,16.8,31.1,12.1,21.5,1.2,0.3,0.5,0.1,17.7,21,14.8,16.5,1,12.7,28.9,21.3,,,,,,,,,,,,,,,,,,,,,
2026/8/14,07:00~09:00,總停等延滯,620006,450042,169964,264798,85675,34161,24650,1207,25657,179686,34145,21712,47414,76415,100247,50146,26576,23525,84434,11029,16119,57286,21721,4768,16953,26853,18631,8222,17850,17850,103540,32341,2805,54467,13927,97883,20167,44100,20454,13162,22117,21057,1060,66599,44954,21645,78199,5837,28817,21303,22242,147.8,180.5,170.2,140.4,206.8,387.9,188.7,341.4,141.7,148,59.1,170.8,139.9,214.7,179.7,0,0,104.2,90.6,128.3,183.9
2026/8/14,07:00~09:00,通過量,12875,7991,4884,7232,3798,1676,812,727,583,4109,974,386,1598,1151,2820,1295,842,683,2559,701,651,1207,2221,625,1596,2439,988,1451,648,648,5055,1444,1317,1907,387,8972,788,3971,2854,1359,5673,2834,2839,5610,2892,2718,5465,769,2223,525,1948,,,,,,,,,,,,,,,,,,,,,
2026/8/14,07:00~09:00,平均停等延滯,48.2,56.3,34.8,36.6,22.6,20.4,30.4,1.7,44,43.7,35.1,56.2,29.7,66.4,35.5,38.7,31.6,34.4,33,15.7,24.8,47.5,9.8,7.6,10.6,11,18.9,5.7,27.5,27.5,20.5,22.4,2.1,28.6,36,10.9,25.6,11.1,7.2,9.7,3.9,7.4,0.4,11.9,15.5,8,14.3,7.6,13,40.6,11.4,,,,,,,,,,,,,,,,,,,,,
2026/8/14,10:00~17:00,總停等延滯,1640188,1233093,407095,685235,276689,104935,67846,3286,100622,454612,101036,46873,151648,155055,280823,139340,62118,79365,220969,34254,46227,140488,51640,15921,35719,95917,52937,42980,46939,46939,212599,76357,1199,92862,42181,260243,57728,116865,57807,27843,60668,58625,2043,185187,131780,53407,179137,14157,71714,37974,55292,153,289.5,215.1,156.8,215.3,603.9,227.8,257.8,122.4,153.3,62.3,218.4,164.7,301.6,292.4,157.9,0,129.1,103.6,106,147.4
2026/8/14,10:00~17:00,通過量,40293,26967,13326,24633,14451,6197,2608,2685,2961,13882,3328,1500,5427,3627,9777,5263,1786,2728,7964,2404,2001,3559,6412,2010,4402,7156,3033,4123,1857,1857,13694,4235,3201,4885,1373,28835,3062,13154,9054,3565,19194,9007,10187,18625,8914,9711,18685,1760,8508,1608,6809,,,,,,,,,,,,,,,,,,,,,
2026/8/14,10:00~17:00,平均停等延滯,40.7,45.7,30.5,27.8,19.1,16.9,26,1.2,34,32.7,30.4,31.2,27.9,42.8,28.7,26.5,34.8,29.1,27.7,14.2,23.1,39.5,8.1,7.9,8.1,13.4,17.5,10.4,25.3,25.3,15.5,18,0.4,19,30.7,9,18.9,8.9,6.4,7.8,3.2,6.5,0.2,9.9,14.8,5.5,9.6,8,8.4,23.6,8.1,,,,,,,,,,,,,,,,,,,,,
2026/8/14,17:00~20:00,總停等延滯,1032772,767725,265047,311037,140458,52807,34134,1788,51729,323304,72473,28893,105779,116159,180792,73136,53010,54646,123171,29635,24755,68781,35096,12778,22318,66163,36698,29465,23299,23299,140489,51046,1612,62822,25009,140564,32821,61237,36779,9727,33843,31873,1970,63787,36957,26830,72843,4660,32452,14903,20828,159.6,419.9,250.5,158.1,236.8,672.1,184.9,236.7,136.6,160.1,77.4,256,152.6,273.1,412.8,129.2,0,85.5,99.9,101.1,141.1
2026/8/14,17:00~20:00,通過量,22564,14754,7810,10890,6939,2928,1301,1205,1505,7414,1694,907,2225,2588,5658,2759,1255,1644,4271,1645,1069,1557,3675,1288,2387,4167,1867,2300,1050,1050,8012,2540,1537,3041,894,12224,1541,6064,3421,1198,7943,3415,4528,7622,3212,4410,8138,930,3923,647,2638,,,,,,,,,,,,,,,,,,,,,
2026/8/14,17:00~20:00,平均停等延滯,45.8,52,33.9,28.6,20.2,18,26.2,1.5,34.4,43.6,42.8,31.9,47.5,44.9,32,26.5,42.2,33.2,28.8,18,23.2,44.2,9.5,9.9,9.3,15.9,19.7,12.8,22.2,22.2,17.5,20.1,1,20.7,28,11.5,21.3,10.1,10.8,8.1,4.3,9.3,0.4,8.4,11.5,6.1,9,5,8.3,23,7.9,,,,,,,,,,,,,,,,,,,,,
2026/8/14,10:00~12:00,總停等延滯,514022,400060,113962,217840,92246,35269,21917,1018,34042,151663,33320,17221,53804,47318,88615,48523,17922,22170,67536,10167,13966,43403,15225,4289,10936,24328,13322,11006,12210,12210,62199,21533,397,28566,11703,79598,20110,41781,9701,8006,9950,9289,661,69914,48543,21371,58378,4154,27659,11349,15216,157,381.6,184.8,171.6,214.3,486.3,191.2,236.5,112.6,157.6,57.5,187.2,193.3,204.3,335.1,0,0,96.2,104.5,92.9,137.7
2026/8/14,10:00~12:00,通過量,10319,6788,3531,6398,3587,1677,694,587,629,3563,900,339,1458,866,2482,1373,433,676,2102,628,536,938,1696,487,1209,1891,760,1131,454,454,3644,1054,899,1379,312,7750,825,3429,2442,1054,5159,2366,2793,4998,2347,2651,4918,468,2306,428,1716,,,,,,,,,,,,,,,,,,,,,
2026/8/14,10:00~12:00,平均停等延滯,49.8,58.9,32.3,34,25.7,21,31.6,1.7,54.1,42.6,37,50.8,36.9,54.6,35.7,35.3,41.4,32.8,32.1,16.2,26.1,46.3,9,8.8,9,12.9,17.5,9.7,26.9,26.9,17.1,20.4,0.4,20.7,37.5,10.3,24.4,12.2,4,7.6,1.9,3.9,0.2,14,20.7,8.1,11.9,8.9,12,26.5,8.9,,,,,,,,,,,,,,,,,,,,,
2026/8/14,14:00~16:00,總停等延滯,466065,346628,119437,209299,76679,29363,19246,947,27123,125831,27478,12053,43942,42358,81499,38610,18401,24488,62619,10941,11206,40472,15251,4449,10802,28520,16824,11696,14134,14134,61532,23701,198,24866,12767,78636,16812,32137,21074,8613,23412,22880,532,55240,39606,15634,52011,5456,18365,10316,17874,158.9,264.4,261.3,162.8,221,904.2,194.4,333.8,105.9,158.8,62.4,256.1,174.2,462.2,300.1,107.2,0,85.1,109.5,122.4,180.9
2026/8/14,14:00~16:00,通過量,12051,8154,3897,7361,4365,1790,746,869,960,4236,982,476,1608,1170,2853,1479,555,819,2388,750,569,1069,1877,604,1273,2088,902,1186,576,576,4040,1323,936,1356,425,8520,865,3957,2670,1028,5631,2713,2918,5426,2645,2781,5484,503,2442,454,2085,,,,,,,,,,,,,,,,,,,,,
2026/8/14,14:00~16:00,平均停等延滯,38.7,42.5,30.6,28.4,17.6,16.4,25.8,1.1,28.3,29.7,28,25.3,27.3,36.2,28.6,26.1,33.2,29.9,26.2,14.6,19.7,37.9,8.1,7.4,8.5,13.7,18.7,9.9,24.5,24.5,15.2,17.9,0.2,18.3,30,9.2,19.4,8.1,7.9,8.4,4.2,8.4,0.2,10.2,15,5.6,9.5,10.8,7.5,22.7,8.6,,,,,,,,,,,,,,,,,,,,,
2026/8/14,16:00~19:00,總停等延滯,887398,626432,260966,304444,125069,43913,30752,1434,48970,227083,56305,18064,70189,82525,156055,63578,46130,46347,118225,24778,24218,69229,32061,11883,20178,66562,34644,31918,25231,25231,137112,48579,2018,62230,24285,144494,30133,59352,43301,11708,41947,40084,1863,52829,32679,20150,65174,4045,25845,15861,19423,154.9,337.8,218,166.1,227.9,608.1,180.3,251.5,143.4,155.1,72.8,231.1,159.5,289.4,354.6,132.4,0,97.7,83.6,114.6,143.7
2026/8/14,16:00~19:00,通過量,22672,14472,8200,11747,7088,2914,1342,1248,1584,6989,1634,809,2287,2259,5587,2764,1169,1654,4259,1518,1111,1630,3805,1357,2448,4314,1971,2343,1053,1053,8462,2672,1618,3226,946,13130,1663,6580,3556,1331,8204,3541,4663,7961,3465,4496,8431,992,3935,705,2799,,,,,,,,,,,,,,,,,,,,,
2026/8/14,16:00~19:00,平均停等延滯,39.1,43.3,31.8,25.9,17.6,15.1,22.9,1.1,30.9,32.5,34.5,22.3,30.7,36.5,27.9,23,39.5,28,27.8,16.3,21.8,42.5,8.4,8.8,8.2,15.4,17.6,13.6,24,24,16.2,18.2,1.2,19.3,25.7,11,18.1,9,12.2,8.8,5.1,11.3,0.4,6.6,9.4,4.5,7.7,4.1,6.6,22.5,6.9,,,,,,,,,,,,,,,,,,,,,
2026/8/14,20:00~23:00,總停等延滯,766552,625093,141459,241648,108542,39107,23939,1927,43569,332732,64497,41457,101593,125185,106899,50792,21687,34420,76920,23956,15051,37913,21414,6843,14571,39622,21297,18325,14073,14073,66350,39901,140,16923,9386,75911,22519,38851,12815,1726,14241,13519,722,64573,39782,24791,86923,2076,38730,14299,31818,143.3,239.7,181.1,150.1,225.7,427.8,165.5,223.8,134.7,143.5,81.2,184,152.3,175.1,242.5,152.5,0,74.3,99.2,91.8,136.2
2026/8/14,20:00~23:00,通過量,13629,9792,3837,7839,5238,2147,863,1190,1038,6006,1449,704,1969,1884,3343,1762,553,1028,2728,1153,600,975,1959,781,1178,2151,1150,1001,506,506,4094,1544,1084,1173,293,8529,790,4024,3085,630,6308,3024,3284,6238,3049,3189,6426,491,2910,488,2537,,,,,,,,,,,,,,,,,,,,,
2026/8/14,20:00~23:00,平均停等延滯,56.2,63.8,36.9,30.8,20.7,18.2,27.7,1.6,42,55.4,44.5,58.9,51.6,66.4,32,28.8,39.2,33.5,28.2,20.8,25.1,38.9,10.9,8.8,12.4,18.4,18.5,18.3,27.8,27.8,16.2,25.8,0.1,14.4,32,8.9,28.5,9.7,4.2,2.7,2.3,4.5,0.2,10.4,13,7.8,13.5,4.2,13.3,29.3,12.5,,,,,,,,,,,,,,,,,,,,,
2026/8/15,07:00~09:00,總停等延滯,352469,280167,72302,154825,60781,33102,16349,759,10571,116211,28803,12368,36077,38963,59738,35852,10641,13245,43437,6569,9477,27391,6368,1909,4459,19617,10408,9209,6639,6639,39678,12965,50,18405,8258,52972,15224,28840,5874,3034,5670,5670,0,48379,31751,16628,47804,1016,24213,9362,13213,159.7,153.8,155.3,122.4,224.6,274.1,260.7,247.2,111.1,159.3,66.6,156.8,123.2,122.8,151.6,124.1,0,120.3,130.8,97.4,152.7
2026/8/15,07:00~09:00,通過量,7516,4892,2624,4822,2541,1289,426,480,346,2903,820,225,1091,767,1587,834,342,411,1553,467,353,733,1200,385,815,1223,501,722,289,289,2695,745,723,968,259,6223,498,2746,2250,729,1820,1820,0,3889,1836,2053,3758,394,1786,326,1252,,,,,,,,,,,,,,,,,,,,,
2026/8/15,07:00~09:00,平均停等延滯,46.9,57.3,27.6,32.1,23.9,25.7,38.4,1.6,30.6,40,35.1,55,33.1,50.8,37.6,43,31.1,32.2,28,14.1,26.8,37.4,5.3,5,5.5,16,20.8,12.8,23,23,14.7,17.4,0.1,19,31.9,8.5,30.6,10.5,2.6,4.2,3.1,3.1,0,12.4,17.3,8.1,12.7,2.6,13.6,28.7,10.6,,,,,,,,,,,,,,,,,,,,,
2026/8/15,10:00~17:00,總停等延滯,1987585,1535752,451833,609881,318980,100482,93070,2952,122476,579484,100424,64861,195884,218315,385484,178809,89911,116764,251804,35176,52044,164584,57374,11146,46228,127754,59449,68305,45636,45636,221069,66248,5695,101808,47318,207595,45390,86692,54573,20940,60471,60471,0,155962,104955,51007,185853,16266,73893,38845,56849,181.3,291.4,218.2,144.9,277.8,577.7,273.7,280.9,118.6,182.3,97,233.3,145.9,334.2,310.6,160.7,0,144.7,128.3,106.6,168.5
2026/8/15,10:00~17:00,通過量,48983,33350,15633,25722,16766,6736,3324,2777,3929,17224,3929,2286,6091,4918,13426,7385,2885,3156,9008,2892,2405,3711,7371,2046,5325,8376,3152,5224,1963,1963,15878,4254,4022,5830,1772,31209,3265,13505,11571,2868,9756,9756,0,20926,9663,11263,20745,1993,9800,1621,7331,,,,,,,,,,,,,,,,,,,,,
2026/8/15,10:00~17:00,平均停等延滯,40.6,46,28.9,23.7,19,14.9,28,1.1,31.2,33.6,25.6,28.4,32.2,44.4,28.7,24.2,31.2,37,28,12.2,21.6,44.4,7.8,5.4,8.7,15.3,18.9,13.1,23.2,23.2,13.9,15.6,1.4,17.5,26.7,6.7,13.9,6.4,4.7,7.3,6.2,6.2,0,7.5,10.9,4.5,9,8.2,7.5,24,7.8,,,,,,,,,,,,,,,,,,,,,
2026/8/15,17:00~20:00,總停等延滯,632776,485535,147241,250645,96846,45825,27039,1048,22934,181566,24295,21520,71153,64598,118993,53748,33880,31365,88130,13267,16751,58112,16085,3871,12214,39521,22951,16570,16240,16240,75395,26299,363,30794,17939,110947,23283,38227,40270,9167,28673,28673,0,47395,36259,11136,63630,14712,20091,11571,17256,177.9,295.6,207.5,126,271,550.5,202.2,282.9,113.8,177.5,93,222.4,133.8,257.7,290.1,157.7,0,152.3,71.2,123.5,164.4
2026/8/15,17:00~20:00,通過量,19147,13116,6031,9710,7114,2505,1247,1150,2212,6318,1409,857,2264,1788,5259,2750,976,1533,3161,1163,811,1187,2720,896,1824,3113,1385,1728,796,796,6336,1997,1410,2069,860,11537,1103,4971,4661,802,3793,3793,0,7857,3837,4020,7837,747,3454,583,3053,,,,,,,,,,,,,,,,,,,,,
2026/8/15,17:00~20:00,平均停等延滯,33,37,24.4,25.8,13.6,18.3,21.7,0.9,10.4,28.7,17.2,25.1,31.4,36.1,22.6,19.5,34.7,20.5,27.9,11.4,20.7,49,5.9,4.3,6.7,12.7,16.6,9.6,20.4,20.4,11.9,13.2,0.3,14.9,20.9,9.6,21.1,7.7,8.6,11.4,7.6,7.6,0,6,9.4,2.8,8.1,19.7,5.8,19.8,5.7,,,,,,,,,,,,,,,,,,,,,
2026/8/15,10:00~12:00,總停等延滯,674308,516670,157638,200600,93991,33941,32041,1093,26916,203401,34939,19970,65519,82973,129476,62578,31573,35325,89802,11212,17738,60852,19754,3151,16603,46020,18590,27430,12947,12947,78917,18896,1853,42519,15649,63757,15614,29883,13608,4652,12663,12663,0,61776,40214,21562,62404,2749,29470,12093,18092,175.9,194.8,187.9,167.9,265.7,509.6,196.2,195.8,120.1,176.6,89.6,191,156,340.9,198.6,139.2,0,76.4,125.8,92.6,102.4
2026/8/15,10:00~12:00,通過量,13475,8927,4548,6796,4315,1993,908,711,703,4829,1097,548,1750,1434,3491,1894,837,760,2535,791,661,1083,2100,499,1601,2396,797,1599,496,496,4612,1059,1221,1870,462,8485,849,3718,3203,715,2619,2619,0,5595,2502,3093,5551,569,2753,430,1799,,,,,,,,,,,,,,,,,,,,,
2026/8/15,10:00~12:00,平均停等延滯,50,57.9,34.7,29.5,21.8,17,35.3,1.5,38.3,42.1,31.8,36.4,37.4,57.9,37.1,33,37.7,46.5,35.4,14.2,26.8,56.2,9.4,6.3,10.4,19.2,23.3,17.2,26.1,26.1,17.1,17.8,1.5,22.7,33.9,7.5,18.4,8,4.2,6.5,4.8,4.8,0,11,16.1,7,11.2,4.8,10.7,28.1,10.1,,,,,,,,,,,,,,,,,,,,,
2026/8/15,14:00~16:00,總停等延滯,609524,483532,125992,186519,99372,27165,25974,736,45497,193448,32853,22957,67742,69896,118996,53129,24262,41605,71716,9393,14790,47533,16347,3843,12504,33926,18424,15502,14108,14108,61611,20991,2387,24020,14213,64179,13499,26494,16373,7813,22380,22380,0,41417,28478,12939,58543,6706,21095,12919,17823,192.7,290.4,254.4,141.9,296,577.2,400.1,398.7,118,192.8,103.9,262.6,141.2,413.1,290.7,174.9,0,284.4,97.1,108.7,276.4
2026/8/15,14:00~16:00,通過量,14468,10010,4458,7774,5217,1943,983,889,1402,5103,1154,705,1804,1440,4140,2324,826,990,2596,875,676,1045,2186,669,1517,2363,1002,1361,637,637,4499,1347,1184,1436,532,9420,961,3927,3647,885,2976,2976,0,6288,2979,3309,6362,545,2931,506,2380,,,,,,,,,,,,,,,,,,,,,
2026/8/15,14:00~16:00,平均停等延滯,42.1,48.3,28.3,24,19,14,26.4,0.8,32.5,37.9,28.5,32.6,37.6,48.5,28.7,22.9,29.4,42,27.6,10.7,21.9,45.5,7.5,5.7,8.2,14.4,18.4,11.4,22.1,22.1,13.7,15.6,2,16.7,26.7,6.8,14,6.7,4.5,8.8,7.5,7.5,0,6.6,9.6,3.9,9.2,12.3,7.2,25.5,7.5,,,,,,,,,,,,,,,,,,,,,
2026/8/15,16:00~19:00,總停等延滯,678824,520004,158820,274604,105071,44222,31210,947,28692,192792,25226,23157,73494,70915,125472,59107,33310,33055,96669,14795,17675,64199,18175,4370,13805,40489,23359,17130,19591,19591,80565,27211,563,33115,19676,124770,23345,39604,50131,11690,38492,38492,0,54532,41972,12560,56810,5122,20666,12029,18993,174.3,348.9,206.7,125.4,275.2,646.6,223.1,302.4,118.3,173.5,101.4,220.3,133.6,297.5,340.4,151.5,0,158.5,76.6,134.3,179.4
2026/8/15,16:00~19:00,通過量,20637,13941,6696,10334,7468,2607,1385,1145,2331,6535,1458,925,2360,1792,5645,2935,1078,1632,3445,1254,951,1240,2999,1013,1986,3444,1528,1916,933,933,6932,2182,1452,2368,930,12476,1194,5317,4771,1194,3999,3999,0,8236,3978,4258,8342,830,3689,636,3187,,,,,,,,,,,,,,,,,,,,,
2026/8/15,16:00~19:00,平均停等延滯,32.9,37.3,23.7,26.6,14.1,17,22.5,0.8,12.3,29.5,17.3,25,31.1,39.6,22.2,20.1,30.9,20.3,28.1,11.8,18.6,51.8,6.1,4.3,7,11.8,15.3,8.9,21,21,11.6,12.5,0.4,14,21.2,10,19.6,7.4,10.5,9.8,9.6,9.6,0,6.6,10.6,2.9,6.8,6.2,5.6,18.9,6,,,,,,,,,,,,,,,,,,,,,
2026/8/15,20:00~23:00,總停等延滯,513307,406997,106310,211570,95159,40842,20394,1389,32534,162110,30413,23088,45163,63446,85500,43090,16614,25796,64228,15288,13769,35171,15500,3925,11575,29906,14710,15196,12199,12199,48705,31525,79,7918,9183,74634,19751,30178,20165,4540,25014,25014,0,52230,40419,11811,59692,1987,18610,10355,28740,171.7,296.7,189.8,138.3,265.7,553.5,133.7,334.8,118.9,169.1,92.9,192.8,141.1,226.9,306.1,139.7,0,74.8,58.4,125.4,232.1
2026/8/15,20:00~23:00,通過量,13041,9486,3555,8206,5410,1920,775,1049,1666,5229,1179,641,1896,1513,3338,1636,530,1172,2343,1074,517,752,1782,728,1054,1886,1017,869,455,455,3827,1455,1010,956,406,9654,781,3871,4391,611,3693,3693,0,6681,3653,3028,6717,502,2661,457,3097,,,,,,,,,,,,,,,,,,,,,
2026/8/15,20:00~23:00,平均停等延滯,39.4,42.9,29.9,25.8,17.6,21.3,26.3,1.3,19.5,31,25.8,36,23.8,41.9,25.6,26.3,31.3,22,27.4,14.2,26.6,46.8,8.7,5.4,11,15.9,14.5,17.5,26.8,26.8,12.7,21.7,0.1,8.3,22.6,7.7,25.3,7.8,4.6,7.4,6.8,6.8,0,7.8,11.1,3.9,8.9,4,7,22.7,9.3,,,,,,,,,,,,,,,,,,,,,
2026/8/16,07:00~09:00,總停等延滯,218566,176360,42206,93348,40428,22004,8472,480,9472,65346,15759,3437,22460,23690,41018,26961,6797,7260,29568,5117,5963,18488,4870,1573,3297,9699,7922,1777,5084,5084,22553,8733,50,8951,4819,32460,12369,18767,1324,0,3325,3139,186,32295,19996,12299,25268,223,10602,6906,7537,147.9,161.6,158,135.4,198.6,324,196.3,192.4,103,149.2,50.7,160.1,135.7,151.1,161.6,0,0,133.4,69.1,60.3,141
2026/8/16,07:00~09:00,通過量,4982,3253,1729,3252,1743,918,238,335,252,1908,533,125,723,527,1134,595,239,300,932,278,188,466,865,266,599,872,344,528,171,171,1789,497,464,667,161,3492,342,1799,1351,0,2659,1227,1432,2567,1211,1356,2498,237,1150,164,947,,,,,,,,,,,,,,,,,,,,,
2026/8/16,07:00~09:00,平均停等延滯,43.9,54.2,24.4,28.7,23.2,24,35.6,1.4,37.6,34.2,29.6,27.5,31.1,45,36.2,45.3,28.4,24.2,31.7,18.4,31.7,39.7,5.6,5.9,5.5,11.1,23,3.4,29.7,29.7,12.6,17.6,0.1,13.4,29.9,9.3,36.2,10.4,1,0,1.3,2.6,0.1,12.6,16.5,9.1,10.1,0.9,9.2,42.1,8,,,,,,,,,,,,,,,,,,,,,
2026/8/16,10:00~17:00,總停等延滯,3092693,2465699,626994,858780,499678,146757,134092,4089,214740,1014459,147574,144244,369230,353411,591759,301061,119711,170987,359803,47283,60907,251613,76386,12576,63810,182659,73659,109000,53422,53422,314527,92391,3901,148765,69470,281367,72955,125641,82771,0,67438,66073,1365,251047,163885,87162,258928,14310,119310,50845,74463,234.7,354.5,180.3,180.5,330.3,741.5,166.2,254.6,116.9,242.9,96,178.7,178.1,368.9,356.2,118,0,85.9,78.1,91.6,158
2026/8/16,10:00~17:00,通過量,48146,32438,15708,24004,16417,6437,3174,2798,4008,17339,4030,2484,6052,4773,13493,7402,2968,3123,8454,2983,2314,3157,7461,2002,5459,8427,3051,5376,1871,1871,15999,4164,3985,5940,1910,25869,2947,12710,10212,0,19742,8575,11167,19581,8721,10860,19953,1854,9752,1603,6744,,,,,,,,,,,,,,,,,,,,,
2026/8/16,10:00~17:00,平均停等延滯,64.2,76,39.9,35.8,30.4,22.8,42.2,1.5,53.6,58.5,36.6,58.1,61,74,43.9,40.7,40.3,54.8,42.6,15.9,26.3,79.7,10.2,6.3,11.7,21.7,24.1,20.3,28.6,28.6,19.7,22.2,1,25,36.4,10.9,24.8,9.9,8.1,0,3.4,7.7,0.1,12.8,18.8,8,13,7.7,12.2,31.7,11,,,,,,,,,,,,,,,,,,,,,
2026/8/16,17:00~20:00,總停等延滯,981621,761107,220514,324978,158575,75943,45440,1626,35566,295605,54349,31287,89767,120202,174958,84336,44012,46610,131969,24305,24648,83016,24640,5499,19141,67717,37214,30503,21132,21132,107025,42470,219,41651,22685,118120,30628,47948,39544,0,45609,45584,25,80268,60179,20089,80981,7118,26010,13700,34153,183.6,345.3,173.4,148.9,273.1,611.2,162,300.6,132.8,185.2,88.8,176.7,155.8,284.7,349.3,152.3,0,88.7,73.6,117.4,195
2026/8/16,17:00~20:00,通過量,19235,13576,5659,10175,7454,2703,1115,1357,2279,7240,1716,869,2505,2150,4906,2524,1008,1374,3562,1484,858,1220,2903,1001,1902,3167,1422,1745,722,722,6013,2077,1279,1916,741,11497,1074,4914,5509,0,4861,4421,440,8512,4434,4078,8651,833,3631,617,3570,,,,,,,,,,,,,,,,,,,,,
2026/8/16,17:00~20:00,平均停等延滯,51,56.1,39,31.9,21.3,28.1,40.8,1.2,15.6,40.8,31.7,36,35.8,55.9,35.7,33.4,43.7,33.9,37,16.4,28.7,68,8.5,5.5,10.1,21.4,26.2,17.5,29.3,29.3,17.8,20.4,0.2,21.7,30.6,10.3,28.5,9.8,7.2,0,9.4,10.3,0.1,9.4,13.6,4.9,9.4,8.5,7.2,22.2,9.6,,,,,,,,,,,,,,,,,,,,,
2026/8/16,10:00~12:00,總停等延滯,789197,622225,166972,224944,105460,38002,35068,1058,31332,262041,34187,33660,105831,88363,160465,97054,29398,34013,94259,9868,16633,67758,18662,2933,15729,51980,18405,33575,11501,11501,84829,16766,1676,49356,17031,65607,19387,35527,10693,0,9525,9061,464,73271,39955,33316,76541,1789,42886,14004,17862,169.3,302.5,163.7,159.9,267.8,739.5,169.2,203.1,110.3,168.5,99.1,165,175.5,402.7,301.4,0,0,94.5,74.5,74.8,138.5
2026/8/16,10:00~12:00,通過量,12071,7903,4168,6220,3962,1815,817,641,689,4218,986,516,1611,1105,3438,1976,741,721,2171,672,636,863,1875,461,1414,2131,652,1479,371,371,4146,810,1171,1725,440,7051,770,3589,2692,0,5312,2084,3228,5293,2123,3170,5163,475,2827,376,1485,,,,,,,,,,,,,,,,,,,,,
2026/8/16,10:00~12:00,平均停等延滯,65.4,78.7,40.1,36.2,26.6,20.9,42.9,1.7,45.5,62.1,34.7,65.2,65.7,80,46.7,49.1,39.7,47.2,43.4,14.7,26.2,78.5,10,6.4,11.1,24.4,28.2,22.7,31,31,20.5,20.7,1.4,28.6,38.7,9.3,25.2,9.9,4,0,1.8,4.3,0.1,13.8,18.8,10.5,14.8,3.8,15.2,37.2,12,,,,,,,,,,,,,,,,,,,,,
2026/8/16,14:00~16:00,總停等延滯,926657,740081,186576,247989,161310,36786,42835,1305,80384,302333,46346,45176,98853,111958,167395,75288,37125,54982,109043,15457,19556,74030,24940,4230,20710,46298,22641,23657,20170,20170,95168,32329,1352,41018,20469,84252,20235,34456,29561,0,24088,23714,374,72202,50498,21704,67447,4784,25565,14121,22977,381,410.6,170.7,131.8,483.5,779.2,158.2,264.8,132.3,415.3,103.1,171.5,133.3,341.9,397.6,139,0,80.2,76.7,106,157.3
2026/8/16,14:00~16:00,通過量,15059,10215,4844,7146,5179,1853,975,926,1425,5499,1261,858,1769,1611,4165,2261,979,925,2575,986,688,901,2394,631,1763,2628,990,1638,674,674,5006,1467,1175,1744,620,7271,896,3504,2871,0,5781,2694,3087,5725,2688,3037,6037,539,2752,506,2240,,,,,,,,,,,,,,,,,,,,,
2026/8/16,14:00~16:00,平均停等延滯,61.5,72.5,38.5,34.7,31.1,19.9,43.9,1.4,56.4,55,36.8,52.7,55.9,69.5,40.2,33.3,37.9,59.4,42.3,15.7,28.4,82.2,10.4,6.7,11.7,17.6,22.9,14.4,29.9,29.9,19,22,1.2,23.5,33,11.6,22.6,9.8,10.3,0,4.2,8.8,0.1,12.6,18.8,7.1,11.2,8.9,9.3,27.9,10.3,,,,,,,,,,,,,,,,,,,,,
2026/8/16,16:00~19:00,總停等延滯,1040174,791837,248337,344042,174809,76211,48089,1536,48973,277823,55863,28592,85300,108068,197468,91971,54254,51243,141737,26116,23602,92019,28952,6668,22284,73538,37073,36465,23278,23278,122569,47004,465,47387,27713,131860,32411,50658,48791,0,45173,44969,204,84024,64933,19091,82985,8798,25114,16920,32153,189.4,427.2,178.4,196.5,281.3,774.1,153.3,318,135.7,191,91.1,180.5,179,363.3,459.8,147.4,0,76.3,77.3,113,212.3
2026/8/16,16:00~19:00,通過量,20977,14461,6516,10644,7782,2810,1236,1335,2401,7436,1791,948,2495,2202,5651,2946,1206,1499,3594,1435,885,1274,3331,1126,2205,3681,1622,2059,802,802,6804,2216,1396,2304,888,11745,1160,5271,5314,0,6407,4346,2061,8834,4410,4424,9024,903,3908,716,3497,,,,,,,,,,,,,,,,,,,,,
2026/8/16,16:00~19:00,平均停等延滯,49.6,54.8,38.1,32.3,22.5,27.1,38.9,1.2,20.4,37.4,31.2,30.2,34.2,49.1,34.9,31.2,45,34.2,39.4,18.2,26.7,72.2,8.7,5.9,10.1,20,22.9,17.7,29,29,18,21.2,0.3,20.6,31.2,11.2,27.9,9.6,9.2,0,7.1,10.3,0.1,9.5,14.7,4.3,9.2,9.7,6.4,23.6,9.2,,,,,,,,,,,,,,,,,,,,,
2026/8/16,20:00~23:00,總停等延滯,745557,628253,117304,261652,122090,58836,28225,1911,33118,306169,50421,34232,84442,137074,122094,56133,19359,46602,77900,17692,14193,46015,18299,4987,13312,23279,18842,4437,11487,11487,64239,40430,71,15889,7849,80138,20770,34625,24743,0,30086,30086,0,76399,54732,21667,75029,1557,28246,12576,32650,194.2,247.3,214.8,142.8,288.7,417,138.2,333,132.9,195,94.8,204.6,140.5,157.9,269.5,143.1,0,79,60,93.1,190.2
2026/8/16,20:00~23:00,通過量,12751,9351,3400,8040,5372,2027,748,1233,1364,5872,1441,564,2041,1826,3060,1482,560,1018,2391,1147,468,776,1821,727,1094,1938,1025,913,503,503,3552,1382,902,965,303,8654,704,3785,4165,0,3656,3656,0,6466,3519,2947,6587,459,2577,443,3108,,,,,,,,,,,,,,,,,,,,,
2026/8/16,20:00~23:00,平均停等延滯,58.5,67.2,34.5,32.5,22.7,29,37.7,1.5,24.3,52.1,35,60.7,41.4,75.1,39.9,37.9,34.6,45.8,32.6,15.4,30.3,59.3,10,6.9,12.2,12,18.4,4.9,22.8,22.8,18.1,29.3,0.1,16.5,25.9,9.3,29.5,9.1,5.9,0,8.2,8.2,0,11.8,15.6,7.4,11.4,3.4,11,28.4,10.5,,,,,,,,,,,,,,,,,,,,,
2026/8/17,07:00~09:00,總停等延滯,674040,513652,160388,288682,89887,37102,25473,1250,26062,232383,34761,31490,52084,114048,109754,51245,28492,30017,81628,10935,16522,54171,20909,5228,15681,27348,19521,7827,14806,14806,97325,30368,2298,50967,13692,114020,21957,48334,26864,16865,31507,30752,755,69893,50753,19140,73262,2252,24992,21676,24342,163.6,340.1,162.8,131,222,555,143.2,247.4,111.3,161.5,59,165.7,129.6,186.2,358.7,152.1,0,89.1,55.4,111.7,130.1
2026/8/17,07:00~09:00,通過量,12750,8015,4735,6733,3740,1564,818,744,614,4443,1064,427,1579,1373,2782,1257,853,672,2450,756,614,1080,2178,673,1505,2325,923,1402,536,536,4889,1363,1271,1872,383,9226,633,3392,3819,1382,5714,2973,2741,5813,3146,2667,5459,716,2035,579,2129,,,,,,,,,,,,,,,,,,,,,
2026/8/17,07:00~09:00,平均停等延滯,52.9,64.1,33.9,42.9,24,23.7,31.1,1.7,42.4,52.3,32.7,73.7,33,83.1,39.5,40.8,33.4,44.7,33.3,14.5,26.9,50.2,9.6,7.8,10.4,11.8,21.1,5.6,27.6,27.6,19.9,22.3,1.8,27.2,35.7,12.4,34.7,14.2,7,12.2,5.5,10.3,0.3,12,16.1,7.2,13.4,3.1,12.3,37.4,11.4,,,,,,,,,,,,,,,,,,,,,
2026/8/17,10:00~17:00,總停等延滯,1520604,1142678,377926,714142,319678,107346,71088,3398,137846,398709,78752,57165,139778,123014,211014,73542,52774,84698,213277,43114,48617,121546,23701,11179,12522,143291,61663,81628,43646,43646,167288,79113,643,52379,35153,291182,65717,126463,72641,26361,56362,54123,2239,174098,116438,57660,192500,10274,71962,35249,75015,159.5,354.1,227.4,211.6,240.3,601,254.2,281.5,109.3,162.1,81.4,233,217.9,215.7,352.9,147.6,0,116.8,141,104.3,166.3
2026/8/17,10:00~17:00,通過量,35338,23876,11462,22917,13141,5533,2393,2400,2815,12517,3016,1442,5108,2951,8236,4536,1354,2346,7047,2005,1701,3341,5393,1785,3608,5801,2520,3281,1700,1700,11602,3625,2721,4031,1225,30431,3070,12500,11517,3344,17924,8414,9510,17221,8327,8894,16758,1602,7809,1479,5868,,,,,,,,,,,,,,,,,,,,,
2026/8/17,10:00~17:00,平均停等延滯,43,47.9,33,31.2,24.3,19.4,29.7,1.4,49,31.9,26.1,39.6,27.4,41.7,25.6,16.2,39,36.1,30.3,21.5,28.6,36.4,4.4,6.3,3.5,24.7,24.5,24.9,25.7,25.7,14.4,21.8,0.2,13,28.7,9.6,21.4,10.1,6.3,7.9,3.1,6.4,0.2,10.1,14,6.5,11.5,6.4,9.2,23.8,12.8,,,,,,,,,,,,,,,,,,,,,
2026/8/17,17:00~20:00,總停等延滯,865658,626875,238783,293724,134751,46369,31132,1596,55654,245404,48402,30345,71924,94733,138893,52223,33550,53120,107827,23420,26839,57568,11106,6333,4773,79987,40871,39116,23482,23482,124208,60961,1228,32923,29096,123712,28501,53170,37182,4859,15990,14824,1166,70811,41784,29027,83211,2786,41963,16578,21884,132.8,250.3,243.2,173,221.4,454.7,208.8,272.9,129.8,133,88.6,269.9,170.7,217.4,248.7,149.4,0,125.6,81.8,102.3,176.3
2026/8/17,17:00~20:00,通過量,17974,11660,6314,10075,5989,2545,1053,1016,1375,5889,1400,651,2185,1653,4445,2352,723,1370,3489,1199,952,1338,2796,1102,1694,3272,1598,1674,861,861,6578,2227,1372,2280,699,12033,1428,5720,3808,1077,7309,2971,4338,7074,2935,4139,7338,824,3587,590,2337,,,,,,,,,,,,,,,,,,,,,
2026/8/17,17:00~20:00,平均停等延滯,48.2,53.8,37.8,29.2,22.5,18.2,29.6,1.6,40.5,41.7,34.6,46.6,32.9,57.3,31.2,22.2,46.4,38.8,30.9,19.5,28.2,43,4,5.7,2.8,24.4,25.6,23.4,27.3,27.3,18.9,27.4,0.9,14.4,41.6,10.3,20,9.3,9.8,4.5,2.2,5,0.3,10,14.2,7,11.3,3.4,11.7,28.1,9.4,,,,,,,,,,,,,,,,,,,,,
2026/8/17,10:00~12:00,總停等延滯,462556,355684,106872,214016,90643,32867,18651,1053,38072,138384,20800,20629,54318,42637,65242,25248,16605,23389,61415,15631,13426,32358,6255,2604,3651,42191,16144,26047,12447,12447,45979,16439,241,19940,9359,76224,18786,38872,11639,6927,10220,9689,531,62594,41361,21233,64978,3900,29173,11474,20431,138.3,218.3,220.4,172.8,204.1,439.7,362.3,353.8,98.2,139.1,65.4,238.6,165.8,180.7,218.5,124.1,0,152.7,187.6,104.2,229.2
2026/8/17,10:00~12:00,通過量,9464,6319,3145,6918,3449,1587,694,605,563,3561,891,336,1552,782,2238,1289,403,546,1938,530,459,949,1583,457,1126,1589,596,993,399,399,3162,873,786,1190,313,9052,951,3911,3241,949,5114,2384,2730,4905,2325,2580,4856,485,2315,411,1645,,,,,,,,,,,,,,,,,,,,,
2026/8/17,10:00~12:00,平均停等延滯,48.9,56.3,34,30.9,26.3,20.7,26.9,1.7,67.6,38.9,23.3,61.4,35,54.5,29.2,19.6,41.2,42.8,31.7,29.5,29.3,34.1,4,5.7,3.2,26.6,27.1,26.2,31.2,31.2,14.5,18.8,0.3,16.8,29.9,8.4,19.8,9.9,3.6,7.3,2,4.1,0.2,12.8,17.8,8.2,13.4,8,12.6,27.9,12.4,,,,,,,,,,,,,,,,,,,,,
2026/8/17,14:00~16:00,總停等延滯,449034,336725,112309,209831,99082,34183,21696,1005,42198,109567,23062,14400,36153,35952,61212,19487,14458,27267,66864,11433,14511,40920,7707,3420,4287,44532,20313,24219,13083,13083,46987,25216,166,12598,9007,83446,18912,35795,19316,9423,19412,18707,705,48640,31558,17082,58333,4195,19020,9237,25881,137.8,366.6,203,220,234.5,589.5,169.1,254.2,107,138.4,96.8,204.2,217.7,248.2,349.8,151.6,0,81.6,89.8,113.4,136.4
2026/8/17,14:00~16:00,通過量,10294,6903,3391,6374,3885,1548,658,725,954,3461,785,395,1415,866,2326,1253,360,713,1969,560,467,942,1594,587,1007,1706,799,907,560,560,3374,1130,780,1145,319,8700,817,3344,3538,1001,5160,2511,2649,4941,2483,2458,4781,433,2135,431,1782,,,,,,,,,,,,,,,,,,,,,
2026/8/17,14:00~16:00,平均停等延滯,43.6,48.8,33.1,32.9,25.5,22.1,33,1.4,44.2,31.7,29.4,36.5,25.5,41.5,26.3,15.6,40.2,38.2,34,20.4,31.1,43.4,4.8,5.8,4.3,26.1,25.4,26.7,23.4,23.4,13.9,22.3,0.2,11,28.2,9.6,23.1,10.7,5.5,9.4,3.8,7.5,0.3,9.8,12.7,6.9,12.2,9.7,8.9,21.4,14.5,,,,,,,,,,,,,,,,,,,,,
2026/8/17,16:00~19:00,總停等延滯,843758,598929,244829,338660,146668,50325,32438,1558,62347,219735,48586,27621,59821,83707,125256,42170,33524,49562,107270,20407,28127,58736,13066,7171,5895,80474,42408,38066,24091,24091,127198,58038,1381,34253,33526,156374,29142,57290,62195,7747,29965,28510,1455,72211,46197,26014,80110,3668,33778,16781,25883,130.6,281.8,247,163.8,219.8,499.9,209.4,251.4,109.9,131,89.2,252.3,163.8,216.4,289.3,153,0,128.8,79.6,108.4,148.1
2026/8/17,16:00~19:00,通過量,19017,12264,6753,10114,6424,2722,1102,1098,1502,5874,1389,715,2168,1602,4628,2501,740,1387,3665,1171,1007,1487,2931,1159,1772,3414,1706,1708,941,941,7027,2374,1461,2404,788,12608,1413,5742,4187,1266,7650,3156,4494,7386,3122,4264,7595,914,3722,630,2329,,,,,,,,,,,,,,,,,,,,,
2026/8/17,16:00~19:00,平均停等延滯,44.4,48.8,36.3,33.5,22.8,18.5,29.4,1.4,41.5,37.4,35,38.6,27.6,52.3,27.1,16.9,45.3,35.7,29.3,17.4,27.9,39.5,4.5,6.2,3.3,23.6,24.9,22.3,25.6,25.6,18.1,24.4,0.9,14.2,42.5,12.4,20.6,10,14.9,6.1,3.9,9,0.3,9.8,14.8,6.1,10.5,4,9.1,26.6,11.1,,,,,,,,,,,,,,,,,,,,,
2026/8/17,20:00~23:00,總停等延滯,460747,371062,89685,174337,77390,31071,15094,1306,29919,157637,24982,22849,46970,62836,81551,36816,12103,32632,54484,16015,12035,26434,4498,2168,2330,29097,13255,15842,9014,9014,47076,37921,111,3905,5139,64944,22782,35119,6301,742,8653,8397,256,51626,32371,19255,49114,1301,20808,9645,17360,141,177.1,203.9,158.8,218.6,280.8,154,201,108.9,142,77.9,200.5,159.8,112.9,176.1,148.3,0,84.1,70.2,79.3,121.6
2026/8/17,20:00~23:00,通過量,9306,6470,2836,5957,3431,1428,597,723,683,3695,834,442,1339,1080,2213,1148,368,697,1953,778,400,775,1327,540,787,1414,727,687,340,340,3029,1073,865,839,252,7123,888,3021,2642,572,4494,2220,2274,4409,2165,2244,4361,349,1964,278,1770,,,,,,,,,,,,,,,,,,,,,
2026/8/17,20:00~23:00,平均停等延滯,49.5,57.4,31.6,29.3,22.6,21.8,25.3,1.8,43.8,42.7,30,51.7,35.1,58.2,36.9,32.1,32.9,46.8,27.9,20.6,30.1,34.1,3.4,4,3,20.6,18.2,23.1,26.5,26.5,15.5,35.3,0.1,4.7,20.4,9.1,25.7,11.6,2.4,1.3,1.9,3.8,0.1,11.7,15,8.6,11.3,3.7,10.6,34.7,9.8,,,,,,,,,,,,,,,,,,,,,
2026/8/18,07:00~09:00,總停等延滯,632790,495729,137061,294609,98216,37294,26875,1184,32863,202896,36284,25190,52011,89411,105113,48996,29389,26728,89504,11110,16780,61614,16008,2963,13045,24322,15622,8700,14445,14445,82286,35265,5447,29878,11696,105256,17594,43095,28415,16152,40294,38935,1359,71296,53745,17551,77763,4989,27436,20972,24366,175.6,221.9,195.4,154.3,260,426.8,166.7,404,117.8,177.8,82.9,190.7,153.2,200.9,238,0,0,81.3,87.3,178.8,247.2
2026/8/18,07:00~09:00,通過量,13037,8214,4823,7172,4019,1709,851,821,638,4378,1101,422,1589,1266,2797,1264,840,693,2541,746,595,1200,2241,664,1577,2434,1003,1431,574,574,5023,1438,1261,1903,421,10060,717,3845,4053,1445,5803,3022,2781,5722,3049,2673,5601,788,2203,564,2046,,,,,,,,,,,,,,,,,,,,,
2026/8/18,07:00~09:00,平均停等延滯,48.5,60.4,28.4,41.1,24.4,21.8,31.6,1.4,51.5,46.3,33,59.7,32.7,70.6,37.6,38.8,35,38.6,35.2,14.9,28.2,51.3,7.1,4.5,8.3,10,15.6,6.1,25.2,25.2,16.4,24.5,4.3,15.7,27.8,10.5,24.5,11.2,7,11.2,6.9,12.9,0.5,12.5,17.6,6.6,13.9,6.3,12.5,37.2,11.9,,,,,,,,,,,,,,,,,,,,,
2026/8/18,10:00~17:00,總停等延滯,1431280,1070211,361069,645672,268155,99980,66095,3098,98982,343953,90156,42288,116762,94747,254374,129682,57876,66816,203729,31203,44697,127829,44883,15262,29621,93223,52201,41022,39714,39714,183249,77336,1012,71339,33562,259569,52880,105012,76660,25017,55964,54090,1874,164084,112196,51888,166055,11930,65784,35921,52420,147.7,238.9,206.3,155.9,205.9,490.3,244.7,281.8,110.9,148.1,58.1,205.2,181.6,246.3,257.3,0,0,143,110.4,102.1,175.9
2026/8/18,10:00~17:00,通過量,37483,25246,12237,23212,13838,5875,2473,2616,2874,12839,2973,1392,5458,3016,9005,5069,1490,2446,7819,2139,1848,3832,6404,2119,4285,6605,2884,3721,1570,1570,12539,3991,3030,4342,1176,29035,3039,12326,10429,3241,18315,8528,9787,18129,8545,9584,17710,1644,8219,1444,6403,,,,,,,,,,,,,,,,,,,,,
2026/8/18,10:00~17:00,平均停等延滯,38.2,42.4,29.5,27.8,19.4,17,26.7,1.2,34.4,26.8,30.3,30.4,21.4,31.4,28.2,25.6,38.8,27.3,26.1,14.6,24.2,33.4,7,7.2,6.9,14.1,18.1,11,25.3,25.3,14.6,19.4,0.3,16.4,28.5,8.9,17.4,8.5,7.4,7.7,3.1,6.3,0.2,9.1,13.1,5.4,9.4,7.3,8,24.9,8.2,,,,,,,,,,,,,,,,,,,,,
2026/8/18,17:00~20:00,總停等延滯,761909,531551,230358,283389,119977,48117,34874,1570,35416,188862,46110,26118,44668,71966,133219,64736,26287,42196,89493,21265,21378,46850,27949,11497,16452,53994,33972,20022,21866,21866,126549,48318,1773,53913,22545,126120,25995,49392,45120,5613,23938,22186,1752,63193,37499,25694,70138,5992,34268,13602,16276,151,245.5,184.2,138.5,218.8,418.2,164.6,236.5,132.7,151.1,68.3,187.2,140.2,184.9,253.7,210.7,0,83.1,81.8,107.2,128.6
2026/8/18,17:00~20:00,通過量,19851,12745,7106,9799,6398,2743,1229,1018,1408,5907,1409,728,2044,1726,5029,2747,812,1470,3930,1301,1033,1596,3082,1238,1844,3629,1703,1926,1030,1030,7087,2249,1496,2522,820,11977,1329,5567,3998,1083,7369,2998,4371,7180,2854,4326,7593,835,3855,563,2340,,,,,,,,,,,,,,,,,,,,,
2026/8/18,17:00~20:00,平均停等延滯,38.4,41.7,32.4,28.9,18.8,17.5,28.4,1.5,25.2,32,32.7,35.9,21.9,41.7,26.5,23.6,32.4,28.7,22.8,16.3,20.7,29.4,9.1,9.3,8.9,14.9,19.9,10.4,21.2,21.2,17.9,21.5,1.2,21.4,27.5,10.5,19.6,8.9,11.3,5.2,3.2,7.4,0.4,8.8,13.1,5.9,9.2,7.2,8.9,24.2,7,,,,,,,,,,,,,,,,,,,,,
2026/8/18,10:00~12:00,總停等延滯,444226,350925,93301,192108,83881,31509,21280,955,30137,125927,29393,14790,47046,34698,77047,40142,19089,17816,64070,7905,14296,41869,10079,3172,6907,24730,11105,13625,10992,10992,47500,22189,395,16876,8040,65894,16623,34167,8414,6690,9023,8343,680,58049,38510,19539,59142,3739,27347,11802,16254,152.3,279.9,171.1,210.4,210.4,600.6,260.6,272.6,103.8,153.4,57.9,171.2,241.3,290.3,287.5,0,0,138.7,126.9,87.7,164.3
2026/8/18,10:00~12:00,通過量,10046,6762,3284,6711,3570,1606,714,663,587,3517,862,377,1467,811,2332,1297,419,616,2220,588,562,1070,1844,508,1336,1703,737,966,423,423,3416,1063,845,1202,306,8443,899,3741,2862,941,5066,2333,2733,5084,2371,2713,4895,458,2366,390,1681,,,,,,,,,,,,,,,,,,,,,
2026/8/18,10:00~12:00,平均停等延滯,44.2,51.9,28.4,28.6,23.5,19.6,29.8,1.4,51.3,35.8,34.1,39.2,32.1,42.8,33,30.9,45.6,28.9,28.9,13.4,25.4,39.1,5.5,6.2,5.2,14.5,15.1,14.1,26,26,13.9,20.9,0.5,14,26.3,7.8,18.5,9.1,2.9,7.1,1.8,3.6,0.2,11.4,16.2,7.2,12.1,8.2,11.6,30.3,9.7,,,,,,,,,,,,,,,,,,,,,
2026/8/18,14:00~16:00,總停等延滯,413534,304902,108632,194209,80694,30662,18307,967,30758,94364,25892,12022,32278,24172,72133,36948,13859,21326,57711,9251,11559,36901,14723,5002,9721,27924,16800,11124,11014,11014,54971,22255,274,22804,9638,84009,16196,30956,29059,7798,18840,18439,401,44931,30460,14471,46429,4825,16650,9015,15939,146.8,244,180.3,170.5,206.9,485.7,237.5,290.5,109.5,146.7,60.3,184.5,215.2,240.9,289.4,0,0,122.2,111.4,105.3,176.5
2026/8/18,14:00~16:00,通過量,10796,7301,3495,6536,4071,1661,646,805,959,3767,821,433,1670,843,2641,1474,384,783,2186,594,453,1139,1841,634,1207,1903,847,1056,470,470,3546,1155,851,1222,318,8051,797,3388,2983,883,5264,2517,2747,5116,2519,2597,4995,446,2198,384,1967,,,,,,,,,,,,,,,,,,,,,
2026/8/18,14:00~16:00,平均停等延滯,38.3,41.8,31.1,29.7,19.8,18.5,28.3,1.2,32.1,25.1,31.5,27.8,19.3,28.7,27.3,25.1,36.1,27.2,26.4,15.6,25.5,32.4,8,7.9,8.1,14.7,19.8,10.5,23.4,23.4,15.5,19.3,0.3,18.7,30.3,10.4,20.3,9.1,9.7,8.8,3.6,7.3,0.1,8.8,12.1,5.6,9.3,10.8,7.6,23.5,8.1,,,,,,,,,,,,,,,,,,,,,
2026/8/18,16:00~19:00,總停等延滯,760110,508893,251217,324148,121254,46501,33960,1374,39419,162293,42658,21051,41175,57409,128577,59484,28162,40931,96769,21372,22714,52683,29916,13171,16745,60917,37742,23175,24488,24488,135896,51836,1826,56527,25707,154123,25246,50414,69934,8529,38848,37070,1778,63872,41326,22546,67305,6379,28415,14879,17632,151,198.8,204.5,135.2,218.6,425.2,160,248.7,115.8,151,68.1,209.5,137.2,232,203.2,194,0,83.4,77,113.4,136.4
2026/8/18,16:00~19:00,通過量,20813,13146,7667,10474,6859,2940,1291,1129,1499,6095,1480,713,2207,1695,5347,2987,818,1542,3948,1300,1064,1584,3362,1394,1968,3972,1857,2115,1065,1065,7692,2484,1592,2736,880,12924,1472,5829,4349,1274,7911,3235,4676,7742,3117,4625,8089,900,4016,645,2528,,,,,,,,,,,,,,,,,,,,,
2026/8/18,16:00~19:00,平均停等延滯,36.5,38.7,32.8,30.9,17.7,15.8,26.3,1.2,26.3,26.6,28.8,29.5,18.7,33.9,24,19.9,34.4,26.5,24.5,16.4,21.3,33.3,8.9,9.4,8.5,15.3,20.3,11,23,23,17.7,20.9,1.1,20.7,29.2,11.9,17.2,8.6,16.1,6.7,4.9,11.5,0.4,8.3,13.3,4.9,8.3,7.1,7.1,23.1,7,,,,,,,,,,,,,,,,,,,,,
2026/8/18,20:00~23:00,總停等延滯,497209,392499,104710,183256,71854,28058,16049,1941,25806,168265,27555,24085,53289,63336,83378,39386,15976,28016,69002,14727,12136,42139,15659,4318,11341,25452,11894,13558,10414,10414,53185,31359,107,9252,12467,52009,17455,28099,5606,849,7764,7500,264,55159,33625,21534,68324,2180,28587,12147,25410,135.2,231.6,187.8,193.3,212.2,402.4,138.3,207.9,111.1,134.7,79.9,200.3,196.6,165.2,231.1,111,0,77.3,60.4,73.6,128.7
2026/8/18,20:00~23:00,通過量,10213,7097,3116,6398,3843,1500,608,980,755,4096,875,420,1625,1176,2451,1244,468,739,2198,767,403,1028,1751,560,1191,1638,825,813,370,370,3439,1253,888,879,419,7389,695,3130,3020,544,5146,2652,2494,5058,2627,2431,5000,366,2061,372,2201,,,,,,,,,,,,,,,,,,,,,
2026/8/18,20:00~23:00,平均停等延滯,48.7,55.3,33.6,28.6,18.7,18.7,26.4,2,34.2,41.1,31.5,57.3,32.8,53.9,34,31.7,34.1,37.9,31.4,19.2,30.1,41,8.9,7.7,9.5,15.5,14.4,16.7,28.1,28.1,15.5,25,0.1,10.5,29.8,7,25.1,9,1.9,1.6,1.5,2.8,0.1,10.9,12.8,8.9,13.7,6,13.9,32.7,11.5,,,,,,,,,,,,,,,,,,,,,
2026/8/19,07:00~09:00,總停等延滯,653865,487984,165881,299855,94926,34918,33117,1223,25668,206854,33296,20728,49635,103195,101675,45131,28230,28314,84529,10719,17603,56207,22709,4353,18356,28970,18847,10123,15340,15340,98862,28882,1931,54630,13419,108748,19231,43158,29382,16977,43234,42558,676,69009,50836,18173,78864,4457,25534,22291,26582,151.7,219.1,164,135.7,207.6,427.6,296.2,317.1,101.2,152.2,56.1,165.3,139.7,209.1,221.5,131.3,0,166.3,123.6,166,165.2
2026/8/19,07:00~09:00,通過量,13170,8286,4884,6944,3744,1459,900,792,593,4489,1018,418,1678,1375,2800,1183,890,727,2672,748,645,1279,2299,654,1645,2401,928,1473,576,576,5113,1459,1254,2008,392,9716,748,3443,4104,1421,5395,2976,2419,5435,3015,2420,5402,731,1918,646,2107,,,,,,,,,,,,,,,,,,,,,
2026/8/19,07:00~09:00,平均停等延滯,49.6,58.9,34,43.2,25.4,23.9,36.8,1.5,43.3,46.1,32.7,49.6,29.6,75.1,36.3,38.1,31.7,38.9,31.6,14.3,27.3,43.9,9.9,6.7,11.2,12.1,20.3,6.9,26.6,26.6,19.3,19.8,1.5,27.2,34.2,11.2,25.7,12.5,7.2,11.9,8,14.3,0.3,12.7,16.9,7.5,14.6,6.1,13.3,34.5,12.6,,,,,,,,,,,,,,,,,,,,,
2026/8/19,10:00~17:00,總停等延滯,1635057,1235802,399255,797385,295000,108485,73565,3688,109262,427068,87727,46106,157371,135864,288664,146431,63424,78809,225070,35161,43612,146297,52592,17249,35343,92232,55885,36347,42311,42311,212120,83103,774,88958,39285,360836,75756,139470,117546,28064,75136,72775,2361,171963,117950,54013,189450,14588,70100,42090,62672,147.6,289.4,216.1,146.8,209.7,473.6,213.4,261.2,103.6,147.4,61.9,210.1,147.8,205.4,286.7,154.3,0,115.8,95.8,108.6,152.7
2026/8/19,10:00~17:00,通過量,37873,25191,12682,23354,13484,5629,2582,2517,2756,13130,2980,1406,5471,3273,9264,5092,1630,2542,7710,2337,1834,3539,6311,2107,4204,6806,2952,3854,1724,1724,12933,4082,3029,4534,1288,28839,3013,12698,9803,3325,17632,8155,9477,17021,8040,8981,17368,1683,8042,1745,5898,,,,,,,,,,,,,,,,,,,,,
2026/8/19,10:00~17:00,平均停等延滯,43.2,49.1,31.5,34.1,21.9,19.3,28.5,1.5,39.6,32.5,29.4,32.8,28.8,41.5,31.2,28.8,38.9,31,29.2,15,23.8,41.3,8.3,8.2,8.4,13.6,18.9,9.4,24.5,24.5,16.4,20.4,0.3,19.6,30.5,12.5,25.1,11,12,8.4,4.3,8.9,0.2,10.1,14.7,6,10.9,8.7,8.7,24.1,10.6,,,,,,,,,,,,,,,,,,,,,
2026/8/19,17:00~20:00,總停等延滯,840027,602701,237326,327001,130932,50642,33453,2144,44693,208251,42063,27216,46584,92388,155268,68065,35028,52175,108250,25288,21150,61812,29056,12318,16738,58739,32629,26110,21564,21564,127967,53723,1192,51923,21129,169290,30750,55374,75724,7442,31204,29841,1363,55459,32476,22983,71048,3646,31521,12443,23438,149.7,240.1,294.4,154.1,221.7,682.3,161.5,262.6,129,149.8,71.9,318.8,151,371.6,260,133.8,0,89,71.7,111,159.1
2026/8/19,17:00~20:00,通過量,20652,13398,7254,9399,6578,2563,1308,1212,1495,6515,1329,843,2360,1983,5199,2652,965,1582,4089,1430,1011,1648,3398,1291,2107,3841,1857,1984,989,989,7408,2434,1450,2724,800,11081,1315,5390,3257,1119,6965,2758,4207,6734,2646,4088,7233,918,3621,520,2174,,,,,,,,,,,,,,,,,,,,,
2026/8/19,17:00~20:00,平均停等延滯,40.7,45,32.7,34.8,19.9,19.8,25.6,1.8,29.9,32,31.7,32.3,19.7,46.6,29.9,25.7,36.3,33,26.5,17.7,20.9,37.5,8.6,9.5,7.9,15.3,17.6,13.2,21.8,21.8,17.3,22.1,0.8,19.1,26.4,15.3,23.4,10.3,23.2,6.7,4.5,10.8,0.3,8.2,12.3,5.6,9.8,4,8.7,23.9,10.8,,,,,,,,,,,,,,,,,,,,,
2026/8/19,10:00~12:00,總停等延滯,491724,384158,107566,224400,97043,36564,22712,990,36777,133476,24601,16507,54351,38017,88487,49166,18774,20547,65152,6708,12702,45742,14604,4401,10203,19117,11856,7261,11917,11917,61928,23244,85,28191,10408,86482,23927,44998,10171,7386,9321,8863,458,65552,45268,20284,63045,5021,26721,15286,16017,148.6,237.8,192.8,120.4,205.7,436.4,234.1,260.1,105.1,148.9,57,199.6,122.7,206.4,250.5,153.2,0,166.3,79.4,102,153.1
2026/8/19,10:00~12:00,通過量,9909,6552,3357,6403,3516,1566,709,662,579,3547,787,350,1571,839,2420,1366,430,624,1967,512,490,965,1664,516,1148,1788,727,1061,432,432,3455,1046,834,1270,305,8157,858,3534,2810,955,4993,2319,2674,4728,2227,2501,4717,464,2242,397,1614,,,,,,,,,,,,,,,,,,,,,
2026/8/19,10:00~12:00,平均停等延滯,49.6,58.6,32,35,27.6,23.3,32,1.5,63.5,37.6,31.3,47.2,34.6,45.3,36.6,36,43.7,32.9,33.1,13.1,25.9,47.4,8.8,8.5,8.9,10.7,16.3,6.8,27.6,27.6,17.9,22.2,0.1,22.2,34.1,10.6,27.9,12.7,3.6,7.7,1.9,3.8,0.2,13.9,20.3,8.1,13.4,10.8,11.9,38.5,9.9,,,,,,,,,,,,,,,,,,,,,
2026/8/19,14:00~16:00,總停等延滯,456594,341508,115086,257182,77482,27642,20436,1107,28297,121584,26080,11929,45809,37766,79904,40164,16337,23403,62538,9309,11180,42049,15803,4968,10835,29283,18191,11092,11272,11272,58728,23977,253,24347,10151,127354,23116,42023,53820,8395,33583,33064,519,41527,28253,13274,54718,4127,17951,12616,20024,147.7,375.3,218.9,128.6,212.7,574.2,206.1,260.2,99.6,147.7,64.5,210.2,131.2,194.3,322.3,146,0,84.4,130.2,104,158.4
2026/8/19,14:00~16:00,通過量,10922,7294,3628,6812,4063,1565,731,811,956,3724,823,401,1575,925,2679,1464,420,795,2150,649,475,1026,1837,635,1202,2011,900,1111,458,458,3785,1250,877,1316,342,8225,901,3690,2670,964,4919,2295,2624,4806,2353,2453,4931,500,2210,508,1713,,,,,,,,,,,,,,,,,,,,,
2026/8/19,14:00~16:00,平均停等延滯,41.8,46.8,31.7,37.8,19.1,17.7,28,1.4,29.6,32.6,31.7,29.7,29.1,40.8,29.8,27.4,38.9,29.4,29.1,14.3,23.5,41,8.6,7.8,9,14.6,20.2,10,24.6,24.6,15.5,19.2,0.3,18.5,29.7,15.5,25.7,11.4,20.2,8.7,6.8,14.4,0.2,8.6,12,5.4,11.1,8.3,8.1,24.8,11.7,,,,,,,,,,,,,,,,,,,,,
2026/8/19,16:00~19:00,總停等延滯,883528,626658,256870,398646,140237,50506,35074,1965,52692,206644,42892,23879,52512,87361,162795,68094,39810,54891,116982,25278,22874,68830,30043,11832,18211,64146,35562,28584,25162,25162,137519,53245,1391,57380,25503,215610,36193,66122,102543,10752,48824,47251,1573,63554,42938,20616,70658,4273,28314,14367,23704,148.8,232.6,340.7,176.2,218.9,697.2,181.2,268.7,114.5,148.8,70,349.4,171.5,399.8,251.7,137.3,0,105.9,70.3,124.7,151.9
2026/8/19,16:00~19:00,通過量,21225,13522,7703,9791,6733,2675,1368,1206,1484,6476,1384,777,2378,1937,5330,2750,1009,1571,4110,1409,1023,1678,3533,1378,2155,4095,1934,2161,1019,1019,7851,2545,1548,2859,899,11513,1333,5516,3359,1305,7309,2974,4335,7073,2866,4207,7603,997,3664,610,2332,,,,,,,,,,,,,,,,,,,,,
2026/8/19,16:00~19:00,平均停等延滯,41.6,46.3,33.3,40.7,20.8,18.9,25.6,1.6,35.5,31.9,31,30.7,22.1,45.1,30.5,24.8,39.5,34.9,28.5,17.9,22.4,41,8.5,8.6,8.5,15.7,18.4,13.2,24.7,24.7,17.5,20.9,0.9,20.1,28.4,18.7,27.2,12,30.5,8.2,6.7,15.9,0.4,9,15,4.9,9.3,4.3,7.7,23.6,10.2,,,,,,,,,,,,,,,,,,,,,
2026/8/19,20:00~23:00,總停等延滯,483684,388527,95157,175768,82197,22967,22504,3033,33693,171285,28611,27173,51510,63991,77523,39906,13378,24239,57522,16420,12933,28169,13946,4451,9495,21816,14894,6922,11093,11093,48302,31982,83,9226,7011,55893,19167,30657,4995,1074,6968,6623,345,53299,30725,22574,59608,1089,29391,13692,15436,146,306.2,205.5,133,225.2,541.1,143.4,247.8,110.3,148.8,79.5,222.6,135.8,251.8,304.4,139.5,0,75.1,67.7,82.1,187.5
2026/8/19,20:00~23:00,通過量,10588,7427,3161,6420,4117,1665,725,917,810,4249,974,533,1514,1228,2638,1449,385,804,2146,869,446,831,1542,649,893,1607,856,751,453,453,3316,1257,925,857,277,7457,850,3200,2829,578,5005,2394,2611,4949,2431,2518,4965,367,2228,386,1984,,,,,,,,,,,,,,,,,,,,,
2026/8/19,20:00~23:00,平均停等延滯,45.7,52.3,30.1,27.4,20,13.8,31,3.3,41.6,40.3,29.4,51,34,52.1,29.4,27.5,34.7,30.1,26.8,18.9,29,33.9,9,6.9,10.6,13.6,17.4,9.2,24.5,24.5,14.6,25.4,0.1,10.8,25.3,7.5,22.5,9.6,1.8,1.9,1.4,2.8,0.1,10.8,12.6,9,12,3,13.2,35.5,7.8,,,,,,,,,,,,,,,,,,,,,
2026/8/20,07:00~09:00,總停等延滯,700827,520835,179992,356996,107366,56695,24211,1196,25264,206499,37494,28663,51303,89039,108774,51153,29002,28619,98196,10930,20165,67101,25922,6818,19104,33515,16387,17128,17495,17495,103060,33331,2627,52720,14382,123391,22952,48936,36708,14795,30266,29898,368,100021,60341,39680,103318,2778,34223,25828,40489,161,175.5,167.3,143.8,219.9,371.2,182.5,249.1,95.4,162.6,58.8,169.4,143.5,190,176.4,125.4,0,83.8,71.7,149.9,115.4
2026/8/20,07:00~09:00,通過量,13539,8505,5034,7019,3926,1683,879,695,669,4416,1083,429,1546,1358,2991,1344,886,761,2603,763,709,1131,2385,684,1701,2487,1001,1486,614,614,5228,1492,1289,2034,413,9648,747,3732,3782,1387,5720,2926,2794,5585,2850,2735,5603,757,2306,543,1997,,,,,,,,,,,,,,,,,,,,,
2026/8/20,07:00~09:00,平均停等延滯,51.8,61.2,35.8,50.9,27.3,33.7,27.5,1.7,37.8,46.8,34.6,66.8,33.2,65.6,36.4,38.1,32.7,37.6,37.7,14.3,28.4,59.3,10.9,10,11.2,13.5,16.4,11.5,28.5,28.5,19.7,22.3,2,25.9,34.8,12.8,30.7,13.1,9.7,10.7,5.3,10.2,0.1,17.9,21.2,14.5,18.4,3.7,14.8,47.6,20.3,,,,,,,,,,,,,,,,,,,,,
2026/8/20,10:00~17:00,總停等延滯,1352443,1008387,344056,784442,305658,137381,61254,2663,104360,304405,77028,39425,96871,91081,215644,103895,51733,60016,182680,26961,39961,115758,41341,13710,27631,96428,44852,51576,36274,36274,170013,70313,320,68568,30812,364820,73025,174262,95251,22282,37441,36729,712,191156,116355,74801,191025,16874,60769,44113,69269,162,256.5,194.3,169.2,221.6,488.1,203.1,244.3,108.6,163,59.9,197.6,184.2,222.2,253.7,0,0,103.9,93.8,104.6,138.8
2026/8/20,10:00~17:00,通過量,35435,23811,11624,19251,12960,5302,2529,2485,2644,12381,2877,1296,5059,3149,8553,4626,1481,2446,6979,2015,1750,3214,5971,1901,4070,6355,2758,3597,1467,1467,12135,3879,2885,4200,1171,24892,3001,8822,9813,3256,16571,7712,8859,16251,7670,8581,16335,1661,7246,1573,5855,,,,,,,,,,,,,,,,,,,,,
2026/8/20,10:00~17:00,平均停等延滯,38.2,42.3,29.6,40.7,23.6,25.9,24.2,1.1,39.5,24.6,26.8,30.4,19.1,28.9,25.2,22.5,34.9,24.5,26.2,13.4,22.8,36,6.9,7.2,6.8,15.2,16.3,14.3,24.7,24.7,14,18.1,0.1,16.3,26.3,14.7,24.3,19.8,9.7,6.8,2.3,4.8,0.1,11.8,15.2,8.7,11.7,10.2,8.4,28,11.8,,,,,,,,,,,,,,,,,,,,,
2026/8/20,17:00~20:00,總停等延滯,638432,445129,193303,326055,118352,54864,25015,1139,37334,134893,31656,15758,27957,59522,104684,41567,26898,36219,87200,20917,18124,48159,25440,10922,14518,53947,28101,25846,18970,18970,94946,40472,853,36105,17516,181976,23711,66629,87283,4353,28722,28197,525,55144,27810,27334,60213,1579,22473,13818,22343,150.9,182.6,231,164.3,222.3,430.5,328.4,290.7,119.1,151.2,70,234.3,158.5,260.8,181.7,0,0,207.2,98,136.5,148.3
2026/8/20,17:00~20:00,通過量,19235,12428,6807,8214,6229,2511,1215,1016,1487,6049,1295,732,2085,1937,4752,2446,838,1468,3582,1342,942,1298,3228,1262,1966,3707,1815,1892,826,826,7232,2513,1451,2479,789,9820,1697,3594,3399,1130,6944,2814,4130,6937,2779,4158,7383,861,3599,660,2263,,,,,,,,,,,,,,,,,,,,,
2026/8/20,17:00~20:00,平均停等延滯,33.2,35.8,28.4,39.7,19,21.8,20.6,1.1,25.1,22.3,24.4,21.5,13.4,30.7,22,17,32.1,24.7,24.3,15.6,19.2,37.1,7.9,8.7,7.4,14.6,15.5,13.7,23,23,13.1,16.1,0.6,14.6,22.2,18.5,14,18.5,25.7,3.9,4.1,10,0.1,7.9,10,6.6,8.2,1.8,6.2,20.9,9.9,,,,,,,,,,,,,,,,,,,,,
2026/8/20,10:00~12:00,總停等延滯,465163,358567,106596,305498,106137,48302,21447,912,35476,125448,27221,20391,41567,36269,70479,38598,14787,17094,56503,6630,13156,36717,13984,3637,10347,26673,11203,15470,10661,10661,55278,20871,157,24300,9950,137489,28420,60256,41996,6817,12269,12139,130,81361,49840,31521,74379,6986,25405,17736,24252,147.6,182.1,194.3,135.3,206.8,387.6,284.7,218.7,120,148.2,59.6,201.8,133.4,206.3,180.6,0,0,174,88.6,93,124.9
2026/8/20,10:00~12:00,通過量,9076,6001,3075,5666,3212,1360,704,590,558,3225,769,315,1342,799,2080,1202,379,499,1847,460,510,877,1531,459,1072,1649,661,988,362,362,3167,913,825,1139,290,7213,797,2947,2590,879,4112,1811,2301,4256,1923,2333,4277,398,1957,497,1425,,,,,,,,,,,,,,,,,,,,,
2026/8/20,10:00~12:00,平均停等延滯,51.3,59.8,34.7,53.9,33,35.5,30.5,1.5,63.6,38.9,35.4,64.7,31,45.4,33.9,32.1,39,34.3,30.6,14.4,25.8,41.9,9.1,7.9,9.7,16.2,16.9,15.7,29.5,29.5,17.5,22.9,0.2,21.3,34.3,19.1,35.7,20.4,16.2,7.8,3,6.7,0.1,19.1,25.9,13.5,17.4,17.6,13,35.7,17,,,,,,,,,,,,,,,,,,,,,
2026/8/20,14:00~16:00,總停等延滯,336886,245864,91022,191869,75169,32218,14555,692,27704,64788,19184,7312,20338,17954,53748,23378,14118,16252,52159,8627,10100,33432,11087,3699,7388,26270,14184,12086,10018,10018,43647,21403,58,14699,7487,96913,18306,44729,27303,6575,14243,13965,278,38584,23367,15217,42129,3573,12850,8900,16806,158.6,242.9,182,144.7,218.8,471,175.2,274.1,104.7,158.7,60,183.3,146.9,214.6,239.4,0,0,83.6,90.9,106.4,181.4
2026/8/20,14:00~16:00,通過量,10547,7158,3389,5476,4007,1642,644,784,937,3673,860,409,1487,917,2590,1381,393,816,2020,620,445,955,1719,596,1123,1834,865,969,478,478,3551,1236,811,1161,343,7100,896,2342,2872,990,5001,2386,2615,4867,2383,2484,4830,489,2103,379,1859,,,,,,,,,,,,,,,,,,,,,
2026/8/20,14:00~16:00,平均停等延滯,31.9,34.3,26.9,35,18.8,19.6,22.6,0.9,29.6,17.6,22.3,17.9,13.7,19.6,20.8,16.9,35.9,19.9,25.8,13.9,22.7,35,6.4,6.2,6.6,14.3,16.4,12.5,21,21,12.3,17.3,0.1,12.7,21.8,13.6,20.4,19.1,9.5,6.6,2.8,5.9,0.1,7.9,9.8,6.1,8.7,7.3,6.1,23.5,9,,,,,,,,,,,,,,,,,,,,,
2026/8/20,16:00~19:00,總停等延滯,608935,420931,188004,319012,116954,51948,25677,993,38336,120135,28646,12128,27219,52142,99279,39553,28377,31349,84563,18695,17849,48019,24049,11053,12996,48154,27452,20702,20217,20217,95584,40692,888,36386,17618,175425,24051,63173,82078,6123,35460,34916,544,50114,26358,23756,58013,2137,22186,13300,20390,148.8,323.8,219.5,150.2,214.4,578.4,320.2,300.1,104,149,64.4,219.3,143.9,249.5,315.7,0,0,193.3,96.6,153.8,140.9
2026/8/20,16:00~19:00,通過量,20018,12764,7254,8659,6559,2569,1343,1094,1553,6063,1307,655,2205,1896,4956,2553,892,1511,3623,1278,969,1376,3414,1326,2088,3947,1918,2029,904,904,7670,2646,1551,2634,839,10560,1813,3710,3798,1239,7381,3070,4311,7205,2949,4256,7750,974,3640,657,2479,,,,,,,,,,,,,,,,,,,,,
2026/8/20,16:00~19:00,平均停等延滯,30.4,33,25.9,36.8,17.8,20.2,19.1,0.9,24.7,19.8,21.9,18.5,12.3,27.5,20,15.5,31.8,20.7,23.3,14.6,18.4,34.9,7,8.3,6.2,12.2,14.3,10.2,22.4,22.4,12.5,15.4,0.6,13.8,21,16.6,13.3,17,21.6,4.9,4.8,11.4,0.1,7,8.9,5.6,7.5,2.2,6.1,20.2,8.2,,,,,,,,,,,,,,,,,,,,,
2026/8/20,20:00~23:00,總停等延滯,518914,420394,98520,355342,105393,56325,19460,2389,27219,175382,33281,27976,47422,66703,82731,38490,12869,31372,56888,14838,12143,29907,13598,4671,8927,26405,14715,11690,11826,11826,46691,28718,90,9710,8173,202861,30997,93158,78071,635,1716,1437,279,75036,41578,33458,75729,496,23656,12807,38770,148.7,211.7,206.1,131.6,224.3,414.5,198.1,252.7,138.6,152.6,74.1,220.7,128.2,204.3,205.9,0,0,77.9,127.8,65.4,171.8
2026/8/20,20:00~23:00,通過量,10160,7074,3086,5486,3989,1664,742,893,690,4298,1094,490,1519,1195,2333,1249,343,741,2049,840,440,769,1445,582,863,1555,807,748,435,435,3215,1146,882,921,266,6084,735,2458,2358,533,5079,2415,2664,4938,2396,2542,5085,439,2353,359,1934,,,,,,,,,,,,,,,,,,,,,
2026/8/20,20:00~23:00,平均停等延滯,51.1,59.4,31.9,64.8,26.4,33.8,26.2,2.7,39.4,40.8,30.4,57.1,31.2,55.8,35.5,30.8,37.5,42.3,27.8,17.7,27.6,38.9,9.4,8,10.3,17,18.2,15.6,27.2,27.2,14.5,25.1,0.1,10.5,30.7,33.3,42.2,37.9,33.1,1.2,0.3,0.6,0.1,15.2,17.4,13.2,14.9,1.1,10.1,35.7,20,,,,,,,,,,,,,,,,,,,,,
2026/8/21,07:00~09:00,總停等延滯,621677,463188,158489,261368,90248,37173,28790,1254,23031,185573,39887,24039,40390,81257,109470,52930,27077,29463,77897,10710,16535,50652,20389,5378,15011,26497,17576,8921,15460,15460,96143,30189,1675,50423,13856,107910,21726,47000,24951,14233,24777,23571,1206,63767,44975,18792,64914,3275,23007,18699,19933,150.9,179.9,169.6,123.6,213.8,375.8,283.5,231.1,179.3,151.3,63,166.5,126,196.3,183.3,144.6,0,176.8,62.1,109.8,118.2
2026/8/21,07:00~09:00,通過量,13032,8336,4696,7221,3919,1733,850,710,626,4377,1099,437,1510,1331,2934,1332,874,728,2512,755,664,1093,2218,655,1563,2434,938,1496,555,555,4837,1351,1229,1826,431,9379,791,3876,3405,1307,5671,2914,2757,5572,2872,2700,5540,763,2223,529,2025,,,,,,,,,,,,,,,,,,,,,
2026/8/21,07:00~09:00,平均停等延滯,47.7,55.6,33.7,36.2,23,21.5,33.9,1.8,36.8,42.4,36.3,55,26.7,61,37.3,39.7,31,40.5,31,14.2,24.9,46.3,9.2,8.2,9.6,10.9,18.7,6,27.9,27.9,19.9,22.3,1.4,27.6,32.1,11.5,27.5,12.1,7.3,10.9,4.4,8.1,0.4,11.4,15.7,7,11.7,4.3,10.3,35.3,9.8,,,,,,,,,,,,,,,,,,,,,
2026/8/21,10:00~17:00,總停等延滯,1672721,1212962,459759,692373,288942,101997,69118,3435,114392,443144,95322,53071,148081,146670,270718,135280,60820,74618,210158,35629,44311,130218,57098,23119,33979,143594,103569,40025,46128,46128,212939,88211,1462,84821,38445,290619,64698,124428,74366,27127,59445,56941,2504,175329,121406,53923,166980,15591,65424,37334,48631,147.6,309.4,226.1,158.1,212.2,552.4,263.3,265.3,142.5,147.6,64.5,231,151.6,242.3,319.8,136.1,0,111.4,149.3,98.7,169.7
2026/8/21,10:00~17:00,通過量,39458,26561,12897,23355,14088,6035,2644,2566,2843,14155,3332,1601,5467,3755,9541,5180,1714,2647,7707,2385,1954,3368,6438,2150,4288,6888,2890,3998,1734,1734,13336,4323,3016,4695,1302,29474,3022,12265,10826,3361,18270,8732,9538,17935,8604,9331,17904,1732,8104,1547,6521,,,,,,,,,,,,,,,,,,,,,
2026/8/21,10:00~17:00,平均停等延滯,42.4,45.7,35.6,29.6,20.5,16.9,26.1,1.3,40.2,31.3,28.6,33.1,27.1,39.1,28.4,26.1,35.5,28.2,27.3,14.9,22.7,38.7,8.9,10.8,7.9,20.8,35.8,10,26.6,26.6,16,20.4,0.5,18.1,29.5,9.9,21.4,10.1,6.9,8.1,3.3,6.5,0.3,9.8,14.1,5.8,9.3,9,8.1,24.1,7.5,,,,,,,,,,,,,,,,,,,,,
2026/8/21,17:00~20:00,總停等延滯,767132,530363,236769,344210,112977,40670,30956,2302,39049,171562,54927,13921,50378,52336,140584,52562,39442,48580,105240,25527,19765,59948,33067,12446,20621,56135,30359,25776,21102,21102,126465,51169,835,55087,19374,184368,32599,57357,80252,14160,40694,38976,1718,63141,46240,16901,56007,4442,22666,12896,16003,152.7,403,216,128,229.2,675.2,169.1,325.3,137.3,152.5,76.3,218.4,127,254.5,379.6,126.2,0,88.3,79.3,172.2,153.9
2026/8/21,17:00~20:00,通過量,22449,14544,7905,10160,6730,2681,1353,1174,1522,7188,1544,873,2262,2509,5593,2719,1207,1667,4360,1628,1134,1598,3816,1382,2434,4451,2051,2400,997,997,8340,2814,1559,3171,796,12125,1534,5625,3820,1146,7220,2950,4270,7132,2963,4169,7702,885,3816,639,2362,,,,,,,,,,,,,,,,,,,,,
2026/8/21,17:00~20:00,平均停等延滯,34.2,36.5,30,33.9,16.8,15.2,22.9,2,25.7,23.9,35.6,15.9,22.3,20.9,25.1,19.3,32.7,29.1,24.1,15.7,17.4,37.5,8.7,9,8.5,12.6,14.8,10.7,21.2,21.2,15.2,18.2,0.5,17.4,24.3,15.2,21.3,10.2,21,12.4,5.6,13.2,0.4,8.9,15.6,4.1,7.3,5,5.9,20.2,6.8,,,,,,,,,,,,,,,,,,,,,
2026/8/21,10:00~12:00,總停等延滯,497470,366544,130926,198746,87082,32915,21059,975,32133,140657,30065,21245,45361,43986,82398,45733,17209,19456,56407,8053,12703,35651,15319,4899,10420,43581,34437,9144,11163,11163,60863,23237,364,27178,10084,71003,18994,38389,7149,6471,7790,7256,534,66117,43133,22984,53836,5614,24122,11431,12669,150.7,270.4,215.9,145.5,218.5,530.9,322.4,214.9,114.9,150.7,67.6,218.1,144.3,257.3,277.3,148.7,0,137.9,210.7,99.8,107.5
2026/8/21,10:00~12:00,通過量,10273,6872,3401,6605,3627,1659,733,629,606,3656,870,399,1494,893,2440,1345,481,614,2020,533,514,973,1715,542,1173,1858,755,1103,396,396,3478,1015,810,1346,307,8362,877,3722,2833,930,4905,2319,2586,4793,2218,2575,4700,460,2234,447,1559,,,,,,,,,,,,,,,,,,,,,
2026/8/21,10:00~12:00,平均停等延滯,48.4,53.3,38.5,30.1,24,19.8,28.7,1.6,53,38.5,34.6,53.2,30.4,49.3,33.8,34,35.8,31.7,27.9,15.1,24.7,36.6,8.9,9,8.9,23.5,45.6,8.3,28.2,28.2,17.5,22.9,0.4,20.2,32.8,8.5,21.7,10.3,2.5,7,1.6,3.1,0.2,13.8,19.4,8.9,11.5,12.2,10.8,25.6,8.1,,,,,,,,,,,,,,,,,,,,,
2026/8/21,14:00~16:00,總停等延滯,535570,397121,138449,225521,89104,28170,21304,1133,38497,154642,27367,15714,55550,56011,87368,42733,18848,25787,66007,10600,13176,42231,21761,10878,10883,37703,24778,12925,13367,13367,65618,29930,557,23736,11395,97342,23245,43171,22338,8588,24017,23186,831,47853,34258,13595,56309,5537,20001,12935,17836,146,323,224.6,180.8,212.1,558.7,338.2,313.5,176.9,146,66.1,226.6,164.3,230.1,365.2,135.7,0,143.1,173.4,107.3,208.4
2026/8/21,14:00~16:00,通過量,11832,8030,3802,6919,4199,1751,727,750,971,4219,929,499,1600,1191,2923,1588,487,848,2273,717,572,984,1905,666,1239,2118,986,1132,533,533,3944,1341,937,1287,379,8765,871,3435,3457,1002,5594,2789,2805,5278,2687,2591,5391,510,2268,468,2145,,,,,,,,,,,,,,,,,,,,,
2026/8/21,14:00~16:00,平均停等延滯,45.3,49.5,36.4,32.6,21.2,16.1,29.3,1.5,39.6,36.7,29.5,31.5,34.7,47,29.9,26.9,38.7,30.4,29,14.8,23,42.9,11.4,16.3,8.8,17.8,25.1,11.4,25.1,25.1,16.6,22.3,0.6,18.4,30.1,11.1,26.7,12.6,6.5,8.6,4.3,8.3,0.3,9.1,12.7,5.2,10.4,10.9,8.8,27.6,8.3,,,,,,,,,,,,,,,,,,,,,
2026/8/21,16:00~19:00,總停等延滯,786899,538835,248064,389576,119126,41561,28712,1879,46974,170733,48548,15225,53618,53342,137109,54371,36808,45930,111867,24983,21303,65581,30949,12087,18862,59137,33311,25826,25842,25842,132136,52542,786,55216,23592,212964,32261,57784,105183,17736,53428,51790,1638,68989,54110,14879,54195,4563,20448,14026,15158,151,338.1,229.3,156.2,223.4,596.3,177.8,330.2,143.8,150.9,72,241.4,148.8,237.6,345.1,114.8,0,85.2,92.6,161.8,163.9
2026/8/21,16:00~19:00,通過量,22074,14049,8025,9897,6867,2682,1388,1192,1605,6807,1484,818,2305,2200,5408,2729,1102,1577,4269,1592,1126,1551,3767,1412,2355,4402,2072,2330,1109,1109,8407,2903,1572,3060,872,11920,1417,5264,3967,1272,7210,3097,4113,7175,3131,4044,7856,979,3661,648,2568,,,,,,,,,,,,,,,,,,,,,
2026/8/21,16:00~19:00,平均停等延滯,35.6,38.4,30.9,39.4,17.3,15.5,20.7,1.6,29.3,25.1,32.7,18.6,23.3,24.2,25.4,19.9,33.4,29.1,26.2,15.7,18.9,42.3,8.2,8.6,8,13.4,16.1,11.1,23.3,23.3,15.7,18.1,0.5,18,27.1,17.9,22.8,11,26.5,13.9,7.4,16.7,0.4,9.6,17.3,3.7,6.9,4.7,5.6,21.6,5.9,,,,,,,,,,,,,,,,,,,,,
2026/8/21,20:00~23:00,總停等延滯,593442,469662,123780,211745,97027,38649,22836,2958,32584,207793,50966,24772,60818,71237,92898,41757,23012,28129,71944,22078,16611,33255,21239,6031,15208,28915,18137,10778,14027,14027,59599,37698,129,13151,8621,72246,20730,34786,14571,2159,12574,12094,480,61064,38865,22199,65861,522,25898,11643,27798,147.1,272.7,175.3,150,230.1,485.3,291.5,243,109.5,147.2,84.4,176.5,149.5,186.6,273,144.6,0,76.2,226.7,78.3,169.7
2026/8/21,20:00~23:00,通過量,13670,9783,3887,8233,5236,2186,916,1175,959,6105,1483,704,2046,1872,3322,1740,586,996,2769,1205,625,939,2020,816,1204,2094,1090,1004,538,538,4126,1593,1098,1119,316,9413,892,4236,3613,672,6441,3044,3397,6569,3155,3414,6532,428,2999,505,2600,,,,,,,,,,,,,,,,,,,,,
2026/8/21,20:00~23:00,平均停等延滯,43.4,48,31.8,25.7,18.5,17.7,24.9,2.5,34,34,34.4,35.2,29.7,38.1,28,24,39.3,28.2,26,18.3,26.6,35.4,10.5,7.4,12.6,13.8,16.6,10.7,26.1,26.1,14.4,23.7,0.1,11.8,27.3,7.7,23.2,8.2,4,3.2,2,4,0.1,9.3,12.3,6.5,10.1,1.2,8.6,23.1,10.7,,,,,,,,,,,,,,,,,,,,,
2026/8/22,07:00~09:00,總停等延滯,343786,273689,70097,153423,66768,39311,13759,715,12983,100949,23349,10282,34760,32558,63965,40516,10617,12832,42007,6750,7169,28088,7790,2130,5660,12952,11112,1840,6382,6382,42973,11796,23,22476,8678,55777,18020,30672,3168,3917,4307,4084,223,48964,33238,15726,44375,3169,23884,7696,9626,154.1,189.4,171,105.7,213.5,339.9,241.8,190.7,111.2,154.2,59.6,169.2,106.7,145,197,150.5,0,71.9,146.1,101.4,112.2
2026/8/22,07:00~09:00,通過量,7183,4670,2513,4770,2522,1310,411,461,340,2688,763,214,1050,661,1609,853,323,433,1403,425,290,688,1300,410,890,1285,518,767,223,223,2625,745,587,1031,262,6146,573,2705,2163,705,3836,1740,2096,3616,1693,1923,3497,359,1646,284,1208,,,,,,,,,,,,,,,,,,,,,
2026/8/22,07:00~09:00,平均停等延滯,47.9,58.6,27.9,32.2,26.5,30,33.5,1.6,38.2,37.6,30.6,48,33.1,49.3,39.8,47.5,32.9,29.6,29.9,15.9,24.7,40.8,6,5.2,6.4,10.1,21.5,2.4,28.6,28.6,16.4,15.8,0,21.8,33.1,9.1,31.4,11.3,1.5,5.6,1.1,2.3,0.1,13.5,19.6,8.2,12.7,8.8,14.5,27.1,8,,,,,,,,,,,,,,,,,,,,,
2026/8/22,10:00~17:00,總停等延滯,2418925,1947466,471459,712742,407199,127250,115949,3882,160118,769115,119764,92270,279541,277540,453638,228234,97118,128286,317514,38694,61804,217016,57828,12068,45760,126352,70496,55856,46627,46627,240652,79391,2141,117047,42073,202516,44643,80396,59689,17788,56206,54188,2018,220110,148912,71198,233910,13791,96978,41905,81236,166.8,305.9,216,132.6,254.3,610.7,208.6,265,132.4,167.3,87.5,222.9,132.8,297.8,310.9,132.2,0,112.3,107.7,107.5,160.7
2026/8/22,10:00~17:00,通過量,44756,31122,13634,21889,16165,6509,3258,2670,3728,16301,3823,2062,5787,4629,12171,6815,2479,2877,8243,2663,2361,3219,6618,1943,4675,7300,2819,4481,1669,1669,13902,3880,3434,5223,1365,27356,3176,10496,11046,2638,20207,9160,11047,19917,9159,10758,19514,1783,9514,1491,6726,,,,,,,,,,,,,,,,,,,,,
2026/8/22,10:00~17:00,平均停等延滯,54,62.6,34.6,32.6,25.2,19.5,35.6,1.5,43,47.2,31.3,44.7,48.3,60,37.3,33.5,39.2,44.6,38.5,14.5,26.2,67.4,8.7,6.2,9.8,17.3,25,12.5,27.9,27.9,17.3,20.5,0.6,22.4,30.8,7.4,14.1,7.7,5.4,6.7,2.8,5.9,0.2,11.1,16.3,6.6,12,7.7,10.2,28.1,12.1,,,,,,,,,,,,,,,,,,,,,
2026/8/22,17:00~20:00,總停等延滯,799201,605578,193623,257185,130604,58059,41817,2049,28679,211130,37130,31611,68749,73640,158452,75714,35316,47422,105392,17167,21357,66868,20171,5697,14474,57772,34298,23474,18136,18136,97544,38104,503,41104,17833,81389,13094,22414,39189,6692,36722,35970,752,62374,39417,22957,76700,4346,28711,15018,28625,176.2,316.8,221,158.7,279.9,629.6,155.9,290.4,155.2,178.1,103.5,243.5,164.4,301.7,316.6,0,0,88,68.9,119.3,163
2026/8/22,17:00~20:00,通過量,18394,12759,5635,8075,6847,2373,1209,1113,2152,6424,1371,861,2442,1750,4871,2510,875,1486,3269,1216,856,1197,2622,921,1701,3009,1370,1639,818,818,5854,1958,1252,1936,708,9748,1337,2996,4442,973,7414,3734,3680,7361,3758,3603,7690,721,3227,582,3160,,,,,,,,,,,,,,,,,,,,,
2026/8/22,17:00~20:00,平均停等延滯,43.4,47.5,34.4,31.8,19.1,24.5,34.6,1.8,13.3,32.9,27.1,36.7,28.2,42.1,32.5,30.2,40.4,31.9,32.2,14.1,24.9,55.9,7.7,6.2,8.5,19.2,25,14.3,22.2,22.2,16.7,19.5,0.4,21.2,25.2,8.3,9.8,7.5,8.8,6.9,5,9.6,0.2,8.5,10.5,6.4,10,6,8.9,25.8,9.1,,,,,,,,,,,,,,,,,,,,,
2026/8/22,10:00~12:00,總停等延滯,756488,602374,154114,245518,102291,35353,33937,1296,31705,251823,36720,31183,79934,103986,143496,74973,28714,39809,104764,10819,19772,74173,19011,3178,15833,41649,21809,19840,13155,13155,80299,23870,491,42293,13645,74749,19250,38238,13292,3969,10647,10298,349,77626,52962,24664,82496,3311,37291,14366,27528,169.1,198.5,208,116.8,262.8,487.4,272.6,324.1,99.3,170.5,93.5,216.3,114.1,304.2,196.9,142.5,0,178.6,125.2,131.9,197.4
2026/8/22,10:00~12:00,通過量,12150,8251,3899,6129,4083,1866,857,683,677,4536,1089,541,1602,1304,3156,1743,689,724,2360,767,678,915,1855,514,1341,2096,741,1355,440,440,3940,995,946,1609,390,7679,685,3370,2901,723,5406,2356,3050,5413,2431,2982,5276,556,2646,369,1705,,,,,,,,,,,,,,,,,,,,,
2026/8/22,10:00~12:00,平均停等延滯,62.3,73,39.5,40.1,25.1,18.9,39.6,1.9,46.8,55.5,33.7,57.6,49.9,79.7,45.5,43,41.7,55,44.4,14.1,29.2,81.1,10.2,6.2,11.8,19.9,29.4,14.6,29.9,29.9,20.4,24,0.5,26.3,35,9.7,28.1,11.3,4.6,5.5,2,4.4,0.1,14.3,21.8,8.3,15.6,6,14.1,38.9,16.1,,,,,,,,,,,,,,,,,,,,,
2026/8/22,14:00~16:00,總停等延滯,545815,433863,111952,143414,110841,32699,27236,836,50070,147392,29036,17989,53474,46893,104933,48066,23126,33741,70697,10290,13901,46506,12881,3108,9773,31992,17954,14038,12786,12786,54293,20067,558,23570,10098,37251,6604,8085,16936,5626,16221,15810,411,44258,26833,17425,45684,3127,17257,8646,16654,168.5,335.2,188.2,113.6,253.2,530.4,169.6,228.1,104.6,168.5,84.2,180.2,115,233.3,365.1,0,0,87.1,80.4,84.3,150.7
2026/8/22,14:00~16:00,通過量,12807,9061,3746,6263,4859,1908,912,766,1273,4785,1097,578,1754,1356,3506,1949,644,913,2212,735,645,832,1841,548,1293,2007,778,1229,505,505,3842,1149,970,1338,385,7786,1036,2577,3386,787,5950,2746,3204,5861,2783,3078,5894,499,2745,461,2189,,,,,,,,,,,,,,,,,,,,,
2026/8/22,14:00~16:00,平均停等延滯,42.6,47.9,29.9,22.9,22.8,17.1,29.9,1.1,39.3,30.8,26.5,31.1,30.5,34.6,29.9,24.7,35.9,37,32,14,21.6,55.9,7,5.7,7.6,15.9,23.1,11.4,25.3,25.3,14.1,17.5,0.6,17.6,26.2,4.8,6.4,3.1,5,7.1,2.7,5.8,0.1,7.6,9.6,5.7,7.8,6.3,6.3,18.8,7.6,,,,,,,,,,,,,,,,,,,,,
2026/8/22,16:00~19:00,總停等延滯,817274,620524,196750,252867,139141,59038,44570,1651,33882,209253,37866,28353,70561,72473,159069,75604,38576,44889,113061,18901,23313,70847,20908,6031,14877,53561,35223,18338,21831,21831,100450,38072,517,43811,18050,87560,12598,22263,44224,8475,39982,38802,1180,57338,38554,18784,67987,6021,22583,15383,24000,176.8,390.2,288,164,271.9,630.5,154.4,256.9,163,179.3,94.4,336.6,172.6,239.4,379.1,0,0,87.4,69,121,134.4
2026/8/22,16:00~19:00,通過量,19770,13712,6058,8680,7363,2559,1351,1167,2286,6732,1532,926,2397,1877,5352,2837,980,1535,3497,1299,932,1266,2814,1007,1807,3261,1525,1736,861,861,6254,2064,1356,2162,672,10528,1498,3231,4660,1139,8186,4021,4165,8012,3975,4037,8379,828,3600,645,3306,,,,,,,,,,,,,,,,,,,,,
2026/8/22,16:00~19:00,平均停等延滯,41.3,45.3,32.5,29.1,18.9,23.1,33,1.4,14.8,31.1,24.7,30.6,29.4,38.6,29.7,26.6,39.4,29.2,32.3,14.6,25,56,7.4,6,8.2,16.4,23.1,10.6,25.4,25.4,16.1,18.4,0.4,20.3,26.9,8.3,8.4,6.9,9.5,7.4,4.9,9.6,0.3,7.2,9.7,4.7,8.1,7.3,6.3,23.8,7.3,,,,,,,,,,,,,,,,,,,,,
2026/8/22,20:00~23:00,總停等延滯,633357,506620,126737,215500,103247,40938,30536,4960,26813,225245,35136,35762,67172,87175,104930,56605,17323,31002,73198,16704,15267,41227,17619,6360,11259,37729,16587,21142,12091,12091,59298,37589,192,12384,9133,40747,10839,11091,15227,3590,18209,17998,211,74833,34698,40135,81711,1927,28896,12453,38435,164.9,281.8,204.6,136.2,269.5,565.6,226.6,233.6,137.8,163.4,104.8,224.4,136.1,308.2,284.6,0,0,110.8,127.6,93,142.7
2026/8/22,20:00~23:00,通過量,12691,9272,3419,6453,5290,1752,810,1203,1525,5160,1091,694,1942,1433,3106,1508,522,1076,2518,1058,499,961,1813,711,1102,1854,974,880,461,461,3644,1397,907,990,350,7805,769,2488,3875,673,5979,3286,2693,5962,3276,2686,6106,506,2404,443,2753,,,,,,,,,,,,,,,,,,,,,
2026/8/22,20:00~23:00,平均停等延滯,49.9,54.6,37.1,33.4,19.5,23.4,37.7,4.1,17.6,43.7,32.2,51.5,34.6,60.8,33.8,37.5,33.2,28.8,29.1,15.8,30.6,42.9,9.7,8.9,10.2,20.4,17,24,26.2,26.2,16.3,26.9,0.2,12.5,26.1,5.2,14.1,4.5,3.9,5.3,3,5.5,0.1,12.6,10.6,14.9,13.4,3.8,12,28.1,14,,,,,,,,,,,,,,,,,,,,,
2026/8/23,07:00~09:00,總停等延滯,211572,170365,41207,89875,38904,17598,7900,407,12999,60308,11187,9842,21773,17506,37933,24026,6257,7650,33220,4202,10327,18691,3121,712,2409,12141,7652,4489,4803,4803,21142,8228,7,7475,5432,29849,11082,17202,541,1024,1748,1692,56,36423,24781,11642,21855,233,7466,7460,6696,158.5,140.1,204.1,120.4,214.4,271,126.8,159.9,135.3,158.1,56.8,204.3,118.7,131.1,139.3,89.8,0,84.8,40.4,51.2,114.8
2026/8/23,07:00~09:00,通過量,4530,2913,1617,2838,1523,777,245,269,232,1627,421,123,679,404,1032,562,216,254,930,268,194,468,815,275,540,840,373,467,154,154,1692,504,425,581,182,3708,363,1497,1358,490,2377,1102,1275,2340,1157,1183,2236,269,989,167,811,,,,,,,,,,,,,,,,,,,,,
2026/8/23,07:00~09:00,平均停等延滯,46.7,58.5,25.5,31.7,25.5,22.6,32.2,1.5,56,37.1,26.6,80,32.1,43.3,36.8,42.8,29,30.1,35.7,15.7,53.2,39.9,3.8,2.6,4.5,14.5,20.5,9.6,31.2,31.2,12.5,16.3,0,12.9,29.8,8,30.5,11.5,0.4,2.1,0.7,1.5,0,15.6,21.4,9.8,9.8,0.9,7.5,44.7,8.3,,,,,,,,,,,,,,,,,,,,,
2026/8/23,10:00~17:00,總停等延滯,2792614,2308544,484070,855321,441805,131259,120100,3858,186588,1051579,139254,136494,385078,390753,504821,260756,94994,149071,310339,39019,66485,204835,53686,9967,43719,143795,65826,77969,49675,49675,236914,76362,1339,116909,42304,277202,72447,127862,59813,17080,68818,66690,2128,234303,163800,70503,274998,17956,105938,43757,107347,171.2,366.4,229.4,131.9,259.1,690.7,186.3,268.4,132.7,172,87.6,248.5,132.6,354.3,376.6,146.1,0,112.5,72.4,94.3,176.5
2026/8/23,10:00~17:00,通過量,44450,31104,13346,23679,15984,6450,3202,2537,3795,16719,4172,2267,5598,4682,12341,6879,2515,2947,8080,2834,2200,3046,6557,1716,4841,7278,2596,4682,1742,1742,13731,3843,3379,5218,1291,28424,2627,12756,10514,2527,20065,8856,11209,19935,8944,10991,19797,1794,9707,1413,6883,,,,,,,,,,,,,,,,,,,,,
2026/8/23,10:00~17:00,平均停等延滯,62.8,74.2,36.3,36.1,27.6,20.4,37.5,1.5,49.2,62.9,33.4,60.2,68.8,83.5,40.9,37.9,37.8,50.6,38.4,13.8,30.2,67.2,8.2,5.8,9,19.8,25.4,16.7,28.5,28.5,17.3,19.9,0.4,22.4,32.8,9.8,27.6,10,5.7,6.8,3.4,7.5,0.2,11.8,18.3,6.4,13.9,10,10.9,31,15.6,,,,,,,,,,,,,,,,,,,,,
2026/8/23,17:00~20:00,總停等延滯,1039886,840960,198926,384781,158486,78203,43373,1634,35276,379925,52718,44841,119306,163060,185484,92647,33567,59270,117065,18755,22274,76036,18149,4696,13453,63206,35201,28005,18208,18208,99363,39619,99,40405,19240,131514,28715,50447,44452,7900,48202,46849,1353,97708,69862,27846,107357,3769,38920,17768,46900,180.8,317.6,234.9,146.5,282.7,596.9,193.3,329.9,133.1,179.2,101.9,235.8,150,249.4,300.6,155.7,0,124.1,73.4,137.7,197.9
2026/8/23,17:00~20:00,通過量,18411,13050,5361,9699,7092,2571,1061,1249,2211,6913,1640,821,2337,2115,4743,2459,840,1444,3302,1315,855,1132,2585,971,1614,2931,1413,1518,782,782,5505,1897,1262,1767,579,11004,1048,4839,4031,1086,8122,4061,4061,7987,4037,3950,7987,722,3453,539,3273,,,,,,,,,,,,,,,,,,,,,
2026/8/23,17:00~20:00,平均停等延滯,56.5,64.4,37.1,39.7,22.3,30.4,40.9,1.3,16,55,32.1,54.6,51.1,77.1,39.1,37.7,40,41,35.5,14.3,26.1,67.2,7,4.8,8.3,21.6,24.9,18.4,23.3,23.3,18,20.9,0.1,22.9,33.2,12,27.4,10.4,11,7.3,5.9,11.5,0.3,12.2,17.3,7,13.4,5.2,11.3,33,14.3,,,,,,,,,,,,,,,,,,,,,
2026/8/23,10:00~12:00,總停等延滯,606859,473235,133624,192926,84344,25200,31750,948,26446,173316,31708,21609,65076,54923,128485,73543,25871,29071,87090,9641,21279,56170,14848,1963,12885,38411,14384,24027,13437,13437,66928,16560,235,38275,11858,59812,18995,32481,6336,2000,7353,6722,631,62192,40811,21381,63569,2391,28689,11487,21002,168.9,301.7,227.4,137.3,256.2,599.9,154,228.9,101.1,171.2,87.5,247.7,137.4,269.2,310.9,140.1,0,85.5,66,68.1,202.4
2026/8/23,10:00~12:00,通過量,11270,7572,3698,6358,3803,1782,806,591,624,4050,1005,481,1510,1054,3131,1746,675,710,2131,691,595,845,1717,386,1331,1852,532,1320,513,513,3641,842,897,1556,346,7559,790,3680,2529,560,5204,2131,3073,5141,2108,3033,5020,490,2642,379,1509,,,,,,,,,,,,,,,,,,,,,
2026/8/23,10:00~12:00,平均停等延滯,53.8,62.5,36.1,30.3,22.2,14.1,39.4,1.6,42.4,42.8,31.6,44.9,43.1,52.1,41,42.1,38.3,40.9,40.9,14,35.8,66.5,8.6,5.1,9.7,20.7,27,18.2,26.2,26.2,18.4,19.7,0.3,24.6,34.3,7.9,24,8.8,2.5,3.6,1.4,3.2,0.2,12.1,19.4,7,12.7,4.9,10.9,30.3,13.9,,,,,,,,,,,,,,,,,,,,,
2026/8/23,14:00~16:00,總停等延滯,1114321,953276,161045,333795,195541,53914,46549,1468,93610,471886,58003,62342,170618,180923,185019,92533,31075,61411,100830,13171,18940,68719,16571,3360,13211,50740,24036,26704,15249,15249,78485,27773,578,36620,13514,111825,27123,49749,26428,8525,30218,29627,591,83789,58337,25452,107963,7620,37745,17863,44735,176,448.5,301.3,123.9,266.3,795,165.4,280.1,143.2,176.4,90.1,331.9,125.6,368.7,469.7,128.9,0,86.6,81,117.3,166.5
2026/8/23,14:00~16:00,通過量,13301,9467,3834,7147,5007,1919,968,823,1297,5142,1293,715,1627,1507,3674,2042,713,919,2308,879,667,762,2000,566,1434,2210,887,1323,464,464,4065,1261,1035,1406,363,8642,763,3670,3371,838,6142,2805,3337,6239,2949,3290,6155,528,2913,463,2251,,,,,,,,,,,,,,,,,,,,,
2026/8/23,14:00~16:00,平均停等延滯,83.8,100.7,42,46.7,39.1,28.1,48.1,1.8,72.2,91.8,44.9,87.2,104.9,120.1,50.4,45.3,43.6,66.8,43.7,15,28.4,90.2,8.3,5.9,9.2,23,27.1,20.2,32.9,32.9,19.3,22,0.6,26,37.2,12.9,35.5,13.6,7.8,10.2,4.9,10.6,0.2,13.4,19.8,7.7,17.5,14.4,13,38.6,19.9,,,,,,,,,,,,,,,,,,,,,
2026/8/23,16:00~19:00,總停等延滯,1322709,1086751,235958,483513,189933,88250,49899,1668,50116,528064,59506,63539,176818,228201,230555,124096,38086,68373,138199,20001,25989,92209,21382,5479,15903,71581,37694,33887,23760,23760,119235,46798,204,48708,23525,158688,35321,62149,52337,8881,57053,55480,1573,132783,99101,33682,134989,7221,47610,20008,60150,178.5,391.5,234.4,138.6,277.9,716.3,248.9,283,143.9,176.7,100.2,240.3,141,333.2,367,147.7,0,166.9,76.8,135.9,147.8
2026/8/23,16:00~19:00,通過量,19566,13764,5802,10267,7418,2662,1202,1199,2355,7171,1781,886,2391,2113,5168,2790,895,1483,3553,1385,881,1287,2723,976,1747,3106,1458,1648,854,854,6041,2069,1364,1973,635,12092,1121,5344,4438,1189,8608,4176,4432,8482,4180,4302,8355,797,3756,527,3275,,,,,,,,,,,,,,,,,,,,,
2026/8/23,16:00~19:00,平均停等延滯,67.6,79,40.7,47.1,25.6,33.2,41.5,1.4,21.3,73.6,33.4,71.7,74,108,44.6,44.5,42.6,46.1,38.9,14.4,29.5,71.6,7.9,5.6,9.1,23,25.9,20.6,27.8,27.8,19.7,22.6,0.1,24.7,37,13.1,31.5,11.6,11.8,7.5,6.6,13.3,0.4,15.7,23.7,7.8,16.2,9.1,12.7,38,18.4,,,,,,,,,,,,,,,,,,,,,
2026/8/23,20:00~23:00,總停等延滯,709653,591537,118116,244612,114272,56913,26445,1802,29112,285818,47526,36566,78325,123401,112103,53485,19752,38866,79344,18502,14265,46577,18146,4502,13644,32889,18397,14492,11070,11070,56011,35151,185,13244,7431,81886,22859,35799,20295,2933,22597,22277,320,66508,47270,19238,73621,1476,26535,13825,31785,179.2,273.4,189.3,155.1,274.8,411.4,150.7,311.2,140.1,178.8,95.7,197.6,156.5,171.7,289.9,167.5,0,93,60.7,203.6,131.7
2026/8/23,20:00~23:00,通過量,12229,9061,3168,7505,5090,1949,699,1136,1306,5448,1299,578,1869,1702,2930,1438,523,969,2390,1055,435,900,1753,683,1070,1799,915,884,371,371,3437,1323,878,966,270,8355,693,3578,3439,645,6201,3349,2852,6200,3336,2864,6149,453,2462,427,2807,,,,,,,,,,,,,,,,,,,,,
2026/8/23,20:00~23:00,平均停等延滯,58,65.3,37.3,32.6,22.5,29.2,37.8,1.6,22.3,52.5,36.6,63.3,41.9,72.5,38.3,37.2,37.8,40.1,33.2,17.5,32.8,51.8,10.4,6.6,12.8,18.3,20.1,16.4,29.8,29.8,16.3,26.6,0.2,13.7,27.5,9.8,33,10,5.9,4.5,3.6,6.7,0.1,10.7,14.2,6.7,12,3.3,10.8,32.4,11.3,,,,,,,,,,,,,,,,,,,,,
2026/8/24,07:00~09:00,總停等延滯,635599,477677,157922,304334,91661,34983,26353,1370,28955,196872,32849,26616,45682,91725,99147,47486,28249,23412,89997,11741,14933,63323,21505,4778,16727,17336,10779,6557,16757,16757,102324,34207,2295,51256,14566,127745,25841,53556,31435,16913,38293,36932,1361,67167,53969,13198,71129,3645,25648,18663,23173,141.8,179.5,173.9,116.1,199.7,485,154.4,298.3,121.8,142.6,58.3,174.5,121.1,306.7,181.9,122.1,0,74,80.3,171.8,135
2026/8/24,07:00~09:00,通過量,12945,8125,4820,7433,3943,1522,903,846,672,4279,1011,406,1570,1292,2799,1243,849,707,2511,737,594,1180,2206,635,1571,2432,958,1474,583,583,5099,1497,1281,1898,423,10319,770,3998,4099,1452,5497,2926,2571,5711,3065,2646,5530,746,2119,543,2122,,,,,,,,,,,,,,,,,,,,,
2026/8/24,07:00~09:00,平均停等延滯,49.1,58.8,32.8,40.9,23.2,23,29.2,1.6,43.1,46,32.5,65.6,29.1,71,35.4,38.2,33.3,33.1,35.8,15.9,25.1,53.7,9.7,7.5,10.6,7.1,11.3,4.4,28.7,28.7,20.1,22.9,1.8,27,34.4,12.4,33.6,13.4,7.7,11.6,7,12.6,0.5,11.8,17.6,5,12.9,4.9,12.1,34.4,10.9,,,,,,,,,,,,,,,,,,,,,
2026/8/24,10:00~17:00,總停等延滯,1493880,1111280,382600,753496,282447,98517,65238,3596,115096,362760,84480,53949,125654,98677,250519,123667,56123,70729,215554,33771,42198,139585,42685,18525,24160,109503,51913,57590,44121,44121,186291,74011,835,74552,36893,360410,74780,134891,124853,25886,67262,64664,2598,168605,112227,56378,157219,16019,61664,33050,46486,163.2,280.7,229.4,197.8,231.4,538,238.6,319.5,113.6,164.7,68.8,239.5,201.7,271.7,275.6,151.5,0,105.4,135.1,125.4,194.5
2026/8/24,10:00~17:00,通過量,36563,24004,12559,21796,13053,5339,2527,2473,2714,12561,2851,1517,5270,2923,8552,4641,1453,2458,7141,2068,1830,3243,6029,2173,3856,6355,2839,3516,1598,1598,12822,4034,3063,4507,1218,27554,2870,11717,9656,3311,16594,7600,8994,16355,7614,8741,16344,1565,7570,1474,5735,,,,,,,,,,,,,,,,,,,,,
2026/8/24,10:00~17:00,平均停等延滯,40.9,46.3,30.5,34.6,21.6,18.5,25.8,1.5,42.4,28.9,29.6,35.6,23.8,33.8,29.3,26.6,38.6,28.8,30.2,16.3,23.1,43,7.1,8.5,6.3,17.2,18.3,16.4,27.6,27.6,14.5,18.3,0.3,16.5,30.3,13.1,26.1,11.5,12.9,7.8,4.1,8.5,0.3,10.3,14.7,6.4,9.6,10.2,8.1,22.4,8.1,,,,,,,,,,,,,,,,,,,,,
2026/8/24,17:00~20:00,總停等延滯,784383,559374,225009,310030,121377,44936,31222,3703,41516,209562,44598,26813,51591,86560,139531,64797,29398,45336,88904,22363,20925,45616,26636,12305,14331,60169,32369,27800,22203,22203,116001,48378,1730,43576,22317,156557,32015,58007,59779,6756,19719,18380,1339,59511,30695,28816,74243,3676,40431,12584,17552,159.8,162.1,215.3,168.8,239.9,363.8,156.3,231.7,112.2,160.8,79.8,225.7,172.2,198.6,163.3,147,0,82.8,71.9,99.7,130.4
2026/8/24,17:00~20:00,通過量,19175,12256,6919,9139,6209,2526,1203,1126,1354,5943,1333,746,2092,1772,4722,2423,804,1495,3594,1238,965,1391,3002,1197,1805,3415,1681,1734,1028,1028,7095,2401,1490,2480,724,10809,1205,5198,3408,998,6768,2695,4073,6686,2696,3990,7186,864,3586,581,2155,,,,,,,,,,,,,,,,,,,,,
2026/8/24,17:00~20:00,平均停等延滯,40.9,45.6,32.5,33.9,19.5,17.8,26,3.3,30.7,35.3,33.5,35.9,24.7,48.8,29.5,26.7,36.6,30.3,24.7,18.1,21.7,32.8,8.9,10.3,7.9,17.6,19.3,16,21.6,21.6,16.3,20.1,1.2,17.6,30.8,14.5,26.6,11.2,17.5,6.8,2.9,6.8,0.3,8.9,11.4,7.2,10.3,4.3,11.3,21.7,8.1,,,,,,,,,,,,,,,,,,,,,
2026/8/24,10:00~12:00,總停等延滯,480854,375654,105200,228748,95867,39514,20023,1091,35239,129041,28423,19877,45745,34996,80940,42739,19060,19141,69806,8636,13158,48012,12747,4067,8680,25399,10112,15287,11405,11405,55649,18960,188,26603,9898,86242,22284,44078,12129,7751,11793,10794,999,65309,44618,20691,65404,8581,24616,12237,19970,154.2,270.6,253.4,158.8,211.5,563.4,189.1,465.3,127.6,154.2,57.6,266.1,159.2,297.3,297.4,142,0,80.6,114.4,184.7,268.3
2026/8/24,10:00~12:00,通過量,9819,6427,3392,6050,3428,1563,661,589,615,3488,841,407,1473,767,2258,1245,412,601,1949,548,515,886,1635,535,1100,1762,679,1083,378,378,3443,964,849,1315,315,7906,795,3306,2799,1006,4916,2282,2634,4832,2306,2526,4686,476,2261,376,1573,,,,,,,,,,,,,,,,,,,,,
2026/8/24,10:00~12:00,平均停等延滯,49,58.4,31,37.8,28,25.3,30.3,1.9,57.3,37,33.8,48.8,31.1,45.6,35.8,34.3,46.3,31.8,35.8,15.8,25.5,54.2,7.8,7.6,7.9,14.4,14.9,14.1,30.2,30.2,16.2,19.7,0.2,20.2,31.4,10.9,28,13.3,4.3,7.7,2.4,4.7,0.4,13.5,19.3,8.2,14,18,10.9,32.5,12.7,,,,,,,,,,,,,,,,,,,,,
2026/8/24,14:00~16:00,總停等延滯,407586,297760,109826,245268,82496,28295,19511,966,33724,90017,21694,13214,30386,24723,68116,32613,12500,23003,57131,10153,10223,36755,13469,5744,7725,29814,16980,12834,12793,12793,53750,24534,369,17067,11780,137983,24873,41667,62500,8943,30475,29958,517,41679,25992,15687,35131,2665,14714,7350,10402,147.3,171,198.9,165.5,226,444.8,316.4,314.8,109.5,147.4,79.2,210.2,175.4,302.2,176.9,137.4,0,126.4,181.4,119.7,199.6
2026/8/24,14:00~16:00,通過量,10360,6793,3567,6393,3807,1475,770,690,872,3438,801,402,1430,805,2408,1277,408,723,1924,586,417,921,1779,704,1075,1825,908,917,473,473,3634,1244,918,1119,353,8067,865,3554,2733,915,4496,2005,2491,4272,1904,2368,4422,410,2038,432,1542,,,,,,,,,,,,,,,,,,,,,
2026/8/24,14:00~16:00,平均停等延滯,39.3,43.8,30.8,38.4,21.7,19.2,25.3,1.4,38.7,26.2,27.1,32.9,21.2,30.7,28.3,25.5,30.6,31.8,29.7,17.3,24.5,39.9,7.6,8.2,7.2,16.3,18.7,14,27,27,14.8,19.7,0.4,15.3,33.4,17.1,28.8,11.7,22.9,9.8,6.8,14.9,0.2,9.8,13.7,6.6,7.9,6.5,7.2,17,6.7,,,,,,,,,,,,,,,,,,,,,
2026/8/24,16:00~19:00,總停等延滯,788330,542031,246299,350680,132544,43364,33683,2033,53464,174514,42905,21787,46913,62909,137227,62378,29382,45467,97746,20644,22685,54417,31839,14828,17011,59502,33320,26182,25562,25562,129396,55549,1745,47471,24631,197441,35891,64490,88041,9019,28398,26649,1749,60760,36600,24160,64081,4180,29557,13541,16803,158.8,178.6,208.1,141.8,237,378.6,200.5,235.3,102.8,159.7,77.9,212.2,151.4,198.6,185.4,170.9,0,97.3,120.6,103.7,131
2026/8/24,16:00~19:00,通過量,20073,12526,7547,9453,6464,2608,1287,1111,1458,5875,1302,686,2213,1674,4900,2536,812,1552,3660,1211,999,1450,3249,1309,1940,3729,1876,1853,1109,1109,7773,2644,1616,2708,805,11196,1277,5193,3588,1138,6942,2798,4144,6982,2917,4065,7508,963,3562,661,2322,,,,,,,,,,,,,,,,,,,,,
2026/8/24,16:00~19:00,平均停等延滯,39.3,43.3,32.6,37.1,20.5,16.6,26.2,1.8,36.7,29.7,33,31.8,21.2,37.6,28,24.6,36.2,29.3,26.7,17,22.7,37.5,9.8,11.3,8.8,16,17.8,14.1,23,23,16.6,21,1.1,17.5,30.6,17.6,28.1,12.4,24.5,7.9,4.1,9.5,0.4,8.7,12.5,5.9,8.5,4.3,8.3,20.5,7.2,,,,,,,,,,,,,,,,,,,,,
2026/8/24,20:00~23:00,總停等延滯,439420,358619,80801,165715,77356,33723,16401,5228,22004,153920,28644,21536,45592,58148,78004,35973,14288,27743,49339,12779,11780,24780,12183,3583,8600,18375,12168,6207,10026,10026,40217,24537,239,8628,6813,49995,16786,28329,2450,2430,3553,3346,207,44410,23499,20911,67757,668,31575,11256,24258,145.4,303.5,161.5,249.2,223.8,521.9,138.4,310,103.2,145.3,77.7,158.5,213.8,164.5,336.4,0,0,79.3,58.8,71.1,226.2
2026/8/24,20:00~23:00,通過量,9606,6728,2878,5712,3788,1566,614,924,684,3851,901,503,1313,1134,2235,1175,358,702,2051,884,421,746,1308,529,779,1397,726,671,417,417,2944,1012,825,869,238,6788,642,3038,2596,512,4419,2167,2252,4456,2142,2314,4442,357,2053,363,1669,,,,,,,,,,,,,,,,,,,,,
2026/8/24,20:00~23:00,平均停等延滯,45.7,53.3,28.1,29,20.4,21.5,26.7,5.7,32.2,40,31.8,42.8,34.7,51.3,34.9,30.6,39.9,39.5,24.1,14.5,28,33.2,9.3,6.8,11,13.2,16.8,9.3,24,24,13.7,24.2,0.3,9.9,28.6,7.4,26.1,9.3,0.9,4.7,0.8,1.5,0.1,10,11,9,15.3,1.9,15.4,31,14.5,,,,,,,,,,,,,,,,,,,,,
2026/8/25,07:00~09:00,總停等延滯,666378,489153,177225,312884,81194,30657,27663,1389,21485,197650,36209,23477,50265,87699,112783,51684,29421,31678,97526,9513,16177,71836,22667,6004,16663,29558,16286,13272,16183,16183,108817,36020,2880,54423,15494,121642,22374,45837,38786,14645,41796,40979,817,70059,52078,17981,79387,5533,28125,20415,25314,151.4,182.1,170,118.3,209.9,425.4,151.7,275,104.7,152.3,59.1,168.7,117.2,236.1,187,0,0,86.9,64.7,145.4,130.5
2026/8/25,07:00~09:00,通過量,13648,8515,5133,7023,4068,1671,891,816,690,4418,1005,439,1598,1376,3039,1381,934,724,2582,792,613,1177,2349,702,1647,2427,984,1443,628,628,5335,1532,1351,1968,484,9654,725,3716,3851,1362,5695,3012,2683,5704,3047,2657,5516,747,2187,543,2039,,,,,,,,,,,,,,,,,,,,,
2026/8/25,07:00~09:00,平均停等延滯,48.8,57.4,34.5,44.6,20,18.3,31,1.7,31.1,44.7,36,53.5,31.5,63.7,37.1,37.4,31.5,43.8,37.8,12,26.4,61,9.6,8.6,10.1,12.2,16.6,9.2,25.8,25.8,20.4,23.5,2.1,27.7,32,12.6,30.9,12.3,10.1,10.8,7.3,13.6,0.3,12.3,17.1,6.8,14.4,7.4,12.9,37.6,12.4,,,,,,,,,,,,,,,,,,,,,
2026/8/25,10:00~17:00,總停等延滯,1597545,1190029,407516,776975,282132,103709,70111,3501,104811,410601,90832,60853,148943,109973,259417,137233,54577,67607,237879,32024,44057,161798,55123,18140,36983,105868,55423,50445,43031,43031,203494,80672,839,84881,37102,374619,81386,142913,125259,25061,61888,60208,1680,167516,115647,51869,172952,10098,71997,38599,52258,148.2,235.8,238.5,146.1,212.1,555.6,195.2,242.9,110.8,148.2,63.8,235.1,148,299.4,241.4,145.4,0,116,81,114.5,128.2
2026/8/25,10:00~17:00,通過量,36635,24020,12615,22243,13248,5371,2615,2623,2639,12651,2976,1383,5312,2980,8627,4770,1535,2322,7350,2175,1767,3408,6474,2146,4328,6909,3140,3769,1648,1648,13001,4180,3069,4461,1291,27592,3024,11988,9353,3227,16424,7524,8900,15998,7449,8549,16271,1498,7542,1411,5820,,,,,,,,,,,,,,,,,,,,,
2026/8/25,10:00~17:00,平均停等延滯,43.6,49.5,32.3,34.9,21.3,19.3,26.8,1.3,39.7,32.5,30.5,44,28,36.9,30.1,28.8,35.6,29.1,32.4,14.7,24.9,47.5,8.5,8.5,8.5,15.3,17.7,13.4,26.1,26.1,15.7,19.3,0.3,19,28.7,13.6,26.9,11.9,13.4,7.8,3.8,8,0.2,10.5,15.5,6.1,10.6,6.7,9.5,27.4,9,,,,,,,,,,,,,,,,,,,,,
2026/8/25,17:00~20:00,總停等延滯,871850,627616,244234,330665,123909,43858,32946,4097,43008,251387,46506,35544,58777,110560,151981,69880,30258,51843,100339,25832,20348,54159,29742,13327,16415,60847,36710,24137,23187,23187,130458,55177,1208,51627,22446,161999,33943,62478,58892,6686,22321,21191,1130,61655,31394,30261,84690,6913,47239,14078,16460,149.9,186.2,222.5,128.9,230.1,431.1,161.5,245.8,110.2,150,81.6,244.7,127.2,227.6,187.7,136.9,0,95.9,65.8,99.8,146.9
2026/8/25,17:00~20:00,通過量,20156,12803,7353,10345,6310,2573,1162,1225,1350,6261,1327,817,2253,1864,5091,2620,883,1588,4017,1451,1033,1533,3281,1266,2015,3857,1944,1913,1059,1059,7649,2621,1487,2649,892,12097,1687,5829,3427,1154,6950,2756,4194,6767,2696,4071,7323,934,3560,637,2192,,,,,,,,,,,,,,,,,,,,,
2026/8/25,17:00~20:00,平均停等延滯,43.3,49,33.2,32,19.6,17,28.4,3.3,31.9,40.2,35,43.5,26.1,59.3,29.9,26.7,34.3,32.6,25,17.8,19.7,35.3,9.1,10.5,8.1,15.8,18.9,12.6,21.9,21.9,17.1,21.1,0.8,19.5,25.2,13.4,20.1,10.7,17.2,5.8,3.2,7.7,0.3,9.1,11.6,7.4,11.6,7.4,13.3,22.1,7.5,,,,,,,,,,,,,,,,,,,,,
2026/8/25,10:00~12:00,總停等延滯,540620,420148,120472,242478,90114,35373,23186,1044,30511,167956,34762,27183,62035,43976,85857,48755,15311,21791,76221,8884,12561,54776,16297,4867,11430,27246,14084,13162,11927,11927,65002,25008,153,30185,9656,97780,28863,51366,10444,7107,10592,10059,533,68252,45388,22864,65854,1213,30102,15931,18608,152.3,239.9,186,154.9,217.7,540.8,185,219.2,101.5,152.3,65.2,199,152.7,309,241.9,132.2,0,98.9,91.9,96.7,120.6
2026/8/25,10:00~12:00,通過量,10177,6688,3489,6608,3668,1612,771,696,589,3571,905,359,1497,810,2404,1292,504,608,2019,584,450,985,1759,533,1226,1905,792,1113,411,411,3685,1140,915,1288,342,8385,916,3602,2862,1005,5024,2309,2715,4790,2229,2561,4762,399,2273,463,1627,,,,,,,,,,,,,,,,,,,,,
2026/8/25,10:00~12:00,平均停等延滯,53.1,62.8,34.5,36.7,24.6,21.9,30.1,1.5,51.8,47,38.4,75.7,41.4,54.3,35.7,37.7,30.4,35.8,37.8,15.2,27.9,55.6,9.3,9.1,9.3,14.3,17.8,11.8,29,29,17.6,21.9,0.2,23.4,28.2,11.7,31.5,14.3,3.6,7.1,2.1,4.4,0.2,14.2,20.4,8.9,13.8,3,13.2,34.4,11.4,,,,,,,,,,,,,,,,,,,,,
2026/8/25,14:00~16:00,總停等延滯,449278,329446,119832,264294,82690,29080,21249,1124,31237,110945,26265,13153,41773,29754,72844,37150,15423,20271,62967,8963,12137,41867,16095,5739,10356,32592,17215,15377,12087,12087,59058,23876,459,21969,12754,148283,25288,42303,72512,8180,31789,31291,498,41327,29769,11558,42895,2912,17883,8686,13414,147.8,206,318.5,175.9,213.6,665.5,252.8,278.8,105.1,147.8,65.8,306.7,180.3,375.2,221.5,176.3,0,163.6,70.2,150.5,134.6
2026/8/25,14:00~16:00,通過量,10440,6775,3665,6419,3789,1535,698,745,811,3569,857,368,1509,835,2427,1354,374,699,2068,613,491,964,1858,677,1181,1998,973,1025,505,505,3721,1238,884,1203,396,7798,887,3567,2499,845,4341,1947,2394,4224,1878,2346,4475,407,2103,337,1628,,,,,,,,,,,,,,,,,,,,,
2026/8/25,14:00~16:00,平均停等延滯,43,48.6,32.7,41.2,21.8,18.9,30.4,1.5,38.5,31.1,30.6,35.7,27.7,35.6,30,27.4,41.2,29,30.4,14.6,24.7,43.4,8.7,8.5,8.8,16.3,17.7,15,23.9,23.9,15.9,19.3,0.5,18.3,32.2,19,28.5,11.9,29,9.7,7.3,16.1,0.2,9.8,15.9,4.9,9.6,7.2,8.5,25.8,8.2,,,,,,,,,,,,,,,,,,,,,
2026/8/25,16:00~19:00,總停等延滯,815061,561272,253789,342422,118689,38885,30704,2072,47028,196435,37327,25610,51262,82236,138354,60502,31791,46061,107794,22521,20974,64299,30385,12917,17468,61839,35520,26319,26901,26901,134664,54456,1244,54367,24597,187774,34914,63797,80377,8686,28162,27103,1059,54673,31969,22704,71813,7266,35191,15114,14242,151.6,188.9,198,121.4,229.2,414.9,162.8,252.7,115.1,151.9,78.6,205.3,117.7,223.3,189,129.8,0,96.3,66.4,109.8,145
2026/8/25,16:00~19:00,通過量,20614,12829,7785,10403,6426,2473,1277,1273,1403,6118,1279,768,2259,1812,4985,2586,885,1514,4063,1366,1081,1616,3501,1298,2203,4030,2041,1989,1126,1126,8143,2782,1591,2814,956,12266,1689,5753,3557,1267,6996,2916,4080,6918,2896,4022,7404,989,3454,674,2287,,,,,,,,,,,,,,,,,,,,,
2026/8/25,16:00~19:00,平均停等延滯,39.5,43.8,32.6,32.9,18.5,15.7,24,1.6,33.5,32.1,29.2,33.3,22.7,45.4,27.8,23.4,35.9,30.4,26.5,16.5,19.4,39.8,8.7,10,7.9,15.3,17.4,13.2,23.9,23.9,16.5,19.6,0.8,19.3,25.7,15.3,20.7,11.1,22.6,6.9,4,9.3,0.3,7.9,11,5.6,9.7,7.3,10.2,22.4,6.2,,,,,,,,,,,,,,,,,,,,,
2026/8/25,20:00~23:00,總停等延滯,462104,359374,102730,170415,73971,25739,16697,6450,25085,163788,29128,28115,46327,60218,67785,35369,13563,18853,53830,14290,11062,28478,12262,3715,8547,38767,15270,23497,10808,10808,40893,26617,96,7925,6255,46912,15781,26197,4007,927,5094,4780,314,53847,30327,23520,64562,2117,28537,13600,20308,141.8,266.4,169.7,117.4,219.5,382,137.9,185.2,95.2,143.2,77,171.7,120,128.4,281.6,146,0,78.5,61.4,64.7,120.4
2026/8/25,20:00~23:00,通過量,9625,6728,2897,5816,4236,1539,698,1344,655,3911,934,514,1341,1122,2277,1230,340,707,1943,790,403,750,1384,579,805,1411,775,636,381,381,3009,1072,882,825,230,6854,637,3127,2566,524,4622,2174,2448,4501,2145,2356,4466,383,2031,352,1700,,,,,,,,,,,,,,,,,,,,,
2026/8/25,20:00~23:00,平均停等延滯,48,53.4,35.5,29.3,17.5,16.7,23.9,4.8,38.3,41.9,31.2,54.7,34.5,53.7,29.8,28.8,39.9,26.7,27.7,18.1,27.4,38,8.9,6.4,10.6,27.5,19.7,36.9,28.4,28.4,13.6,24.8,0.1,9.6,27.2,6.8,24.8,8.4,1.6,1.8,1.1,2.2,0.1,12,14.1,10,14.5,5.5,14.1,38.6,11.9,,,,,,,,,,,,,,,,,,,,,
2026/8/26,07:00~09:00,總停等延滯,625757,454179,171578,298924,88410,39436,28197,1243,19534,178283,32394,20605,42049,83235,105441,49719,26434,29288,82045,10804,15961,55280,21616,6740,14876,28557,17550,11007,19396,19396,102009,32662,1449,53232,14666,116507,24155,48821,29086,14445,29436,28554,882,75939,54847,21092,77042,3749,25977,22798,24518,148.5,251.3,165.8,110.9,206.6,447.5,159.6,416.7,106.5,149.2,58.4,166.5,113.1,152.6,302.4,153.7,0,89.8,69.9,131.4,267.4
2026/8/26,07:00~09:00,通過量,13201,8156,5045,6892,3903,1662,855,738,648,4200,1022,406,1476,1296,2867,1315,836,716,2445,708,610,1127,2237,697,1540,2400,952,1448,629,629,5215,1496,1347,1961,411,9648,734,3525,4012,1377,5706,2991,2715,5560,2949,2611,5533,764,2136,607,2026,,,,,,,,,,,,,,,,,,,,,
2026/8/26,07:00~09:00,平均停等延滯,47.4,55.7,34,43.4,22.7,23.7,33,1.7,30.1,42.4,31.7,50.8,28.5,64.2,36.8,37.8,31.6,40.9,33.6,15.3,26.2,49.1,9.7,9.7,9.7,11.9,18.4,7.6,30.8,30.8,19.6,21.8,1.1,27.1,35.7,12.1,32.9,13.8,7.2,10.5,5.2,9.5,0.3,13.7,18.6,8.1,13.9,4.9,12.2,37.6,12.1,,,,,,,,,,,,,,,,,,,,,
2026/8/26,10:00~17:00,總停等延滯,1522971,1138534,384437,661238,276736,102726,70088,3379,100543,390187,92401,47975,141128,108683,258027,138262,50750,69015,213584,32382,44662,136540,46730,15413,31317,93468,51725,41743,43823,43823,200416,82432,495,81506,35983,231828,50443,88723,67021,25641,57589,54100,3489,185936,124836,61100,185885,12271,71327,43957,58330,159.3,225.8,186.2,200,220,414,416.7,244.2,105.3,161.3,60.6,189.2,201.5,213.1,241.6,142.7,0,180.5,244.5,100,145.9
2026/8/26,10:00~17:00,通過量,36353,24321,12032,17128,13457,5681,2548,2509,2719,12763,3071,1416,5293,2983,8645,4930,1422,2293,7299,2040,1882,3377,5966,2046,3920,6472,2838,3634,1529,1529,12480,4023,2957,4355,1145,23528,2226,7234,10456,3612,18369,8776,9593,17817,8698,9119,17332,1614,8050,1413,6255,,,,,,,,,,,,,,,,,,,,,
2026/8/26,10:00~17:00,平均停等延滯,41.9,46.8,32,38.6,20.6,18.1,27.5,1.3,37,30.6,30.1,33.9,26.7,36.4,29.8,28,35.7,30.1,29.3,15.9,23.7,40.4,7.8,7.5,8,14.4,18.2,11.5,28.7,28.7,16.1,20.5,0.2,18.7,31.4,9.9,22.7,12.3,6.4,7.1,3.1,6.2,0.4,10.4,14.4,6.7,10.7,7.6,8.9,31.1,9.3,,,,,,,,,,,,,,,,,,,,,
2026/8/26,17:00~20:00,總停等延滯,801435,575190,226245,240785,139586,59611,32689,1492,45794,202055,44069,27332,46122,84532,136930,62960,26493,47477,96619,20634,20013,55972,24382,9816,14566,51326,34538,16788,22601,22601,127936,51782,1755,50938,23461,87484,19966,29949,33335,4234,11203,10330,873,69218,38220,30998,72880,8544,32981,12871,18484,153.7,189.1,182.4,131.9,219.8,491.8,214,221.2,142.7,153.3,65.6,187.1,141.8,275,188.4,152.6,0,123.1,80.1,93.6,126.7
2026/8/26,17:00~20:00,通過量,18871,12178,6693,2980,6277,2556,1224,1060,1437,5896,1305,743,2052,1796,4569,2425,738,1406,3628,1350,934,1344,2961,1263,1698,3373,1674,1699,901,901,6801,2272,1381,2396,752,5168,0,0,4075,1093,7457,3123,4334,7335,3085,4250,7454,921,3553,546,2434,,,,,,,,,,,,,,,,,,,,,
2026/8/26,17:00~20:00,平均停等延滯,42.5,47.2,33.8,80.8,22.2,23.3,26.7,1.4,31.9,34.3,33.8,36.8,22.5,47.1,30,26,35.9,33.8,26.6,15.3,21.4,41.6,8.2,7.8,8.6,15.2,20.6,9.9,25.1,25.1,18.8,22.8,1.3,21.3,31.2,16.9,0,0,8.2,3.9,1.5,3.3,0.2,9.4,12.4,7.3,9.8,9.3,9.3,23.6,7.6,,,,,,,,,,,,,,,,,,,,,
2026/8/26,10:00~12:00,總停等延滯,477423,366520,110903,225614,86330,40832,21396,991,23111,134149,32207,14780,49603,37559,80469,46786,14156,19527,65572,9118,14813,41641,14369,4541,9828,24518,12738,11780,11235,11235,60781,22777,106,27696,10202,75953,19264,39460,10123,7106,11752,9350,2402,69693,47820,21873,68216,2195,26376,14718,24927,144.7,257,205.5,145.6,202.7,438.5,594.3,227,115.2,144.8,57.8,208.9,155.9,212.4,298.5,137.1,0,342.1,290.5,85.9,152.7
2026/8/26,10:00~12:00,通過量,9892,6610,3282,6129,3518,1631,676,621,590,3416,869,340,1442,765,2222,1272,383,567,2209,551,528,1130,1630,536,1094,1760,705,1055,393,393,3349,996,814,1253,286,8106,819,3374,2840,1073,4966,2308,2658,4933,2342,2591,4535,410,2189,429,1507,,,,,,,,,,,,,,,,,,,,,
2026/8/26,10:00~12:00,平均停等延滯,48.3,55.4,33.8,36.8,24.5,25,31.7,1.6,39.2,39.3,37.1,43.5,34.4,49.1,36.2,36.8,37,34.4,29.7,16.5,28.1,36.9,8.8,8.5,9,13.9,18.1,11.2,28.6,28.6,18.1,22.9,0.1,22.1,35.7,9.4,23.5,11.7,3.6,6.6,2.4,4.1,0.9,14.1,20.4,8.4,15,5.4,12,34.3,16.5,,,,,,,,,,,,,,,,,,,,,
2026/8/26,14:00~16:00,總停等延滯,495292,372961,122331,209309,90157,29378,23010,1098,36671,132753,25846,17617,52999,36291,82650,44825,13982,23843,67401,8954,12679,45768,15848,5206,10642,30505,17956,12549,13462,13462,62516,26292,89,24879,11256,68282,14155,21786,23829,8512,26457,25869,588,59094,39650,19444,55476,5213,22331,12566,15366,145.6,217.2,188.5,244.5,207.2,428,339.3,254.8,101.8,145.7,61.6,190.7,235,212.9,225.1,146.6,0,137.6,209.9,111.2,141.3
2026/8/26,14:00~16:00,通過量,10517,7015,3502,4303,4039,1586,717,794,942,3752,855,422,1621,854,2519,1435,383,701,1973,563,516,894,1748,603,1145,1939,872,1067,452,452,3660,1213,894,1221,332,5920,541,1315,3043,1021,5651,2808,2843,5368,2742,2626,5352,488,2417,386,2061,,,,,,,,,,,,,,,,,,,,,
2026/8/26,14:00~16:00,平均停等延滯,47.1,53.2,34.9,48.6,22.3,18.5,32.1,1.4,38.9,35.4,30.2,41.7,32.7,42.5,32.8,31.2,36.5,34,34.2,15.9,24.6,51.2,9.1,8.6,9.3,15.7,20.6,11.8,29.8,29.8,17.1,21.7,0.1,20.4,33.9,11.5,26.2,16.6,7.8,8.3,4.7,9.2,0.2,11,14.5,7.4,10.4,10.7,9.2,32.6,7.5,,,,,,,,,,,,,,,,,,,,,
2026/8/26,16:00~19:00,總停等延滯,780439,541381,239058,262552,138398,49894,32555,1486,54463,170558,45608,21514,41302,62134,128352,59648,28277,40427,104073,21224,20042,62807,26654,9666,16988,51901,35666,16235,27636,27636,132867,53788,1935,52263,24881,106043,19232,28848,51265,6698,19414,18473,941,67879,39052,28827,69216,8674,28713,15885,15944,152.6,200.4,186.7,152.4,215.4,385.6,243.6,249.5,134.5,152.4,62.5,193.7,156.1,206.1,208.3,154.5,0,81.2,177.1,110.6,137.5
2026/8/26,16:00~19:00,通過量,19909,12646,7263,3212,6675,2766,1305,1089,1515,5990,1429,731,2118,1712,4779,2555,793,1431,3752,1359,1000,1393,3241,1320,1921,3687,1806,1881,1009,1009,7453,2519,1492,2611,831,5549,0,0,4274,1275,7993,3383,4610,7841,3372,4469,7982,989,3781,609,2603,,,,,,,,,,,,,,,,,,,,,
2026/8/26,16:00~19:00,平均停等延滯,39.2,42.8,32.9,81.7,20.7,18,24.9,1.4,35.9,28.5,31.9,29.4,19.5,36.3,26.9,23.3,35.7,28.3,27.7,15.6,20,45.1,8.2,7.3,8.8,14.1,19.7,8.6,27.4,27.4,17.8,21.4,1.3,20,29.9,19.1,0,0,12,5.3,2.4,5.5,0.2,8.7,11.6,6.5,8.7,8.8,7.6,26.1,6.1,,,,,,,,,,,,,,,,,,,,,
2026/8/26,20:00~23:00,總停等延滯,466642,365223,101419,179709,73175,29154,16694,1139,26188,158146,27729,25940,46917,57560,79021,41909,13683,23429,54881,14848,12164,27869,12143,3683,8460,30148,12847,17301,12924,12924,46204,28691,139,10080,7294,60127,21600,32400,5736,391,6013,5781,232,65005,43917,21088,48564,750,19340,10297,18177,141.7,239.7,158.4,131,217.7,491.1,222.4,197.2,96.6,141.1,75.5,159.4,131.3,208.8,252,163.2,0,152.1,62,75.4,121.5
2026/8/26,20:00~23:00,通過量,9725,6672,3053,2164,3701,1604,626,727,744,3773,907,461,1363,1042,2270,1222,342,706,1913,766,430,717,1391,569,822,1687,848,839,486,486,3080,1082,870,846,282,3237,0,0,2710,527,4711,2222,2489,4679,2243,2436,4667,378,2125,351,1813,,,,,,,,,,,,,,,,,,,,,
2026/8/26,20:00~23:00,平均停等延滯,48,54.7,33.2,83,19.8,18.2,26.7,1.6,35.2,41.9,30.6,56.3,34.4,55.2,34.8,34.3,40,33.2,28.7,19.4,28.3,38.9,8.7,6.5,10.3,17.9,15.1,20.6,26.6,26.6,15,26.5,0.2,11.9,25.9,18.6,0,0,2.1,0.7,1.3,2.6,0.1,13.9,19.6,8.7,10.4,2,9.1,29.3,10,,,,,,,,,,,,,,,,,,,,,
2026/8/27,07:00~09:00,總停等延滯,604566,442313,162253,281066,85019,35408,24336,1195,24080,178375,32813,24274,48568,72720,95198,46138,24895,24165,83721,9916,16506,57299,17766,5270,12496,25558,16740,8818,16188,16188,102741,33023,4263,50548,14907,96802,18246,38820,25009,14727,32003,31083,920,75411,51980,23431,76850,3105,27984,18749,27012,152.5,231.2,193.3,111.9,212.7,419.6,174.1,250.1,102.6,153.5,59.8,203,114,196.4,246.3,0,0,89.3,81.6,122.2,131
2026/8/27,07:00~09:00,通過量,12943,7884,5059,6747,3736,1599,831,684,622,4175,964,453,1514,1244,2818,1336,794,688,2345,692,590,1063,2083,632,1451,2394,970,1424,784,784,5133,1490,1363,1871,409,9831,816,3594,4077,1344,5623,2862,2761,5555,2901,2654,5271,788,2146,545,1792,,,,,,,,,,,,,,,,,,,,,
2026/8/27,07:00~09:00,平均停等延滯,46.7,56.1,32.1,41.7,22.8,22.1,29.3,1.7,38.7,42.7,34,53.6,32.1,58.5,33.8,34.5,31.4,35.1,35.7,14.3,28,53.9,8.5,8.3,8.6,10.7,17.3,6.2,20.6,20.6,20,22.2,3.1,27,36.4,9.8,22.4,10.8,6.1,11,5.7,10.9,0.3,13.6,17.9,8.8,14.6,3.9,13,34.4,15.1,,,,,,,,,,,,,,,,,,,,,
2026/8/27,10:00~17:00,總停等延滯,1503872,1126639,377233,721086,265192,108917,68519,3380,84376,409601,87021,50980,152139,119461,257578,142023,45539,70016,194268,29010,40783,124475,48251,16922,31329,81225,49379,31846,44252,44252,203505,81364,444,84347,37350,258132,55337,112518,65817,24460,56734,55207,1527,213663,150507,63156,192557,14911,74811,41152,61683,156.2,267.2,206.9,175.2,221.1,475.7,276,254.9,137.8,157.7,65.3,217,171.5,206.4,294.1,162.8,0,79.5,207.6,123.5,134.3
2026/8/27,10:00~17:00,通過量,34898,23125,11773,22284,12601,5299,2366,2299,2637,11693,2672,1266,4911,2844,8250,4666,1311,2273,7131,2002,1632,3497,5666,1878,3788,6139,2720,3419,1813,1813,12135,4053,2833,4117,1132,28187,2855,11744,10159,3429,17130,8161,8969,16830,8245,8585,17143,1642,7816,1500,6185,,,,,,,,,,,,,,,,,,,,,
2026/8/27,10:00~17:00,平均停等延滯,43.1,48.7,32,32.4,21,20.6,29,1.5,32,35,32.6,40.3,31,42,31.2,30.4,34.7,30.8,27.2,14.5,25,35.6,8.5,9,8.3,13.2,18.2,9.3,24.4,24.4,16.8,20.1,0.2,20.5,33,9.2,19.4,9.6,6.5,7.1,3.3,6.8,0.2,12.7,18.3,7.4,11.2,9.1,9.6,27.4,10,,,,,,,,,,,,,,,,,,,,,
2026/8/27,17:00~20:00,總停等延滯,884852,637875,246977,322069,137990,54160,34695,2094,47041,249074,44079,33763,64635,106597,158162,80986,29781,47395,92649,22415,20652,49582,30769,10748,20021,63334,34162,29172,22645,22645,130229,48951,447,54744,26087,141314,28535,56951,51223,4605,14694,13758,936,84257,51580,32677,81804,6030,40507,13766,21501,159.1,233.2,222.3,127.7,220.4,456.6,162.9,271.4,114.3,158.2,61.5,233,129.6,242.6,241.4,155,0,90.8,71.8,89,194.8
2026/8/27,17:00~20:00,通過量,18280,11727,6553,9771,5908,2424,1120,1001,1363,5692,1268,730,1951,1743,4665,2448,765,1452,3370,1240,886,1244,2925,1179,1746,3332,1557,1775,926,926,6614,2166,1388,2268,792,11788,1359,5557,3824,1048,7206,2957,4249,6881,2820,4061,7210,842,3513,524,2331,,,,,,,,,,,,,,,,,,,,,
2026/8/27,17:00~20:00,平均停等延滯,48.4,54.4,37.7,33,23.4,22.3,31,2.1,34.5,43.8,34.8,46.3,33.1,61.2,33.9,33.1,38.9,32.6,27.5,18.1,23.3,39.9,10.5,9.1,11.5,19,21.9,16.4,24.5,24.5,19.7,22.6,0.3,24.1,32.9,12,21,10.2,13.4,4.4,2,4.7,0.2,12.2,18.3,8,11.3,7.2,11.5,26.3,9.2,,,,,,,,,,,,,,,,,,,,,
2026/8/27,10:00~12:00,總停等延滯,407810,307910,99900,198590,73903,28821,21261,904,22917,111086,22262,11494,46009,31321,70664,38992,12770,18902,52257,8323,10137,33797,13579,4896,8683,17827,10548,7279,10686,10686,57808,23870,307,24557,9074,65246,16720,32686,8180,7660,8307,7887,420,67670,46318,21352,57367,6303,24677,11254,15133,146.9,280.4,211.7,159.9,208.7,531.2,184.7,202.3,109.6,147,61.6,221,164.4,236.9,341.2,0,0,80.3,101.2,77.5,123.7
2026/8/27,10:00~12:00,通過量,9521,6167,3354,6065,3261,1468,699,544,550,3063,707,301,1353,702,2270,1317,401,552,2008,514,458,1036,1627,490,1137,1726,738,988,501,501,3581,1218,812,1242,309,7895,792,3243,2870,990,4594,2156,2438,4657,2246,2411,4591,432,2129,445,1585,,,,,,,,,,,,,,,,,,,,,
2026/8/27,10:00~12:00,平均停等延滯,42.8,49.9,29.8,32.7,22.7,19.6,30.4,1.7,41.7,36.3,31.5,38.2,34,44.6,31.1,29.6,31.8,34.2,26,16.2,22.1,32.6,8.3,10,7.6,10.3,14.3,7.4,21.3,21.3,16.1,19.6,0.4,19.8,29.4,8.3,21.1,10.1,2.9,7.7,1.8,3.7,0.2,14.5,20.6,8.9,12.5,14.6,11.6,25.3,9.5,,,,,,,,,,,,,,,,,,,,,
2026/8/27,14:00~16:00,總停等延滯,456082,342655,113427,219183,78161,33198,20370,1046,23547,130509,26086,18816,47989,37618,76505,42598,11865,22042,57480,8415,13734,35331,14828,4559,10269,28097,17249,10848,12489,12489,58013,21689,70,24454,11800,72554,15470,32325,17181,7578,21096,20700,396,61306,41319,19987,64227,4656,23658,11726,24187,157.6,257.5,214.3,197,227.5,430.2,290.2,289.8,151.4,158.2,70.6,221,194.8,172.5,284.7,179.5,0,77.8,234.4,167.8,125.8
2026/8/27,14:00~16:00,通過量,10078,6719,3359,6539,3746,1485,672,716,873,3405,726,432,1426,821,2311,1342,341,628,2040,573,434,1033,1632,553,1079,1785,809,976,570,570,3346,1110,778,1129,329,8358,800,3325,3222,1011,5187,2546,2641,5033,2552,2481,5122,467,2241,438,1976,,,,,,,,,,,,,,,,,,,,,
2026/8/27,14:00~16:00,平均停等延滯,45.3,51,33.8,33.5,20.9,22.4,30.3,1.5,27,38.3,35.9,43.6,33.7,45.8,33.1,31.7,34.8,35.1,28.2,14.7,31.6,34.2,9.1,8.2,9.5,15.7,21.3,11.1,21.9,21.9,17.3,19.5,0.1,21.7,35.9,8.7,19.3,9.7,5.3,7.5,4.1,8.1,0.1,12.2,16.2,8.1,12.5,10,10.6,26.8,12.2,,,,,,,,,,,,,,,,,,,,,
2026/8/27,16:00~19:00,總停等延滯,923759,660403,263356,391380,147997,57327,37837,1829,51004,250556,48913,31021,70278,100344,161606,83726,30551,47329,100244,21599,22003,56642,32419,11981,20438,60079,33899,26180,27612,27612,143246,55538,446,58240,29022,184288,31517,65310,80579,6882,30201,28862,1339,89262,57028,32234,87629,6778,38528,17422,24901,148.5,275.9,195,127.3,208.8,466.1,220.6,277.8,127.5,148.4,60.6,198.2,129.1,207.6,303,149.4,0,87.9,144.9,117,172.2
2026/8/27,16:00~19:00,通過量,19225,12246,6979,10539,6376,2667,1207,1049,1453,5976,1423,693,2146,1714,4724,2572,745,1407,3580,1220,952,1408,3107,1248,1859,3552,1686,1866,984,984,7060,2313,1477,2405,865,12766,1472,5974,4097,1223,7710,3225,4485,7337,3066,4271,7791,932,3766,619,2474,,,,,,,,,,,,,,,,,,,,,
2026/8/27,16:00~19:00,平均停等延滯,48,53.9,37.7,37.1,23.2,21.5,31.3,1.7,35.1,41.9,34.4,44.8,32.7,58.5,34.2,32.6,41,33.6,28,17.7,23.1,40.2,10.4,9.6,11,16.9,20.1,14,28.1,28.1,20.3,24,0.3,24.2,33.6,14.4,21.4,10.9,19.7,5.6,3.9,8.9,0.3,12.2,18.6,7.5,11.2,7.3,10.2,28.1,10.1,,,,,,,,,,,,,,,,,,,,,
2026/8/27,20:00~23:00,總停等延滯,461937,368661,93276,176598,76658,31972,17081,1652,25953,161638,28056,28121,49511,55950,75636,37569,12669,25398,54729,14203,10514,30012,14111,3852,10259,24342,12965,11377,11501,11501,43322,25703,106,10254,7259,49514,17940,27884,3320,370,5754,5525,229,64041,45106,18935,57289,1833,26621,10691,18144,145.6,244.1,233,185.3,216.6,414.6,191.6,308.9,114,151.6,64,249.8,183.3,186.3,266.5,147,0,135.7,64.8,66.3,226.5
2026/8/27,20:00~23:00,通過量,9641,6714,2927,6025,3770,1585,624,744,817,3736,873,454,1319,1090,2343,1309,340,694,1827,717,375,735,1380,550,830,1454,711,743,429,429,2986,1038,839,856,253,6986,751,3180,2516,539,4639,2189,2450,4558,2158,2400,4664,412,2158,325,1769,,,,,,,,,,,,,,,,,,,,,
2026/8/27,20:00~23:00,平均停等延滯,47.9,54.9,31.9,29.3,20.3,20.2,27.4,2.2,31.8,43.3,32.1,61.9,37.5,51.3,32.3,28.7,37.3,36.6,30,19.8,28,40.8,10.2,7,12.4,16.7,18.2,15.3,26.8,26.8,14.5,24.8,0.1,12,28.7,7.1,23.9,8.8,1.3,0.7,1.2,2.5,0.1,14.1,20.9,7.9,12.3,4.4,12.3,32.9,10.3,,,,,,,,,,,,,,,,,,,,,
2026/8/28,07:00~09:00,總停等延滯,617016,450404,166612,267903,113713,32606,31135,1161,48811,154679,32427,24412,37958,59882,96690,47090,24719,24881,85322,8782,15122,61418,22676,6154,16522,28875,16025,12850,16772,16772,98289,30307,2617,49708,15657,104795,20295,45255,24863,14382,26122,25070,1052,64394,46218,18176,72592,5132,28487,19016,19957,145,181.6,163.8,115.8,198.4,364.2,167.5,299.4,101.6,145.2,53.8,164.6,114.9,183.8,181.3,135.8,0,83.3,81.8,125.6,186
2026/8/28,07:00~09:00,通過量,13224,8345,4879,7641,4256,1659,930,759,908,4015,980,387,1469,1179,2873,1377,793,703,2415,629,625,1161,2248,659,1589,2262,889,1373,604,604,5163,1547,1314,1871,431,10323,907,4261,3784,1371,5666,2871,2795,5577,2840,2737,5515,795,2247,556,1917,,,,,,,,,,,,,,,,,,,,,
2026/8/28,07:00~09:00,平均停等延滯,46.7,54,34.1,35.1,26.7,19.7,33.5,1.5,53.8,38.5,33.1,63.1,25.8,50.8,33.7,34.2,31.2,35.4,35.3,14,24.2,52.9,10.1,9.3,10.4,12.8,18,9.4,27.8,27.8,19,19.6,2,26.6,36.3,10.2,22.4,10.6,6.6,10.5,4.6,8.7,0.4,11.5,16.3,6.6,13.2,6.5,12.7,34.2,10.4,,,,,,,,,,,,,,,,,,,,,
2026/8/28,10:00~17:00,總停等延滯,1806995,1363514,443481,916337,353646,117791,81891,3646,150318,458503,98982,65863,164220,129438,312727,163953,65097,83677,238638,39087,49174,150377,64959,16950,48009,106814,59043,47771,45437,45437,226271,82983,356,99615,43317,363009,77265,152813,105063,27868,98656,96801,1855,220494,158408,62086,234178,29708,85981,47735,70754,147.9,218.6,204.5,130.4,207.7,385.8,233.6,329.8,108.6,147.7,59.6,207.3,130.1,180.4,224.8,137.6,0,86.4,155.4,155.4,170.9
2026/8/28,10:00~17:00,通過量,38183,25545,12638,23095,14071,5759,2787,2468,3057,12990,3099,1394,5389,3108,9417,5130,1681,2606,7281,2128,1959,3194,6323,2034,4289,6847,2950,3897,1518,1518,13282,4196,3076,4749,1261,30316,3056,12308,11531,3421,18414,8662,9752,18142,8697,9445,17086,1821,7534,1526,6205,,,,,,,,,,,,,,,,,,,,,
2026/8/28,10:00~17:00,平均停等延滯,47.3,53.4,35.1,39.7,25.1,20.5,29.4,1.5,49.2,35.3,31.9,47.2,30.5,41.6,33.2,32,38.7,32.1,32.8,18.4,25.1,47.1,10.3,8.3,11.2,15.6,20,12.3,29.9,29.9,17,19.8,0.1,21,34.4,12,25.3,12.4,9.1,8.1,5.4,11.2,0.2,12.2,18.2,6.6,13.7,16.3,11.4,31.3,11.4,,,,,,,,,,,,,,,,,,,,,
2026/8/28,17:00~20:00,總停等延滯,1052266,770152,282114,416383,158962,57042,39532,2030,60358,306067,82812,29597,101489,92169,183187,78383,45104,59700,121936,32062,24711,65163,36206,13296,22910,74831,38470,36361,24159,24159,146918,57087,930,63209,25692,204032,38082,72526,84908,8516,39304,38281,1023,77469,50126,27343,95578,9013,38079,21116,27370,152.4,308.2,213.7,135.9,225.8,538.5,167.5,272.4,130,152.2,73.7,221.2,143.8,273.9,305.8,149.2,0,86.5,80.9,133.9,151.2
2026/8/28,17:00~20:00,通過量,21309,14074,7235,10725,7102,2923,1415,1202,1562,7062,1751,804,2213,2294,5350,2722,1093,1535,4080,1632,1044,1404,3435,1272,2163,3998,1880,2118,916,916,7595,2548,1494,2716,837,12857,1555,6098,4046,1158,7661,3185,4476,7819,3237,4582,7692,940,3680,652,2420,,,,,,,,,,,,,,,,,,,,,
2026/8/28,17:00~20:00,平均停等延滯,49.4,54.7,39,38.8,22.4,19.5,27.9,1.7,38.6,43.3,47.3,36.8,45.9,40.2,34.2,28.8,41.3,38.9,29.9,19.6,23.7,46.4,10.5,10.5,10.6,18.7,20.5,17.2,26.4,26.4,19.3,22.4,0.6,23.3,30.7,15.9,24.5,11.9,21,7.4,5.1,12,0.2,9.9,15.5,6,12.4,9.6,10.3,32.4,11.3,,,,,,,,,,,,,,,,,,,,,
2026/8/28,10:00~12:00,總停等延滯,498258,389542,108716,255967,103092,31197,22890,1005,48000,140626,27759,22339,55072,35456,83773,46007,18080,19686,62051,8682,13227,40142,16827,3262,13565,22158,12317,9841,10348,10348,59383,19909,108,27424,11942,88840,21885,43430,15929,7596,24598,24116,482,74694,55563,19131,67835,10800,25669,15353,16013,148.4,224.7,203,122.6,210.2,409.8,255.5,358.7,99.9,148.4,61.8,212.7,122.6,197.5,236.3,129.9,0,106.1,156.3,177.6,205.8
2026/8/28,10:00~12:00,通過量,10250,6826,3424,6097,3764,1592,776,611,785,3437,825,367,1437,808,2422,1355,434,633,1965,534,544,887,1674,492,1182,1729,681,1048,368,368,3715,1151,930,1315,319,8091,789,3257,3054,991,5011,2363,2648,4935,2379,2556,4814,550,2213,443,1608,,,,,,,,,,,,,,,,,,,,,
2026/8/28,10:00~12:00,平均停等延滯,48.6,57.1,31.8,42,27.4,19.6,29.5,1.6,61.1,40.9,33.6,60.9,38.3,43.9,34.6,34,41.7,31.1,31.6,16.3,24.3,45.3,10.1,6.6,11.5,12.8,18.1,9.4,28.1,28.1,16,17.3,0.1,20.9,37.4,11,27.7,13.3,5.2,7.7,4.9,10.2,0.2,15.1,23.4,7.5,14.1,19.6,11.6,34.7,10,,,,,,,,,,,,,,,,,,,,,
2026/8/28,14:00~16:00,總停等延滯,547221,414894,132327,298670,109627,38106,24625,1058,45838,145860,31271,20738,52099,41752,93346,51750,16890,24706,66061,9550,13811,42700,18896,5340,13556,36245,20074,16171,13181,13181,64005,25599,73,26791,11542,116008,22884,47097,36584,9443,35347,34819,528,67681,47745,19936,79634,9729,27751,13951,28203,144.2,233.8,204.5,128.7,201.5,374.5,225,320,112.5,144.1,57.2,217.2,131.8,171.1,231.8,142.6,0,78.8,138.8,138.4,159.5
2026/8/28,14:00~16:00,通過量,10874,7392,3482,6829,4197,1684,797,753,963,3691,863,405,1505,918,2771,1500,495,776,1958,604,501,853,1789,625,1164,1969,914,1055,428,428,3677,1248,840,1237,352,9260,900,3648,3697,1015,5517,2629,2888,5539,2700,2839,4874,503,2090,401,1880,,,,,,,,,,,,,,,,,,,,,
2026/8/28,14:00~16:00,平均停等延滯,50.3,56.1,38,43.7,26.1,22.6,30.9,1.4,47.6,39.5,36.2,51.2,34.6,45.5,33.7,34.5,34.1,31.8,33.7,15.8,27.6,50.1,10.6,8.5,11.6,18.4,22,15.3,30.8,30.8,17.4,20.5,0.1,21.7,32.8,12.5,25.4,12.9,9.9,9.3,6.4,13.2,0.2,12.2,17.7,7,16.3,19.3,13.3,34.8,15,,,,,,,,,,,,,,,,,,,,,
2026/8/28,16:00~19:00,總停等延滯,1011240,715872,295368,477465,162156,54094,37900,1675,68487,249163,66586,23847,78592,80138,176304,77289,41175,57840,128249,30168,26863,71218,36984,13743,23241,76119,40290,35829,26913,26913,155352,58290,877,67943,28242,248341,43229,82660,111512,10940,53451,52418,1033,78882,53015,25867,96791,12909,36885,18660,28337,150.4,282.8,226.8,146.1,217.9,482.4,163.7,282,111,150,66.7,223.7,152.3,249.6,280,138.9,0,81,82.3,134.7,158
2026/8/28,16:00~19:00,通過量,21347,13685,7662,10945,7010,2918,1410,1144,1538,6644,1630,723,2214,2077,5230,2685,1057,1488,4013,1539,1093,1381,3572,1342,2230,4113,1922,2191,951,951,8010,2641,1553,2913,903,13595,1666,6328,4306,1295,7570,3198,4372,7584,3169,4415,7147,1006,3190,623,2328,,,,,,,,,,,,,,,,,,,,,
2026/8/28,16:00~19:00,平均停等延滯,47.4,52.3,38.5,43.6,23.1,18.5,26.9,1.5,44.5,37.5,40.9,33,35.5,38.6,33.7,28.8,39,38.9,32,19.6,24.6,51.6,10.4,10.2,10.4,18.5,21,16.4,28.3,28.3,19.4,22.1,0.6,23.3,31.3,18.3,25.9,13.1,25.9,8.4,7.1,16.4,0.2,10.4,16.7,5.9,13.5,12.8,11.6,30,12.2,,,,,,,,,,,,,,,,,,,,,
2026/8/28,20:00~23:00,總停等延滯,682070,546327,135743,218310,98080,39795,20404,2325,35556,270280,49486,34369,86517,99908,109095,46295,21218,41582,68872,21139,14945,32788,19294,5610,13684,37437,17285,20152,14106,14106,64906,40475,307,14647,9477,71187,22254,36380,11325,1228,9611,9235,376,61462,37689,23773,76050,2970,32195,14224,26661,147.2,396.5,182.2,154.5,227.5,578.5,135.9,257.1,119.8,145.8,78.6,186.1,155.9,168.3,417.4,149.7,0,75.2,60.6,92.4,152.1
2026/8/28,20:00~23:00,通過量,12596,8906,3690,7418,4770,1907,747,1056,1060,5267,1249,589,1753,1676,3096,1584,562,950,2465,1050,549,866,1854,747,1107,1951,1028,923,508,508,3944,1509,1068,1038,329,8647,713,3760,3507,667,5983,2982,3001,5952,3005,2947,6012,517,2550,500,2445,,,,,,,,,,,,,,,,,,,,,
2026/8/28,20:00~23:00,平均停等延滯,54.1,61.3,36.8,29.4,20.6,20.9,27.3,2.2,33.5,51.3,39.6,58.4,49.4,59.6,35.2,29.2,37.8,43.8,27.9,20.1,27.2,37.9,10.4,7.5,12.4,19.2,16.8,21.8,27.8,27.8,16.5,26.8,0.3,14.1,28.8,8.2,31.2,9.7,3.2,1.8,1.6,3.1,0.1,10.3,12.5,8.1,12.6,5.7,12.6,28.4,10.9,,,,,,,,,,,,,,,,,,,,,
2026/8/29,07:00~09:00,總停等延滯,313448,246855,66593,152504,64084,38039,12826,697,12522,87838,20785,7006,30719,29328,55448,33751,10201,11496,39485,6913,7487,25085,6704,1788,4916,14915,9202,5713,7455,7455,37519,12608,64,16693,8154,50159,15740,27822,3597,3000,4707,4158,549,53050,36349,16701,44588,463,22913,6993,14219,154,142.7,195.3,134.8,208.1,400.6,227.6,396.7,110.8,154.2,54.2,198.8,134.3,244.7,142.7,0,0,141.1,83.4,70.6,293.6
2026/8/29,07:00~09:00,通過量,6720,4366,2354,4708,2409,1193,421,434,361,2437,679,189,958,611,1418,763,289,366,1343,407,286,650,1145,361,784,1174,481,693,243,243,2452,702,633,878,239,6032,550,2694,2114,674,3759,1669,2090,3601,1683,1918,3557,401,1692,253,1211,,,,,,,,,,,,,,,,,,,,,
2026/8/29,07:00~09:00,平均停等延滯,46.6,56.5,28.3,32.4,26.6,31.9,30.5,1.6,34.7,36,30.6,37.1,32.1,48,39.1,44.2,35.3,31.4,29.4,17,26.2,38.6,5.9,5,6.3,12.7,19.1,8.2,30.7,30.7,15.3,18,0.1,19,34.1,8.3,28.6,10.3,1.7,4.5,1.3,2.5,0.3,14.7,21.6,8.7,12.5,1.2,13.5,27.6,11.7,,,,,,,,,,,,,,,,,,,,,
2026/8/29,10:00~17:00,總停等延滯,2943287,2405109,538178,972377,504987,153405,151633,4306,195643,1001438,135628,134717,369026,362067,565949,291925,115494,158530,332735,41592,64470,226673,70603,12368,58235,139574,71131,68443,50315,50315,277686,83910,2363,141272,50141,320749,69634,139665,90440,21010,90152,87750,2402,261679,168697,92982,299797,31409,128963,57203,82222,174.7,294.7,208.5,141.2,270.6,547.2,221.9,338.5,128.9,175.8,96,211.6,143,272.9,290.7,111.6,0,113.3,106.3,119.3,196
2026/8/29,10:00~17:00,通過量,45815,31707,14108,25122,16643,6323,3517,2928,3875,16027,3858,2058,5660,4451,12850,7048,2780,3022,8418,2737,2328,3353,6985,1903,5082,7771,2815,4956,1794,1794,14533,4122,3618,5417,1376,30721,3027,13333,11529,2832,21169,9552,11617,21066,9678,11388,21423,2820,9841,1607,7155,,,,,,,,,,,,,,,,,,,,,
2026/8/29,10:00~17:00,平均停等延滯,64.2,75.9,38.1,38.7,30.3,24.3,43.1,1.5,50.5,62.5,35.2,65.5,65.2,81.3,44,41.4,41.5,52.5,39.5,15.2,27.7,67.6,10.1,6.5,11.5,18,25.3,13.8,28,28,19.1,20.4,0.7,26.1,36.4,10.4,23,10.5,7.8,7.4,4.3,9.2,0.2,12.4,17.4,8.2,14,11.1,13.1,35.6,11.5,,,,,,,,,,,,,,,,,,,,,
2026/8/29,17:00~20:00,總停等延滯,865868,661130,204738,371110,138442,64932,41709,1845,29956,230419,41087,32097,77442,79793,171630,80615,44272,46743,120639,20595,23622,76422,24909,5464,19445,53146,32983,20163,20861,20861,105822,42965,1004,42006,19847,177669,35543,59845,74998,7283,47711,46864,847,69347,50802,18545,76383,9755,25317,16961,24350,178.3,211.5,201.9,149.3,273.7,520.3,155.1,317.1,134.3,180.4,96.2,206.9,151.5,293,214.4,123.9,0,83.9,70.9,192.8,135.7
2026/8/29,17:00~20:00,通過量,18984,13092,5892,9618,6789,2362,1178,994,2255,6128,1388,828,2227,1685,5081,2647,954,1480,3553,1203,986,1364,2771,978,1793,3133,1438,1695,874,874,6040,2000,1359,2012,669,11387,1229,4743,4407,1008,7450,3464,3986,7323,3468,3855,7875,849,3380,642,3004,,,,,,,,,,,,,,,,,,,,,
2026/8/29,17:00~20:00,平均停等延滯,45.6,50.5,34.7,38.6,20.4,27.5,35.4,1.9,13.3,37.6,29.6,38.8,34.8,47.4,33.8,30.5,46.4,31.6,34,17.1,24,56,9,5.6,10.8,17,22.9,11.9,23.9,23.9,17.5,21.5,0.7,20.9,29.7,15.6,28.9,12.6,17,7.2,6.4,13.5,0.2,9.5,14.6,4.8,9.7,11.5,7.5,26.4,8.1,,,,,,,,,,,,,,,,,,,,,
2026/8/29,10:00~12:00,總停等延滯,753281,597846,155435,252502,102612,39599,40149,1088,21776,256391,36929,33486,87265,98711,147111,80426,33353,33332,91732,10058,17177,64497,21882,3970,17912,42659,18756,23903,12423,12423,78471,19881,651,44776,13163,72999,17757,35601,15267,4374,14931,14319,612,80803,50407,30396,83769,7098,40309,15281,21081,167.5,154.1,221.5,121.2,265.9,395.2,161.5,328.8,129.7,168.1,98.5,225.2,120.5,281.1,154.4,0,0,90.6,71.6,143.9,158.6
2026/8/29,10:00~12:00,通過量,12294,8353,3941,6846,4229,1807,925,746,751,4363,1108,490,1530,1235,3255,1747,789,719,2371,734,614,1023,2007,531,1476,2257,743,1514,402,402,3999,991,1014,1622,372,8230,875,3757,2848,750,5781,2546,3235,5740,2560,3180,5493,641,2638,398,1816,,,,,,,,,,,,,,,,,,,,,
2026/8/29,10:00~12:00,平均停等延滯,61.3,71.6,39.4,36.9,24.3,21.9,43.4,1.5,29,58.8,33.3,68.3,57,79.9,45.2,46,42.3,46.4,38.7,13.7,28,63,10.9,7.5,12.1,18.9,25.2,15.8,30.9,30.9,19.6,20.1,0.6,27.6,35.4,8.9,20.3,9.5,5.4,5.8,2.6,5.6,0.2,14.1,19.7,9.6,15.3,11.1,15.3,38.4,11.6,,,,,,,,,,,,,,,,,,,,,
2026/8/29,14:00~16:00,總停等延滯,927661,771171,156490,295236,177220,47787,43408,1336,84689,325321,45953,42815,124895,111658,176452,84713,30854,60885,92178,13401,20835,57942,17391,3629,13762,43790,22644,21146,15525,15525,79784,27388,707,37211,14478,101739,21011,42564,29982,8182,36474,35657,817,67262,43356,23906,89761,8562,36584,18631,25984,182.5,331.7,193.4,176.8,278.4,557.2,274.4,305.3,133.4,182.5,96.3,206.6,179.5,226,331.5,104.5,0,168.2,91.5,108.2,136
2026/8/29,14:00~16:00,通過量,13571,9577,3994,7547,5109,1824,1008,921,1356,4840,1220,644,1653,1323,3912,2170,828,914,2516,836,711,969,1950,539,1411,2192,881,1311,585,585,4197,1327,1079,1414,377,9271,861,3916,3594,900,6348,3008,3340,6260,2966,3294,6693,956,2967,483,2287,,,,,,,,,,,,,,,,,,,,,
2026/8/29,14:00~16:00,平均停等延滯,68.4,80.5,39.2,39.1,34.7,26.2,43.1,1.5,62.5,67.2,37.7,66.5,75.6,84.4,45.1,39,37.3,66.6,36.6,16,29.3,59.8,8.9,6.7,9.8,20,25.7,16.1,26.5,26.5,19,20.6,0.7,26.3,38.4,11,24.4,10.9,8.3,9.1,5.7,11.9,0.2,10.7,14.6,7.3,13.4,9,12.3,38.6,11.4,,,,,,,,,,,,,,,,,,,,,
2026/8/29,16:00~19:00,總停等延滯,1066372,832863,233509,454408,172239,79743,52544,1835,38117,302252,45928,40189,109527,106608,216796,107446,53144,56206,141576,22030,26907,92639,28779,5875,22904,51649,33135,18514,26010,26010,127071,50375,726,53034,22936,216263,40287,70874,94117,10985,59669,58616,1053,85877,64200,21677,92599,15266,31253,18422,27658,176,253.3,204.5,144,271.1,594.9,158,369.9,132.1,177.9,95.3,210.5,144.9,338.8,246.8,114.8,0,82.9,73.4,183.4,180.1
2026/8/29,16:00~19:00,通過量,20303,13788,6515,10231,7209,2512,1348,1062,2287,6319,1417,867,2295,1740,5529,2957,1063,1509,3745,1283,1032,1430,2979,1027,1952,3406,1509,1897,982,982,6707,2201,1447,2326,733,12372,1324,5204,4674,1170,7963,3534,4429,7863,3590,4273,8292,982,3607,646,3057,,,,,,,,,,,,,,,,,,,,,
2026/8/29,16:00~19:00,平均停等延滯,52.5,60.4,35.8,44.4,23.9,31.7,39,1.7,16.7,47.8,32.4,46.4,47.7,61.3,39.2,36.3,50,37.2,37.8,17.2,26.1,64.8,9.7,5.7,11.7,15.2,22,9.8,26.5,26.5,18.9,22.9,0.5,22.8,31.3,17.5,30.4,13.6,20.1,9.4,7.5,16.6,0.2,10.9,17.9,5.1,11.2,15.5,8.7,28.5,9,,,,,,,,,,,,,,,,,,,,,
2026/8/29,20:00~23:00,總停等延滯,672285,544297,127988,382842,127640,51526,31911,1830,42373,218035,36331,42646,60474,78584,125159,63214,18999,42946,73463,16675,14717,42071,15736,5479,10257,36428,17121,19307,13564,13564,62260,39566,95,11064,11535,99653,23000,38413,30412,7828,37935,37470,465,100052,80437,19615,145202,37630,32337,18337,56898,163.7,327.3,197.2,170,263,574.5,137,427.1,129,163.8,98.5,203.5,162.1,197.2,296.9,140,0,74.3,61.5,243.6,214.1
2026/8/29,20:00~23:00,通過量,12765,9258,3507,7654,5296,1740,784,935,1837,4654,1063,623,1573,1395,3154,1631,438,1085,2369,1013,480,876,1728,752,976,1799,1015,784,492,492,3768,1505,933,939,391,9614,719,3662,4289,944,6586,3592,2994,6494,3577,2917,6790,1056,2461,446,2827,,,,,,,,,,,,,,,,,,,,,
2026/8/29,20:00~23:00,平均停等延滯,52.7,58.8,36.5,50,24.1,29.6,40.7,2,23.1,46.8,34.2,68.5,38.4,56.3,39.7,38.8,43.4,39.6,31,16.5,30.7,48,9.1,7.3,10.5,20.2,16.9,24.6,27.6,27.6,16.5,26.3,0.1,11.8,29.5,10.4,32,10.5,7.1,8.3,5.8,10.4,0.2,15.4,22.5,6.7,21.4,35.6,13.1,41.1,20.1,,,,,,,,,,,,,,,,,,,,,
2026/8/30,07:00~09:00,總停等延滯,220968,181726,39242,93108,50660,23760,8522,435,17943,59038,10672,6590,23251,18525,41137,26177,6718,8242,30891,4208,6986,19697,3797,904,2893,7895,6583,1312,4522,4522,23028,8427,14,8099,6488,30381,11386,17874,683,438,1271,1205,66,39388,25879,13509,22068,1988,8896,5273,5911,149.9,144.5,208.5,123.6,208.3,358.1,154.2,143.3,134.5,150.5,58.9,229.9,121.8,223.2,145.5,117.6,0,86.7,61.2,48.5,94.4
2026/8/30,07:00~09:00,通過量,4577,2913,1664,2881,1568,781,265,294,228,1639,456,116,650,417,1051,572,198,281,915,288,176,451,806,268,538,835,350,485,157,157,1718,479,422,631,186,3731,323,1614,1359,435,2397,1092,1305,2303,1055,1248,2191,239,1008,162,782,,,,,,,,,,,,,,,,,,,,,
2026/8/30,07:00~09:00,平均停等延滯,48.3,62.4,23.6,32.3,32.3,30.4,32.2,1.5,78.7,36,23.4,56.8,35.8,44.4,39.1,45.8,33.9,29.3,33.8,14.6,39.7,43.7,4.7,3.4,5.4,9.5,18.8,2.7,28.8,28.8,13.4,17.6,0,12.8,34.9,8.1,35.3,11.1,0.5,1,0.5,1.1,0.1,17.1,24.5,10.8,10.1,8.3,8.8,32.5,7.6,,,,,,,,,,,,,,,,,,,,,
2026/8/30,10:00~17:00,總停等延滯,2543684,2074583,469101,763231,470857,142551,143193,3670,181443,797994,122465,107490,293720,274319,488022,252424,103342,132256,317710,38256,62559,216895,63424,10588,52836,116304,62383,53921,49087,49087,240286,73370,2337,122122,42457,263486,65344,122087,62586,13469,63466,61334,2132,201872,130911,70961,234407,23549,99573,47453,63832,168.1,291.4,168.2,136.2,257.3,514.3,165.7,269.2,135.4,167.7,89.3,170.5,138.1,299.4,291.2,145.6,0,85.9,80.4,95.3,154
2026/8/30,10:00~17:00,通過量,44690,30980,13710,24374,16456,6221,3450,2831,3954,16176,3944,2074,5785,4373,12423,6804,2632,2987,7973,2684,2329,2960,6730,1791,4939,7240,2692,4548,1636,1636,14161,3878,3602,5286,1395,29235,2870,13074,10879,2412,20065,8846,11219,19811,8931,10880,20647,2877,9340,1457,6973,,,,,,,,,,,,,,,,,,,,,
2026/8/30,10:00~17:00,平均停等延滯,56.9,67,34.2,31.3,28.6,22.9,41.5,1.3,45.9,49.3,31.1,51.8,50.8,62.7,39.3,37.1,39.3,44.3,39.8,14.3,26.9,73.3,9.4,5.9,10.7,16.1,23.2,11.9,30,30,17,18.9,0.6,23.1,30.4,9,22.8,9.3,5.8,5.6,3.2,6.9,0.2,10.2,14.7,6.5,11.4,8.2,10.7,32.6,9.2,,,,,,,,,,,,,,,,,,,,,
2026/8/30,17:00~20:00,總停等延滯,992675,796839,195836,351215,154294,75115,39864,3193,36122,356730,59454,48407,102309,146560,171367,85776,32017,53574,114448,19092,20715,74641,24127,6567,17560,53487,32434,21053,18135,18135,100087,42895,177,36692,20323,128633,29797,49228,43627,5981,37891,37044,847,82201,54259,27942,102490,2193,40839,16237,43221,176.9,324.7,190.3,123.1,270.3,627.9,238.9,271.8,118.8,179.5,93,190.8,125.2,323,325.2,166.2,0,176,68,120.3,152.5
2026/8/30,17:00~20:00,通過量,18686,13148,5538,9706,6997,2526,1028,1254,2189,7121,1740,894,2421,2066,4682,2397,835,1450,3520,1360,813,1347,2715,1001,1714,3002,1397,1605,777,777,5782,2022,1319,1818,623,11317,1044,4719,4588,966,7999,3935,4064,7890,3946,3944,8360,788,3629,586,3357,,,,,,,,,,,,,,,,,,,,,
2026/8/30,17:00~20:00,平均停等延滯,53.1,60.6,35.4,36.2,22.1,29.7,38.8,2.5,16.5,50.1,34.2,54.1,42.3,70.9,36.6,35.8,38.3,36.9,32.5,14,25.5,55.4,8.9,6.6,10.2,17.8,23.2,13.1,23.3,23.3,17.3,21.2,0.1,20.2,32.6,11.4,28.5,10.4,9.5,6.2,4.7,9.4,0.2,10.4,13.8,7.1,12.3,2.8,11.3,27.7,12.9,,,,,,,,,,,,,,,,,,,,,
2026/8/30,10:00~12:00,總停等延滯,689214,558447,130767,209812,110656,46148,34163,992,29353,218364,28823,30748,93002,65791,136390,81346,27614,27430,93037,8100,16838,68099,16617,2132,14485,29836,15396,14440,11010,11010,73304,16611,255,43080,13358,66631,20229,36596,8053,1753,9149,8301,848,62784,35886,26898,71248,2441,36364,16502,15941,168.2,214.4,165.7,145.1,255.4,504,159.5,220.1,123.7,167.4,86.5,168.5,154.1,271.7,208.5,131.1,0,79.7,77.2,77.3,134.2
2026/8/30,10:00~12:00,通過量,10901,7334,3567,6497,3767,1720,824,619,604,4005,971,439,1596,999,2961,1631,682,648,2025,607,568,850,1729,361,1368,1826,557,1269,406,406,3576,776,904,1524,372,7632,838,3735,2466,593,5188,2065,3123,5122,2100,3022,5088,550,2614,374,1550,,,,,,,,,,,,,,,,,,,,,
2026/8/30,10:00~12:00,平均停等延滯,63.2,76.1,36.7,32.3,29.4,26.8,41.5,1.6,48.6,54.5,29.7,70,58.3,65.9,46.1,49.9,40.5,42.3,45.9,13.3,29.6,80.1,9.6,5.9,10.6,16.3,27.6,11.4,27.1,27.1,20.5,21.4,0.3,28.3,35.9,8.7,24.1,9.8,3.3,3,1.8,4,0.3,12.3,17.1,8.9,14,4.4,13.9,44.1,10.3,,,,,,,,,,,,,,,,,,,,,
2026/8/30,14:00~16:00,總停等延滯,762872,622477,140395,224956,154767,35418,49131,1109,69109,231532,40350,29954,72741,88487,144049,66802,30142,47105,92129,13779,19023,59327,20683,3411,17272,35493,20756,14737,15069,15069,69150,24761,1225,31592,11572,80308,18243,32238,23379,6448,26455,25921,534,51797,37481,14316,66396,14015,21121,12419,18841,168.3,413.3,169.3,143.1,261.6,684.8,166.2,360.1,130.3,168.5,94,171.6,140.7,369.5,424.8,144.3,0,82.8,82.5,115,194.5
2026/8/30,14:00~16:00,通過量,14187,9959,4228,7645,5299,1792,1098,951,1458,5046,1195,704,1661,1486,3951,2178,837,936,2538,890,761,887,2096,576,1520,2246,919,1327,562,562,4377,1287,1182,1508,400,9051,895,3867,3511,778,6125,2974,3151,6140,3009,3131,6568,1090,2595,497,2386,,,,,,,,,,,,,,,,,,,,,
2026/8/30,14:00~16:00,平均停等延滯,53.8,62.5,33.2,29.4,29.2,19.8,44.7,1.2,47.4,45.9,33.8,42.5,43.8,59.5,36.5,30.7,36,50.3,36.3,15.5,25,66.9,9.9,5.9,11.4,15.8,22.6,11.1,26.8,26.8,15.8,19.2,1,20.9,28.9,8.9,20.4,8.3,6.7,8.3,4.3,8.7,0.2,8.4,12.5,4.6,10.1,12.9,8.1,25,7.9,,,,,,,,,,,,,,,,,,,,,
2026/8/30,16:00~19:00,總停等延滯,946504,750304,196200,337485,155991,72054,40189,2228,41520,307151,52513,38558,89774,126306,171384,82006,39547,49831,115778,19882,20860,75036,24583,6099,18484,47853,29668,18185,22241,22241,101523,42069,336,37509,21609,136057,28900,50109,51483,5565,38191,37458,733,79662,56467,23195,83575,2157,32434,14270,34714,169.3,347.3,190.7,117.7,261.6,785.9,243.2,273.2,134,169.3,91.5,191.7,120,502.9,350,167.2,0,185.8,68.7,123.2,151.7
2026/8/30,16:00~19:00,通過量,20008,13944,6064,10125,7481,2657,1181,1284,2359,7227,1820,950,2372,2085,5324,2788,957,1579,3543,1367,889,1287,2954,1064,1890,3318,1528,1790,798,798,6425,2223,1389,2121,692,12003,1139,5065,4796,1003,8498,3987,4511,8267,3981,4286,8733,909,3903,591,3330,,,,,,,,,,,,,,,,,,,,,
2026/8/30,16:00~19:00,平均停等延滯,47.3,53.8,32.4,33.3,20.9,27.1,34,1.7,17.6,42.5,28.9,40.6,37.8,60.6,32.2,29.4,41.3,31.6,32.7,14.5,23.5,58.3,8.3,5.7,9.8,14.4,19.4,10.2,27.9,27.9,15.8,18.9,0.2,17.7,31.2,11.3,25.4,9.9,10.7,5.5,4.5,9.4,0.2,9.6,14.2,5.4,9.6,2.4,8.3,24.1,10.4,,,,,,,,,,,,,,,,,,,,,
2026/8/30,20:00~23:00,總停等延滯,721187,604073,117114,364128,117593,56089,28274,1961,31269,282619,44363,36986,74279,126991,133917,67443,19323,47151,69944,17112,14839,37993,20477,6373,14104,26511,19202,7309,10809,10809,59317,37326,141,11816,10034,97018,22298,37617,31404,5699,39904,39609,295,108105,85269,22836,119101,24867,24510,13847,55877,166.6,426.4,174.7,142.2,267.1,555,136.5,351.9,168.4,166.6,100.5,177.6,142.2,171.2,412,145,0,72.6,62.8,127.6,212.3
2026/8/30,20:00~23:00,通過量,12607,9367,3240,7770,5324,1906,741,1164,1513,5505,1303,600,1825,1777,3046,1530,519,997,2412,1098,468,846,1752,745,1007,1875,1008,867,404,404,3442,1351,802,962,327,9325,671,3730,4097,827,6634,3637,2997,6623,3623,3000,7080,1181,2530,481,2888,,,,,,,,,,,,,,,,,,,,,
2026/8/30,20:00~23:00,平均停等延滯,57.2,64.5,36.1,46.9,22.1,29.4,38.2,1.7,20.7,51.3,34,61.6,40.7,71.5,44,44.1,37.2,47.3,29,15.6,31.7,44.9,11.7,8.6,14,14.1,19,8.4,26.8,26.8,17.2,27.6,0.2,12.3,30.7,10.4,33.2,10.1,7.7,6.9,6,10.9,0.1,16.3,23.5,7.6,16.8,21.1,9.7,28.8,19.3,,,,,,,,,,,,,,,,,,,,,
2026/8/31,07:00~09:00,總停等延滯,806087,612020,194067,332739,138045,41430,41962,1316,53337,251098,43445,25112,60966,121575,119085,52353,29778,36954,103792,10872,21620,71300,22947,6390,16557,32523,20100,12423,17326,17326,121271,37537,3666,64598,15470,120126,21049,49240,36074,13763,48243,47394,849,76070,58668,17402,88300,10832,31075,21146,25247,157.2,204.4,186.2,119.3,212.8,421.3,278.3,334,99.1,157.9,55.8,199.4,120.4,223.7,205.4,0,0,89.1,183.8,225.5,116.5
2026/8/31,07:00~09:00,通過量,14553,9201,5352,7498,4449,1707,953,882,907,4625,1111,437,1650,1427,3222,1380,904,938,2696,768,778,1150,2457,734,1723,2609,1063,1546,632,632,5593,1607,1454,2078,454,10295,780,4011,4146,1358,5944,3156,2788,6015,3188,2827,5947,899,2341,601,2106,,,,,,,,,,,,,,,,,,,,,
2026/8/31,07:00~09:00,平均停等延滯,55.4,66.5,36.3,44.4,31,24.3,44,1.5,58.8,54.3,39.1,57.5,36.9,85.2,37,37.9,32.9,39.4,38.5,14.2,27.8,62,9.3,8.7,9.6,12.5,18.9,8,27.4,27.4,21.7,23.4,2.5,31.1,34.1,11.7,27,12.3,8.7,10.1,8.1,15,0.3,12.6,18.4,6.2,14.8,12,13.3,35.2,12,,,,,,,,,,,,,,,,,,,,,
2026/8/31,10:00~17:00,總停等延滯,1607115,1206135,400980,752468,301122,108532,71966,3416,117208,416342,91003,57189,153565,114585,262447,143107,49528,69812,226224,30635,44019,151570,51182,16965,34217,100376,55659,44717,43189,43189,206233,79299,909,90564,35461,275841,68307,129345,54483,23706,45328,43276,2052,202331,142259,60072,228968,19047,75004,42323,92594,160.2,238.8,184,116.7,220.6,465,255.6,293.9,118.7,161.4,60.3,187.9,117.8,225.4,248.2,0,0,133.2,108.1,116.8,169.8
2026/8/31,10:00~17:00,通過量,35260,23344,11916,19131,12837,5405,2454,2321,2657,12142,2962,1311,5092,2777,8255,4600,1337,2318,7044,1959,1786,3299,5873,2001,3872,6319,2871,3448,1516,1516,12417,4018,2975,4287,1137,26034,2466,10006,10229,3333,17498,8296,9202,17033,8154,8879,15725,1600,7466,1467,5192,,,,,,,,,,,,,,,,,,,,,
2026/8/31,10:00~17:00,平均停等延滯,45.6,51.7,33.7,39.3,23.5,20.1,29.3,1.5,44.1,34.3,30.7,43.6,30.2,41.3,31.8,31.1,37,30.1,32.1,15.6,24.6,45.9,8.7,8.5,8.8,15.9,19.4,13,28.5,28.5,16.6,19.7,0.3,21.1,31.2,10.6,27.7,12.9,5.3,7.1,2.6,5.2,0.2,11.9,17.4,6.8,14.6,11.9,10,28.9,17.8,,,,,,,,,,,,,,,,,,,,,
2026/8/31,17:00~20:00,總停等延滯,844977,604006,240971,363853,148678,50966,35652,1902,60158,203039,42280,29542,56379,74838,148486,76943,24630,46913,103803,23693,22802,57308,30050,12276,17774,55451,33288,22163,24170,24170,131300,50627,924,55065,24684,161841,31463,61131,63117,6130,28366,27230,1136,75392,44318,31074,98254,9999,39471,14687,34097,154.8,355.7,262,128.6,228.5,591.7,445.3,212.9,133,154.2,74.9,283.7,133.7,249.9,362.4,141,0,364.8,70.3,89.4,122
2026/8/31,17:00~20:00,通過量,18226,11698,6528,7365,6105,2532,1171,978,1424,5473,1230,700,2013,1530,4473,2431,648,1394,3522,1223,960,1339,2882,1139,1743,3357,1612,1745,912,912,6810,2333,1397,2333,747,10138,1000,4388,3645,1105,7022,2776,4246,7029,2809,4220,6324,860,3487,455,1522,,,,,,,,,,,,,,,,,,,,,
2026/8/31,17:00~20:00,平均停等延滯,46.4,51.6,36.9,49.4,24.4,20.1,30.4,1.9,42.2,37.1,34.4,42.2,28,48.9,33.2,31.7,38,33.7,29.5,19.4,23.8,42.8,10.4,10.8,10.2,16.5,20.7,12.7,26.5,26.5,19.3,21.7,0.7,23.6,33,16,31.5,13.9,17.3,5.5,4,9.8,0.3,10.7,15.8,7.4,15.5,11.6,11.3,32.3,22.4,,,,,,,,,,,,,,,,,,,,,
2026/8/31,10:00~12:00,總停等延滯,459184,354223,104961,239401,83288,34261,22037,930,26060,130041,27648,17305,47955,37133,77281,44324,15328,17629,63613,8337,12169,43107,14739,3815,10924,21704,13610,8094,11045,11045,57473,19319,213,27509,10432,82722,21310,42218,12104,7090,7889,7321,568,68856,47302,21554,79934,10033,28034,12590,29277,147.4,220.5,182.5,124.6,202.9,388.2,196.4,373.8,117.8,147.5,55.5,185.2,126.5,160.6,233.6,0,0,100,94.8,151.1,183.9
2026/8/31,10:00~12:00,通過量,9264,6035,3229,5776,3221,1489,653,548,531,3200,823,327,1343,707,2119,1176,412,531,1885,500,458,927,1611,473,1138,1679,686,993,394,394,3316,954,852,1224,286,7494,839,3182,2553,920,4685,2139,2546,4557,2081,2476,4228,435,2038,373,1382,,,,,,,,,,,,,,,,,,,,,
2026/8/31,10:00~12:00,平均停等延滯,49.6,58.7,32.5,41.4,25.9,23,33.7,1.7,49.1,40.6,33.6,52.9,35.7,52.5,36.5,37.7,37.2,33.2,33.7,16.7,26.6,46.5,9.1,8.1,9.6,12.9,19.8,8.2,28,28,17.3,20.3,0.2,22.5,36.5,11,25.4,13.3,4.7,7.7,1.7,3.4,0.2,15.1,22.7,8.7,18.9,23.1,13.8,33.8,21.2,,,,,,,,,,,,,,,,,,,,,
2026/8/31,14:00~16:00,總停等延滯,473155,354430,118725,208941,91450,32308,20889,1055,37198,123269,25996,18564,47937,30772,75617,41412,13310,20895,64094,8909,12516,42669,14052,5268,8784,33487,18167,15320,12272,12272,58914,24548,162,25343,8861,78095,18968,34945,17059,7123,16089,15340,749,54587,37681,16906,60170,1808,17420,12779,28163,146.2,310.5,178.5,113.9,210.1,553.9,242,292.5,102.7,146.3,63.7,181.5,115.3,253,315.7,0,0,78.2,144.2,125.1,185.5
2026/8/31,14:00~16:00,通過量,10087,6744,3343,5526,3839,1482,719,761,877,3478,821,416,1445,796,2263,1248,344,671,1973,534,499,940,1671,611,1060,1775,852,923,421,421,3507,1196,818,1172,321,7578,638,2737,3192,1011,5297,2587,2710,5172,2571,2601,4817,431,2235,465,1686,,,,,,,,,,,,,,,,,,,,,
2026/8/31,14:00~16:00,平均停等延滯,46.9,52.6,35.5,37.8,23.8,21.8,29.1,1.4,42.4,35.4,31.7,44.6,33.2,38.7,33.4,33.2,38.7,31.1,32.5,16.7,25.1,45.4,8.4,8.6,8.3,18.9,21.3,16.6,29.1,29.1,16.8,20.5,0.2,21.6,27.6,10.3,29.7,12.8,5.3,7,3,5.9,0.3,10.6,14.7,6.5,12.5,4.2,7.8,27.5,16.7,,,,,,,,,,,,,,,,,,,,,
2026/8/31,16:00~19:00,總停等延滯,860157,596894,263263,373968,160976,53506,37520,1710,68240,176748,39838,25759,50498,60653,144343,75115,24750,44478,114827,21620,24554,68653,34584,14346,20238,56019,34279,21740,26100,26100,146560,56464,1026,61684,27386,172365,30250,61412,72142,8561,35068,33870,1198,71760,45134,26626,94775,8528,35282,15897,35068,155,252.7,241,125.3,223.2,519.8,319.4,216.6,130.9,154.2,69,258.4,130.1,282.9,262.1,0,0,215,64.2,95.1,119.3
2026/8/31,16:00~19:00,通過量,19425,12253,7172,7922,6500,2630,1266,1021,1583,5522,1272,658,2081,1511,4744,2631,664,1449,3684,1192,1010,1482,3192,1251,1941,3721,1805,1916,926,926,7473,2478,1533,2614,848,11068,1064,4585,4161,1258,7560,3175,4385,7472,3156,4316,6963,1013,3677,554,1719,,,,,,,,,,,,,,,,,,,,,
2026/8/31,16:00~19:00,平均停等延滯,44.3,48.7,36.7,47.2,24.8,20.3,29.6,1.7,43.1,32,31.3,39.1,24.3,40.1,30.4,28.5,37.3,30.7,31.2,18.1,24.3,46.3,10.8,11.5,10.4,15.1,19,11.3,28.2,28.2,19.6,22.8,0.7,23.6,32.3,15.6,28.4,13.4,17.3,6.8,4.6,10.7,0.3,9.6,14.3,6.2,13.6,8.4,9.6,28.7,20.4,,,,,,,,,,,,,,,,,,,,,
2026/8/31,20:00~23:00,總停等延滯,460081,373870,86211,171221,79966,29440,15842,1539,33145,157211,24938,22760,47967,61546,81690,39771,13029,28890,55003,13634,12547,28822,13440,4052,9388,22228,11757,10471,9261,9261,41282,23899,332,9567,7484,55080,19590,31022,3424,1044,5523,5249,274,53331,33542,19789,57287,1946,28113,11548,15680,133.8,241.8,174.1,211.6,204.4,400.8,181.6,197.4,93,134.6,69.6,179.2,210.9,147.1,270.5,160.4,0,103.3,66.1,96,104.8
2026/8/31,20:00~23:00,通過量,9342,6527,2815,5073,3575,1489,618,780,688,3753,877,469,1361,1046,2226,1181,348,697,1887,715,468,704,1394,548,846,1471,721,750,367,367,2899,999,815,835,250,6040,546,2457,2495,542,4497,2167,2330,4563,2215,2348,4480,367,2043,317,1753,,,,,,,,,,,,,,,,,,,,,
2026/8/31,20:00~23:00,平均停等延滯,49.2,57.3,30.6,33.8,22.4,19.8,25.6,2,48.2,41.9,28.4,48.5,35.2,58.8,36.7,33.7,37.4,41.4,29.1,19.1,26.8,40.9,9.6,7.4,11.1,15.1,16.3,14,25.2,25.2,14.2,23.9,0.4,11.5,29.9,9.1,35.9,12.6,1.4,1.9,1.2,2.4,0.1,11.7,15.1,8.4,12.8,5.3,13.8,36.4,8.9,,,,,,,,,,,,,,,,,,,,,
2026/9/1,07:00~09:00,總停等延滯,775510,584567,190943,344170,133316,40345,35010,1393,56568,222207,39754,28997,53137,100319,119388,53743,27741,37904,109656,12024,21783,75849,24077,5115,18962,31580,17740,13840,17248,17248,118038,32541,4098,64196,17203,124433,20371,48747,35882,19433,48368,47259,1109,86790,67400,19390,84579,11295,29365,23161,20758,232,294,197.9,112.4,290.8,537.2,152.6,327.4,134.3,232,58.6,191.7,111.6,240.9,275.1,137.6,0,83.6,71.8,149,180.7
2026/9/1,07:00~09:00,通過量,14553,9227,5326,8048,4539,1752,1023,826,938,4522,1117,434,1619,1352,3168,1403,872,893,2727,764,754,1209,2405,673,1732,2604,1007,1597,689,689,5491,1527,1411,2094,459,10960,841,4474,4249,1396,5997,3105,2892,5934,3105,2829,5863,879,2251,596,2137,,,,,,,,,,,,,,,,,,,,,
2026/9/1,07:00~09:00,平均停等延滯,53.3,63.4,35.9,42.8,29.4,23,34.2,1.7,60.3,49.1,35.6,66.8,32.8,74.2,37.7,38.3,31.8,42.4,40.2,15.7,28.9,62.7,10,7.6,10.9,12.1,17.6,8.7,25,25,21.5,21.3,2.9,30.7,37.5,11.4,24.2,10.9,8.4,13.9,8.1,15.2,0.4,14.6,21.7,6.9,14.4,12.8,13,38.9,9.7,,,,,,,,,,,,,,,,,,,,,
2026/9/1,10:00~17:00,總停等延滯,1433295,1065393,367902,684007,283065,108842,65018,3541,105664,329012,79604,38885,116419,94104,240857,126942,47836,66079,212459,32046,40367,140046,51941,19450,32491,80603,48705,31898,39108,39108,196250,81541,931,76140,37638,289149,77375,129399,59669,22706,55166,52990,2176,163072,112588,50484,176620,7020,69789,32002,67809,152.3,196.9,205.2,154.9,222.4,449.3,222.3,267.5,112,152.5,69.9,208.2,154.9,257.8,208.4,143.8,0,89.7,135.6,125.2,147.9
2026/9/1,10:00~17:00,通過量,35449,23119,12330,22248,12788,5281,2356,2633,2518,11883,2743,1282,5016,2842,8155,4517,1385,2253,7238,2036,1710,3492,6118,2045,4073,6490,2969,3521,1646,1646,12637,3998,3009,4407,1223,25572,2869,11889,7609,3205,16324,7547,8777,15878,7473,8405,16686,1521,7675,1745,5745,,,,,,,,,,,,,,,,,,,,,
2026/9/1,10:00~17:00,平均停等延滯,40.4,46.1,29.8,30.7,22.1,20.6,27.6,1.3,42,27.7,29,30.3,23.2,33.1,29.5,28.1,34.5,29.3,29.4,15.7,23.6,40.1,8.5,9.5,8,12.4,16.4,9.1,23.8,23.8,15.5,20.4,0.3,17.3,30.8,11.3,27,10.9,7.8,7.1,3.4,7,0.2,10.3,15.1,6,10.6,4.6,9.1,18.3,11.8,,,,,,,,,,,,,,,,,,,,,
2026/9/1,17:00~20:00,總停等延滯,781561,552699,228862,258658,132656,52451,32414,2120,45671,186908,39830,24196,39772,83110,137953,64249,30576,43128,95182,25081,19355,50746,29531,12594,16937,52388,30736,21652,23000,23000,123943,53901,1091,49100,19851,117691,30383,56566,23242,7500,17909,17065,844,16638,10484,6154,106420,4613,50071,18118,33618,156.6,192.8,201,119.8,228.1,413.8,184.4,254.1,147.7,156.8,71.6,210.2,118,259.3,195.5,136,0,116.7,62.7,124.8,124.3
2026/9/1,17:00~20:00,通過量,19504,12511,6993,9923,6097,2396,1212,1175,1314,5924,1286,661,2096,1881,4962,2517,938,1507,3938,1336,943,1659,3011,1207,1804,3561,1653,1908,1108,1108,7037,2359,1387,2489,802,11062,1361,5794,2818,1089,6571,2760,3811,2430,975,1455,7049,873,3408,669,2099,,,,,,,,,,,,,,,,,,,,,
2026/9/1,17:00~20:00,平均停等延滯,40.1,44.2,32.7,26.1,21.8,21.9,26.7,1.8,34.8,31.6,31,36.6,19,44.2,27.8,25.5,32.6,28.6,24.2,18.8,20.5,30.6,9.8,10.4,9.4,14.7,18.6,11.3,20.8,20.8,17.6,22.8,0.8,19.7,24.8,10.6,22.3,9.8,8.2,6.9,2.7,6.2,0.2,6.8,10.8,4.2,15.1,5.3,14.7,27.1,16,,,,,,,,,,,,,,,,,,,,,
2026/9/1,10:00~12:00,總停等延滯,451046,353435,97611,206672,89978,36666,21358,1036,30918,117834,28371,13734,42598,33131,77559,45537,13653,18369,68064,9296,12820,45948,13545,4526,9019,18153,11945,6208,10493,10493,55420,21684,240,24505,8991,66581,18213,34741,7457,6170,7783,7237,546,67247,46536,20711,65061,1531,28716,12447,22367,146,203.4,176,157.2,203.3,379.7,170.2,261.4,107.7,146.1,57.3,180.1,156,176.7,206.7,137.9,0,81.3,90.2,120.1,147.7
2026/9/1,10:00~12:00,通過量,9434,6170,3264,6513,3458,1619,704,600,535,3258,802,292,1424,740,2120,1239,362,519,1929,530,477,922,1619,508,1111,1707,716,991,392,392,3354,990,868,1196,300,7641,856,3590,2222,973,4894,2242,2652,4765,2224,2541,4783,424,2292,496,1571,,,,,,,,,,,,,,,,,,,,,
2026/9/1,10:00~12:00,平均停等延滯,47.8,57.3,29.9,31.7,26,22.6,30.3,1.7,57.8,36.2,35.4,47,29.9,44.8,36.6,36.8,37.7,35.4,35.3,17.5,26.9,49.8,8.4,8.9,8.1,10.6,16.7,6.3,26.8,26.8,16.5,21.9,0.3,20.5,30,8.7,21.3,9.7,3.4,6.3,1.6,3.2,0.2,14.1,20.9,8.2,13.6,3.6,12.5,25.1,14.2,,,,,,,,,,,,,,,,,,,,,
2026/9/1,14:00~16:00,總停等延滯,404047,290353,113694,215760,82534,30521,18786,962,32265,83273,22193,9935,28599,22546,64358,32218,12968,19172,60188,10127,12211,37850,16757,6496,10261,25439,15784,9655,10580,10580,60918,26039,183,22090,12606,110382,29337,44985,28133,7927,23734,23292,442,38135,25333,12802,43509,2675,15265,7735,17834,159.6,148.8,184.1,144.1,244.4,342.5,248.5,234.7,106.1,160.4,84.5,183.2,143.2,183.1,151.3,127.2,0,86.6,172.3,116.5,120.2
2026/9/1,14:00~16:00,通過量,10191,6555,3636,6467,3709,1423,665,807,814,3410,760,389,1496,765,2304,1262,355,687,2073,616,493,964,1779,606,1173,1855,905,950,525,525,3747,1242,847,1295,363,7319,860,3562,2021,876,4408,1993,2415,4284,1972,2312,4618,424,2149,408,1637,,,,,,,,,,,,,,,,,,,,,
2026/9/1,14:00~16:00,平均停等延滯,39.6,44.3,31.3,33.4,22.3,21.4,28.2,1.2,39.6,24.4,29.2,25.5,19.1,29.5,27.9,25.5,36.5,27.9,29,16.4,24.8,39.3,9.4,10.7,8.7,13.7,17.4,10.2,20.2,20.2,16.3,21,0.2,17.1,34.7,15.1,34.1,12.6,13.9,9,5.4,11.7,0.2,8.9,12.8,5.5,9.4,6.3,7.1,19,10.9,,,,,,,,,,,,,,,,,,,,,
2026/9/1,16:00~19:00,總停等延滯,754258,512722,241536,287144,127045,44325,31236,1765,49719,158697,35576,19235,37734,66152,131730,59478,29530,42722,95250,21436,18784,55030,31830,13117,18713,55466,31871,23595,25833,25833,128407,52144,1334,53061,21868,137231,34194,61621,32322,9094,30779,29325,1454,32630,20747,11883,86504,5115,38068,16787,26534,151.3,200.3,184.8,121.4,220.3,450.1,172.7,271.8,111,151.4,68.8,188.2,120.6,319,202.6,141.7,0,107.4,62.2,127,143.9
2026/9/1,16:00~19:00,通過量,20272,12819,7453,10815,6527,2455,1275,1363,1434,6025,1290,648,2308,1779,5032,2545,919,1568,3948,1207,970,1771,3323,1288,2035,3840,1835,2005,1087,1087,7617,2539,1486,2698,894,11906,1470,6122,3073,1241,7068,3016,4052,4793,2078,2715,7713,1010,3480,817,2406,,,,,,,,,,,,,,,,,,,,,
2026/9/1,16:00~19:00,平均停等延滯,37.2,40,32.4,26.6,19.5,18.1,24.5,1.3,34.7,26.3,27.6,29.7,16.3,37.2,26.2,23.4,32.1,27.2,24.1,17.8,19.4,31.1,9.6,10.2,9.2,14.4,17.4,11.8,23.8,23.8,16.9,20.5,0.9,19.7,24.5,11.5,23.3,10.1,10.5,7.3,4.4,9.7,0.4,6.8,10,4.4,11.2,5.1,10.9,20.5,11,,,,,,,,,,,,,,,,,,,,,
2026/9/1,20:00~23:00,總停等延滯,440411,359887,80524,161474,93105,44000,16500,6713,25892,145584,27010,27523,37091,53960,67735,35146,12514,20075,53463,15702,13528,24233,6758,2895,3863,30611,12614,17997,4769,4769,38386,26012,179,6970,5225,62697,18281,33900,10067,449,6450,6194,256,21027,11384,9643,71300,2816,24704,11290,32490,137.8,451,231.7,119.9,215,1302.7,138.2,201.1,133.5,137.3,75.3,236,116,140.4,396.1,146,0,73.2,66.7,71.4,125
2026/9/1,20:00~23:00,通過量,9024,6353,2671,5799,3501,1487,615,749,650,3463,837,435,1235,956,2193,1155,324,714,1941,769,497,675,1284,495,789,1317,656,661,314,314,2845,983,852,787,223,6194,696,3187,2073,238,4372,1977,2395,1103,481,622,4396,382,2098,356,1560,,,,,,,,,,,,,,,,,,,,,
2026/9/1,20:00~23:00,平均停等延滯,48.8,56.6,30.1,27.8,26.6,29.6,26.8,9,39.8,42,32.3,63.3,30,56.4,30.9,30.4,38.6,28.1,27.5,20.4,27.2,35.9,5.3,5.8,4.9,23.2,19.2,27.2,15.2,15.2,13.5,26.5,0.2,8.9,23.4,10.1,26.3,10.6,4.9,1.9,1.5,3.1,0.1,19.1,23.7,15.5,16.2,7.4,11.8,31.7,20.8,,,,,,,,,,,,,,,,,,,,,
2026/9/2,07:00~09:00,總停等延滯,787774,596433,191341,335985,138048,39629,37716,1362,59341,213932,38983,21741,48956,104252,130446,53152,36245,41049,114007,13335,21532,79140,25066,5780,19286,34806,20226,14580,17451,17451,114018,36757,3658,56817,16786,127770,23489,51496,35402,17383,44691,43421,1270,82052,63866,18186,81472,7075,27699,23313,23385,218.5,184.3,164.8,113.6,277.8,384,227.1,320.1,122.9,215,59.6,165.5,116.6,214.2,189,130.5,0,100.3,116.2,162,160.2
2026/9/2,07:00~09:00,通過量,15075,9618,5457,7848,4637,1792,991,866,988,4581,1125,436,1603,1417,3443,1482,1040,921,2855,822,805,1228,2576,772,1804,2786,1051,1735,596,596,5681,1592,1497,2116,476,10464,842,4212,3960,1450,6204,3162,3042,6153,3193,2960,5952,821,2337,632,2162,,,,,,,,,,,,,,,,,,,,,
2026/9/2,07:00~09:00,平均停等延滯,52.3,62,35.1,42.8,29.8,22.1,38.1,1.6,60.1,46.7,34.7,49.9,30.5,73.6,37.9,35.9,34.9,44.6,39.9,16.2,26.7,64.4,9.7,7.5,10.7,12.5,19.2,8.4,29.3,29.3,20.1,23.1,2.4,26.9,35.3,12.2,27.9,12.2,8.9,12,7.2,13.7,0.4,13.3,20,6.1,13.7,8.6,11.9,36.9,10.8,,,,,,,,,,,,,,,,,,,,,
2026/9/2,10:00~17:00,總停等延滯,1567479,1159895,407584,718615,286723,111203,67157,3229,105134,375690,86260,46790,129713,112927,261230,142500,51848,66882,236252,32404,48462,155386,50595,16821,33774,102190,54217,47973,44828,44828,209971,80628,1197,89563,38583,250524,66119,130037,27289,27079,55282,53290,1992,177291,127096,50195,235518,25505,89224,43384,77405,162,202.4,230,139.5,220.9,490.6,161.7,312.5,128.8,163.5,58.9,240,148.5,293.8,206,0,0,85.7,76.7,128.3,191.5
2026/9/2,10:00~17:00,通過量,36653,23908,12745,23458,13129,5556,2387,2515,2671,12313,2877,1232,5147,3057,8556,4868,1511,2177,7322,2005,1861,3456,6081,2063,4018,6740,2897,3843,1798,1798,13037,4153,3134,4469,1281,30232,3086,12783,10914,3449,17964,8607,9357,17401,8480,8921,16873,1633,7651,1547,6042,,,,,,,,,,,,,,,,,,,,,
2026/9/2,10:00~17:00,平均停等延滯,42.8,48.5,32,30.6,21.8,20,28.1,1.3,39.4,30.5,30,38,25.2,36.9,30.5,29.3,34.3,30.7,32.3,16.2,26,45,8.3,8.2,8.4,15.2,18.7,12.5,24.9,24.9,16.1,19.4,0.4,20,30.1,8.3,21.4,10.2,2.5,7.9,3.1,6.2,0.2,10.2,15,5.6,14,15.6,11.7,28,12.8,,,,,,,,,,,,,,,,,,,,,
2026/9/2,17:00~20:00,總停等延滯,818955,571977,246978,251090,128732,49167,32203,1731,45631,197498,35594,24011,49896,87997,139837,63502,27617,48718,105910,23616,21559,60735,29759,11244,18515,73230,36235,36995,24010,24010,119979,46323,2525,49177,21954,87261,24293,48321,9557,5090,14053,12731,1322,63543,36700,26843,86233,11630,40429,14239,19935,156.8,197.5,221.9,136.8,230,487,175.9,227.9,112.7,157.5,73.3,227.4,138.8,293.1,198.2,0,0,86,91,97.8,132.2
2026/9/2,17:00~20:00,通過量,20252,12784,7468,10054,6388,2658,1308,1089,1333,5987,1334,736,2024,1893,5058,2713,829,1516,3978,1467,993,1518,3182,1284,1898,3906,1843,2063,1015,1015,7725,2556,1676,2692,801,11970,1366,5694,3831,1079,7523,3124,4399,7500,3103,4397,7367,896,3477,650,2344,,,,,,,,,,,,,,,,,,,,,
2026/9/2,17:00~20:00,平均停等延滯,40.4,44.7,33.1,25,20.2,18.5,24.6,1.6,34.2,33,26.7,32.6,24.7,46.5,27.6,23.4,33.3,32.1,26.6,16.1,21.7,40,9.4,8.8,9.8,18.7,19.7,17.9,23.7,23.7,15.5,18.1,1.5,18.3,27.4,7.3,17.8,8.5,2.5,4.7,1.9,4.1,0.3,8.5,11.8,6.1,11.7,13,11.6,21.9,8.5,,,,,,,,,,,,,,,,,,,,,
2026/9/2,10:00~12:00,總停等延滯,453949,348663,105286,222559,83977,34280,19349,935,29413,120948,27618,17623,41763,33944,74060,42314,14404,17342,69678,7589,14286,47803,11825,3244,8581,24134,12966,11168,12078,12078,57249,19929,238,26849,10233,78102,20423,41736,7881,8062,8788,8106,682,66490,47530,18960,69179,3647,30358,12597,22577,151.5,185.2,235.2,113.8,210,490.9,194.4,330.7,109.6,151.6,58.5,234.1,112.5,324.8,201.5,0,0,110.9,83.9,190.2,156.9
2026/9/2,10:00~12:00,通過量,9609,6239,3370,6096,3367,1552,626,630,559,3408,827,330,1472,779,2231,1289,408,534,1939,488,502,949,1650,504,1146,1779,694,1085,436,436,3453,1023,847,1253,330,7939,801,3415,2740,983,4897,2205,2692,4699,2182,2517,4557,435,2242,389,1491,,,,,,,,,,,,,,,,,,,,,
2026/9/2,10:00~12:00,平均停等延滯,47.2,55.9,31.2,36.5,24.9,22.1,30.9,1.5,52.6,35.5,33.4,53.4,28.4,43.6,33.2,32.8,35.3,32.5,35.9,15.6,28.5,50.4,7.2,6.4,7.5,13.6,18.7,10.3,27.7,27.7,16.6,19.5,0.3,21.4,31,9.8,25.5,12.2,2.9,8.2,1.8,3.7,0.3,14.1,21.8,7.5,15.2,8.4,13.5,32.4,15.1,,,,,,,,,,,,,,,,,,,,,
2026/9/2,14:00~16:00,總停等延滯,473891,345180,128711,230373,85769,32368,21387,991,31023,113577,25988,12225,39394,35970,80673,46865,13768,20040,65161,9036,13235,42890,15140,4861,10279,33467,18002,15465,14086,14086,66018,27866,117,25550,12485,77758,20936,41705,6222,8895,20028,19644,384,51948,36408,15540,80639,12770,28856,15155,23858,146.9,177.8,235.7,147,204.5,441.1,137,394.5,138.6,146.8,57.5,255.8,144.7,264.8,180.6,0,0,70.4,66,98.9,317.4
2026/9/2,14:00~16:00,通過量,10384,6743,3641,7213,3901,1580,732,732,857,3346,791,331,1362,862,2319,1332,367,620,1959,565,476,918,1692,633,1059,1884,844,1040,549,549,3712,1253,897,1193,369,9297,963,3937,3392,1005,5282,2573,2709,5098,2509,2589,4853,438,2102,469,1844,,,,,,,,,,,,,,,,,,,,,
2026/9/2,14:00~16:00,平均停等延滯,45.6,51.2,35.4,31.9,22,20.5,29.2,1.4,36.2,33.9,32.9,36.9,28.9,41.7,34.8,35.2,37.5,32.3,33.3,16,27.8,46.7,8.9,7.7,9.7,17.8,21.3,14.9,25.7,25.7,17.8,22.2,0.1,21.4,33.8,8.4,21.7,10.6,1.8,8.9,3.8,7.6,0.1,10.2,14.5,6,16.6,29.2,13.7,32.3,12.9,,,,,,,,,,,,,,,,,,,,,
2026/9/2,16:00~19:00,總停等延滯,795081,543257,251824,259323,133573,47113,30925,1449,54086,168536,35572,18891,43837,70236,127826,57122,27719,42985,113322,22665,21293,69364,31998,13182,18816,67191,34750,32441,25837,25837,126798,47085,3102,53326,23285,93481,25076,51569,9637,7199,24063,22507,1556,57345,34215,23130,84434,12442,35517,16042,20433,151.7,222.5,214.4,164.5,216.5,498.6,174.5,240.2,112.8,151.7,64.3,218.8,168.9,293.8,222.9,0,0,83.5,91.4,119.3,122.5
2026/9/2,16:00~19:00,通過量,21702,13466,8236,11448,6895,2874,1367,1161,1493,6098,1338,715,2201,1844,5302,2880,921,1501,4137,1386,1050,1701,3457,1394,2063,4242,2006,2236,1148,1148,8395,2701,1838,2960,896,13796,1602,6495,4385,1314,8254,3566,4688,8218,3529,4689,8088,1032,3705,733,2618,,,,,,,,,,,,,,,,,,,,,
2026/9/2,16:00~19:00,平均停等延滯,36.6,40.3,30.6,22.7,19.4,16.4,22.6,1.2,36.2,27.6,26.6,26.4,19.9,38.1,24.1,19.8,30.1,28.6,27.4,16.4,20.3,40.8,9.3,9.5,9.1,15.8,17.3,14.5,22.5,22.5,15.1,17.4,1.7,18,26,6.8,15.7,7.9,2.2,5.5,2.9,6.3,0.3,7,9.7,4.9,10.4,12.1,9.6,21.9,7.8,,,,,,,,,,,,,,,,,,,,,
2026/9/2,20:00~23:00,總停等延滯,513958,395119,118839,171996,71312,27586,16002,1598,26126,170197,30168,23733,54335,61961,80355,36529,17169,26657,73255,15759,12641,44855,15541,3994,11547,32789,12986,19803,13537,13537,56972,33441,140,10732,12659,49172,18408,30049,332,383,5663,5463,200,52391,31566,20825,64770,712,26534,12981,24543,141.4,228.3,185.4,175.6,217.7,463.4,197.9,229.1,93.7,143.1,77,193.3,193.5,219.3,246.1,0,0,142.3,66.4,69.5,180.8
2026/9/2,20:00~23:00,通過量,10430,7144,3286,6462,3823,1554,594,944,731,4138,870,452,1696,1120,2369,1251,442,676,2363,788,448,1127,1794,571,1223,1715,883,832,428,428,3661,1374,892,917,478,7350,636,3167,3014,533,4929,2525,2404,5092,2625,2467,5168,371,2138,412,2247,,,,,,,,,,,,,,,,,,,,,
2026/9/2,20:00~23:00,平均停等延滯,49.3,55.3,36.2,26.6,18.7,17.8,26.9,1.7,35.7,41.1,34.7,52.5,32,55.3,33.9,29.2,38.8,39.4,31,20,28.2,39.8,8.7,7,9.4,19.1,14.7,23.8,31.6,31.6,15.6,24.3,0.2,11.7,26.5,6.7,28.9,9.5,0.1,0.7,1.1,2.2,0.1,10.3,12,8.4,12.5,1.9,12.4,31.5,10.9,,,,,,,,,,,,,,,,,,,,,
2026/9/3,07:00~09:00,總停等延滯,773432,577076,196356,308935,137597,37364,38874,1357,60002,208267,38007,22560,54718,92982,120609,50145,33106,37358,110603,12323,22397,75883,27473,6811,20662,30491,19734,10757,18175,18175,120217,36404,5922,59617,18274,111557,17921,40288,38063,15285,47850,46234,1616,65051,50283,14768,84477,13783,26782,19394,24518,147.4,206,188,133.8,209.9,539.6,170.7,302,117,147.4,62.4,187.4,133.3,324.5,204.7,114.8,0,87.4,81.8,177.4,130.8
2026/9/3,07:00~09:00,通過量,15450,9783,5667,6718,4725,1752,1047,873,1053,4647,1154,465,1576,1452,3393,1460,1031,902,2881,800,831,1250,2637,752,1885,2739,1034,1705,732,732,5816,1633,1492,2233,458,9385,767,3300,3857,1461,5842,2988,2854,5823,3045,2778,5811,881,2279,620,2031,,,,,,,,,,,,,,,,,,,,,
2026/9/3,07:00~09:00,平均停等延滯,50.1,59,34.6,46,29.1,21.3,37.1,1.6,57,44.8,32.9,48.5,34.7,64,35.5,34.3,32.1,41.4,38.4,15.4,27,60.7,10.4,9.1,11,11.1,19.1,6.3,24.8,24.8,20.7,22.3,4,26.7,39.9,11.9,23.4,12.2,9.9,10.5,8.2,15.5,0.6,11.2,16.5,5.3,14.5,15.6,11.8,31.3,12.1,,,,,,,,,,,,,,,,,,,,,
2026/9/3,10:00~17:00,總停等延滯,1661476,1247535,413941,645695,310727,98877,82179,4005,125666,416311,89402,53558,131562,141789,285197,148061,57346,79790,235300,37763,45012,152525,59480,17955,41525,96145,61448,34697,44954,44954,213362,85747,718,85290,41607,219328,32324,60118,101236,25650,61656,59898,1758,183759,131231,52528,180952,17418,72509,43161,47864,168.3,210.7,218.6,162.2,232.9,426.7,283.1,246.2,134.9,168.5,65.3,228.1,166.5,223.3,214.7,158,0,197.7,71.5,115.5,129.2
2026/9/3,10:00~17:00,通過量,36865,24406,12459,18220,12952,5305,2466,2637,2544,12640,2891,1323,5041,3385,8699,4646,1564,2489,7579,2249,1886,3444,6285,2043,4242,6776,3081,3695,1815,1815,12600,3999,3086,4227,1288,23606,3153,7811,9307,3335,15838,7690,8148,15934,7511,8423,16101,1656,7189,1449,5807,,,,,,,,,,,,,,,,,,,,,
2026/9/3,10:00~17:00,平均停等延滯,45.1,51.1,33.2,35.4,24,18.6,33.3,1.5,49.4,32.9,30.9,40.5,26.1,41.9,32.8,31.9,36.7,32.1,31,16.8,23.9,44.3,9.5,8.8,9.8,14.2,19.9,9.4,24.8,24.8,16.9,21.4,0.2,20.2,32.3,9.3,10.3,7.7,10.9,7.7,3.9,7.8,0.2,11.5,17.5,6.2,11.2,10.5,10.1,29.8,8.2,,,,,,,,,,,,,,,,,,,,,
2026/9/3,17:00~20:00,總停等延滯,807694,563550,244144,281658,123670,41151,36163,2278,44078,191746,42974,25290,38870,84612,144130,62260,34865,47005,104004,28854,20006,55144,35546,15454,20092,57037,33491,23546,22660,22660,128901,55753,706,49677,22765,130152,17886,29494,73683,9089,30404,30404,0,50769,28090,22679,70333,4815,36781,13534,15203,157.5,356.8,264.2,146.5,243.8,573.1,170.1,254.5,159.1,158.2,86.3,282,145.7,229.1,399.8,155.6,0,100,69.7,138.2,120.4
2026/9/3,17:00~20:00,通過量,20787,13371,7416,5956,6344,2518,1311,1177,1338,6557,1424,759,2186,2188,5148,2584,1016,1548,4226,1533,1075,1618,3496,1377,2119,3818,1834,1984,1028,1028,7510,2499,1452,2713,846,7733,1108,2143,3331,1151,2750,2750,0,6493,2631,3862,7145,812,3628,601,2104,,,,,,,,,,,,,,,,,,,,,
2026/9/3,17:00~20:00,平均停等延滯,38.9,42.1,32.9,47.3,19.5,16.3,27.6,1.9,32.9,29.2,30.2,33.3,17.8,38.7,28,24.1,34.3,30.4,24.6,18.8,18.6,34.1,10.2,11.2,9.5,14.9,18.3,11.9,22,22,17.2,22.3,0.5,18.3,26.9,16.8,16.1,13.8,22.1,7.9,11.1,11.1,0,7.8,10.7,5.9,9.8,5.9,10.1,22.5,7.2,,,,,,,,,,,,,,,,,,,,,
2026/9/3,10:00~12:00,總停等延滯,502385,396535,105850,190859,84738,32018,20887,1045,30788,158315,29525,22213,53517,53060,81954,47341,15506,19107,71528,9621,14421,47486,15015,3600,11415,20784,10865,9919,11478,11478,58573,20503,136,27332,10602,42898,7875,16492,10595,7936,11003,10417,586,69102,50051,19051,67856,8538,29584,14460,15274,152,225.8,201,197.8,212.1,410.6,500.1,231.6,104.7,152.4,60.1,202.8,200.3,192.9,235,132.5,0,413,68.2,108.2,123
2026/9/3,10:00~12:00,通過量,9887,6562,3325,5261,3440,1570,732,649,489,3607,873,322,1454,958,2197,1221,413,563,2073,558,489,1026,1642,464,1178,1788,700,1088,469,469,3366,974,878,1192,322,6897,908,2309,2652,1028,4905,2284,2621,4681,2152,2529,4587,448,2095,442,1602,,,,,,,,,,,,,,,,,,,,,
2026/9/3,10:00~12:00,平均停等延滯,50.8,60.4,31.8,36.3,24.6,20.4,28.5,1.6,63,43.9,33.8,69,36.8,55.4,37.3,38.8,37.5,33.9,34.5,17.2,29.5,46.3,9.1,7.8,9.7,11.6,15.5,9.1,24.5,24.5,17.4,21.1,0.2,22.9,32.9,6.2,8.7,7.1,4,7.7,2.2,4.6,0.2,14.8,23.3,7.5,14.8,19.1,14.1,32.7,9.5,,,,,,,,,,,,,,,,,,,,,
2026/9/3,14:00~16:00,總停等延滯,445061,321163,123898,173409,85475,24889,24215,1278,35093,92881,23439,11343,28304,29795,79767,37808,14905,27054,63040,11686,11952,39402,18461,5950,12511,33260,21997,11263,13197,13197,58980,25790,149,21652,11389,80058,11103,19024,42965,6966,17520,17018,502,37613,24647,12966,38218,1681,15079,10109,11349,152.7,238.3,209.6,158.6,223.2,401.4,206.5,258.7,157.9,152.7,71,235.7,160.6,160.6,233.5,160.9,0,133,71.1,127.1,133.6
2026/9/3,14:00~16:00,通過量,10746,7098,3648,5165,3816,1450,691,817,858,3649,816,410,1424,999,2587,1384,425,778,2173,686,515,972,1899,620,1279,1956,930,1026,612,612,3607,1191,846,1193,377,6617,885,2219,2579,934,4448,2062,2386,4232,1981,2251,4516,444,2011,404,1657,,,,,,,,,,,,,,,,,,,,,
2026/9/3,14:00~16:00,平均停等延滯,41.4,45.2,34,33.6,22.4,17.2,35,1.6,40.9,25.5,28.7,27.7,19.9,29.8,30.8,27.3,35.1,34.8,29,17,23.2,40.5,9.7,9.6,9.8,17,23.7,11,21.6,21.6,16.4,21.7,0.2,18.1,30.2,12.1,12.5,8.6,16.7,7.5,3.9,8.3,0.2,8.9,12.4,5.8,8.5,3.8,7.5,25,6.8,,,,,,,,,,,,,,,,,,,,,
2026/9/3,16:00~19:00,總停等延滯,869349,595058,274291,339658,145654,43609,42034,2343,57668,182821,40238,24377,39892,78314,153093,65616,37222,50255,113490,25884,20872,66734,39075,16551,22524,64764,39781,24983,27514,27514,142938,59911,938,55245,26844,162248,17770,30607,103798,10073,47904,47649,255,62155,39339,22816,67351,7666,27378,16060,16247,153.4,313.5,273.7,148,236.7,574.4,183.4,260.8,165,153.7,82.8,284.8,145.8,284.8,360.4,151,0,98.7,85.3,138.8,124.1
2026/9/3,16:00~19:00,通過量,21630,13726,7904,7764,6641,2536,1384,1277,1444,6347,1363,750,2214,2020,5485,2750,1070,1665,4343,1486,1146,1711,3736,1438,2298,4196,2089,2107,1134,1134,8096,2764,1582,2823,927,9624,1576,3250,3533,1265,3655,2970,685,6943,2921,4022,7494,976,3580,679,2259,,,,,,,,,,,,,,,,,,,,,
2026/9/3,16:00~19:00,平均停等延滯,40.2,43.4,34.7,43.7,21.9,17.2,30.4,1.8,39.9,28.8,29.5,32.5,18,38.8,27.9,23.9,34.8,30.2,26.1,17.4,18.2,39,10.5,11.5,9.8,15.4,19,11.9,24.3,24.3,17.7,21.7,0.6,19.6,29,16.9,11.3,9.4,29.4,8,13.1,16,0.4,9,13.5,5.7,9,7.9,7.6,23.7,7.2,,,,,,,,,,,,,,,,,,,,,
2026/9/3,20:00~23:00,總停等延滯,441105,349851,91254,160615,69484,27844,16518,2172,22950,148115,26617,22220,38019,61259,70993,35936,14209,20848,61259,16079,15903,29277,14571,4650,9921,22392,13744,8648,11407,11407,42884,27602,249,8419,6614,62494,21600,32400,4361,4133,6341,6341,0,41923,23166,18757,49857,770,24338,9572,15177,150.9,177.5,174,170.5,238.9,410.6,192.4,210.3,136.9,151.5,88.6,174.8,180.4,217.5,174.1,178.4,0,113.8,84.1,74,148.4
2026/9/3,20:00~23:00,通過量,9875,6900,2975,2055,3579,1465,615,841,658,3938,914,470,1435,1119,2370,1218,400,752,2322,901,542,879,1524,576,948,1527,778,749,466,466,3063,1130,780,878,275,2964,0,0,2573,391,2163,2163,0,4634,2256,2378,4467,375,2037,284,1771,,,,,,,,,,,,,,,,,,,,,
2026/9/3,20:00~23:00,平均停等延滯,44.7,50.7,30.7,78.2,19.4,19,26.9,2.6,34.9,37.6,29.1,47.3,26.5,54.7,30,29.5,35.5,27.7,26.4,17.8,29.3,33.3,9.6,8.1,10.5,14.7,17.7,11.5,24.5,24.5,14,24.4,0.3,9.6,24.1,21.1,0,0,1.7,10.6,2.9,2.9,0,9,10.3,7.9,11.2,2.1,11.9,33.7,8.6,,,,,,,,,,,,,,,,,,,,,
2026/9/4,07:00~09:00,總停等延滯,765240,562813,202427,335392,135084,38711,40322,1529,54522,188620,38667,18307,39717,91929,126675,48854,34908,42913,112434,14692,21187,76555,26272,8135,18137,35004,19925,15079,18125,18125,123026,38069,5246,62496,17215,128107,23437,50833,36866,16971,39647,38275,1372,77419,58930,18489,90219,21239,27165,20909,20906,145.5,218,163.3,133.5,211.4,481.6,150.7,286.6,133.3,145.7,67,165.2,128.6,251.6,219.9,134.7,0,86.2,60.7,147,132.5
2026/9/4,07:00~09:00,通過量,15033,9453,5580,7216,4532,1672,984,954,922,4603,1116,459,1552,1476,3359,1406,1002,951,2835,848,792,1195,2598,792,1806,2825,1093,1732,658,658,5807,1677,1472,2171,487,9471,727,3656,3712,1376,5937,3054,2883,5884,3103,2781,6098,937,2328,701,2132,,,,,,,,,,,,,,,,,,,,,
2026/9/4,07:00~09:00,平均停等延滯,50.9,59.5,36.3,46.5,29.8,23.2,41,1.6,59.1,41,34.6,39.9,25.6,62.3,37.7,34.7,34.8,45.1,39.7,17.3,26.8,64.1,10.1,10.3,10,12.4,18.2,8.7,27.5,27.5,21.2,22.7,3.6,28.8,35.3,13.5,32.2,13.9,9.9,12.3,6.7,12.5,0.5,13.2,19,6.6,14.8,22.7,11.7,29.8,9.8,,,,,,,,,,,,,,,,,,,,,
2026/9/4,10:00~17:00,總停等延滯,1614699,1190712,423987,764117,303296,109497,72791,5316,115692,381316,91013,33398,101844,155061,272203,131937,68422,71844,233897,40693,46236,146968,63190,21746,41444,98339,55480,42859,48347,48347,214111,89090,1870,84840,38311,362915,84152,142218,112265,24280,59773,57335,2438,150900,105789,45111,190529,10125,59061,35292,86051,157.5,205.1,193.4,187.5,243,568.6,166.7,323.7,125.9,159.2,85.9,198.9,197.1,328.2,201.7,130.8,0,105.8,61.3,152.9,169.4
2026/9/4,10:00~17:00,通過量,39695,26449,13246,21398,14018,5541,2644,3225,2608,14152,3145,1419,5467,4121,9568,5052,1922,2594,8142,2542,1983,3617,6877,2224,4653,7402,3265,4137,1801,1801,13719,4498,3123,4840,1258,25890,2922,11868,7825,3275,16522,7788,8734,16298,7778,8520,15941,1689,7644,1477,5131,,,,,,,,,,,,,,,,,,,,,
2026/9/4,10:00~17:00,平均停等延滯,40.7,45,32,35.7,21.6,19.8,27.5,1.6,44.4,26.9,28.9,23.5,18.6,37.6,28.4,26.1,35.6,27.7,28.7,16,23.3,40.6,9.2,9.8,8.9,13.3,17,10.4,26.8,26.8,15.6,19.8,0.6,17.5,30.5,14,28.8,12,14.3,7.4,3.6,7.4,0.3,9.3,13.6,5.3,12,6,7.7,23.9,16.8,,,,,,,,,,,,,,,,,,,,,
2026/9/4,17:00~20:00,總停等延滯,799705,564847,234858,324509,115170,38810,34476,2729,39155,188157,55848,17652,44472,70185,157961,55302,45886,56773,103559,30493,21504,51562,34894,14263,20631,58778,30023,28755,21335,21335,119851,51882,1566,47718,18685,180897,25420,47430,98449,9598,24726,23054,1672,46899,26076,20823,71987,3544,30300,14159,23984,156.9,296.3,221,168.2,244.5,562.9,162.8,274.5,135.9,157.1,87.2,225.1,158.1,288.3,301.2,0,0,106.2,58,153.8,130.6
2026/9/4,17:00~20:00,通過量,24026,15911,8115,10184,7146,2771,1537,1274,1564,7744,1742,940,2370,2692,6052,2881,1303,1868,5089,1853,1342,1894,3851,1438,2413,4472,2031,2441,1087,1087,8375,2785,1553,3216,821,8653,1511,5990,0,1152,7010,2983,4027,7268,2991,4277,7528,942,3903,707,1976,,,,,,,,,,,,,,,,,,,,,
2026/9/4,17:00~20:00,平均停等延滯,33.3,35.5,28.9,31.9,16.1,14,22.4,2.1,25,24.3,32.1,18.8,18.8,26.1,26.1,19.2,35.2,30.4,20.3,16.5,16,27.2,9.1,9.9,8.5,13.1,14.8,11.8,19.6,19.6,14.3,18.6,1,14.8,22.8,20.9,16.8,7.9,0,8.3,3.5,7.7,0.4,6.5,8.7,4.9,9.6,3.8,7.8,20,12.1,,,,,,,,,,,,,,,,,,,,,
2026/9/4,10:00~12:00,總停等延滯,469542,356391,113151,200153,88747,33820,19833,2126,32968,123436,28083,10656,35718,48979,77076,39642,17067,20367,67132,9765,12015,45352,17041,4749,12292,22009,12964,9045,12914,12914,61187,22762,291,26717,11417,78684,20216,37879,13608,6981,12452,11660,792,49233,34266,14967,59784,3109,21071,12671,22933,149.4,191.6,176.3,111.5,261.8,489.3,173.4,221.9,163.9,149.4,122.1,176.2,116.3,288.3,202,103.2,0,106.2,61.9,93.3,130.6
2026/9/4,10:00~12:00,通過量,10381,6843,3538,6140,3639,1518,697,799,625,3899,902,325,1634,1038,2467,1360,498,609,2208,675,465,1068,1767,510,1257,1866,742,1124,470,470,3675,1117,857,1370,331,7759,799,3260,2742,958,4599,2227,2372,4587,2219,2368,4647,469,2097,414,1667,,,,,,,,,,,,,,,,,,,,,
2026/9/4,10:00~12:00,平均停等延滯,45.2,52.1,32,32.6,24.4,22.3,28.5,2.7,52.7,31.7,31.1,32.8,21.9,47.2,31.2,29.1,34.3,33.4,30.4,14.5,25.8,42.5,9.6,9.3,9.8,11.8,17.5,8,27.5,27.5,16.6,20.4,0.3,19.5,34.5,10.1,25.3,11.6,5,7.3,2.7,5.2,0.3,10.7,15.4,6.3,12.9,6.6,10,30.6,13.8,,,,,,,,,,,,,,,,,,,,,
2026/9/4,14:00~16:00,總停等延滯,475411,348078,127333,244704,83910,28020,21691,1315,32884,114942,27682,9319,32551,45390,82527,41337,19097,22093,66699,11883,12864,41952,18067,6818,11249,32782,19890,12892,14692,14692,61792,27511,356,23488,10437,123858,29152,46311,40348,8047,16275,15728,547,46382,31590,14792,58189,1902,17029,10574,28684,153.8,181.6,230.2,221.6,229.1,410.9,190.9,399.1,107.6,154.5,76.3,236.1,219,233.2,193.4,0,0,137.8,61.5,232.6,186.9
2026/9/4,14:00~16:00,通過量,11338,7490,3848,5731,4005,1566,737,930,772,4018,851,380,1620,1167,2805,1467,549,789,2281,751,527,1003,2039,708,1331,2127,1026,1101,548,548,4017,1425,892,1337,363,7522,867,3194,2493,968,4649,2158,2491,4511,2114,2397,4266,453,2143,390,1280,,,,,,,,,,,,,,,,,,,,,
2026/9/4,14:00~16:00,平均停等延滯,41.9,46.5,33.1,42.7,21,17.9,29.4,1.4,42.6,28.6,32.5,24.5,20.1,38.9,29.4,28.2,34.8,28,29.2,15.8,24.4,41.8,8.9,9.6,8.5,15.4,19.4,11.7,26.8,26.8,15.4,19.3,0.4,17.6,28.8,16.5,33.6,14.5,16.2,8.3,3.5,7.3,0.2,10.3,14.9,6.2,13.6,4.2,7.9,27.1,22.4,,,,,,,,,,,,,,,,,,,,,
2026/9/4,16:00~19:00,總停等延滯,777705,532626,245079,359290,128885,46241,33940,1478,47226,148877,45452,13593,31990,57842,144744,51553,43748,49443,110120,28261,22704,59155,35462,14703,20759,57869,30400,27469,23658,23658,128090,53183,2455,52094,20358,198127,32155,57144,97842,10986,40255,38688,1567,46017,30002,16015,74891,5825,24159,15450,29457,154.4,233.1,204.8,164.3,237.2,552.3,159.8,325.1,112,154.5,79.9,202,153.5,288.8,226.2,0,0,105.1,55.2,204.8,134.9
2026/9/4,16:00~19:00,通過量,23963,15557,8406,9626,7246,2743,1556,1367,1580,7248,1634,839,2372,2403,5906,2875,1238,1793,5069,1664,1364,2041,3886,1467,2419,4564,2115,2449,1161,1161,8633,2855,1638,3279,861,8419,1400,5790,0,1229,6953,3081,3872,7211,3096,4115,7229,1057,3736,750,1686,,,,,,,,,,,,,,,,,,,,,
2026/9/4,16:00~19:00,平均停等延滯,32.5,34.2,29.2,37.3,17.8,16.9,21.8,1.1,29.9,20.5,27.8,16.2,13.5,24.1,24.5,17.9,35.3,27.6,21.7,17,16.6,29,9.1,10,8.6,12.7,14.4,11.2,20.4,20.4,14.8,18.6,1.5,15.9,23.6,23.5,23,9.9,0,8.9,5.8,12.6,0.4,6.4,9.7,3.9,10.4,5.5,6.5,20.6,17.5,,,,,,,,,,,,,,,,,,,,,
2026/9/4,20:00~23:00,總停等延滯,665290,529806,135484,331420,90615,35288,20262,2733,32332,259231,56273,33510,76667,92781,104963,47551,25272,32140,74997,22206,16073,36718,20893,6951,13942,34051,21407,12644,14609,14609,65931,42034,347,16236,7314,177694,20918,37318,118097,1361,9754,9334,420,72965,50187,22778,71007,1347,29698,12574,27388,140.8,281.2,199.6,192.1,223,488,204.4,321.4,139.4,142.5,81.3,205.5,196.7,209.1,283.4,0,0,147.8,68.3,74.6,221.7
2026/9/4,20:00~23:00,通過量,13476,9686,3790,7745,4906,2132,827,1016,931,5734,1320,703,1953,1758,3407,1718,672,1017,2843,1197,644,1002,2016,787,1229,2102,1103,999,521,521,4004,1522,991,1183,308,5476,821,3975,0,680,6172,2983,3189,6098,2963,3135,6192,465,2778,463,2486,,,,,,,,,,,,,,,,,,,,,
2026/9/4,20:00~23:00,平均停等延滯,49.4,54.7,35.7,42.8,18.5,16.6,24.5,2.7,34.7,45.2,42.6,47.7,39.3,52.8,30.8,27.7,37.6,31.6,26.4,18.6,25,36.6,10.4,8.8,11.3,16.2,19.4,12.7,28,28,16.5,27.6,0.4,13.7,23.7,32.4,25.5,9.4,0,2,1.6,3.1,0.1,12,16.9,7.3,11.5,2.9,10.7,27.2,11,,,,,,,,,,,,,,,,,,,,,
2026/9/5,07:00~09:00,總停等延滯,328685,257851,70834,152996,53021,28299,12593,708,11421,106950,32259,11819,29879,32993,58099,35537,10630,11932,39781,7075,8532,24174,8253,2427,5826,12727,10273,2454,6161,6161,43693,14536,50,20652,8455,46734,14734,26230,2207,3563,3489,3358,131,51184,35172,16012,51589,1014,25538,10377,14660,146,149.8,161,143.1,212,338.5,137.2,184.5,96.2,145.8,66.1,160.6,142.7,187.2,147.3,192.5,0,67.1,68.5,57.2,141.8
2026/9/5,07:00~09:00,通過量,7219,4708,2511,4535,2524,1332,377,463,352,2589,763,222,938,666,1587,847,344,396,1476,457,320,699,1283,436,847,1347,573,774,222,222,2603,750,691,978,184,5833,519,2612,1974,728,3765,1693,2072,3612,1627,1985,3538,398,1736,243,1161,,,,,,,,,,,,,,,,,,,,,
2026/9/5,07:00~09:00,平均停等延滯,45.5,54.8,28.2,33.7,21,21.2,33.4,1.5,32.4,41.3,42.3,53.2,31.9,49.5,36.6,42,30.9,30.1,27,15.5,26.7,34.6,6.4,5.6,6.9,9.4,17.9,3.2,27.8,27.8,16.8,19.4,0.1,21.1,46,8,28.4,10,1.1,4.9,0.9,2,0.1,14.2,21.6,8.1,14.6,2.5,14.7,42.7,12.6,,,,,,,,,,,,,,,,,,,,,
2026/9/5,10:00~17:00,總停等延滯,2510385,1956792,553593,868667,428492,130574,124951,4008,168959,673239,118218,84449,231604,238968,514697,256998,116891,140808,340364,41208,66408,232748,69544,12770,56774,151787,73423,78364,53380,53380,278882,89342,6020,131855,51665,215850,63286,131482,3503,17579,106075,103178,2897,232200,160573,71627,314542,44095,117462,52044,100941,173.2,244.2,185,141.2,269.1,583.4,188.9,273,123.8,173.4,95.9,190.2,142.4,331.5,247.9,149,0,111.5,76,109.4,159.4
2026/9/5,10:00~17:00,通過量,46813,31757,15056,25495,16742,6564,3565,2975,3638,15445,3573,1880,5482,4510,12994,7118,2944,2932,8522,2798,2488,3236,7444,2041,5403,8092,3178,4914,1872,1872,15523,4380,4155,5688,1300,30990,3150,13756,11238,2846,20804,9181,11623,20505,9116,11389,21076,2672,9815,1524,7065,,,,,,,,,,,,,,,,,,,,,
2026/9/5,10:00~17:00,平均停等延滯,53.6,61.6,36.8,34.1,25.6,19.9,35,1.3,46.4,43.6,33.1,44.9,42.2,53,39.6,36.1,39.7,48,39.9,14.7,26.7,71.9,9.3,6.3,10.5,18.8,23.1,15.9,28.5,28.5,18,20.4,1.4,23.2,39.7,7,20.1,9.6,0.3,6.2,5.1,11.2,0.2,11.3,17.6,6.3,14.9,16.5,12,34.1,14.3,,,,,,,,,,,,,,,,,,,,,
2026/9/5,17:00~20:00,總停等延滯,903877,674384,229493,337536,145677,71676,40461,1994,31546,220340,41800,31930,70207,76403,178846,87167,49155,42524,129521,20760,22392,86369,22202,6748,15454,74498,35222,39276,22300,22300,110493,46415,370,41797,21911,85970,27683,48142,4220,5925,54030,53201,829,86364,71678,14686,111172,11078,33419,16001,50674,161.9,283.2,204.1,181.7,259.5,683.5,188.4,317.1,153.2,161.5,97.1,210.4,187.1,367.3,265.3,135.5,0,112.9,72.7,154.3,161.2
2026/9/5,17:00~20:00,通過量,19336,13280,6056,9572,7198,2553,1210,1183,2252,6275,1379,803,2298,1795,5282,2803,1047,1432,3463,1275,856,1332,2889,1063,1826,3243,1496,1747,904,904,6240,2151,1405,1968,716,12027,1072,4839,4936,1180,8218,4157,4061,8121,4049,4072,8361,1041,3659,541,3120,,,,,,,,,,,,,,,,,,,,,
2026/9/5,17:00~20:00,平均停等延滯,46.7,50.8,37.9,35.3,20.2,28.1,33.4,1.7,14,35.1,30.3,39.8,30.6,42.6,33.9,31.1,46.9,29.7,37.4,16.3,26.2,64.8,7.7,6.3,8.5,23,23.5,22.5,24.7,24.7,17.7,21.6,0.3,21.2,30.6,7.1,25.8,9.9,0.9,5,6.6,12.8,0.2,10.6,17.7,3.6,13.3,10.6,9.1,29.6,16.2,,,,,,,,,,,,,,,,,,,,,
2026/9/5,10:00~12:00,總停等延滯,704315,543747,160568,230548,89743,34625,33505,1167,20446,213682,33063,26050,74932,79637,145257,78182,31725,35350,95065,10904,17393,66768,19425,2947,16478,47465,19432,28033,13255,13255,80423,20095,1567,46778,11983,59082,18469,37122,295,3196,15010,14618,392,70961,49032,21929,85495,8520,41974,11380,23621,168.8,199.9,184.2,149.7,258.1,463.6,216.5,213.7,109.4,168.9,89.3,186.5,150.7,271.3,209.7,152.7,0,142.6,72.9,84.6,141
2026/9/5,10:00~12:00,通過量,12053,8118,3935,6843,4167,1908,905,756,598,4279,1041,455,1535,1248,3301,1821,757,723,2247,723,619,905,1953,487,1466,2197,763,1434,481,481,4001,1034,1094,1738,135,8394,920,3887,2881,706,5502,2348,3154,5418,2325,3093,5340,576,2728,390,1646,,,,,,,,,,,,,,,,,,,,,
2026/9/5,10:00~12:00,平均停等延滯,58.4,67,40.8,33.7,21.5,18.1,37,1.5,34.2,49.9,31.8,57.3,48.8,63.8,44,42.9,41.9,48.9,42.3,15.1,28.1,73.8,9.9,6.1,11.2,21.6,25.5,19.5,27.6,27.6,20.1,19.4,1.4,26.9,88.8,7,20.1,9.6,0.1,4.5,2.7,6.2,0.1,13.1,21.1,7.1,16,14.8,15.4,29.2,14.4,,,,,,,,,,,,,,,,,,,,,
2026/9/5,14:00~16:00,總停等延滯,688327,538684,149643,255487,136282,31957,35242,1098,67985,163661,31984,18848,58739,54090,140731,58652,30971,51108,98010,12847,19859,65304,18925,4212,14713,41068,21544,19524,15200,15200,74450,28948,2104,29687,13711,64093,17997,37589,822,7685,44910,43769,1141,56733,39115,17618,89751,19948,24056,15425,30322,175.8,296.4,207.8,145.7,279.8,664.5,179.3,327.2,127.7,175.7,104.3,220.3,149.9,362,313.2,123,0,96.2,82.7,134.6,199.2
2026/9/5,14:00~16:00,通過量,14256,9855,4401,7967,5243,1838,1144,902,1359,4507,1002,583,1536,1386,3916,2100,880,936,2584,855,744,985,2213,613,1600,2430,1019,1411,551,551,4597,1360,1238,1521,478,9508,1024,4069,3506,909,6159,2813,3346,6173,2857,3316,6781,1049,2858,537,2337,,,,,,,,,,,,,,,,,,,,,
2026/9/5,14:00~16:00,平均停等延滯,48.3,54.7,34,32.1,26,17.4,30.8,1.2,50,36.3,31.9,32.3,38.2,39,35.9,27.9,35.2,54.6,37.9,15,26.7,66.3,8.6,6.9,9.2,16.9,21.1,13.8,27.6,27.6,16.2,21.3,1.7,19.5,28.7,6.7,17.6,9.2,0.2,8.5,7.3,15.6,0.3,9.2,13.7,5.3,13.2,19,8.4,28.7,13,,,,,,,,,,,,,,,,,,,,,
2026/9/5,16:00~19:00,總停等延滯,999403,752292,247111,365014,165833,74580,45843,1728,43682,249836,46188,35832,83332,84484,206525,100652,58108,47765,130098,19695,25076,85327,24959,7443,17516,72167,35725,36442,26573,26573,123412,51262,761,45786,25603,91059,26942,50486,6172,7459,58732,57689,1043,94674,76061,18613,120549,13722,38563,18100,50164,168.1,298.2,206.4,154.1,270.4,726.1,166.2,371.8,129.9,169.3,103,211.6,158,382.7,281.2,157.1,0,91.9,75.7,168.7,192.2
2026/9/5,16:00~19:00,通過量,20885,14118,6767,10322,7774,2856,1354,1294,2270,6529,1492,842,2329,1866,5731,3079,1222,1430,3540,1262,968,1310,3221,1148,2073,3598,1647,1951,971,971,7028,2380,1611,2233,804,12903,1142,5362,5097,1302,8954,4292,4662,8816,4197,4619,9097,1225,4054,573,3245,,,,,,,,,,,,,,,,,,,,,
2026/9/5,16:00~19:00,平均停等延滯,47.9,53.3,36.5,35.4,21.3,26.1,33.9,1.3,19.2,38.3,31,42.6,35.8,45.3,36,32.7,47.6,33.4,36.8,15.6,25.9,65.1,7.7,6.5,8.4,20.1,21.7,18.7,27.4,27.4,17.6,21.5,0.5,20.5,31.8,7.1,23.6,9.4,1.2,5.7,6.6,13.4,0.2,10.7,18.1,4,13.3,11.2,9.5,31.6,15.5,,,,,,,,,,,,,,,,,,,,,
2026/9/5,20:00~23:00,總停等延滯,710614,576631,133983,316182,128608,51249,28155,2108,47096,230478,34397,30311,67875,97895,128333,65060,23382,39891,89212,17731,14467,57014,19519,5651,13868,30971,20341,10630,14258,14258,69235,39896,307,12147,16885,67531,22399,37177,1033,6922,49375,49114,261,88534,75024,13510,110742,10656,23307,19113,57666,160.7,243.7,222,139.2,262.7,457.1,141.5,408.3,112.1,160.5,101.9,235.1,138.8,249.8,241.4,158.3,0,78.7,61.8,159.3,238.6
2026/9/5,20:00~23:00,通過量,13389,9622,3767,7892,5372,1856,729,1014,1773,4787,1004,556,1710,1517,3482,1676,614,1192,2388,1003,457,928,1884,728,1156,2039,1073,966,480,480,4000,1441,1012,1006,541,9850,794,3534,4498,1024,6393,3694,2699,6331,3587,2744,6778,771,2443,575,2989,,,,,,,,,,,,,,,,,,,,,
2026/9/5,20:00~23:00,平均停等延滯,53.1,59.9,35.6,40.1,23.9,27.6,38.6,2.1,26.6,48.1,34.3,54.5,39.7,64.5,36.9,38.8,38.1,33.5,37.4,17.7,31.7,61.4,10.4,7.8,12,15.2,19,11,29.7,29.7,17.3,27.7,0.3,12.1,31.2,6.9,28.2,10.5,0.2,6.8,7.7,13.3,0.1,14,20.9,4.9,16.3,13.8,9.5,33.2,19.3,,,,,,,,,,,,,,,,,,,,,
2026/9/6,07:00~09:00,總停等延滯,183869,142401,41468,86887,32926,15871,8590,427,8038,57697,12766,5596,20540,18795,30236,19981,2680,7575,21542,4254,5497,11791,9958,4680,5278,3829,1177,2652,5348,5348,22333,8686,20,7451,6176,29439,11239,17170,751,279,2501,2430,71,36937,26286,10651,18010,200,4711,6182,6917,143.7,153,147.7,133,212.9,502,229.5,217.7,139,144.6,69.2,150.4,133.5,408,159.6,158.9,0,188,44.2,65.7,168.6
2026/9/6,07:00~09:00,通過量,4360,2800,1560,2488,1529,725,259,325,220,1666,509,115,616,426,943,461,226,256,838,265,196,377,770,241,529,782,319,463,148,148,1640,469,394,582,195,3277,282,1257,1330,408,2387,1116,1271,2157,1028,1129,2202,243,1010,158,791,,,,,,,,,,,,,,,,,,,,,
2026/9/6,07:00~09:00,平均停等延滯,42.2,50.9,26.6,34.9,21.5,21.9,33.2,1.3,36.5,34.6,25.1,48.7,33.3,44.1,32.1,43.3,11.9,29.6,25.7,16.1,28,31.3,12.9,19.4,10,4.9,3.7,5.7,36.1,36.1,13.6,18.5,0.1,12.8,31.7,9,39.9,13.7,0.6,0.7,1,2.2,0.1,17.1,25.6,9.4,8.2,0.8,4.7,39.1,8.7,,,,,,,,,,,,,,,,,,,,,
2026/9/6,10:00~17:00,總停等延滯,2684582,2132064,552518,824504,424312,136336,122328,4225,161423,863192,139006,116112,287077,320997,508016,260219,108433,139364,336544,42884,61758,231902,75103,16159,58944,142864,62467,80397,52359,52359,282192,94735,2848,133224,51385,262997,75770,122230,63803,1194,59575,59265,310,215962,137534,78428,285970,9098,114520,42261,120091,181.6,264,254.9,143.8,282.2,840.8,173,254.9,111,183.8,101.1,255,142.8,547.3,252.4,149.3,0,88,85.5,100.2,166
2026/9/6,10:00~17:00,通過量,45735,31218,14517,20871,15963,6358,2938,3039,3628,16202,3828,2173,5543,4658,13175,7106,2959,3110,8381,2987,2202,3192,7059,2015,5044,7722,2939,4783,1896,1896,14801,4195,3555,5568,1483,22946,1857,10829,9859,401,10940,8376,2564,18838,8327,10511,19687,1689,9813,1625,6560,,,,,,,,,,,,,,,,,,,,,
2026/9/6,10:00~17:00,平均停等延滯,58.7,68.3,38.1,39.5,26.6,21.4,41.6,1.4,44.5,53.3,36.3,53.4,51.8,68.9,38.6,36.6,36.6,44.8,40.2,14.4,28,72.7,10.6,8,11.7,18.5,21.3,16.8,27.6,27.6,19.1,22.6,0.8,23.9,34.6,11.5,40.8,11.3,6.5,3,5.4,7.1,0.1,11.5,16.5,7.5,14.5,5.4,11.7,26,18.3,,,,,,,,,,,,,,,,,,,,,
2026/9/6,17:00~20:00,總停等延滯,920238,712365,207873,298251,128277,63263,41153,4465,19396,297869,55916,34485,72141,135327,174117,76474,36980,60663,112102,21603,24967,65532,23131,6200,16931,69898,35890,34008,18424,18424,96420,43517,396,36336,16171,94571,24446,39680,30445,0,35910,35910,0,67975,47549,20426,99795,4748,33626,15010,46411,192.1,288.2,235.3,140.1,293.3,547.2,151.3,305,166.9,189.1,100.9,241.2,158,261.8,280,163,0,80.2,71.1,138.9,161.8
2026/9/6,17:00~20:00,通過量,19014,13671,5343,8584,6960,2482,997,1509,1972,7494,1634,887,2470,2503,4990,2399,1025,1566,3737,1498,917,1322,2730,1008,1722,3155,1542,1613,743,743,5663,2071,1257,1765,570,9290,748,3842,4700,0,4040,4040,0,7685,4076,3609,8031,690,3347,540,3454,,,,,,,,,,,,,,,,,,,,,
2026/9/6,17:00~20:00,平均停等延滯,48.4,52.1,38.9,34.7,18.4,25.5,41.3,3,9.8,39.7,34.2,38.9,29.2,54.1,34.9,31.9,36.1,38.7,30,14.4,27.2,49.6,8.5,6.2,9.8,22.2,23.3,21.1,24.8,24.8,17,21,0.3,20.6,28.4,10.2,32.7,10.3,6.5,0,8.9,8.9,0,8.8,11.7,5.7,12.4,6.9,10,27.8,13.4,,,,,,,,,,,,,,,,,,,,,
2026/9/6,10:00~12:00,總停等延滯,681098,537305,143793,217228,92709,30223,33484,1022,27980,216923,35760,26862,75483,78818,136073,78488,29999,27586,91600,8149,16399,67052,20597,6274,14323,30462,9545,20917,13239,13239,79495,22517,170,43653,13155,70241,21823,36948,10276,1194,10553,10243,310,58681,33349,25332,77753,2661,36742,12011,26339,169.2,176.8,271.4,113.7,289.6,748.5,166.4,272.5,101.9,169.3,123.5,264.1,114.5,587.5,180,152.8,0,85,81.4,80.7,213.2
2026/9/6,10:00~12:00,通過量,11469,7624,3845,5220,3857,1777,778,714,588,4151,987,488,1561,1115,3095,1691,725,679,2153,679,583,891,1701,405,1296,1904,602,1302,437,437,3869,866,955,1664,384,6244,548,2938,2357,401,4557,1993,2564,4770,1940,2830,4784,469,2581,347,1387,,,,,,,,,,,,,,,,,,,,,
2026/9/6,10:00~12:00,平均停等延滯,59.4,70.5,37.4,41.6,24,17,43,1.4,47.6,52.3,36.2,55,48.4,70.7,44,46.4,41.4,40.6,42.5,12,28.1,75.3,12.1,15.5,11.1,16,15.9,16.1,30.3,30.3,20.5,26,0.2,26.2,34.3,11.2,39.8,12.6,4.4,3,2.3,5.1,0.1,12.3,17.2,9,16.3,5.7,14.2,34.6,19,,,,,,,,,,,,,,,,,,,,,
2026/9/6,14:00~16:00,總停等延滯,893510,720361,173149,257303,148353,40815,37569,1318,68651,313951,44070,45467,101574,122840,157570,73927,31767,51876,100487,14910,18301,67276,23923,4102,19821,49807,23146,26661,16611,16611,82808,31476,1081,36028,14223,79585,21832,34404,23349,0,24204,24204,0,67419,47309,20110,86095,2813,30784,11871,40627,193,327.7,186.8,196.3,286,1269.8,184.1,256.7,123.9,198.9,91.7,187.2,184.3,712.3,316.5,131.2,0,99.9,83,108.1,156.6
2026/9/6,14:00~16:00,通過量,14175,9824,4351,6453,5077,1874,875,989,1339,4961,1146,712,1591,1512,4191,2278,911,1002,2598,999,622,977,2231,682,1549,2407,983,1424,611,611,4476,1418,1061,1560,437,7097,517,3247,3333,0,2748,2748,0,5864,2746,3118,6159,522,2948,395,2294,,,,,,,,,,,,,,,,,,,,,
2026/9/6,14:00~16:00,平均停等延滯,63,73.3,39.8,39.9,29.2,21.8,42.9,1.3,51.3,63.3,38.5,63.9,63.8,81.2,37.6,32.5,34.9,51.8,38.7,14.9,29.4,68.9,10.7,6,12.8,20.7,23.5,18.7,27.2,27.2,18.5,22.2,1,23.1,32.5,11.2,42.2,10.6,7,0,8.8,8.8,0,11.5,17.2,6.4,14,5.4,10.4,30.1,17.7,,,,,,,,,,,,,,,,,,,,,
2026/9/6,16:00~19:00,總停等延滯,960885,734372,226513,330985,141217,70842,44020,2712,23643,294912,57242,33017,77591,127062,177138,80343,39765,57030,121105,22464,25965,72676,24871,7532,17339,69601,31536,38065,21214,21214,110827,49250,634,40910,20033,109061,27825,43574,37662,0,38988,38988,0,77194,56031,21163,105742,5710,34443,15131,50458,202.3,290.2,316.7,129.6,304.4,592.2,151.5,313.3,173.1,199.2,102.9,309.6,129,293.9,283.9,132.3,0,80.1,70.9,148.8,160.4
2026/9/6,16:00~19:00,通過量,20310,14400,5910,9277,7382,2689,1114,1415,2164,7510,1721,950,2406,2433,5496,2788,1107,1601,3871,1529,945,1397,2962,1096,1866,3373,1637,1736,831,831,6244,2261,1353,1983,647,9722,844,4270,4608,0,4006,4006,0,8103,4046,4057,8713,765,3785,742,3421,,,,,,,,,,,,,,,,,,,,,
2026/9/6,16:00~19:00,平均停等延滯,47.3,51,38.3,35.7,19.1,26.3,39.5,1.9,10.9,39.3,33.3,34.8,32.2,52.2,32.2,28.8,35.9,35.6,31.3,14.7,27.5,52,8.4,6.9,9.3,20.6,19.3,21.9,25.5,25.5,17.7,21.8,0.5,20.6,31,11.2,33,10.2,8.2,0,9.7,9.7,0,9.5,13.8,5.2,12.1,7.5,9.1,20.4,14.7,,,,,,,,,,,,,,,,,,,,,
2026/9/6,20:00~23:00,總停等延滯,658175,543459,114716,222879,98342,47469,26719,3433,20721,265188,47585,30429,72129,115045,103973,48656,22212,33105,75956,17988,15052,42916,18594,4425,14169,28096,19245,8851,11180,11180,56846,37008,77,12409,7352,67136,20185,33938,13013,0,14518,14518,0,60171,38527,21644,81054,832,34243,12786,33193,173.8,252.6,184.5,178,266,422.2,131.2,265.1,101.7,173.1,89.2,184.4,167,278.1,284.9,0,0,73.5,57.8,86,202.7
2026/9/6,20:00~23:00,通過量,12096,8889,3207,6488,4849,1926,732,1063,1128,5590,1273,572,1931,1814,2698,1348,531,819,2529,1162,493,874,1776,708,1068,1882,964,918,466,466,3424,1391,798,971,264,7054,509,2881,3664,0,3227,3227,0,5936,3169,2767,5976,397,2481,396,2702,,,,,,,,,,,,,,,,,,,,,
2026/9/6,20:00~23:00,平均停等延滯,54.4,61.1,35.8,34.4,20.3,24.6,36.5,3.2,18.4,47.4,37.4,53.2,37.4,63.4,38.5,36.1,41.8,40.4,30,15.5,30.5,49.1,10.5,6.2,13.3,14.9,20,9.6,24,24,16.6,26.6,0.1,12.8,27.8,9.5,39.7,11.8,3.6,0,4.5,4.5,0,10.1,12.2,7.8,13.6,2.1,13.8,32.3,12.3,,,,,,,,,,,,,,,,,,,,,
2026/9/7,07:00~09:00,總停等延滯,734411,544110,190301,338158,120001,36937,34853,1423,46788,206324,39660,21298,48924,96442,111813,49625,30171,32017,105972,13278,20378,72316,23266,6020,17246,31618,20735,10883,17252,17252,118165,35519,2807,64111,15728,132813,21317,50451,32497,28548,45026,43287,1739,71767,56774,14993,88552,15029,31213,20251,22059,145.1,188.6,168.6,114.1,201.7,392.1,171.4,352.8,115.2,145.1,56.5,169.3,114.4,203.6,186.7,134.3,0,83.8,101.9,151.9,177.7
2026/9/7,07:00~09:00,通過量,14714,9408,5306,7568,4507,1729,996,873,909,4624,1090,427,1675,1432,3236,1369,933,934,2888,840,767,1281,2467,748,1719,2644,1082,1562,623,623,5496,1561,1394,2076,465,8955,829,4035,4091,0,5927,3011,2916,5777,2978,2799,5975,887,2384,582,2122,,,,,,,,,,,,,,,,,,,,,
2026/9/7,07:00~09:00,平均停等延滯,49.9,57.8,35.9,44.7,26.6,21.4,35,1.6,51.5,44.6,36.4,49.9,29.2,67.3,34.6,36.2,32.3,34.3,36.7,15.8,26.6,56.5,9.4,8,10,12,19.2,7,27.7,27.7,21.5,22.8,2,30.9,33.8,14.8,25.7,12.5,7.9,0,7.6,14.4,0.6,12.4,19.1,5.4,14.8,16.9,13.1,34.8,10.4,,,,,,,,,,,,,,,,,,,,,
2026/9/7,10:00~17:00,總停等延滯,1474288,1090297,383991,775535,275457,99780,66672,3460,105545,338506,85639,39919,115999,96949,257139,136284,53488,67367,219195,31348,43516,144331,43467,16138,27329,98290,51455,46835,45997,45997,196237,78522,844,81356,35515,351128,70423,130590,51027,99088,54566,52799,1767,180395,130537,49858,189446,15021,77104,40868,56453,164.7,211.2,193.8,146,229.4,442.6,392,297.6,110.5,166.4,64.6,191.8,146.4,230.8,230.2,137.9,0,171.8,224,146.2,148
2026/9/7,10:00~17:00,通過量,34737,22942,11795,22180,12937,5327,2403,2646,2561,11820,2781,1238,5042,2759,8089,4617,1364,2108,7149,1967,1795,3387,5760,1987,3773,6193,2793,3400,1568,1568,12238,3998,2836,4226,1178,24614,2892,11857,9865,0,16891,8059,8832,16609,8085,8524,16348,1504,7413,1303,6128,,,,,,,,,,,,,,,,,,,,,
2026/9/7,10:00~17:00,平均停等延滯,42.4,47.5,32.6,35,21.3,18.7,27.7,1.3,41.2,28.6,30.8,32.2,23,35.1,31.8,29.5,39.2,32,30.7,15.9,24.2,42.6,7.5,8.1,7.2,15.9,18.4,13.8,29.3,29.3,16,19.6,0.3,19.3,30.1,14.3,24.4,11,5.2,0,3.2,6.6,0.2,10.9,16.1,5.8,11.6,10,10.4,31.4,9.2,,,,,,,,,,,,,,,,,,,,,
2026/9/7,17:00~20:00,總停等延滯,773248,544346,228902,334113,129721,53633,33329,1643,41116,181478,39740,24538,43612,73588,141918,69270,25660,46988,91229,21079,20289,49861,26275,9754,16521,51529,29995,21534,23924,23924,127174,49315,1348,52325,24186,167763,35587,67734,21662,42780,13855,12374,1481,70013,41742,28271,82482,3312,43464,15827,19879,154.3,275.5,243.1,119,219.8,449.2,160.3,212.2,108.3,154.2,66.1,241.1,119.5,166.1,252.9,153.8,0,85.8,75.5,84.4,132.8
2026/9/7,17:00~20:00,通過量,18276,11605,6671,10117,6024,2491,1207,981,1345,5443,1219,652,1962,1610,4533,2442,706,1385,3383,1174,954,1255,2805,1115,1690,3404,1613,1791,1005,1005,6821,2270,1451,2392,708,10876,1433,5872,3571,0,7113,2957,4156,7111,2884,4227,7255,870,3573,521,2291,,,,,,,,,,,,,,,,,,,,,
2026/9/7,17:00~20:00,平均停等延滯,42.3,46.9,34.3,33,21.5,21.5,27.6,1.7,30.6,33.3,32.6,37.6,22.2,45.7,31.3,28.4,36.3,33.9,27,18,21.3,39.7,9.4,8.7,9.8,15.1,18.6,12,23.8,23.8,18.6,21.7,0.9,21.9,34.2,15.4,24.8,11.5,6.1,0,1.9,4.2,0.4,9.8,14.5,6.7,11.4,3.8,12.2,30.4,8.7,,,,,,,,,,,,,,,,,,,,,
2026/9/7,10:00~12:00,總停等延滯,455365,350165,105200,242094,81415,28658,21108,1119,30530,123996,30534,14581,42486,36395,77789,46539,15637,15613,66965,8707,12132,46126,12874,4804,8070,23065,12615,10450,12843,12843,56418,21654,307,25934,8523,93219,19393,37385,7641,28800,10411,10022,389,65751,48645,17106,72713,8107,31233,14315,19058,174.3,206.5,211.3,146.1,244.2,398.5,151,315.7,125.9,175.8,69.8,206.1,150.4,186.7,216.9,165.2,0,85.5,67.2,147.8,170
2026/9/7,10:00~12:00,通過量,9315,6168,3147,5879,3400,1499,649,706,546,3295,812,327,1350,806,2117,1236,389,492,1989,529,495,965,1590,536,1054,1676,737,939,402,402,3296,1087,735,1197,277,6543,772,3113,2658,0,4541,2136,2405,4485,2126,2359,4457,366,2097,358,1636,,,,,,,,,,,,,,,,,,,,,
2026/9/7,10:00~12:00,平均停等延滯,48.9,56.8,33.4,41.2,23.9,19.1,32.5,1.6,55.9,37.6,37.6,44.6,31.5,45.2,36.7,37.7,40.2,31.7,33.7,16.5,24.5,47.8,8.1,9,7.7,13.8,17.1,11.1,31.9,31.9,17.1,19.9,0.4,21.7,30.8,14.2,25.1,12,2.9,0,2.3,4.7,0.2,14.7,22.9,7.3,16.3,22.2,14.9,40,11.6,,,,,,,,,,,,,,,,,,,,,
2026/9/7,14:00~16:00,總停等延滯,426054,310332,115722,226445,81042,29216,18526,974,32326,92197,23465,10646,32639,25447,76374,39151,12580,24643,60719,9254,12368,39097,12407,4988,7419,31772,16763,15009,14905,14905,56638,23433,185,22366,10654,110274,24438,42587,14881,28368,21411,20963,448,47047,30942,16105,47713,3074,19673,10263,14703,145.5,164.6,170,133.3,206.3,403.4,570.3,228.1,104,145.6,60.7,171.3,136.2,232.4,168.7,126.9,0,195.8,359.7,110.2,117.4
2026/9/7,14:00~16:00,通過量,10181,6686,3495,6751,3756,1554,671,695,836,3284,742,365,1448,729,2357,1364,349,644,2123,585,512,1026,1657,586,1071,1762,822,940,501,501,3640,1232,853,1194,361,7386,870,3658,2858,0,4905,2354,2551,4892,2382,2510,4713,418,2072,365,1858,,,,,,,,,,,,,,,,,,,,,
2026/9/7,14:00~16:00,平均停等延滯,41.8,46.4,33.1,33.5,21.6,18.8,27.6,1.4,38.7,28.1,31.6,29.2,22.5,34.9,32.4,28.7,36,38.3,28.6,15.8,24.2,38.1,7.5,8.5,6.9,18,20.4,16,29.8,29.8,15.6,19,0.2,18.7,29.5,14.9,28.1,11.6,5.2,0,4.4,8.9,0.2,9.6,13,6.4,10.1,7.4,9.5,28.1,7.9,,,,,,,,,,,,,,,,,,,,,
2026/9/7,16:00~19:00,總停等延滯,761508,519014,242494,360430,127539,47427,34387,1426,44299,154051,37594,18993,39927,57537,140148,65497,28427,46224,97276,20141,21088,56047,26972,10222,16750,54742,31856,22886,26757,26757,134023,51349,1418,54607,26649,189809,36605,73393,37407,42404,19962,18318,1644,70122,45252,24870,80537,5078,37904,18040,19515,146.4,196.4,242.3,127.6,217.5,415.2,349.4,268.7,105,146.7,71.5,235.3,128.3,214,208.7,156.5,0,188.9,146.6,101.9,168.8
2026/9/7,16:00~19:00,通過量,19434,12202,7232,11033,6668,2687,1325,1150,1506,5584,1268,625,2147,1544,4718,2599,716,1403,3541,1145,996,1400,3082,1202,1880,3686,1726,1960,1037,1037,7415,2422,1593,2596,804,11977,1637,6405,3935,0,7752,3288,4464,7612,3237,4375,7708,1006,3711,605,2386,,,,,,,,,,,,,,,,,,,,,
2026/9/7,16:00~19:00,平均停等延滯,39.2,42.5,33.5,32.7,19.1,17.7,26,1.2,29.4,27.6,29.6,30.4,18.6,37.3,29.7,25.2,39.7,32.9,27.5,17.6,21.2,40,8.8,8.5,8.9,14.9,18.5,11.7,25.8,25.8,18.1,21.2,0.9,21,33.1,15.8,22.4,11.5,9.5,0,2.6,5.6,0.4,9.2,14,5.7,10.4,5,10.2,29.8,8.2,,,,,,,,,,,,,,,,,,,,,
2026/9/7,20:00~23:00,總停等延滯,431442,335354,96088,200626,62619,23734,13370,1431,24084,140109,22902,18266,42180,56761,72404,34473,13088,24843,60222,14644,11879,33699,12212,3129,9083,31114,11926,19188,9901,9901,42861,25150,167,8301,9243,92042,15976,28515,4607,42944,7421,7192,229,56322,38016,18306,44841,1724,18236,8668,16213,144,196,178.4,165.4,217.4,390.2,249.3,213.6,112.7,143.8,72.2,179.7,171.8,179.4,214.9,127.7,0,180,57.7,79.6,151.5
2026/9/7,20:00~23:00,通過量,9055,6138,2917,5355,3350,1327,588,770,665,3493,771,332,1420,970,2069,1081,340,648,1948,680,433,835,1474,554,920,1477,721,756,338,338,3108,1083,845,845,335,5853,638,2659,2556,0,4351,2209,2142,4253,2190,2063,4230,361,1811,290,1768,,,,,,,,,,,,,,,,,,,,,
2026/9/7,20:00~23:00,平均停等延滯,47.6,54.6,32.9,37.5,18.7,17.9,22.7,1.9,36.2,40.1,29.7,55,29.7,58.5,35,31.9,38.5,38.3,30.9,21.5,27.4,40.4,8.3,5.6,9.9,21.1,16.5,25.4,29.3,29.3,13.8,23.2,0.2,9.8,27.6,15.7,25,10.7,1.8,0,1.7,3.3,0.1,13.2,17.4,8.9,10.6,4.8,10.1,29.9,9.2,,,,,,,,,,,,,,,,,,,,,
2026/9/8,07:00~09:00,總停等延滯,729151,533561,195590,329103,124752,35493,39410,1238,48611,191959,33982,19891,45859,92227,117828,50666,31811,35351,99022,11873,21037,66112,26847,7472,19375,32166,18297,13869,17431,17431,119146,37626,2622,63578,15320,124921,23321,52414,34931,14255,45920,44546,1374,69119,51779,17340,89143,13441,31590,23702,20410,149,186.4,220.2,124.4,220.2,399.9,354.2,374.9,103.4,149.3,71.2,214.4,118.9,208.6,188.9,137.1,0,87.4,229,152,185
2026/9/8,07:00~09:00,通過量,14499,9201,5298,7716,4382,1682,917,827,956,4313,976,422,1535,1380,3319,1455,964,900,2693,713,796,1184,2447,717,1730,2591,1019,1572,602,602,5506,1527,1361,2164,454,10521,806,4039,4260,1416,6031,3134,2897,6010,3191,2819,6011,912,2228,643,2228,,,,,,,,,,,,,,,,,,,,,
2026/9/8,07:00~09:00,平均停等延滯,50.3,58,36.9,42.7,28.5,21.1,43,1.5,50.8,44.5,34.8,47.1,29.9,66.8,35.5,34.8,33,39.3,36.8,16.7,26.4,55.8,11,10.4,11.2,12.4,18,8.8,29,29,21.6,24.6,1.9,29.4,33.7,11.9,28.9,13,8.2,10.1,7.6,14.2,0.5,11.5,16.2,6.2,14.8,14.7,14.2,36.9,9.2,,,,,,,,,,,,,,,,,,,,,
2026/9/8,10:00~17:00,總停等延滯,1539316,1153140,386176,723006,296447,106628,66986,3442,119391,370694,90165,50718,124792,105019,266106,142732,53199,70175,219893,29873,43283,146737,46628,16725,29903,95070,51147,43923,42370,42370,202108,80363,1030,83371,37344,266986,63473,125360,49819,28334,48435,46119,2316,197868,135539,62329,209717,27090,83563,42583,56481,150.1,253.5,246.1,134.7,212.1,497.3,245.9,314.7,122.5,150.4,62.1,258.1,134.8,243,248,140.8,0,104.2,144.1,178.2,143.6
2026/9/8,10:00~17:00,通過量,34799,23020,11779,23338,12983,5504,2309,2576,2594,11664,2774,1206,4895,2789,8169,4649,1423,2097,7051,1953,1801,3297,5810,1956,3854,6221,2756,3465,1541,1541,12132,3850,3060,4027,1195,29906,3049,12714,10632,3511,17642,8419,9223,17138,8358,8780,16463,1601,7287,1350,6225,,,,,,,,,,,,,,,,,,,,,
2026/9/8,10:00~17:00,平均停等延滯,44.2,50.1,32.8,31,22.8,19.4,29,1.3,46,31.8,32.5,42.1,25.5,37.7,32.6,30.7,37.4,33.5,31.2,15.3,24,44.5,8,8.6,7.8,15.3,18.6,12.7,27.5,27.5,16.7,20.9,0.3,20.7,31.3,8.9,20.8,9.9,4.7,8.1,2.7,5.5,0.3,11.5,16.2,7.1,12.7,16.9,11.5,31.5,9.1,,,,,,,,,,,,,,,,,,,,,
2026/9/8,17:00~20:00,總停等延滯,791158,554554,236604,309907,133393,49273,33105,2042,48973,190604,40261,30673,47076,72594,134441,70090,22413,41938,96116,22545,19114,54457,28018,11845,16173,60797,31205,29592,23873,23873,123916,51601,917,46982,24416,142662,30210,58257,49409,4786,18377,16949,1428,68412,39456,28956,80456,3406,41608,16027,19415,150.3,210.3,192.2,147,222.7,458.7,165,226.3,106.6,150.3,72.6,186.8,151.3,228.1,224.3,148.3,0,87.6,78.3,99,129.5
2026/9/8,17:00~20:00,通過量,18249,11528,6721,9975,6015,2575,1150,989,1301,5489,1271,659,1905,1654,4553,2558,687,1308,3438,1244,860,1334,2904,1207,1697,3576,1762,1814,916,916,6912,2314,1487,2368,743,11812,1464,5834,3476,1038,6971,2841,4130,6890,2742,4148,7066,838,3551,537,2140,,,,,,,,,,,,,,,,,,,,,
2026/9/8,17:00~20:00,平均停等延滯,43.4,48.1,35.2,31.1,22.2,19.1,28.8,2.1,37.6,34.7,31.7,46.5,24.7,43.9,29.5,27.4,32.6,32.1,28,18.1,22.2,40.8,9.6,9.8,9.5,17,17.7,16.3,26.1,26.1,17.9,22.3,0.6,19.8,32.9,12.1,20.6,10,14.2,4.6,2.6,6,0.3,9.9,14.4,7,11.4,4.1,11.7,29.8,9.1,,,,,,,,,,,,,,,,,,,,,
2026/9/8,10:00~12:00,總停等延滯,435391,337351,98040,216620,83571,30896,21665,967,30043,116944,27331,18827,40481,30305,74134,42405,14968,16761,62702,8104,12905,41693,13277,4157,9120,20662,10959,9703,11066,11066,53035,19862,357,23261,9555,75648,21068,38379,7595,8606,8091,7612,479,65167,44221,20946,67714,11444,28928,11982,15360,151.9,227.4,247.1,143.9,215.3,390.9,216.6,282.6,131.5,152,63.3,255.7,141.8,176.6,232.1,143.4,0,79.6,142.7,148.1,146.7
2026/9/8,10:00~12:00,通過量,9248,6113,3135,6638,3454,1592,659,650,553,3183,832,293,1358,700,2043,1173,384,486,1901,455,514,932,1537,460,1077,1647,687,960,459,459,3147,931,830,1077,309,8410,899,3792,2678,1041,4842,2255,2587,4583,2193,2390,4317,410,1960,378,1569,,,,,,,,,,,,,,,,,,,,,
2026/9/8,10:00~12:00,平均停等延滯,47.1,55.2,31.3,32.6,24.2,19.4,32.9,1.5,54.3,36.7,32.8,64.3,29.8,43.3,36.3,36.2,39,34.5,33,17.8,25.1,44.7,8.6,9,8.5,12.5,16,10.1,24.1,24.1,16.9,21.3,0.4,21.6,30.9,9,23.4,10.1,2.8,8.3,1.7,3.4,0.2,14.2,20.2,8.8,15.7,27.9,14.8,31.7,9.8,,,,,,,,,,,,,,,,,,,,,
2026/9/8,14:00~16:00,總停等延滯,484619,365580,119039,231986,96034,35043,19577,1115,40299,121620,26622,18105,43568,33325,80600,44725,16709,19166,67326,8236,12126,46964,13967,4588,9379,27421,16691,10730,12893,12893,64758,26156,220,26874,11508,81100,17095,36343,18979,8683,19428,18576,852,61242,40849,20393,70216,10814,26942,12627,19833,149.5,237.3,258.4,128.3,211.9,476.2,361.8,249.7,103.4,149.5,62.4,276.5,147.8,211.2,239,128.1,0,151.9,215.4,94.6,152.2
2026/9/8,14:00~16:00,通過量,10277,6822,3455,6895,3932,1514,671,835,912,3423,770,395,1464,794,2362,1326,432,604,2063,563,542,958,1665,565,1100,1770,808,962,442,442,3630,1182,900,1196,352,8749,856,3697,3140,1056,5300,2557,2743,5109,2526,2583,4892,454,2096,396,1946,,,,,,,,,,,,,,,,,,,,,
2026/9/8,14:00~16:00,平均停等延滯,47.2,53.6,34.5,33.6,24.4,23.1,29.2,1.3,44.2,35.5,34.6,45.8,29.8,42,34.1,33.7,38.7,31.7,32.6,14.6,22.4,49,8.4,8.1,8.5,15.5,20.7,11.2,29.2,29.2,17.8,22.1,0.2,22.5,32.7,9.3,20,9.8,6,8.2,3.7,7.3,0.3,12,16.2,7.9,14.4,23.8,12.9,31.9,10.2,,,,,,,,,,,,,,,,,,,,,
2026/9/8,16:00~19:00,總停等延滯,842618,586288,256330,353084,149573,55198,33665,1749,58961,185289,42058,22077,50090,71064,144663,73824,25655,45184,106763,21743,21210,63810,31214,12614,18600,63840,33046,30794,27061,27061,134215,54204,1263,51665,27083,167076,31987,66426,61016,7647,27083,25241,1842,77088,46985,30103,81837,6097,36788,18106,20846,149.9,221.5,229.6,166,219.3,526.1,171.2,236.3,106.8,150,69.8,235.5,157.6,280.1,234.9,138.1,0,92.8,80.1,106.6,130.4
2026/9/8,16:00~19:00,通過量,19627,12236,7391,10915,6659,2848,1261,1115,1435,5578,1322,586,2039,1631,4916,2771,754,1391,3580,1250,884,1446,3198,1306,1892,3824,1850,1974,999,999,7545,2459,1695,2549,842,13239,1552,6273,4148,1266,7647,3335,4312,7660,3241,4419,7748,981,3677,626,2464,,,,,,,,,,,,,,,,,,,,,
2026/9/8,16:00~19:00,平均停等延滯,42.9,47.9,34.7,32.3,22.5,19.4,26.7,1.6,41.1,33.2,31.8,37.7,24.6,43.6,29.4,26.6,34,32.5,29.8,17.4,24,44.1,9.8,9.7,9.8,16.7,17.9,15.6,27.1,27.1,17.8,22,0.7,20.3,32.2,12.6,20.6,10.6,14.7,6,3.5,7.6,0.4,10.1,14.5,6.8,10.6,6.2,10,28.9,8.5,,,,,,,,,,,,,,,,,,,,,
2026/9/8,20:00~23:00,總停等延滯,428174,337863,90311,163647,71536,26902,12783,1644,30207,136569,23204,23119,41157,49089,69309,35194,12844,21271,60449,14055,11681,34713,11457,2676,8781,25415,12111,13304,10486,10486,42953,23458,73,9201,10221,53611,19618,30771,3009,213,4267,4040,227,54016,34446,19570,51753,618,23700,10491,16944,142.8,209.6,170.7,145.3,218.4,369.2,163.5,184.7,90.1,143.8,73.2,172.5,147,167.9,236,150.1,0,111.5,57.9,76.6,113.2
2026/9/8,20:00~23:00,通過量,9067,6209,2858,5688,3323,1375,555,744,649,3508,799,403,1330,976,2079,1106,323,650,1940,662,436,842,1499,488,1011,1427,695,732,380,380,3044,1054,824,833,333,6607,641,2942,2536,488,4442,2204,2238,4443,2232,2211,4444,351,1988,322,1783,,,,,,,,,,,,,,,,,,,,,
2026/9/8,20:00~23:00,平均停等延滯,47.2,54.4,31.6,28.8,21.5,19.6,23,2.2,46.5,38.9,29,57.4,30.9,50.3,33.3,31.8,39.8,32.7,31.2,21.2,26.8,41.2,7.6,5.5,8.7,17.8,17.4,18.2,27.6,27.6,14.1,22.3,0.1,11,30.7,8.1,30.6,10.5,1.2,0.4,1,1.8,0.1,12.2,15.4,8.9,11.6,1.8,11.9,32.6,9.5,,,,,,,,,,,,,,,,,,,,,
2026/9/9,07:00~09:00,總停等延滯,665581,484571,181010,315019,122993,37073,36983,1245,47692,166543,34006,20822,34566,77149,112099,48340,29676,34083,82936,11891,20438,50607,34162,6188,27974,41089,31259,9830,14327,14327,91432,20840,1682,54777,14133,121857,18775,47441,41848,13793,40680,38957,1723,73393,58806,14587,79089,5997,26499,24478,22115,148,175.8,170.4,184,213.8,447.4,155.6,547.8,97.3,148,65.9,173.9,182.8,300,179.5,0,0,85.8,69.3,228.6,361.3
2026/9/9,07:00~09:00,通過量,14324,9100,5224,7414,4362,1663,973,801,925,4245,1006,425,1489,1325,3152,1363,905,884,2775,775,768,1232,2261,690,1571,2477,1003,1474,614,614,5550,1630,1410,2067,443,10097,815,3896,3973,1413,5910,2968,2942,5902,3054,2848,5881,834,2344,610,2093,,,,,,,,,,,,,,,,,,,,,
2026/9/9,07:00~09:00,平均停等延滯,46.5,53.2,34.6,42.5,28.2,22.3,38,1.6,51.6,39.2,33.8,49,23.2,58.2,35.6,35.5,32.8,38.6,29.9,15.3,26.6,41.1,15.1,9,17.8,16.6,31.2,6.7,23.3,23.3,16.5,12.8,1.2,26.5,31.9,12.1,23,12.2,10.5,9.8,6.9,13.1,0.6,12.4,19.3,5.1,13.4,7.2,11.3,40.1,10.6,,,,,,,,,,,,,,,,,,,,,
2026/9/9,10:00~17:00,總停等延滯,1623832,1201759,422073,966353,318192,116900,71787,3506,125999,393462,90910,44111,136231,122210,274015,153248,46610,74157,216090,33519,44081,138490,57539,18158,39381,112394,64195,48199,46546,46546,205594,80239,438,83681,41236,444000,71665,137869,206796,27670,44708,42940,1768,213808,149272,64536,263837,30868,89993,53285,89691,148.5,222.2,213.9,177.5,209.8,452.6,261,293.8,114.2,148.8,61.4,216,175.4,234.7,227.4,148.5,0,80.9,169.9,142.5,158.2
2026/9/9,10:00~17:00,通過量,35558,23338,12220,23290,12866,5404,2403,2386,2673,11688,2812,1222,4910,2744,8144,4672,1311,2161,7455,2035,1793,3627,5879,2047,3832,6281,2805,3476,1806,1806,12430,4063,2918,4251,1198,30160,3122,12819,10780,3439,17162,8167,8995,17064,8248,8816,15976,1575,7052,1614,5735,,,,,,,,,,,,,,,,,,,,,
2026/9/9,10:00~17:00,平均停等延滯,45.7,51.5,34.5,41.5,24.7,21.6,29.9,1.5,47.1,33.7,32.3,36.1,27.7,44.5,33.6,32.8,35.6,34.3,29,16.5,24.6,38.2,9.8,8.9,10.3,17.9,22.9,13.9,25.8,25.8,16.5,19.7,0.2,19.7,34.4,14.7,23,10.8,19.2,8,2.6,5.3,0.2,12.5,18.1,7.3,16.5,19.6,12.8,33,15.6,,,,,,,,,,,,,,,,,,,,,
2026/9/9,17:00~20:00,總停等延滯,819425,574482,244943,363130,132205,50259,33319,1937,46690,195451,39686,26114,48907,80744,143121,67692,30868,44561,103705,23251,22883,57571,30953,12850,18103,67761,32528,35233,23639,23639,122590,50267,3017,48230,21076,192881,32997,62830,91214,5840,11432,10146,1286,74706,46015,28691,84111,7917,36297,16137,23760,146.3,256.2,184,163.3,218.6,496.2,183.4,209,109.4,145.8,72.2,183.5,165.7,239.9,293.1,163.2,0,82.2,107.9,79.6,122.9
2026/9/9,17:00~20:00,通過量,18663,11827,6836,9768,6076,2541,1229,1040,1266,5629,1286,637,2026,1680,4746,2676,764,1306,3686,1282,997,1407,2989,1210,1779,3686,1734,1952,1001,1001,6988,2363,1528,2381,716,11623,1341,5626,3594,1062,7230,2989,4241,7047,2923,4124,7169,795,3573,585,2216,,,,,,,,,,,,,,,,,,,,,
2026/9/9,17:00~20:00,平均停等延滯,43.9,48.6,35.8,37.2,21.8,19.8,27.1,1.9,36.9,34.7,30.9,41,24.1,48.1,30.2,25.3,40.4,34.1,28.1,18.1,23,40.9,10.4,10.6,10.2,18.4,18.8,18,23.6,23.6,17.5,21.3,2,20.3,29.4,16.6,24.6,11.2,25.4,5.5,1.6,3.4,0.3,10.6,15.7,7,11.7,10,10.2,27.6,10.7,,,,,,,,,,,,,,,,,,,,,
2026/9/9,10:00~12:00,總停等延滯,423753,310508,113245,270757,85485,35752,19744,897,29092,109992,28093,10631,41387,29881,67981,41704,10830,15447,47050,7885,12164,27001,21242,4605,16637,37842,23000,14842,11633,11633,42528,14786,64,19831,7847,121159,19728,38117,55154,8160,7325,6778,547,68486,47289,21197,73787,5892,24210,17409,26276,152.2,182.9,196.6,276.5,216.9,335.2,280.1,330.4,103.4,152.7,64.6,199.8,273,131.5,183.6,73,0,83.4,195.9,173,159.5
2026/9/9,10:00~12:00,通過量,9006,5871,3135,6223,3296,1508,619,596,573,3131,795,315,1393,628,2030,1231,338,461,1897,468,434,995,1467,499,968,1607,697,910,463,463,3209,1036,789,1118,266,8323,858,3443,3000,1022,4635,2201,2434,4736,2222,2514,4634,447,2265,481,1441,,,,,,,,,,,,,,,,,,,,,
2026/9/9,10:00~12:00,平均停等延滯,47.1,52.9,36.1,43.5,25.9,23.7,31.9,1.5,50.8,35.1,35.3,33.7,29.7,47.6,33.5,33.9,32,33.5,24.8,16.8,28,27.1,14.5,9.2,17.2,23.5,33,16.3,25.1,25.1,13.3,14.3,0.1,17.7,29.5,14.6,23,11.1,18.4,8,1.6,3.1,0.2,14.5,21.3,8.4,15.9,13.2,10.7,36.2,18.2,,,,,,,,,,,,,,,,,,,,,
2026/9/9,14:00~16:00,總停等延滯,488239,361343,126896,300050,93698,34453,20349,1125,37771,120400,25757,15336,40366,38941,81516,44008,13293,24215,65729,9994,12124,43611,15154,5477,9677,33075,17648,15427,12994,12994,65673,26466,143,25576,13488,146582,23797,45492,69390,7903,13046,12534,512,58377,39586,18791,82045,12525,28242,13123,28155,146,319.6,180.4,142.8,205.6,517.6,282.5,222.9,121.7,146.3,59.6,187.1,147.7,224.3,329.6,160.7,0,82.4,174.6,94.1,130.1
2026/9/9,14:00~16:00,通過量,10386,6839,3547,6749,3813,1557,697,714,845,3340,820,332,1365,823,2366,1324,396,646,2150,607,541,1002,1699,619,1080,1862,878,984,519,519,3616,1207,825,1216,368,8622,933,3755,3027,907,4960,2315,2645,4817,2309,2508,4313,418,1834,479,1582,,,,,,,,,,,,,,,,,,,,,
2026/9/9,14:00~16:00,平均停等延滯,47,52.8,35.8,44.5,24.6,22.1,29.2,1.6,44.7,36,31.4,46.2,29.6,47.3,34.5,33.2,33.6,37.5,30.6,16.5,22.4,43.5,8.9,8.8,9,17.8,20.1,15.7,25,25,18.2,21.9,0.2,21,36.7,17,25.5,12.1,22.9,8.7,2.6,5.4,0.2,12.1,17.1,7.5,19,30,15.4,27.4,17.8,,,,,,,,,,,,,,,,,,,,,
2026/9/9,16:00~19:00,總停等延滯,859653,596315,263338,402995,150423,53723,35319,1612,59769,184994,40954,21981,48724,73335,145384,69711,30378,45295,115514,23694,22404,69416,32893,14312,18581,64673,36804,27869,27646,27646,138126,56685,3083,53386,24972,206150,33920,68971,94195,9064,23458,21836,1622,76111,48620,27491,97276,11453,41000,18662,26161,148.3,209.5,194.7,152.6,220,557.4,260.7,237.1,115.8,147.9,71.5,194.3,155.4,331.1,216.9,154.9,0,85.8,183.9,101.2,131.1
2026/9/9,16:00~19:00,通過量,20119,12607,7512,10872,6584,2717,1337,1099,1431,5881,1339,644,2176,1722,5024,2837,787,1400,3890,1321,1015,1554,3250,1334,1916,3936,1856,2080,1104,1104,7653,2579,1659,2609,806,13218,1525,6267,4136,1290,7889,3344,4545,7750,3355,4395,7491,934,3477,627,2453,,,,,,,,,,,,,,,,,,,,,
2026/9/9,16:00~19:00,平均停等延滯,42.7,47.3,35.1,37.1,22.8,19.8,26.4,1.5,41.8,31.5,30.6,34.1,22.4,42.6,28.9,24.6,38.6,32.4,29.7,17.9,22.1,44.7,10.1,10.7,9.7,16.4,19.8,13.4,25,25,18,22,1.9,20.5,31,15.6,22.2,11,22.8,7,3,6.5,0.4,9.8,14.5,6.3,13,12.3,11.8,29.8,10.7,,,,,,,,,,,,,,,,,,,,,
2026/9/9,20:00~23:00,總停等延滯,457590,360704,96886,269193,69828,26170,15540,1579,26539,148312,24973,27488,41463,54388,77220,37607,16042,23571,65344,11838,13185,40321,13976,3719,10257,24622,12002,12620,11186,11186,47102,26062,89,9477,11474,144965,22889,34641,86716,719,8610,8449,161,68706,48828,19878,46912,1526,16527,12851,16008,148.6,318.2,165.2,193.4,219.3,627.3,146.8,203.1,112.3,150.2,70.6,169.5,167,276,349.8,146.5,0,94.1,57,76.8,126
2026/9/9,20:00~23:00,通過量,9595,6508,3087,6017,3512,1385,530,904,693,3677,809,458,1374,1036,2185,1145,404,636,2037,671,460,906,1530,503,1027,1534,756,778,424,424,3255,1095,890,844,426,7083,755,2860,2955,513,4705,2439,2266,4765,2448,2317,4772,422,1948,436,1966,,,,,,,,,,,,,,,,,,,,,
2026/9/9,20:00~23:00,平均停等延滯,47.7,55.4,31.4,44.7,19.9,18.9,29.3,1.7,38.3,40.3,30.9,60,30.2,52.5,35.3,32.8,39.7,37.1,32.1,17.6,28.7,44.5,9.1,7.4,10,16.1,15.9,16.2,26.4,26.4,14.5,23.8,0.1,11.2,26.9,20.5,30.3,12.1,29.3,1.4,1.8,3.5,0.1,14.4,19.9,8.6,9.8,3.6,8.5,29.5,8.1,,,,,,,,,,,,,,,,,,,,,
2026/9/10,07:00~09:00,總停等延滯,717043,538947,178096,322481,136604,44436,39648,1377,51143,188733,35892,22373,47800,82668,112334,50888,29412,32034,101276,12720,21185,67371,21822,5449,16373,25066,15982,9084,19481,19481,111727,36433,2982,54826,17486,122109,22800,52958,31956,14395,45323,42715,2608,72069,54104,17965,82980,5902,31036,23281,22761,152,261.8,162.5,137.4,215.5,440.6,398.2,281.5,110.1,151.4,63,164.6,138.1,179.9,267.6,126,0,210.2,141.7,159.2,127.1
2026/9/10,07:00~09:00,通過量,15039,9521,5518,7228,4567,1778,1018,847,924,4404,1034,444,1541,1385,3327,1420,982,925,2783,718,773,1292,2315,666,1649,2515,995,1520,806,806,5618,1572,1466,2088,492,9749,735,3711,3963,1340,5951,3091,2860,5935,3124,2811,5984,888,2314,633,2149,,,,,,,,,,,,,,,,,,,,,
2026/9/10,07:00~09:00,平均停等延滯,47.7,56.6,32.3,44.6,29.9,25,38.9,1.6,55.3,42.9,34.7,50.4,31,59.7,33.8,35.8,30,34.6,36.4,17.7,27.4,52.1,9.4,8.2,9.9,10,16.1,6,24.2,24.2,19.9,23.2,2,26.3,35.5,12.5,31,14.3,8.1,10.7,7.6,13.8,0.9,12.1,17.3,6.4,13.9,6.6,13.4,36.8,10.6,,,,,,,,,,,,,,,,,,,,,
2026/9/10,10:00~17:00,總停等延滯,1598141,1221824,376317,822244,328662,128928,80466,3500,115768,414309,93283,54383,146860,119783,264573,144290,52924,67359,214280,32197,42031,140052,48074,18012,30062,82483,49808,32675,40488,40488,205272,79578,1062,82846,41786,291752,66999,133138,67607,24008,64714,62715,1999,198746,140443,58303,267032,19703,91518,58996,96815,149.8,227.9,224.8,149.8,212.8,458.8,362.5,362,123.4,150.3,62.7,229.1,146.2,247.1,223.2,137.7,0,172.4,209.5,179.9,179.9
2026/9/10,10:00~17:00,通過量,35464,23468,11996,22759,13104,5485,2464,2492,2663,12030,2824,1211,5131,2864,8254,4635,1435,2184,7132,1970,1783,3379,5772,1980,3792,6315,2830,3485,1671,1671,12152,3807,2854,4217,1274,29304,3099,12525,10176,3504,17607,8320,9287,16987,8189,8798,16549,1691,7723,1563,5572,,,,,,,,,,,,,,,,,,,,,
2026/9/10,10:00~17:00,平均停等延滯,45.1,52.1,31.4,36.1,25.1,23.5,32.7,1.4,43.5,34.4,33,44.9,28.6,41.8,32.1,31.1,36.9,30.8,30,16.3,23.6,41.4,8.3,9.1,7.9,13.1,17.6,9.4,24.2,24.2,16.9,20.9,0.4,19.6,32.8,10,21.6,10.6,6.6,6.9,3.7,7.5,0.2,11.7,17.2,6.6,16.1,11.7,11.9,37.7,17.4,,,,,,,,,,,,,,,,,,,,,
2026/9/10,17:00~20:00,總停等延滯,862450,634441,228009,328555,164998,77028,34746,1864,51360,225843,45570,34448,82632,63193,140642,65606,29354,45682,102958,22098,22154,58706,28979,12510,16469,52612,27944,24668,20981,20981,125437,47406,591,52465,24975,116158,28210,56885,26833,4230,26229,24825,1404,72737,49664,23073,113431,3552,47290,19319,43270,156.1,186.9,182.2,175.6,230.2,485.9,168.3,331,109.2,154.6,74.9,187.8,166.3,311,187.3,148.8,0,86.6,83.2,153.9,170.6
2026/9/10,17:00~20:00,通過量,17120,10736,6384,9648,6219,2581,1263,1004,1371,2960,1371,252,713,624,4586,2442,803,1341,3844,1343,976,1525,2918,1111,1807,3423,1569,1854,855,855,6691,2273,1402,2313,703,10931,1449,5570,2811,1101,6870,2733,4137,6718,2669,4049,7091,881,3581,573,2056,,,,,,,,,,,,,,,,,,,,,
2026/9/10,17:00~20:00,平均停等延滯,50.4,59.1,35.7,34.1,26.5,29.8,27.5,1.9,37.5,76.3,33.2,136.7,115.9,101.3,30.7,26.9,36.6,34.1,26.8,16.5,22.7,38.5,9.9,11.3,9.1,15.4,17.8,13.3,24.5,24.5,18.7,20.9,0.4,22.7,35.5,10.6,19.5,10.2,9.5,3.8,3.8,9.1,0.3,10.8,18.6,5.7,16,4,13.2,33.7,21,,,,,,,,,,,,,,,,,,,,,
2026/9/10,10:00~12:00,總停等延滯,413638,324875,88763,211539,84668,32046,23514,890,28218,110022,27407,12047,39434,31134,69288,40452,13709,15127,60897,7451,11676,41770,10845,3846,6999,16282,10922,5360,9860,9860,51776,19223,308,21719,10526,70953,18362,36357,9195,7039,9172,8643,529,64071,41952,22119,67343,9003,27304,12403,18633,152,199.8,216.1,111.2,214.6,422,353.3,449.4,146.7,152,62.7,217.1,111.5,220.9,207.7,152.8,0,242.3,164.6,180.6,221.9
2026/9/10,10:00~12:00,通過量,9298,6150,3148,6165,3485,1595,688,610,592,3255,819,305,1436,695,2133,1286,356,491,1906,478,434,994,1505,499,1006,1609,683,926,387,387,3209,947,770,1158,334,8286,847,3412,2976,1051,4946,2262,2684,4764,2230,2534,4481,421,2154,394,1512,,,,,,,,,,,,,,,,,,,,,
2026/9/10,10:00~12:00,平均停等延滯,44.5,52.8,28.2,34.3,24.3,20.1,34.2,1.5,47.7,33.8,33.5,39.5,27.5,44.8,32.5,31.5,38.5,30.8,32,15.6,26.9,42,7.2,7.7,7,10.1,16,5.8,25.5,25.5,16.1,20.3,0.4,18.8,31.5,8.6,21.7,10.7,3.1,6.7,1.9,3.8,0.2,13.4,18.8,8.7,15,21.4,12.7,31.5,12.3,,,,,,,,,,,,,,,,,,,,,
2026/9/10,14:00~16:00,總停等延滯,500589,382555,118034,286186,106447,46013,22769,1106,36559,132538,26125,17445,49407,39561,81872,44597,15266,22009,61698,10496,12022,39180,15794,5864,9930,25980,17298,8682,12329,12329,63931,25322,294,26735,11580,105619,23057,45489,29360,7713,24917,24276,641,56180,41729,14451,99470,4577,31656,22105,41132,145.5,199.6,237.4,nan,212,2792.8,287.1,335.5,100.3,145.6,66.3,246.1,0,2616,202.6,136.7,0,162.3,138.3,201.7,158
2026/9/10,14:00~16:00,通過量,10518,6861,3657,6625,3909,1607,703,767,832,3405,782,339,1441,843,2426,1356,451,619,2083,616,560,907,1753,623,1130,1913,902,1011,589,589,3636,1191,836,1236,373,8514,878,3774,2836,1026,5059,2415,2644,4810,2335,2475,4712,526,2213,489,1484,,,,,,,,,,,,,,,,,,,,,
2026/9/10,14:00~16:00,平均停等延滯,47.6,55.8,32.3,43.2,27.2,28.6,32.4,1.4,43.9,38.9,33.4,51.5,34.3,46.9,33.7,32.9,33.8,35.6,29.6,17,21.5,43.2,9,9.4,8.8,13.6,19.2,8.6,20.9,20.9,17.6,21.3,0.4,21.6,31,12.4,26.3,12.1,10.4,7.5,4.9,10.1,0.2,11.7,17.9,5.8,21.1,8.7,14.3,45.2,27.7,,,,,,,,,,,,,,,,,,,,,
2026/9/10,16:00~19:00,總停等延滯,843479,598203,245276,360164,171352,74993,35365,1625,59369,179453,43049,26083,55286,55035,141177,64764,31442,44971,106221,20645,21957,63619,32753,13925,18828,54820,29877,24943,23687,23687,134016,48089,930,57139,27858,139812,29610,60830,43157,6215,40193,38443,1750,68541,46069,22472,111618,4532,40681,23607,42798,149.2,286.7,180.9,131.2,225.2,482.2,215.8,368.8,110.3,149.2,76.1,186.3,133.1,315,272.2,141.5,0,136.7,86.5,159.5,202.7
2026/9/10,16:00~19:00,通過量,19042,11962,7080,10445,6595,2588,1354,1129,1524,4402,1333,435,1470,1164,4834,2568,843,1423,3907,1276,1037,1594,3157,1201,1956,3679,1693,1986,965,965,7337,2423,1505,2613,796,11888,1553,5918,3131,1286,7420,3082,4338,7267,3059,4208,7633,974,3685,674,2300,,,,,,,,,,,,,,,,,,,,,
2026/9/10,16:00~19:00,平均停等延滯,44.3,50,34.6,34.5,26,29,26.1,1.4,39,40.8,32.3,60,37.6,47.3,29.2,25.2,37.3,31.6,27.2,16.2,21.2,39.9,10.4,11.6,9.6,14.9,17.6,12.6,24.5,24.5,18.3,19.8,0.6,21.9,35,11.8,19.1,10.3,13.8,4.8,5.4,12.5,0.4,9.4,15.1,5.3,14.6,4.7,11,35,18.6,,,,,,,,,,,,,,,,,,,,,
2026/9/10,20:00~23:00,總停等延滯,598814,513343,85471,215966,105753,52673,16488,1625,34967,279696,31296,43200,129600,75600,71658,35585,12909,23164,56236,13714,13810,28712,11156,2738,8418,21745,11007,10738,10699,10699,41871,25850,244,8616,7161,64507,19473,36919,7504,611,13594,13298,296,63044,51377,11667,74821,423,25016,13706,35676,144.3,400.8,209.8,200.1,248.9,613.4,143.8,317.2,102.9,147.1,108.2,211.9,214.5,160.8,349.4,131.3,0,80.6,59.1,101.3,210.8
2026/9/10,20:00~23:00,通過量,7907,5094,2813,5952,3641,1549,549,792,751,897,897,0,0,0,2228,1201,352,675,1940,722,496,722,1337,516,821,1397,735,662,404,404,2941,1048,820,841,232,6600,615,3191,2252,542,4587,2185,2402,4615,2232,2383,4705,398,2161,407,1739,,,,,,,,,,,,,,,,,,,,,
2026/9/10,20:00~23:00,平均停等延滯,75.7,100.8,30.4,36.3,29,34,30,2.1,46.6,311.8,34.9,0,0,0,32.2,29.6,36.7,34.3,29,19,27.8,39.8,8.3,5.3,10.3,15.6,15,16.2,26.5,26.5,14.2,24.7,0.3,10.2,30.9,9.8,31.7,11.6,3.3,1.1,3,6.1,0.1,13.7,23,4.9,15.9,1.1,11.6,33.7,20.5,,,,,,,,,,,,,,,,,,,,,
2026/9/11,07:00~09:00,總停等延滯,749733,560366,189367,228514,148624,54939,40933,1361,51391,193165,38858,21026,52078,81203,114201,50473,29857,33871,104376,12309,19013,73054,24221,6945,17276,35134,16923,18211,17540,17540,112472,37237,6367,52690,16178,59074,343,3003,43101,12627,51984,50563,1421,0,0,0,117456,7497,42437,29637,37885,146.8,162,162.3,117.4,207.8,381.4,nan,nan,116.2,146.7,61.3,164.1,121.9,218.8,163.3,0,0,0,580.2,68.7,0
2026/9/11,07:00~09:00,通過量,14538,9160,5378,6179,4665,1783,1079,885,918,4174,970,424,1530,1250,3276,1484,926,866,2648,734,698,1216,2303,709,1594,2513,1010,1503,723,723,5449,1503,1507,1962,477,8900,1035,2482,3919,1464,6043,2981,3062,0,0,0,5998,900,2436,594,2068,,,,,,,,,,,,,,,,,,,,,
2026/9/11,07:00~09:00,平均停等延滯,51.6,61.2,35.2,37,31.9,30.8,37.9,1.5,56,46.3,40.1,49.6,34,65,34.9,34,32.2,39.1,39.4,16.8,27.2,60.1,10.5,9.8,10.8,14,16.8,12.1,24.3,24.3,20.6,24.8,4.2,26.9,33.9,6.6,0.3,1.2,11,8.6,8.6,17,0.5,0,0,0,19.6,8.3,17.4,49.9,18.3,,,,,,,,,,,,,,,,,,,,,
2026/9/11,10:00~17:00,總停等延滯,1946127,1474291,471836,771095,400843,168029,86127,3713,142974,523078,117914,67893,163994,173277,304652,159935,64593,80124,245718,37700,48732,159286,64062,20506,43556,108165,60899,47266,49328,49328,250281,99653,1226,105234,44168,152177,13084,21476,111290,6327,86497,82871,3626,223075,142231,80844,309346,22454,102181,91938,92773,148.8,255.8,238.8,199.9,211.3,464.6,259.4,286.8,119,148.7,62.4,243.6,195.9,218.3,250.5,150.9,0,119.4,137.5,111.4,183.8
2026/9/11,10:00~17:00,通過量,40352,26757,13595,19707,14347,5860,2927,2639,2921,13499,3259,1436,5290,3514,9600,5229,1876,2495,8228,2500,1982,3746,6661,2279,4382,7380,3294,4086,1883,1883,13954,4521,3184,4917,1332,23460,3403,8475,10895,687,17959,8380,9579,17649,8414,9235,17797,1814,8154,1292,6537,,,,,,,,,,,,,,,,,,,,,
2026/9/11,10:00~17:00,平均停等延滯,48.2,55.1,34.7,39.1,27.9,28.7,29.4,1.4,48.9,38.7,36.2,47.3,31,49.3,31.7,30.6,34.4,32.1,29.9,15.1,24.6,42.5,9.6,9,9.9,14.7,18.5,11.6,26.2,26.2,17.9,22,0.4,21.4,33.2,6.5,3.8,2.5,10.2,9.2,4.8,9.9,0.4,12.6,16.9,8.8,17.4,12.4,12.5,71.2,14.2,,,,,,,,,,,,,,,,,,,,,
2026/9/11,17:00~20:00,總停等延滯,1125385,809523,315862,325813,180965,78368,40957,2054,59586,309294,71202,26821,94194,117077,194555,74874,50838,68843,124709,31827,24285,68597,41592,16739,24853,85258,37599,47659,24077,24077,164935,57518,3285,77018,27114,73072,3804,8307,60961,0,32877,31096,1781,79115,53194,25921,140749,6235,55804,38929,39781,151.4,335,200.7,182.6,227.8,608.4,187,305.4,122.3,151.3,76.3,204.2,183.2,282,346.6,138,0,94.9,93.8,134,181.9
2026/9/11,17:00~20:00,通過量,24315,15663,8652,8392,7564,3216,1512,1235,1601,7363,1736,779,2282,2566,6059,3047,1283,1729,4731,1754,1246,1731,4011,1481,2530,4726,2071,2655,1100,1100,8809,2738,1838,3354,879,9044,1811,3495,3738,0,7748,3146,4602,7872,3148,4724,8195,944,4165,606,2480,,,,,,,,,,,,,,,,,,,,,
2026/9/11,17:00~20:00,平均停等延滯,46.3,51.7,36.5,38.8,23.9,24.4,27.1,1.7,37.2,42,41,34.4,41.3,45.6,32.1,24.6,39.6,39.8,26.4,18.1,19.5,39.6,10.4,11.3,9.8,18,18.2,18,21.9,21.9,18.7,21,1.8,23,30.8,8.1,2.1,2.4,16.3,0,4.2,9.9,0.4,10.1,16.9,5.5,17.2,6.6,13.4,64.2,16,,,,,,,,,,,,,,,,,,,,,
2026/9/11,10:00~12:00,總停等延滯,527581,412921,114660,194707,99591,36193,25078,1054,37266,163578,37033,24330,59496,42719,79516,46995,15443,17078,70236,8723,12510,49003,15370,4182,11188,23941,12203,11738,12454,12454,62895,24694,147,28233,9821,26799,3190,5343,11939,6327,12163,11547,616,71275,44855,26420,84470,6786,30914,25264,21506,146.7,300.4,225.6,223.3,209.9,495.7,226.6,387.5,153.7,146.8,62.7,224.8,229.8,179.4,296.6,121.5,0,154.5,84,110.2,305
2026/9/11,10:00~12:00,通過量,10141,6707,3434,5469,3597,1559,767,688,583,3561,926,356,1496,783,2261,1327,407,527,2308,583,499,1226,1667,512,1155,1833,771,1062,423,423,3581,1082,839,1362,298,7143,954,2404,3098,687,5084,2347,2737,4862,2294,2568,4882,478,2293,388,1723,,,,,,,,,,,,,,,,,,,,,
2026/9/11,10:00~12:00,平均停等延滯,52,61.6,33.4,35.6,27.7,23.2,32.7,1.5,63.9,45.9,40,68.3,39.8,54.6,35.2,35.4,37.9,32.4,30.4,15,25.1,40,9.2,8.2,9.7,13.1,15.8,11.1,29.4,29.4,17.6,22.8,0.2,20.7,33,3.8,3.3,2.2,3.9,9.2,2.4,4.9,0.2,14.7,19.6,10.3,17.3,14.2,13.5,65.1,12.5,,,,,,,,,,,,,,,,,,,,,
2026/9/11,14:00~16:00,總停等延滯,543718,402786,140932,234364,116894,51833,22640,1068,41353,133593,31366,14829,37363,50035,89476,42661,20982,25833,62823,10792,14110,37921,18605,6270,12335,36416,22942,13474,13941,13941,71970,31079,116,27559,13216,61436,5333,7789,48314,0,33732,31774,1958,53310,33071,20239,85886,7142,26906,25334,26504,149.6,234.3,227,194.6,209.6,458.8,289.1,238.7,103.4,149.7,60.1,238.7,191.8,240.7,231.3,134,0,123.4,154.3,104,145.7
2026/9/11,14:00~16:00,通過量,11975,7968,4007,5786,4307,1680,836,793,998,3858,910,430,1404,1114,2903,1533,637,733,2337,797,559,981,2039,745,1294,2227,1102,1125,574,574,4106,1418,901,1390,397,6640,999,2434,3207,0,5099,2384,2715,5146,2472,2674,5190,510,2327,356,1997,,,,,,,,,,,,,,,,,,,,,
2026/9/11,14:00~16:00,平均停等延滯,45.4,50.6,35.2,40.5,27.1,30.9,27.1,1.3,41.4,34.6,34.5,34.5,26.6,44.9,30.8,27.8,32.9,35.2,26.9,13.5,25.2,38.7,9.1,8.4,9.5,16.4,20.8,12,24.3,24.3,17.5,21.9,0.1,19.8,33.3,9.3,5.3,3.2,15.1,0,6.6,13.3,0.7,10.4,13.4,7.6,16.5,14,11.6,71.2,13.3,,,,,,,,,,,,,,,,,,,,,
2026/9/11,16:00~19:00,總停等延滯,1089690,759657,330033,371517,192602,79845,40824,1677,70256,258197,58800,25769,73408,100220,180947,75397,45498,60052,127911,28140,23400,76371,43109,18467,24642,84941,37659,47282,28521,28521,173462,62629,3585,78053,29195,111813,6183,11122,94508,0,52755,50699,2056,79934,54263,25671,127015,5722,48588,37749,34956,150.2,312.6,196.9,202.9,222,570.4,205.8,283.5,112.5,150.1,71.9,199.2,200.9,275.9,320.3,144.9,0,91.8,116.3,146.3,142.4
2026/9/11,16:00~19:00,通過量,24518,15357,9161,8674,7520,3082,1594,1213,1631,6930,1619,764,2196,2351,6189,3216,1215,1758,4621,1659,1261,1701,4080,1597,2483,4928,2194,2734,1225,1225,9268,2929,1954,3433,952,9296,1803,3733,3760,0,7934,3247,4687,7814,3172,4642,8311,1080,4093,629,2509,,,,,,,,,,,,,,,,,,,,,
2026/9/11,16:00~19:00,平均停等延滯,44.4,49.5,36,42.8,25.6,25.9,25.6,1.4,43.1,37.3,36.3,33.7,33.4,42.6,29.2,23.4,37.4,34.2,27.7,17,18.6,44.9,10.6,11.6,9.9,17.2,17.2,17.3,23.3,23.3,18.7,21.4,1.8,22.7,30.7,12,3.4,3,25.1,0,6.6,15.6,0.4,10.2,17.1,5.5,15.3,5.3,11.9,60,13.9,,,,,,,,,,,,,,,,,,,,,
2026/9/11,20:00~23:00,總停等延滯,823763,657717,166046,263842,129866,59709,29530,3093,37534,315490,60101,29619,98407,127363,122681,52374,27697,42610,89680,22935,17526,49219,26290,6874,19416,42441,19419,23022,14531,14531,82784,47011,267,17366,18140,16817,67,422,16328,0,22493,21877,616,69806,46975,22831,154726,1089,43985,44990,64662,141.8,306.7,222.1,179.3,227.2,511,148.1,268.3,111.6,142.1,86.5,233.1,181,207.8,312.3,148.1,0,80.3,68.3,103.6,171.6
2026/9/11,20:00~23:00,通過量,15216,10939,4277,7160,5558,2239,891,1284,1144,6547,1437,675,2340,2095,3664,1785,801,1078,3271,1255,691,1325,2505,798,1707,2550,1307,1243,597,597,4611,1729,1070,1237,575,7865,860,2835,4170,0,6241,3602,2639,6720,3678,3042,6793,523,2805,466,2999,,,,,,,,,,,,,,,,,,,,,
2026/9/11,20:00~23:00,平均停等延滯,54.1,60.1,38.8,36.8,23.4,26.7,33.1,2.4,32.8,48.2,41.8,43.9,42.1,60.8,33.5,29.3,34.6,39.5,27.4,18.3,25.4,37.1,10.5,8.6,11.4,16.6,14.9,18.5,24.3,24.3,18,27.2,0.2,14,31.5,2.1,0.1,0.1,3.9,0,3.6,6.1,0.2,10.4,12.8,7.5,22.8,2.1,15.7,96.5,21.6,,,,,,,,,,,,,,,,,,,,,
2026/9/12,07:00~09:00,總停等延滯,378220,296602,81618,178193,73884,42170,16033,734,14947,112745,27967,11201,35533,38044,67369,41483,11327,14559,42604,6087,8997,27520,8154,2572,5582,13316,11134,2182,8295,8295,51853,16137,50,24256,11410,55303,13684,26866,10569,4184,5689,5450,239,61917,38725,23192,55284,1005,29945,9519,14815,160.7,204.1,158.9,144.7,220.2,375.2,136,363,105.7,163.3,60.5,159.2,140.3,184.9,202.7,0,0,82.7,55.3,223.5,160.9
2026/9/12,07:00~09:00,通過量,8088,5185,2903,5122,2916,1537,464,549,366,2866,828,192,1101,745,1742,932,359,451,1521,450,327,744,1375,457,918,1395,587,808,341,341,2917,812,753,1042,310,6660,611,2956,2328,765,4201,1837,2364,4042,1803,2239,3886,377,1954,271,1284,,,,,,,,,,,,,,,,,,,,,
2026/9/12,07:00~09:00,平均停等延滯,46.8,57.2,28.1,34.8,25.3,27.4,34.6,1.3,40.8,39.3,33.8,58.3,32.3,51.1,38.7,44.5,31.6,32.3,28,13.5,27.5,37,5.9,5.6,6.1,9.5,19,2.7,24.3,24.3,17.8,19.9,0.1,23.3,36.8,8.3,22.4,9.1,4.5,5.5,1.4,3,0.1,15.3,21.5,10.4,14.2,2.7,15.3,35.1,11.5,,,,,,,,,,,,,,,,,,,,,
2026/9/12,10:00~17:00,總停等延滯,2434121,1854816,579305,823432,441935,131894,149000,3816,157225,619038,111242,67961,197591,242244,483712,247412,99431,136869,310131,39939,64253,205939,70137,13850,56287,158141,75775,82366,57094,57094,293933,87901,9428,139094,57510,251012,55984,111522,64868,18638,77143,74823,2320,225936,150770,75166,269341,13617,102014,50314,103396,178.6,299.5,217.7,163.5,279.4,617.3,185.3,387,123,179.6,100.9,237.1,170.5,328.4,291.4,0,0,103.3,82.4,141,236.2
2026/9/12,10:00~17:00,通過量,49009,32037,16972,25428,16816,6636,3792,2679,3709,15183,3527,1633,5681,4342,13614,7798,2639,3177,9022,2913,2435,3674,7601,2323,5278,8686,3150,5536,2427,2427,16659,4437,4385,6024,1813,30743,3109,13674,11219,2741,21323,9553,11770,21076,9644,11432,20875,2042,10188,1694,6951,,,,,,,,,,,,,,,,,,,,,
2026/9/12,10:00~17:00,平均停等延滯,49.7,57.9,34.1,32.4,26.3,19.9,39.3,1.4,42.4,40.8,31.5,41.6,34.8,55.8,35.5,31.7,37.7,43.1,34.4,13.7,26.4,56.1,9.2,6,10.7,18.2,24.1,14.9,23.5,23.5,17.6,19.8,2.2,23.1,31.7,8.2,18,8.2,5.8,6.8,3.6,7.8,0.2,10.7,15.6,6.6,12.9,6.7,10,29.7,14.9,,,,,,,,,,,,,,,,,,,,,
2026/9/12,17:00~20:00,總停等延滯,814488,592998,221490,323850,135410,60893,42440,1619,30458,172571,37262,24957,50447,59905,166156,77245,39085,49826,118861,16625,20495,81741,27324,7208,20116,59588,31446,28142,21861,21861,112717,42882,1122,42519,26194,132648,24840,44051,56051,7706,42076,40994,1082,68018,53233,14785,81108,4185,23622,12124,41177,166,249,212.5,194.9,261.5,569.6,171.7,353.7,125.7,166.3,95.3,219.6,189.3,307.1,241.9,162.1,0,85.1,86.1,190.9,154.9
2026/9/12,17:00~20:00,通過量,19406,13038,6368,9821,6983,2463,1195,1060,2265,5913,1403,683,2180,1647,5090,2713,884,1493,3638,1230,803,1605,2926,1029,1897,3254,1463,1791,992,992,6440,2093,1450,2045,852,11682,1235,5091,4276,1080,7651,3656,3995,7645,3587,4058,7924,752,3677,569,2926,,,,,,,,,,,,,,,,,,,,,
2026/9/12,17:00~20:00,平均停等延滯,42,45.5,34.8,33,19.4,24.7,35.5,1.5,13.4,29.2,26.6,36.5,23.1,36.4,32.6,28.5,44.2,33.4,32.7,13.5,25.5,50.9,9.3,7,10.6,18.3,21.5,15.7,22,22,17.5,20.5,0.8,20.8,30.7,11.4,20.1,8.7,13.1,7.1,5.5,11.2,0.3,8.9,14.8,3.6,10.2,5.6,6.4,21.3,14.1,,,,,,,,,,,,,,,,,,,,,
2026/9/12,10:00~12:00,總停等延滯,747076,578164,168912,253992,109858,38185,42972,1096,27605,221387,34618,21618,68252,96899,153018,79742,28995,44281,93901,10096,17813,65992,20079,2365,17714,46591,21614,24977,14500,14500,87742,23590,1846,45158,17148,66314,16395,33095,13196,3628,15813,15279,534,82171,53774,28397,89694,3770,37257,13689,34978,174,194.1,260.3,216.2,270,484.1,166.6,383.8,100.3,174.3,96,276.1,222.7,295.4,203.6,0,0,91,73.2,193.7,196.9
2026/9/12,10:00~12:00,通過量,13124,8465,4659,6928,4274,1868,1008,704,694,4286,1080,389,1600,1217,3339,1867,743,729,2578,761,660,1157,2049,532,1517,2262,773,1489,698,698,4539,1110,1206,1754,469,8522,857,3904,3015,746,5827,2614,3213,5780,2639,3141,5583,594,2822,459,1708,,,,,,,,,,,,,,,,,,,,,
2026/9/12,10:00~12:00,平均停等延滯,56.9,68.3,36.3,36.7,25.7,20.4,42.6,1.6,39.8,51.7,32.1,55.6,42.7,79.6,45.8,42.7,39,60.7,36.4,13.3,27,57,9.8,4.4,11.7,20.6,28,16.8,20.8,20.8,19.3,21.3,1.5,25.7,36.6,7.8,19.1,8.5,4.4,4.9,2.7,5.8,0.2,14.2,20.4,9,16.1,6.3,13.2,29.8,20.5,,,,,,,,,,,,,,,,,,,,,
2026/9/12,14:00~16:00,總停等延滯,695242,516262,178980,236104,145912,37662,43352,1089,63809,145318,31543,19003,44643,50129,136060,67805,28381,39874,88972,11316,18997,58659,20876,4353,16523,49258,25541,23717,18310,18310,90536,28233,4729,40013,17561,78551,16376,32710,21987,7478,32629,31620,1009,57372,37152,20220,67552,4309,22239,13210,27794,171.9,357.1,213.3,145.1,277.2,628.2,179.5,445.2,123.4,172.7,106,226.2,157.7,276.5,317.8,0,0,83.9,94.7,98.8,293.2
2026/9/12,14:00~16:00,通過量,14844,9620,5224,7696,5138,1888,1170,783,1297,4414,957,528,1612,1317,4243,2480,778,985,2532,875,665,992,2272,738,1534,2673,964,1709,749,749,5109,1372,1434,1730,573,9306,987,4004,3481,834,6488,2935,3553,6305,2909,3396,6344,589,3050,480,2225,,,,,,,,,,,,,,,,,,,,,
2026/9/12,14:00~16:00,平均停等延滯,46.8,53.7,34.3,30.7,28.4,19.9,37.1,1.4,49.2,32.9,33,36,27.7,38.1,32.1,27.3,36.5,40.5,35.1,12.9,28.6,59.1,9.2,5.9,10.8,18.4,26.5,13.9,24.4,24.4,17.7,20.6,3.3,23.1,30.6,8.4,16.6,8.2,6.3,9,5,10.8,0.3,9.1,12.8,6,10.6,7.3,7.3,27.5,12.5,,,,,,,,,,,,,,,,,,,,,
2026/9/12,16:00~19:00,總停等延滯,850293,613086,237207,340024,147034,63998,45973,1513,35550,176402,37146,22569,52080,64607,172908,75380,45305,52223,116742,16795,22981,76966,29623,9204,20419,61439,31503,29936,26971,26971,119174,45891,3122,45136,25025,141438,24219,44833,63363,9023,45699,44491,1208,71039,56437,14602,81848,4414,24175,13929,39330,174.7,264.6,218.8,203.8,271.1,606.3,181.7,382.3,132.2,175.4,96.2,224.2,191.9,327.9,263.6,171.9,0,87.9,92.9,214.3,163.3
2026/9/12,16:00~19:00,通過量,21856,14454,7402,10641,7733,2787,1466,1079,2401,6257,1452,742,2212,1851,6005,3258,1035,1712,3781,1321,944,1516,3269,1190,2079,3902,1663,2239,1108,1108,7482,2378,1704,2458,942,12385,1373,5538,4288,1186,8414,3823,4591,8445,3817,4628,8687,839,4118,671,3059,,,,,,,,,,,,,,,,,,,,,
2026/9/12,16:00~19:00,平均停等延滯,38.9,42.4,32,32,19,23,31.4,1.4,14.8,28.2,25.6,30.4,23.5,34.9,28.8,23.1,43.8,30.5,30.9,12.7,24.3,50.8,9.1,7.7,9.8,15.7,18.9,13.4,24.3,24.3,15.9,19.3,1.8,18.4,26.6,11.4,17.6,8.1,14.8,7.6,5.4,11.6,0.3,8.4,14.8,3.2,9.4,5.3,5.9,20.8,12.9,,,,,,,,,,,,,,,,,,,,,
2026/9/12,20:00~23:00,總停等延滯,733693,580127,153566,347806,134707,53624,28520,2555,50008,216873,35193,29604,61857,90219,120375,59777,22159,38439,108172,18804,15371,73997,19810,5343,14467,35890,19315,16575,14227,14227,83639,47972,643,13655,21369,100789,23134,38062,29680,9913,42305,41852,453,94704,79384,15320,110008,4737,19878,24369,61024,162.3,226.1,208.2,140.4,259.8,502.9,188.2,342.8,133.9,160.3,98.7,207.2,140.4,280.9,226.3,165.8,0,148.8,62.4,138.5,194
2026/9/12,20:00~23:00,通過量,13206,9476,3730,8104,5413,1733,751,1139,1790,4760,1031,516,1812,1401,3197,1504,600,1093,2571,979,476,1116,2174,718,1456,2212,1196,1016,505,505,4229,1722,817,1050,640,10012,648,3493,4811,1060,6455,3869,2586,6514,3905,2609,6976,646,2367,701,3262,,,,,,,,,,,,,,,,,,,,,
2026/9/12,20:00~23:00,平均停等延滯,55.6,61.2,41.2,42.9,24.9,30.9,38,2.2,27.9,45.6,34.1,57.4,34.1,64.4,37.7,39.7,36.9,35.2,42.1,19.2,32.3,66.3,9.1,7.4,9.9,16.2,16.1,16.3,28.2,28.2,19.8,27.9,0.8,13,33.4,10.1,35.7,10.9,6.2,9.4,6.6,10.8,0.2,14.5,20.3,5.9,15.8,7.3,8.4,34.8,18.7,,,,,,,,,,,,,,,,,,,,,
2026-09-13,07:00~09:00,總停等延滯,220311.0,174018.0,46293.0,104992.0,44118.0,24068.0,9979.0,407.0,9664.0,60424.0,12633.0,5933.0,20923.0,20935.0,44430.0,32104.0,4939.0,7387.0,25046.0,4942.0,6688.0,13416.0,7619.0,3537.0,4082.0,6507.0,4963.0,1544.0,7289.0,7289.0,24878.0,11902.0,20.0,7186.0,5770.0,35607.0,12303.0,20897.0,1404.0,1003.0,2257.0,2144.0,113.0,39957.0,24939.0,15018.0,27171.0,318.0,13049.0,7429.0,6375.0,150.3,144.1,173.6,122.2,215.6,375.8,129.4,183.0,141.7,151.2,64.4,177.9,126.8,321.2,142.4,125.1,0.0,67.7,55.3,66.5,120.8
2026-09-13,07:00~09:00,通過量,5118,3289,1829,3407,1874,1000,290,332,252,1796,510,138,676,472,1181,689,222,270,936,291,201,444,890,319,571,946,418,528,206,206,1908,604,496,628,180,4411,370,1960,1598,483,2888,1260,1628,2750,1244,1506,2656,307,1272,171,906
2026-09-13,07:00~09:00,平均停等延滯,43.0,52.9,25.3,30.8,23.5,24.1,34.4,1.2,38.3,33.6,24.8,43.0,31.0,44.4,37.6,46.6,22.2,27.4,26.8,17.0,33.3,30.2,8.6,11.1,7.1,6.9,11.9,2.9,35.4,35.4,13.0,19.7,0.0,11.4,32.1,8.1,33.3,10.7,0.9,2.1,0.8,1.7,0.1,14.5,20.0,10.0,10.2,1.0,10.3,43.4,7.0
2026-09-13,10:00~17:00,總停等延滯,2869862.0,2296618.0,573244.0,937104.0,502610.0,146810.0,153655.0,3969.0,198176.0,859483.0,141847.0,94374.0,299399.0,323863.0,614068.0,318969.0,106920.0,188179.0,320457.0,43646.0,62353.0,214458.0,69257.0,12726.0,56531.0,155057.0,74564.0,80493.0,50837.0,50837.0,298093.0,85860.0,6092.0,152931.0,53210.0,301401.0,74379.0,140749.0,69706.0,16567.0,78152.0,75642.0,2510.0,254998.0,171369.0,83629.0,302553.0,13129.0,124817.0,51568.0,113039.0,180.2,316.2,218.7,138.6,277.1,656.2,164.7,292.1,121.2,180.8,98.0,240.3,142.0,363.7,363.0,159.2,0.0,85.4,79.9,104.0,180.0
2026-09-13,10:00~17:00,通過量,46641,31825,14816,24732,17103,6856,3413,2896,3938,15630,3873,1802,5584,4371,13291,7644,2521,3126,8637,2839,2252,3546,6942,2016,4926,7763,2782,4981,1698,1698,15056,3954,3920,5715,1467,30518,3028,13621,11255,2614,20803,9134,11669,20580,9161,11419,20215,1834,10298,1445,6638
2026-09-13,10:00~17:00,平均停等延滯,61.5,72.2,38.7,37.9,29.4,21.4,45.0,1.4,50.3,55.0,36.6,52.4,53.6,74.1,46.2,41.7,42.4,60.2,37.1,15.4,27.7,60.5,10.0,6.3,11.5,20.0,26.8,16.2,29.9,29.9,19.8,21.7,1.6,26.8,36.3,9.9,24.6,10.3,6.2,6.3,3.8,8.3,0.2,12.4,18.7,7.3,15.0,7.2,12.1,35.7,17.0
2026-09-13,17:00~20:00,總停等延滯,995614.0,766443.0,229171.0,326301.0,164235.0,76381.0,45611.0,2137.0,40106.0,284614.0,61415.0,26093.0,67791.0,129315.0,194840.0,87270.0,42566.0,65004.0,122754.0,20415.0,24016.0,78323.0,28453.0,6182.0,22271.0,64805.0,38278.0,26527.0,20112.0,20112.0,115801.0,44382.0,1358.0,46246.0,23815.0,125851.0,25815.0,42934.0,52464.0,4638.0,39757.0,38729.0,1028.0,73459.0,52836.0,20623.0,87234.0,2794.0,31970.0,13927.0,38543.0,167.8,316.8,264.7,167.2,257.4,628.8,240.4,294.2,149.8,166.6,89.4,234.5,184.1,308.3,335.4,140.2,0.0,173.4,81.8,126.2,172.9
2026-09-13,17:00~20:00,通過量,20281,14354,5927,9208,7606,2710,1205,1307,2384,7132,1804,769,2246,2313,5368,2683,1045,1640,3705,1417,849,1439,2892,994,1898,3380,1566,1814,799,799,6157,2023,1389,2045,700,10923,828,4266,4913,916,8388,4135,4253,8240,4074,4166,8579,696,3769,517,3597
2026-09-13,17:00~20:00,平均停等延滯,49.1,53.4,38.7,35.4,21.6,28.2,37.9,1.6,16.8,39.9,34.0,33.9,30.2,55.9,36.3,32.5,40.7,39.6,33.1,14.4,28.3,54.4,9.8,6.2,11.7,19.2,24.4,14.6,25.2,25.2,18.8,21.9,1.0,22.6,34.0,11.5,31.2,10.1,10.7,5.1,4.7,9.4,0.2,8.9,13.0,5.0,10.2,4.0,8.5,26.9,10.7
2026-09-13,10:00~12:00,總停等延滯,658952.0,521294.0,137658.0,224725.0,97711.0,32991.0,34372.0,991.0,29357.0,183272.0,30604.0,25676.0,61547.0,65445.0,153804.0,94923.0,26715.0,32166.0,86507.0,9968.0,16069.0,60470.0,15440.0,2008.0,13432.0,34551.0,17908.0,16643.0,13776.0,13776.0,73891.0,18641.0,109.0,41903.0,13238.0,68511.0,20670.0,37954.0,8245.0,1642.0,8524.0,8111.0,413.0,66253.0,40898.0,25355.0,81437.0,2326.0,36070.0,13967.0,29074.0,164.5,327.7,207.9,159.1,259.5,532.6,165.2,200.0,105.8,164.2,95.3,234.5,151.1,231.1,414.3,171.3,0.0,86.3,80.6,77.4,125.5
2026-09-13,10:00~12:00,通過量,11117,7420,3697,6485,3953,1799,871,641,642,3741,923,402,1435,981,3133,1800,633,700,2061,669,558,834,1759,445,1314,1899,629,1270,431,431,3780,959,862,1581,378,7853,805,3797,2661,590,5252,2169,3083,5174,2190,2984,5003,473,2647,395,1488
2026-09-13,10:00~12:00,平均停等延滯,59.3,70.3,37.2,34.7,24.7,18.3,39.5,1.5,45.7,49.0,33.2,63.9,42.9,66.7,49.1,52.7,42.2,46.0,42.0,14.9,28.8,72.5,8.8,4.5,10.2,18.2,28.5,13.1,32.0,32.0,19.5,19.4,0.1,26.5,35.0,8.7,25.7,10.0,3.1,2.8,1.6,3.7,0.1,12.8,18.7,8.5,16.3,4.9,13.6,35.4,19.5
2026-09-13,14:00~16:00,總停等延滯,979441.0,791826.0,187615.0,292265.0,188509.0,50233.0,51028.0,1336.0,85912.0,306890.0,51409.0,30048.0,106519.0,118914.0,201541.0,89551.0,31375.0,80615.0,94886.0,13930.0,18158.0,62798.0,24099.0,4372.0,19727.0,52817.0,23608.0,29209.0,15828.0,15828.0,94871.0,28193.0,3742.0,47377.0,15559.0,98938.0,21838.0,42855.0,25976.0,8269.0,33159.0,32130.0,1029.0,76235.0,53683.0,22552.0,83933.0,5165.0,37286.0,13839.0,27643.0,196.6,444.0,198.9,132.5,284.6,875.6,172.2,336.4,131.5,197.5,87.9,208.6,136.2,422.0,520.5,150.7,0.0,83.8,88.4,114.8,217.9
2026-09-13,14:00~16:00,通過量,14794,10227,4567,7956,5566,2111,1053,993,1409,5035,1266,575,1757,1437,4199,2403,758,1038,2735,889,671,1175,2150,631,1519,2377,853,1524,501,501,4648,1213,1316,1700,419,9556,1001,4091,3553,911,6571,2953,3618,6388,2913,3475,6600,561,3175,374,2490
2026-09-13,14:00~16:00,平均停等延滯,66.2,77.4,41.1,36.7,33.9,23.8,48.5,1.3,61.0,61.0,40.6,52.3,60.6,82.8,48.0,37.3,41.4,77.7,34.7,15.7,27.1,53.4,11.2,6.9,13.0,22.2,27.7,19.2,31.6,31.6,20.4,23.2,2.8,27.9,37.1,10.4,21.8,10.5,7.3,9.1,5.0,10.9,0.3,11.9,18.4,6.5,12.7,9.2,11.7,37.0,11.1
2026-09-13,16:00~19:00,總停等延滯,1085804.0,829168.0,256636.0,366544.0,185400.0,82430.0,57882.0,1798.0,43290.0,303970.0,62128.0,27589.0,81418.0,132835.0,217000.0,100181.0,46787.0,70032.0,122798.0,20466.0,26075.0,76257.0,29704.0,7101.0,22603.0,69718.0,38937.0,30781.0,23069.0,23069.0,134145.0,47734.0,2813.0,57871.0,25727.0,143654.0,27362.0,50256.0,59627.0,6409.0,46141.0,44622.0,1519.0,84204.0,61363.0,22841.0,92545.0,3448.0,35166.0,13721.0,40210.0,179.3,285.0,289.7,140.2,270.2,613.4,242.9,306.9,136.7,179.8,90.6,267.8,150.1,335.7,310.3,147.0,0.0,169.1,85.4,135.2,175.1
2026-09-13,16:00~19:00,通過量,22081,15307,6774,10056,8055,2836,1383,1338,2498,7169,1796,817,2276,2280,5964,3199,1135,1630,4216,1488,1009,1719,3041,1082,1959,3733,1585,2148,914,914,6871,2093,1642,2383,753,11982,1012,4895,5000,1075,8843,4169,4674,8778,4162,4616,9086,765,4172,537,3612
2026-09-13,16:00~19:00,平均停等延滯,49.2,54.2,37.9,36.5,23.0,29.1,41.9,1.3,17.3,42.4,34.6,33.8,35.8,58.3,36.4,31.3,41.2,43.0,29.1,13.8,25.8,44.4,9.8,6.6,11.5,18.7,24.6,14.3,25.2,25.2,19.5,22.8,1.7,24.3,34.2,12.0,27.0,10.3,11.9,6.0,5.2,10.7,0.3,9.6,14.7,4.9,10.2,4.5,8.4,25.6,11.1
2026-09-13,20:00~23:00,總停等延滯,773818.0,627935.0,145883.0,348362.0,117031.0,53320.0,24550.0,3541.0,35620.0,291536.0,52363.0,26131.0,67757.0,145285.0,120777.0,54703.0,24142.0,41932.0,98591.0,19482.0,14982.0,64127.0,23745.0,5475.0,18270.0,31175.0,19835.0,11340.0,13874.0,13874.0,77089.0,46420.0,250.0,12693.0,17726.0,103742.0,24256.0,38980.0,32569.0,7937.0,42978.0,42611.0,367.0,99721.0,79867.0,19854.0,101921.0,7163.0,25892.0,16874.0,51992.0,182.4,314.9,187.9,149.1,272.1,604.0,185.9,418.8,150.0,179.7,89.0,192.5,150.4,268.7,319.6,151.5,0.0,140.4,55.0,143.5,291.3
2026-09-13,20:00~23:00,通過量,13934,10202,3732,7047,5640,2051,715,1354,1520,5978,1429,525,2051,1973,3194,1455,684,1055,2883,1204,473,1206,2225,717,1508,2273,1207,1066,468,468,4202,1655,926,1045,576,9104,555,2996,4572,981,6578,3668,2910,6478,3655,2823,6671,603,2572,539,2957
2026-09-13,20:00~23:00,平均停等延滯,55.5,61.6,39.1,49.4,20.8,26.0,34.3,2.6,23.4,48.8,36.6,49.8,33.0,73.6,37.8,37.6,35.3,39.7,34.2,16.2,31.7,53.2,10.7,7.6,12.1,13.7,16.4,10.6,29.6,29.6,18.3,28.0,0.3,12.1,30.8,11.4,43.7,13.0,7.1,8.1,6.5,11.6,0.1,15.4,21.9,7.0,15.3,11.9,10.1,31.3,17.6
2026-09-13,07:00~09:00,總停等延滯,220311.0,174018.0,46293.0,104992.0,44118.0,24068.0,9979.0,407.0,9664.0,60424.0,12633.0,5933.0,20923.0,20935.0,44430.0,32104.0,4939.0,7387.0,25046.0,4942.0,6688.0,13416.0,7619.0,3537.0,4082.0,6507.0,4963.0,1544.0,7289.0,7289.0,24878.0,11902.0,20.0,7186.0,5770.0,35607.0,12303.0,20897.0,1404.0,1003.0,2257.0,2144.0,113.0,39957.0,24939.0,15018.0,27171.0,318.0,13049.0,7429.0,6375.0,150.3,144.1,173.6,122.2,215.6,375.8,129.4,183.0,141.7,151.2,64.4,177.9,126.8,321.2,142.4,125.1,0.0,67.7,55.3,66.5,120.8
2026-09-13,07:00~09:00,通過量,7270,5441,1829,4484,3748,2000,580,664,504,3592,1020,276,1352,944,1181,689,222,270,936,291,201,444,890,319,571,946,418,528,206,206,1908,604,496,628,180,4411,370,1960,1598,483,2888,1260,1628,5500,2488,3012,5312,614,2544,342,1812
2026-09-13,07:00~09:00,平均停等延滯,30.3,32.0,25.3,23.4,11.8,12.0,17.2,0.6,19.2,16.8,12.4,21.5,15.5,22.2,37.6,46.6,22.2,27.4,26.8,17.0,33.3,30.2,8.6,11.1,7.1,6.9,11.9,2.9,35.4,35.4,13.0,19.7,0.0,11.4,32.1,8.1,33.3,10.7,0.9,2.1,0.8,1.7,0.1,7.3,10.0,5.0,5.1,0.5,5.1,21.7,3.5
2026-09-13,10:00~17:00,總停等延滯,2869862.0,2296618.0,573244.0,937104.0,502610.0,146810.0,153655.0,3969.0,198176.0,859483.0,141847.0,94374.0,299399.0,323863.0,614068.0,318969.0,106920.0,188179.0,320457.0,43646.0,62353.0,214458.0,69257.0,12726.0,56531.0,155057.0,74564.0,80493.0,50837.0,50837.0,298093.0,85860.0,6092.0,152931.0,53210.0,301401.0,74379.0,140749.0,69706.0,16567.0,78152.0,75642.0,2510.0,254998.0,171369.0,83629.0,302553.0,13129.0,124817.0,51568.0,113039.0,180.2,316.2,218.7,138.6,277.1,656.2,164.7,292.1,121.2,180.8,98.0,240.3,142.0,363.7,363.0,159.2,0.0,85.4,79.9,104.0,180.0
2026-09-13,10:00~17:00,通過量,67021,52205,14816,32815,34206,13712,6826,5792,7876,31260,7746,3604,11168,8742,13291,7644,2521,3126,8637,2839,2252,3546,6942,2016,4926,7763,2782,4981,1698,1698,15056,3954,3920,5715,1467,30518,3028,13621,11255,2614,20803,9134,11669,41160,18322,22838,40430,3668,20596,2890,13276
2026-09-13,10:00~17:00,平均停等延滯,42.8,44.0,38.7,28.6,14.7,10.7,22.5,0.7,25.2,27.5,18.3,26.2,26.8,37.0,46.2,41.7,42.4,60.2,37.1,15.4,27.7,60.5,10.0,6.3,11.5,20.0,26.8,16.2,29.9,29.9,19.8,21.7,1.6,26.8,36.3,9.9,24.6,10.3,6.2,6.3,3.8,8.3,0.2,6.2,9.4,3.7,7.5,3.6,6.1,17.8,8.5
2026-09-13,17:00~20:00,總停等延滯,995614.0,766443.0,229171.0,326301.0,164235.0,76381.0,45611.0,2137.0,40106.0,284614.0,61415.0,26093.0,67791.0,129315.0,194840.0,87270.0,42566.0,65004.0,122754.0,20415.0,24016.0,78323.0,28453.0,6182.0,22271.0,64805.0,38278.0,26527.0,20112.0,20112.0,115801.0,44382.0,1358.0,46246.0,23815.0,125851.0,25815.0,42934.0,52464.0,4638.0,39757.0,38729.0,1028.0,73459.0,52836.0,20623.0,87234.0,2794.0,31970.0,13927.0,38543.0,167.8,316.8,264.7,167.2,257.4,628.8,240.4,294.2,149.8,166.6,89.4,234.5,184.1,308.3,335.4,140.2,0.0,173.4,81.8,126.2,172.9
2026-09-13,17:00~20:00,通過量,29662,23735,5927,13322,15212,5420,2410,2614,4768,14264,3608,1538,4492,4626,5368,2683,1045,1640,3705,1417,849,1439,2892,994,1898,3380,1566,1814,799,799,6157,2023,1389,2045,700,10923,828,4266,4913,916,8388,4135,4253,16480,8148,8332,17158,1392,7538,1034,7194
2026-09-13,17:00~20:00,平均停等延滯,33.6,32.3,38.7,24.5,10.8,14.1,18.9,0.8,8.4,20.0,17.0,17.0,15.1,28.0,36.3,32.5,40.7,39.6,33.1,14.4,28.3,54.4,9.8,6.2,11.7,19.2,24.4,14.6,25.2,25.2,18.8,21.9,1.0,22.6,34.0,11.5,31.2,10.1,10.7,5.1,4.7,9.4,0.2,4.5,6.5,2.5,5.1,2.0,4.2,13.5,5.4
2026-09-13,10:00~12:00,總停等延滯,658952.0,521294.0,137658.0,224725.0,97711.0,32991.0,34372.0,991.0,29357.0,183272.0,30604.0,25676.0,61547.0,65445.0,153804.0,94923.0,26715.0,32166.0,86507.0,9968.0,16069.0,60470.0,15440.0,2008.0,13432.0,34551.0,17908.0,16643.0,13776.0,13776.0,73891.0,18641.0,109.0,41903.0,13238.0,68511.0,20670.0,37954.0,8245.0,1642.0,8524.0,8111.0,413.0,66253.0,40898.0,25355.0,81437.0,2326.0,36070.0,13967.0,29074.0,164.5,327.7,207.9,159.1,259.5,532.6,165.2,200.0,105.8,164.2,95.3,234.5,151.1,231.1,414.3,171.3,0.0,86.3,80.6,77.4,125.5
2026-09-13,10:00~12:00,通過量,15812,12115,3697,8368,7906,3598,1742,1282,1284,7482,1846,804,2870,1962,3133,1800,633,700,2061,669,558,834,1759,445,1314,1899,629,1270,431,431,3780,959,862,1581,378,7853,805,3797,2661,590,5252,2169,3083,10348,4380,5968,10006,946,5294,790,2976
2026-09-13,10:00~12:00,平均停等延滯,41.7,43.0,37.2,26.9,12.4,9.2,19.7,0.8,22.9,24.5,16.6,31.9,21.4,33.4,49.1,52.7,42.2,46.0,42.0,14.9,28.8,72.5,8.8,4.5,10.2,18.2,28.5,13.1,32.0,32.0,19.5,19.4,0.1,26.5,35.0,8.7,25.7,10.0,3.1,2.8,1.6,3.7,0.1,6.4,9.3,4.2,8.1,2.5,6.8,17.7,9.8
2026-09-13,14:00~16:00,總停等延滯,979441.0,791826.0,187615.0,292265.0,188509.0,50233.0,51028.0,1336.0,85912.0,306890.0,51409.0,30048.0,106519.0,118914.0,201541.0,89551.0,31375.0,80615.0,94886.0,13930.0,18158.0,62798.0,24099.0,4372.0,19727.0,52817.0,23608.0,29209.0,15828.0,15828.0,94871.0,28193.0,3742.0,47377.0,15559.0,98938.0,21838.0,42855.0,25976.0,8269.0,33159.0,32130.0,1029.0,76235.0,53683.0,22552.0,83933.0,5165.0,37286.0,13839.0,27643.0,196.6,444.0,198.9,132.5,284.6,875.6,172.2,336.4,131.5,197.5,87.9,208.6,136.2,422.0,520.5,150.7,0.0,83.8,88.4,114.8,217.9
2026-09-13,14:00~16:00,通過量,21379,16812,4567,10820,11132,4222,2106,1986,2818,10070,2532,1150,3514,2874,4199,2403,758,1038,2735,889,671,1175,2150,631,1519,2377,853,1524,501,501,4648,1213,1316,1700,419,9556,1001,4091,3553,911,6571,2953,3618,12776,5826,6950,13200,1122,6350,748,4980
2026-09-13,14:00~16:00,平均停等延滯,45.8,47.1,41.1,27.0,16.9,11.9,24.2,0.7,30.5,30.5,20.3,26.1,30.3,41.4,48.0,37.3,41.4,77.7,34.7,15.7,27.1,53.4,11.2,6.9,13.0,22.2,27.7,19.2,31.6,31.6,20.4,23.2,2.8,27.9,37.1,10.4,21.8,10.5,7.3,9.1,5.0,10.9,0.3,6.0,9.2,3.2,6.4,4.6,5.9,18.5,5.6
2026-09-13,16:00~19:00,總停等延滯,1085804.0,829168.0,256636.0,366544.0,185400.0,82430.0,57882.0,1798.0,43290.0,303970.0,62128.0,27589.0,81418.0,132835.0,217000.0,100181.0,46787.0,70032.0,122798.0,20466.0,26075.0,76257.0,29704.0,7101.0,22603.0,69718.0,38937.0,30781.0,23069.0,23069.0,134145.0,47734.0,2813.0,57871.0,25727.0,143654.0,27362.0,50256.0,59627.0,6409.0,46141.0,44622.0,1519.0,84204.0,61363.0,22841.0,92545.0,3448.0,35166.0,13721.0,40210.0,179.3,285.0,289.7,140.2,270.2,613.4,242.9,306.9,136.7,179.8,90.6,267.8,150.1,335.7,310.3,147.0,0.0,169.1,85.4,135.2,175.1
2026-09-13,16:00~19:00,通過量,31895,25121,6774,14205,16110,5672,2766,2676,4996,14338,3592,1634,4552,4560,5964,3199,1135,1630,4216,1488,1009,1719,3041,1082,1959,3733,1585,2148,914,914,6871,2093,1642,2383,753,11982,1012,4895,5000,1075,8843,4169,4674,17556,8324,9232,18172,1530,8344,1074,7224
2026-09-13,16:00~19:00,平均停等延滯,34.0,33.0,37.9,25.8,11.5,14.5,20.9,0.7,8.7,21.2,17.3,16.9,17.9,29.1,36.4,31.3,41.2,43.0,29.1,13.8,25.8,44.4,9.8,6.6,11.5,18.7,24.6,14.3,25.2,25.2,19.5,22.8,1.7,24.3,34.2,12.0,27.0,10.3,11.9,6.0,5.2,10.7,0.3,4.8,7.4,2.5,5.1,2.3,4.2,12.8,5.6
2026-09-13,20:00~23:00,總停等延滯,773818.0,627935.0,145883.0,348362.0,117031.0,53320.0,24550.0,3541.0,35620.0,291536.0,52363.0,26131.0,67757.0,145285.0,120777.0,54703.0,24142.0,41932.0,98591.0,19482.0,14982.0,64127.0,23745.0,5475.0,18270.0,31175.0,19835.0,11340.0,13874.0,13874.0,77089.0,46420.0,250.0,12693.0,17726.0,103742.0,24256.0,38980.0,32569.0,7937.0,42978.0,42611.0,367.0,99721.0,79867.0,19854.0,101921.0,7163.0,25892.0,16874.0,51992.0,182.4,314.9,187.9,149.1,272.1,604.0,185.9,418.8,150.0,179.7,89.0,192.5,150.4,268.7,319.6,151.5,0.0,140.4,55.0,143.5,291.3
2026-09-13,20:00~23:00,通過量,20718,16986,3732,10543,11280,4102,1430,2708,3040,11956,2858,1050,4102,3946,3194,1455,684,1055,2883,1204,473,1206,2225,717,1508,2273,1207,1066,468,468,4202,1655,926,1045,576,9104,555,2996,4572,981,6578,3668,2910,12956,7310,5646,13342,1206,5144,1078,5914
2026-09-13,20:00~23:00,平均停等延滯,37.4,37.0,39.1,33.0,10.4,13.0,17.2,1.3,11.7,24.4,18.3,24.9,16.5,36.8,37.8,37.6,35.3,39.7,34.2,16.2,31.7,53.2,10.7,7.6,12.1,13.7,16.4,10.6,29.6,29.6,18.3,28.0,0.3,12.1,30.8,11.4,43.7,13.0,7.1,8.1,6.5,11.6,0.1,7.7,10.9,3.5,7.6,5.9,5.0,15.7,8.8
2026-09-14,07:00~09:00,總停等延滯,780064.0,594591.0,185473.0,355270.0,129754.0,32384.0,43234.0,1296.0,52840.0,241171.0,34066.0,20925.0,58920.0,127260.0,122097.0,47715.0,32054.0,42328.0,101569.0,12942.0,20130.0,68497.0,22559.0,4826.0,17733.0,31123.0,20688.0,10435.0,18176.0,18176.0,113615.0,35226.0,4104.0,59421.0,14864.0,135335.0,23777.0,50539.0,41761.0,19258.0,55590.0,54047.0,1543.0,76760.0,61184.0,15576.0,87585.0,12509.0,25020.0,25454.0,24602.0,159.2,229.0,194.7,115.0,219.2,448.2,151.2,552.5,157.5,159.4,60.1,205.8,116.5,217.3,248.1,0.0,0.0,77.9,72.3,193.0,341.1
2026-09-14,07:00~09:00,通過量,14518,9346,5172,7072,4444,1585,1031,921,907,4635,1110,446,1567,1512,3209,1311,944,954,2800,833,777,1190,2413,709,1704,2610,1046,1564,663,663,5388,1588,1393,1970,437,9595,687,3627,3835,1446,5801,3164,2637,5632,3089,2543,5707,863,2086,622,2136
2026-09-14,07:00~09:00,平均停等延滯,53.7,63.6,35.9,50.2,29.2,20.4,41.9,1.4,58.3,52.0,30.7,46.9,37.6,84.2,38.0,36.4,34.0,44.4,36.3,15.5,25.9,57.6,9.3,6.8,10.4,11.9,19.8,6.7,27.4,27.4,21.1,22.2,2.9,30.2,34.0,14.1,34.6,13.9,10.9,13.3,9.6,17.1,0.6,13.6,19.8,6.1,15.3,14.5,12.0,40.9,11.5
2026-09-14,10:00~17:00,總停等延滯,1471560.0,1080560.0,391000.0,720404.0,279283.0,91182.0,73149.0,3002.0,111950.0,357061.0,88468.0,41268.0,123453.0,103872.0,248284.0,130591.0,52065.0,65628.0,195932.0,30929.0,43306.0,121697.0,49354.0,16711.0,32643.0,89454.0,58840.0,30614.0,42728.0,42728.0,209464.0,85628.0,1282.0,84739.0,37815.0,318318.0,71611.0,132392.0,88299.0,26016.0,46488.0,43813.0,2675.0,161277.0,107682.0,53595.0,194321.0,10540.0,68790.0,42333.0,72658.0,147.9,229.0,194.7,185.6,211.2,441.9,259.3,258.1,126.2,147.7,63.1,198.4,192.2,213.8,247.1,0.0,0.0,93.6,166.1,122.3,145.0
2026-09-14,10:00~17:00,通過量,37099,24560,12539,23575,13231,5479,2619,2388,2745,12010,2909,1284,5029,2788,8723,4896,1606,2221,7865,2047,1836,3982,6124,2090,4034,6674,3126,3548,1897,1897,12899,4347,2882,4401,1269,29553,3216,13229,9816,3292,17145,7890,9255,16788,7943,8845,16441,1573,7738,1523,5607
2026-09-14,10:00~17:00,平均停等延滯,39.7,44.0,31.2,30.6,21.1,16.6,27.9,1.3,40.8,29.7,30.4,32.1,24.5,37.3,28.5,26.7,32.4,29.5,24.9,15.1,23.6,30.6,8.1,8.0,8.1,13.4,18.8,8.6,22.5,22.5,16.2,19.7,0.4,19.3,29.8,10.8,22.3,10.0,9.0,7.9,2.7,5.6,0.3,9.6,13.6,6.1,11.8,6.7,8.9,27.8,13.0
2026-09-14,17:00~20:00,總停等延滯,835417.0,604807.0,230610.0,339324.0,128850.0,38535.0,34879.0,1834.0,53602.0,231423.0,43046.0,31379.0,53633.0,103365.0,149050.0,68532.0,26825.0,53693.0,95484.0,21302.0,22035.0,52147.0,28325.0,11922.0,16403.0,53184.0,30971.0,22213.0,21657.0,21657.0,127444.0,50003.0,558.0,53418.0,23465.0,163261.0,29741.0,56794.0,68507.0,8219.0,30254.0,28925.0,1329.0,54412.0,33115.0,21297.0,91397.0,4288.0,48235.0,13202.0,25672.0,152.5,268.1,200.5,167.8,226.6,468.1,168.9,236.1,181.4,152.2,74.2,204.5,177.4,193.1,245.1,0.0,0.0,93.4,75.8,110.6,119.6
2026-09-14,17:00~20:00,通過量,19652,12525,7127,9396,6214,2508,1258,974,1474,5748,1285,698,1993,1772,4833,2424,835,1574,3736,1330,996,1410,3005,1264,1741,3341,1661,1680,1145,1145,7041,2323,1453,2492,773,11343,1251,5347,3592,1153,6626,2830,3796,6632,2815,3817,7142,797,3547,566,2232
2026-09-14,17:00~20:00,平均停等延滯,42.5,48.3,32.4,36.1,20.7,15.4,27.7,1.9,36.4,40.3,33.5,45.0,26.9,58.3,30.8,28.3,32.1,34.1,25.6,16.0,22.1,37.0,9.4,9.4,9.4,15.9,18.6,13.2,18.9,18.9,18.1,21.5,0.4,21.4,30.4,14.4,23.8,10.6,19.1,7.1,4.6,10.2,0.4,8.2,11.8,5.6,12.8,5.4,13.6,23.3,11.5
2026-09-14,10:00~12:00,總停等延滯,456312.0,346293.0,110019.0,232565.0,83254.0,27766.0,22797.0,953.0,31738.0,128236.0,27603.0,14304.0,45931.0,40398.0,73721.0,43727.0,15744.0,14250.0,61082.0,8792.0,13046.0,39244.0,14207.0,4084.0,10123.0,21607.0,15656.0,5951.0,11339.0,11339.0,62866.0,23029.0,478.0,28579.0,10780.0,87959.0,23389.0,44470.0,11365.0,8735.0,10854.0,9718.0,1136.0,61940.0,42006.0,19934.0,71812.0,6564.0,25104.0,14773.0,25371.0,149.3,169.3,222.0,221.6,214.2,411.6,168.4,284.1,125.3,149.2,64.8,231.1,234.5,241.4,177.8,0.0,0.0,83.7,85.2,162.3,115.9
2026-09-14,10:00~12:00,通過量,9880,6453,3427,6749,3396,1536,706,633,521,3398,817,344,1462,775,2374,1359,548,467,2150,594,497,1059,1743,516,1227,1858,783,1075,389,389,3658,1136,845,1335,342,8833,895,3811,3062,1065,4961,2269,2692,4810,2260,2550,4619,422,2154,477,1566
2026-09-14,10:00~12:00,平均停等延滯,46.2,53.7,32.1,34.5,24.5,18.1,32.3,1.5,60.9,37.7,33.8,41.6,31.4,52.1,31.1,32.2,28.7,30.5,28.4,14.8,26.2,37.1,8.2,7.9,8.3,11.6,20.0,5.5,29.1,29.1,17.2,20.3,0.6,21.4,31.5,10.0,26.1,11.7,3.7,8.2,2.2,4.3,0.4,12.9,18.6,7.8,15.5,15.6,11.7,31.0,16.2
2026-09-14,14:00~16:00,總停等延滯,392072.0,277543.0,114529.0,221534.0,75747.0,22773.0,20274.0,772.0,31928.0,81882.0,20991.0,11219.0,26310.0,23362.0,69417.0,35972.0,13175.0,20270.0,50497.0,8670.0,11821.0,30006.0,12851.0,4699.0,8152.0,27127.0,18441.0,8686.0,12767.0,12767.0,61784.0,28568.0,68.0,21669.0,11479.0,125385.0,23085.0,40102.0,54895.0,7303.0,19719.0,18983.0,736.0,33875.0,21717.0,12158.0,42555.0,1183.0,16567.0,8533.0,16272.0,149.1,230.4,182.1,168.8,210.6,422.8,212.1,246.6,126.0,149.0,61.5,184.8,176.5,194.8,242.6,0.0,0.0,78.7,143.0,121.5,126.4
2026-09-14,14:00~16:00,通過量,10619,7072,3547,6728,3777,1456,726,672,923,3226,745,380,1308,793,2408,1341,355,712,2287,560,539,1188,1743,620,1123,1848,943,905,581,581,3654,1308,807,1160,379,8410,987,3928,2574,921,4518,1961,2557,4342,1915,2427,4387,430,2144,389,1424
2026-09-14,14:00~16:00,平均停等延滯,36.9,39.2,32.3,32.9,20.1,15.6,27.9,1.1,34.6,25.4,28.2,29.5,20.1,29.5,28.8,26.8,37.1,28.5,22.1,15.5,21.9,25.3,7.4,7.6,7.3,14.7,19.6,9.6,22.0,22.0,16.9,21.8,0.1,18.7,30.3,14.9,23.4,10.2,21.3,7.9,4.4,9.7,0.3,7.8,11.3,5.0,9.7,2.8,7.7,21.9,11.4
2026-09-14,16:00~19:00,總停等延滯,836112.0,593270.0,242842.0,339212.0,142145.0,42645.0,35894.0,1600.0,62006.0,202389.0,40635.0,25910.0,54671.0,81173.0,144833.0,64615.0,28570.0,51648.0,103903.0,19578.0,22666.0,61659.0,31606.0,13210.0,18396.0,51503.0,32092.0,19411.0,24643.0,24643.0,135090.0,50780.0,1184.0,57437.0,25689.0,170038.0,28677.0,55259.0,76358.0,9744.0,32968.0,31794.0,1174.0,53260.0,34397.0,18863.0,82946.0,3099.0,37525.0,14845.0,27477.0,149.7,318.1,196.1,166.6,220.6,551.8,274.9,238.0,163.0,149.8,70.8,197.9,168.3,228.2,304.8,0.0,0.0,94.6,176.1,111.5,119.8
2026-09-14,16:00~19:00,通過量,20616,12898,7718,10453,6712,2603,1361,1086,1662,5854,1341,671,2199,1643,5046,2671,815,1560,3793,1210,1032,1551,3306,1358,1948,3657,1789,1868,1261,1261,7629,2530,1544,2704,851,12544,1411,5916,3981,1236,7445,3252,4193,7301,3315,3986,7668,920,3622,637,2489
2026-09-14,16:00~19:00,平均停等延滯,40.6,46.0,31.5,32.5,21.2,16.4,26.4,1.5,37.3,34.6,30.3,38.6,24.9,49.4,28.7,24.2,35.1,33.1,27.4,16.2,22.0,39.8,9.6,9.7,9.4,14.1,17.9,10.4,19.5,19.5,17.7,20.1,0.8,21.2,30.2,13.6,20.3,9.3,19.2,7.9,4.4,9.8,0.3,7.3,10.4,4.7,10.8,3.4,10.4,23.3,11.0
2026-09-14,20:00~23:00,總停等延滯,413887.0,334212.0,79675.0,156234.0,66517.0,26578.0,14975.0,1634.0,23330.0,141442.0,25044.0,20864.0,39628.0,55906.0,73323.0,36904.0,13690.0,22729.0,52930.0,13434.0,13535.0,25961.0,12054.0,3769.0,8285.0,19463.0,11149.0,8314.0,9354.0,9354.0,38804.0,24608.0,55.0,8150.0,5991.0,51261.0,17064.0,29871.0,3056.0,1270.0,4892.0,4476.0,416.0,46892.0,27194.0,19698.0,53189.0,2193.0,26082.0,10023.0,14891.0,140.2,404.3,173.0,121.7,214.7,481.6,162.4,182.7,125.9,143.0,74.2,177.6,124.7,149.5,358.6,125.0,0.0,98.5,58.6,78.7,106.4
2026-09-14,20:00~23:00,通過量,9333,6454,2879,5622,3398,1430,637,656,675,3580,827,413,1265,1075,2224,1171,346,707,1906,735,469,702,1280,498,782,1343,672,671,378,378,2952,949,909,859,235,6656,600,3062,2486,508,4166,2083,2083,4271,2088,2183,4251,335,1956,322,1638
2026-09-14,20:00~23:00,平均停等延滯,44.3,51.8,27.7,27.8,19.6,18.6,23.5,2.5,34.6,39.5,30.3,50.5,31.3,52.0,33.0,31.5,39.6,32.1,27.8,18.3,28.9,37.0,9.4,7.6,10.6,14.5,16.6,12.4,24.7,24.7,13.1,25.9,0.1,9.5,25.5,7.7,28.4,9.8,1.2,2.5,1.2,2.1,0.2,11.0,13.0,9.0,12.5,6.5,13.3,31.1,9.1
2026-09-15,07:00~09:00,總停等延滯,697856.0,518792.0,179064.0,317282.0,135624.0,38621.0,34126.0,1291.0,61586.0,172417.0,35930.0,18243.0,44542.0,73702.0,109592.0,48225.0,28742.0,32625.0,101159.0,9812.0,21103.0,70244.0,23561.0,5964.0,17597.0,27353.0,17258.0,10095.0,16635.0,16635.0,111515.0,35799.0,2246.0,57798.0,15672.0,119355.0,20916.0,50339.0,32240.0,15860.0,44726.0,43638.0,1088.0,69521.0,54895.0,14626.0,83680.0,13413.0,27666.0,20770.0,21831.0,145.2,196.4,164.2,116.6,205.6,501.9,169.1,483.4,108.8,145.8,60.6,165.4,118.0,298.2,177.7,131.8,0.0,91.5,78.0,147.4,283.5
2026-09-15,07:00~09:00,通過量,14822,9473,5349,7370,4566,1741,995,891,939,4391,1067,444,1486,1394,3209,1382,916,911,2847,714,795,1338,2423,702,1721,2570,1035,1535,658,658,5512,1523,1417,2077,495,10003,817,3899,3825,1462,6050,3109,2941,5940,3076,2864,5806,907,2245,558,2096
2026-09-15,07:00~09:00,平均停等延滯,47.1,54.8,33.5,43.1,29.7,22.2,34.3,1.4,65.6,39.3,33.7,41.1,30.0,52.9,34.2,34.9,31.4,35.8,35.5,13.7,26.5,52.5,9.7,8.5,10.2,10.6,16.7,6.6,25.3,25.3,20.2,23.5,1.6,27.8,31.7,11.9,25.6,12.9,8.4,10.8,7.4,14.0,0.4,11.7,17.8,5.1,14.4,14.8,12.3,37.2,10.4
2026-09-15,10:00~17:00,總停等延滯,1479580.0,1108275.0,371305.0,674165.0,292300.0,104733.0,70468.0,3162.0,113937.0,359167.0,91359.0,46351.0,122204.0,99253.0,255976.0,144327.0,48561.0,63088.0,200832.0,32472.0,43089.0,125271.0,43499.0,15851.0,27648.0,91947.0,57219.0,34728.0,41540.0,41540.0,194319.0,75519.0,897.0,81179.0,36724.0,271524.0,60211.0,116966.0,67074.0,27273.0,48081.0,45820.0,2261.0,174516.0,122659.0,51857.0,180044.0,9768.0,69079.0,47302.0,53895.0,150.8,259.1,185.2,156.0,209.7,559.7,258.9,339.9,120.6,151.4,59.1,200.3,165.6,295.0,261.6,146.7,0.0,156.9,95.3,121.2,183.1
2026-09-15,10:00~17:00,通過量,34824,22908,11916,20029,12859,5398,2380,2444,2637,11588,2815,1153,4964,2656,8113,4582,1391,2140,7166,2013,1746,3407,5626,1905,3721,6373,2921,3452,1643,1643,12370,4002,2948,4208,1212,26077,2395,10073,10046,3563,17555,8385,9170,16932,8197,8735,16812,1566,7685,1717,5844
2026-09-15,10:00~17:00,平均停等延滯,42.5,48.4,31.2,33.7,22.7,19.4,29.6,1.3,43.2,31.0,32.5,40.2,24.6,37.4,31.6,31.5,34.9,29.5,28.0,16.1,24.7,36.8,7.7,8.3,7.4,14.4,19.6,10.1,25.3,25.3,15.7,18.9,0.3,19.3,30.3,10.4,25.1,11.6,6.7,7.7,2.7,5.5,0.2,10.3,15.0,5.9,10.7,6.2,9.0,27.5,9.2
2026-09-15,17:00~20:00,總停等延滯,719392.0,514874.0,204518.0,253946.0,132559.0,47644.0,32281.0,1668.0,50966.0,149648.0,37195.0,21005.0,35923.0,55525.0,134691.0,63980.0,27428.0,43283.0,97976.0,21300.0,21744.0,54932.0,26450.0,10898.0,15552.0,47048.0,29747.0,17301.0,21435.0,21435.0,109585.0,42600.0,1234.0,43827.0,21924.0,118289.0,26997.0,48381.0,40402.0,2509.0,13113.0,11553.0,1560.0,57107.0,34347.0,22760.0,65437.0,2370.0,33380.0,15134.0,14553.0,150.4,238.4,196.3,114.8,217.0,436.6,207.0,242.2,122.1,150.5,66.7,200.8,118.8,191.9,263.6,146.3,0.0,134.9,82.2,116.7,132.9
2026-09-15,17:00~20:00,通過量,18492,12103,6389,8451,6346,2602,1296,1016,1432,5414,1263,619,1949,1583,4554,2367,712,1475,3636,1252,975,1409,2996,1152,1844,3311,1613,1698,869,869,6675,2307,1371,2251,746,9759,1030,4610,3740,379,7253,2978,4275,7175,2906,4269,7335,853,3671,629,2182
2026-09-15,17:00~20:00,平均停等延滯,38.9,42.5,32.0,30.0,20.9,18.3,24.9,1.6,35.6,27.6,29.4,33.9,18.4,35.1,29.6,27.0,38.5,29.3,26.9,17.0,22.3,39.0,8.8,9.5,8.4,14.2,18.4,10.2,24.7,24.7,16.4,18.5,0.9,19.5,29.4,12.1,26.2,10.5,10.8,6.6,1.8,3.9,0.4,8.0,11.8,5.3,8.9,2.8,9.1,24.1,6.7
2026-09-15,10:00~12:00,總停等延滯,438510.0,334645.0,103865.0,203990.0,79393.0,32188.0,22258.0,923.0,24024.0,120756.0,31042.0,16616.0,44856.0,28242.0,76540.0,45295.0,15070.0,16175.0,57956.0,8059.0,11367.0,38530.0,13070.0,3931.0,9139.0,24219.0,18111.0,6108.0,11167.0,11167.0,55409.0,19710.0,235.0,26567.0,8897.0,72510.0,18242.0,37844.0,8582.0,7842.0,9550.0,8912.0,638.0,62359.0,43048.0,19311.0,59571.0,3094.0,24589.0,15776.0,16112.0,149.7,237.2,198.9,159.6,212.6,553.9,301.0,433.9,135.8,149.8,63.9,226.4,174.7,312.3,230.0,175.2,0.0,213.4,80.1,164.7,202.5
2026-09-15,10:00~12:00,通過量,9482,6145,3337,6224,3445,1588,623,661,573,3271,883,310,1405,673,2177,1225,406,546,1933,507,469,957,1552,481,1071,1822,799,1023,453,453,3405,1002,855,1244,304,8001,825,3370,2737,1069,4949,2301,2648,4823,2311,2512,4691,407,2255,493,1536
2026-09-15,10:00~12:00,平均停等延滯,46.2,54.5,31.1,32.8,23.0,20.3,35.7,1.4,41.9,36.9,35.2,53.6,31.9,42.0,35.2,37.0,37.1,29.6,30.0,15.9,24.2,40.3,8.4,8.2,8.5,13.3,22.7,6.0,24.7,24.7,16.3,19.7,0.3,21.4,29.3,9.1,22.1,11.2,3.1,7.3,1.9,3.9,0.2,12.9,18.6,7.7,12.7,7.6,10.9,32.0,10.5
2026-09-15,14:00~16:00,總停等延滯,462111.0,350037.0,112074.0,200847.0,97376.0,32758.0,22482.0,1021.0,41115.0,113144.0,26399.0,14607.0,39009.0,33129.0,79098.0,45133.0,12129.0,21836.0,60419.0,10590.0,11830.0,37999.0,12201.0,5098.0,7103.0,27214.0,15368.0,11846.0,12359.0,12359.0,60300.0,25479.0,153.0,23535.0,11133.0,75489.0,18129.0,34166.0,14417.0,8777.0,13840.0,13217.0,623.0,51963.0,36251.0,15712.0,59555.0,4113.0,19876.0,15682.0,19884.0,152.6,285.5,194.8,143.0,211.2,467.8,164.6,228.0,126.5,153.7,58.7,195.2,136.2,178.7,300.9,139.2,0.0,85.2,77.4,105.3,128.6
2026-09-15,14:00~16:00,通過量,10023,6634,3389,5550,3791,1499,697,732,863,3228,739,320,1416,753,2388,1333,370,685,2016,569,488,959,1578,542,1036,1810,843,967,514,514,3544,1211,840,1147,346,7202,612,2642,2897,1051,5071,2485,2586,4995,2452,2543,4890,423,2171,492,1804
2026-09-15,14:00~16:00,平均停等延滯,46.1,52.8,33.1,36.2,25.7,21.9,32.3,1.4,47.6,35.1,35.7,45.6,27.5,44.0,33.1,33.9,32.8,31.9,30.0,18.6,24.2,39.6,7.7,9.4,6.9,15.0,18.2,12.3,24.0,24.0,17.0,21.0,0.2,20.5,32.2,10.5,29.6,12.9,5.0,8.4,2.7,5.3,0.2,10.4,14.8,6.2,12.2,9.7,9.2,31.9,11.0
2026-09-15,16:00~19:00,總停等延滯,728854.0,508356.0,220498.0,305678.0,137558.0,47173.0,32185.0,1547.0,56653.0,136660.0,39205.0,15335.0,33169.0,48951.0,132573.0,61401.0,29586.0,41586.0,101565.0,20419.0,24100.0,57046.0,28740.0,11374.0,17366.0,48356.0,31710.0,16646.0,24140.0,24140.0,119262.0,45972.0,1658.0,47321.0,24311.0,161091.0,28328.0,53890.0,72398.0,6475.0,26694.0,24739.0,1955.0,56213.0,36175.0,20038.0,61680.0,3830.0,27097.0,16718.0,14035.0,150.2,283.8,195.1,114.7,214.4,537.1,285.1,246.7,113.7,150.4,64.4,203.0,118.4,242.8,298.3,137.4,0.0,214.7,79.4,121.3,131.7
2026-09-15,16:00~19:00,通過量,19546,12537,7009,9058,6719,2683,1340,1149,1547,5646,1323,554,2178,1591,4798,2534,776,1488,3830,1272,1034,1524,3283,1248,2035,3650,1811,1839,943,943,7389,2571,1507,2480,831,10935,1090,4883,4110,852,7813,3294,4519,7590,3185,4405,7851,998,3768,715,2370
2026-09-15,16:00~19:00,平均停等延滯,37.3,40.5,31.5,33.7,20.5,17.6,24.0,1.3,36.6,24.2,29.6,27.7,15.2,30.8,27.6,24.2,38.1,27.9,26.5,16.1,23.3,37.4,8.8,9.1,8.5,13.2,17.5,9.1,25.6,25.6,16.1,17.9,1.1,19.1,29.3,14.7,26.0,11.0,17.6,7.6,3.4,7.5,0.4,7.4,11.4,4.5,7.9,3.8,7.2,23.4,5.9
2026-09-15,20:00~23:00,總停等延滯,432187.0,347933.0,84254.0,161380.0,87764.0,35349.0,19264.0,1276.0,31875.0,132834.0,24470.0,17317.0,39541.0,51506.0,73641.0,38429.0,11983.0,23229.0,53694.0,13323.0,12472.0,27899.0,10603.0,3441.0,7162.0,30876.0,11965.0,18911.0,10266.0,10266.0,32509.0,18235.0,112.0,7690.0,6472.0,54525.0,20441.0,31828.0,2256.0,0.0,3655.0,3644.0,11.0,51904.0,31368.0,20536.0,51296.0,761.0,24344.0,9676.0,16515.0,144.1,224.9,155.2,134.1,218.2,389.7,129.2,212.3,104.4,144.5,74.3,157.3,139.6,145.0,229.6,124.5,0.0,71.5,57.8,77.3,146.2
2026-09-15,20:00~23:00,通過量,9141,6287,2854,5014,3409,1425,615,678,691,3246,740,343,1203,960,2186,1179,316,691,1902,656,531,715,1315,492,823,1389,665,724,350,350,2935,923,877,864,271,5484,666,2423,2395,0,2169,1987,182,4293,2036,2257,4277,335,2017,279,1646
2026-09-15,20:00~23:00,平均停等延滯,47.3,55.3,29.5,32.2,25.7,24.8,31.3,1.9,46.1,40.9,33.1,50.5,32.9,53.7,33.7,32.6,37.9,33.6,28.2,20.3,23.5,39.0,8.1,7.0,8.7,22.2,18.0,26.1,29.3,29.3,11.1,19.8,0.1,8.9,23.9,9.9,30.7,13.1,0.9,0.0,1.7,1.8,0.1,12.1,15.4,9.1,12.0,2.3,12.1,34.7,10.0
2026-09-16,07:00~09:00,總停等延滯,712352.0,528565.0,183787.0,323980.0,127226.0,35757.0,35739.0,1241.0,54489.0,193743.0,34939.0,22403.0,48545.0,87856.0,114190.0,50663.0,29601.0,33926.0,93406.0,10049.0,17915.0,65442.0,24604.0,8200.0,16404.0,30082.0,18658.0,11424.0,16863.0,16863.0,112238.0,35979.0,1983.0,57862.0,16414.0,117077.0,20610.0,49046.0,31290.0,16131.0,42555.0,41353.0,1202.0,82261.0,65425.0,16836.0,82087.0,7240.0,28365.0,22865.0,23617.0,144.0,204.9,157.4,108.8,207.9,420.7,217.3,325.3,104.5,144.4,63.8,158.6,113.1,219.1,210.5,121.8,0.0,79.7,147.4,166.0,146.9
2026-09-16,07:00~09:00,通過量,14605,9253,5352,8141,4555,1782,1001,844,928,4470,1066,419,1591,1394,3175,1428,886,861,2696,714,776,1206,2350,745,1605,2497,1017,1480,689,689,5534,1616,1390,2070,458,10865,936,4429,4091,1409,5913,2950,2963,5650,2937,2713,5944,861,2307,637,2139
2026-09-16,07:00~09:00,平均停等延滯,48.8,57.1,34.3,39.8,27.9,20.1,35.7,1.5,58.7,43.3,32.8,53.5,30.5,63.0,36.0,35.5,33.4,39.4,34.6,14.1,23.1,54.3,10.5,11.0,10.2,12.0,18.3,7.7,24.5,24.5,20.3,22.3,1.4,28.0,35.8,10.8,22.0,11.1,7.6,11.4,7.2,14.0,0.4,14.6,22.3,6.2,13.8,8.4,12.3,35.9,11.0
2026-09-16,10:00~17:00,總停等延滯,1517457.0,1122635.0,394822.0,763671.0,282969.0,103536.0,77525.0,3415.0,98493.0,377986.0,89442.0,43008.0,128644.0,116892.0,262783.0,143780.0,52184.0,66819.0,198897.0,28551.0,43508.0,126838.0,53152.0,19590.0,33562.0,92062.0,50926.0,41136.0,39505.0,39505.0,210103.0,83456.0,572.0,86404.0,39671.0,304563.0,69930.0,135422.0,70538.0,28673.0,54666.0,52165.0,2501.0,203069.0,134447.0,68622.0,201373.0,14687.0,74472.0,49110.0,63104.0,144.9,209.4,194.7,149.2,206.1,432.7,202.0,310.9,116.5,145.1,61.1,205.1,145.7,231.0,222.2,139.9,0.0,85.6,119.0,139.9,160.4
2026-09-16,10:00~17:00,通過量,37051,24968,12083,24872,13758,5619,2651,2697,2791,12224,2835,1218,5038,3133,8575,4829,1548,2198,7715,1905,1795,4015,6187,2022,4165,6286,2802,3484,1808,1808,12279,4026,2838,4222,1193,30040,3388,13605,9432,3615,17756,8555,9201,17506,8573,8933,17554,1669,8006,1461,6418
2026-09-16,10:00~17:00,平均停等延滯,41.0,45.0,32.7,30.7,20.6,18.4,29.2,1.3,35.3,30.9,31.5,35.3,25.5,37.3,30.6,29.8,33.7,30.4,25.8,15.0,24.2,31.6,8.6,9.7,8.1,14.6,18.2,11.8,21.9,21.9,17.1,20.7,0.2,20.5,33.3,10.1,20.6,10.0,7.5,7.9,3.1,6.1,0.3,11.6,15.7,7.7,11.5,8.8,9.3,33.6,9.8
2026-09-16,17:00~20:00,總停等延滯,720450.0,499615.0,220835.0,280787.0,133154.0,48464.0,31697.0,1941.0,51052.0,150131.0,39407.0,18051.0,36177.0,56496.0,127296.0,59135.0,30501.0,37660.0,89034.0,19786.0,17962.0,51286.0,27955.0,11264.0,16691.0,53494.0,32252.0,21242.0,23563.0,23563.0,115823.0,45086.0,1105.0,46990.0,22642.0,134494.0,30662.0,56521.0,41260.0,6051.0,33127.0,31452.0,1675.0,52069.0,31614.0,20455.0,61097.0,3089.0,29308.0,12583.0,16117.0,147.6,333.6,213.6,143.3,214.3,606.2,281.0,260.4,160.9,147.4,66.7,217.0,147.9,281.2,327.1,0.0,0.0,200.2,79.3,110.2,142.1
2026-09-16,17:00~20:00,通過量,19233,12430,6803,10901,6364,2618,1330,1034,1382,5585,1286,743,1915,1641,4822,2517,865,1440,3674,1263,949,1462,3066,1191,1875,3429,1649,1780,1001,1001,6947,2336,1465,2393,753,11904,1557,6388,2865,1094,7089,2871,4218,7089,2800,4289,7480,875,3649,637,2319
2026-09-16,17:00~20:00,平均停等延滯,37.5,40.2,32.5,25.8,20.9,18.5,23.8,1.9,36.9,26.9,30.6,24.3,18.9,34.4,26.4,23.5,35.3,26.2,24.2,15.7,18.9,35.1,9.1,9.5,8.9,15.6,19.6,11.9,23.5,23.5,16.7,19.3,0.8,19.6,30.1,11.3,19.7,8.8,14.4,5.5,4.7,11.0,0.4,7.3,11.3,4.8,8.2,3.5,8.0,19.8,6.9
2026-09-16,10:00~12:00,總停等延滯,426204.0,322410.0,103794.0,226868.0,83440.0,33724.0,20566.0,930.0,28220.0,109221.0,25657.0,11398.0,39742.0,32424.0,74491.0,43682.0,14741.0,16068.0,55258.0,7007.0,11006.0,37245.0,15299.0,4274.0,11025.0,22650.0,11847.0,10803.0,10109.0,10109.0,55736.0,20774.0,345.0,26128.0,8489.0,83816.0,20686.0,41762.0,11885.0,9483.0,9577.0,8751.0,826.0,72143.0,46360.0,25783.0,61332.0,3927.0,25224.0,15363.0,16818.0,148.2,235.2,197.2,123.1,206.6,472.7,218.6,245.3,107.2,148.5,58.4,208.9,124.5,233.2,262.5,139.9,0.0,81.4,133.0,120.1,128.4
2026-09-16,10:00~12:00,通過量,9616,6374,3242,7076,3575,1668,681,636,590,3231,795,274,1424,738,2192,1258,414,520,1956,467,426,1063,1640,508,1132,1682,728,954,408,408,3348,1022,791,1234,301,8980,1002,4056,2822,1100,4808,2285,2523,4791,2252,2539,4690,431,2241,409,1609
2026-09-16,10:00~12:00,平均停等延滯,44.3,50.6,32.0,32.1,23.3,20.2,30.2,1.5,47.8,33.8,32.3,41.6,27.9,43.9,34.0,34.7,35.6,30.9,28.3,15.0,25.8,35.0,9.3,8.4,9.7,13.5,16.3,11.3,24.8,24.8,16.6,20.3,0.4,21.2,28.2,9.3,20.6,10.3,4.2,8.6,2.0,3.8,0.3,15.1,20.6,10.2,13.1,9.1,11.3,37.6,10.5
2026-09-16,14:00~16:00,總停等延滯,458870.0,344330.0,114540.0,228570.0,78243.0,30593.0,21235.0,1021.0,25394.0,124535.0,28347.0,15318.0,41274.0,39596.0,82934.0,46998.0,14182.0,21754.0,58618.0,8583.0,13700.0,36335.0,14608.0,5823.0,8785.0,25575.0,17433.0,8142.0,11853.0,11853.0,62504.0,26306.0,73.0,24620.0,11505.0,94639.0,21753.0,41103.0,24249.0,7534.0,16748.0,16166.0,582.0,55975.0,37820.0,18155.0,61208.0,3545.0,24649.0,14020.0,18994.0,141.8,167.2,195.6,201.6,206.1,433.4,246.8,289.8,104.0,141.8,64.1,204.1,188.0,260.1,169.6,0.0,0.0,100.0,161.7,163.3,121.8
2026-09-16,14:00~16:00,通過量,10936,7365,3571,7169,4120,1672,744,820,884,3593,829,368,1431,965,2502,1438,404,660,2217,549,489,1179,1818,599,1219,1742,843,899,672,672,3519,1219,791,1177,332,8277,985,3832,2469,991,5170,2474,2696,5016,2501,2515,5186,476,2358,436,1916
2026-09-16,14:00~16:00,平均停等延滯,42.0,46.8,32.1,31.9,19.0,18.3,28.5,1.2,28.7,34.7,34.2,41.6,28.8,41.0,33.1,32.7,35.1,33.0,26.4,15.6,28.0,30.8,8.0,9.7,7.2,14.7,20.7,9.1,17.6,17.6,17.8,21.6,0.1,20.9,34.7,11.4,22.1,10.7,9.8,7.6,3.2,6.5,0.2,11.2,15.1,7.2,11.8,7.4,10.5,32.2,9.9
2026-09-16,16:00~19:00,總停等延滯,746891.0,506149.0,240742.0,324787.0,138162.0,47351.0,33885.0,1680.0,55246.0,150457.0,41704.0,15796.0,36894.0,56063.0,122524.0,54346.0,31120.0,37058.0,95006.0,19648.0,19859.0,55499.0,30912.0,12719.0,18193.0,54044.0,32366.0,21678.0,25842.0,25842.0,129944.0,50806.0,1160.0,51611.0,26367.0,157307.0,32907.0,61353.0,54661.0,8386.0,45926.0,43986.0,1940.0,56499.0,36109.0,20390.0,65055.0,3960.0,28233.0,14775.0,18087.0,146.1,333.2,190.2,143.9,207.6,542.7,272.0,298.6,149.5,146.0,61.4,191.5,146.5,198.2,314.4,0.0,0.0,192.8,82.2,158.3,150.2
2026-09-16,16:00~19:00,通過量,20463,13122,7341,11531,6774,2703,1427,1163,1481,5825,1342,650,2087,1746,4919,2597,922,1400,4085,1292,1028,1765,3284,1271,2013,3703,1793,1910,1076,1076,7598,2604,1568,2589,837,12801,1645,6671,3220,1265,7654,3212,4442,7549,3156,4393,7995,994,3786,668,2547
2026-09-16,16:00~19:00,平均停等延滯,36.5,38.6,32.8,28.2,20.4,17.5,23.7,1.4,37.3,25.8,31.1,24.3,17.7,32.1,24.9,20.9,33.8,26.5,23.3,15.2,19.3,31.4,9.4,10.0,9.0,14.6,18.1,11.3,24.0,24.0,17.1,19.5,0.7,19.9,31.5,12.3,20.0,9.2,17.0,6.6,6.0,13.7,0.4,7.5,11.4,4.6,8.1,4.0,7.5,22.1,7.1
2026-09-16,20:00~23:00,總停等延滯,432778.0,345838.0,86940.0,263247.0,77734.0,29457.0,17747.0,1760.0,28770.0,141143.0,28599.0,24343.0,36636.0,51565.0,74234.0,39132.0,12107.0,22995.0,52727.0,15618.0,11216.0,25893.0,11960.0,3099.0,8861.0,19953.0,12075.0,7878.0,10573.0,10573.0,44454.0,25736.0,315.0,10543.0,7860.0,160035.0,39238.0,104709.0,15667.0,421.0,8093.0,7801.0,292.0,49011.0,30856.0,18155.0,46108.0,752.0,19144.0,10356.0,15856.0,136.8,191.1,172.5,166.9,203.4,324.0,135.8,254.8,115.8,138.4,65.9,177.8,168.2,120.0,193.4,0.0,0.0,76.8,59.4,70.2,196.3
2026-09-16,20:00~23:00,通過量,9281,6285,2996,5315,3552,1539,608,752,653,3503,860,398,1246,999,2218,1236,324,658,1887,781,433,673,1367,585,782,1421,745,676,417,417,2994,1000,900,842,252,5837,832,2419,2082,504,4456,2059,2397,4485,2063,2422,4582,368,2150,351,1713
2026-09-16,20:00~23:00,平均停等延滯,46.6,55.0,29.0,49.5,21.9,19.1,29.2,2.3,44.1,40.3,33.3,61.2,29.4,51.6,33.5,31.7,37.4,34.9,27.9,20.0,25.9,38.5,8.7,5.3,11.3,14.0,16.2,11.7,25.4,25.4,14.8,25.7,0.4,12.5,31.2,27.4,47.2,43.3,7.5,0.8,1.8,3.8,0.1,10.9,15.0,7.5,10.1,2.0,8.9,29.5,9.3
2026-09-17,07:00~09:00,總停等延滯,699903.0,515906.0,183997.0,305276.0,131022.0,35825.0,44416.0,1188.0,49593.0,180560.0,35763.0,16886.0,45766.0,82145.0,107935.0,49784.0,28856.0,29295.0,96389.0,11809.0,16979.0,67601.0,23065.0,6194.0,16871.0,30648.0,18914.0,11734.0,16663.0,16663.0,113621.0,32836.0,3143.0,62169.0,15473.0,118221.0,21842.0,51052.0,28665.0,16662.0,39578.0,38413.0,1165.0,65681.0,51624.0,14057.0,81796.0,12822.0,28287.0,20950.0,19737.0,145.5,210.7,160.2,112.3,203.9,601.2,161.1,338.5,122.5,145.9,59.8,161.6,112.6,423.3,206.9,141.1,0.0,89.1,70.4,137.0,199.4
2026-09-17,07:00~09:00,通過量,14712,9346,5366,6976,4630,1729,1034,931,936,4401,1069,406,1567,1359,3200,1467,918,815,2925,776,770,1379,2383,697,1686,2518,1021,1497,718,718,5454,1503,1381,2068,502,9479,677,3603,3718,1481,5942,3063,2879,5865,3053,2812,5785,857,2232,603,2093
2026-09-17,07:00~09:00,平均停等延滯,47.6,55.2,34.3,43.8,28.3,20.7,43.0,1.3,53.0,41.0,33.5,41.6,29.2,60.4,33.7,33.9,31.4,35.9,33.0,15.2,22.1,49.0,9.7,8.9,10.0,12.2,18.5,7.8,23.2,23.2,20.8,21.8,2.3,30.1,30.8,12.5,32.3,14.2,7.7,11.3,6.7,12.5,0.4,11.2,16.9,5.0,14.1,15.0,12.7,34.7,9.4
2026-09-17,10:00~17:00,總停等延滯,1535883.0,1146653.0,389230.0,814411.0,322735.0,153566.0,73872.0,3304.0,91993.0,366457.0,92187.0,44682.0,115452.0,114136.0,253508.0,131177.0,55196.0,67135.0,203953.0,29512.0,40418.0,134023.0,47564.0,16725.0,30839.0,95802.0,54463.0,41339.0,43137.0,43137.0,202727.0,78962.0,1024.0,85259.0,37482.0,326751.0,70614.0,141745.0,90014.0,24378.0,50075.0,49107.0,968.0,205198.0,126368.0,78830.0,232387.0,8758.0,82977.0,55976.0,84676.0,163.4,214.3,200.2,151.9,225.0,486.8,280.1,234.3,108.8,164.9,61.5,208.9,147.5,263.7,217.7,154.7,0.0,146.3,134.5,107.5,121.1
2026-09-17,10:00~17:00,通過量,37064,24800,12264,23579,13540,5496,2719,2645,2680,12414,2837,1282,5117,3178,8510,4705,1553,2252,7651,2011,1796,3844,6024,1968,4056,6592,2880,3712,1627,1627,12523,3854,3050,4376,1243,30009,2953,12981,10511,3564,17593,8474,9119,17178,8265,8913,17114,1637,7832,1552,6093
2026-09-17,10:00~17:00,平均停等延滯,41.4,46.2,31.7,34.5,23.8,27.9,27.2,1.2,34.3,29.5,32.5,34.9,22.6,35.9,29.8,27.9,35.5,29.8,26.7,14.7,22.5,34.9,7.9,8.5,7.6,14.5,18.9,11.1,26.5,26.5,16.2,20.5,0.3,19.5,30.2,10.9,23.9,10.9,8.6,6.8,2.8,5.8,0.1,11.9,15.3,8.8,13.6,5.4,10.6,36.1,13.9
2026-09-17,17:00~20:00,總停等延滯,755674.0,534697.0,220977.0,304902.0,141176.0,68517.0,31354.0,1677.0,39628.0,167625.0,42462.0,20012.0,38095.0,67056.0,131223.0,56268.0,30898.0,44057.0,94673.0,23444.0,20556.0,50673.0,26904.0,11031.0,15873.0,56494.0,31685.0,24809.0,23019.0,23019.0,114560.0,44741.0,412.0,45644.0,23763.0,128286.0,22468.0,46249.0,55419.0,4150.0,16442.0,15570.0,872.0,72586.0,38173.0,34413.0,87588.0,1728.0,33601.0,18561.0,33698.0,147.8,227.8,204.5,211.4,221.1,505.9,180.3,287.8,104.1,147.8,73.3,201.6,192.9,248.4,236.4,170.4,0.0,79.5,101.6,144.4,152.2
2026-09-17,17:00~20:00,通過量,18893,12212,6681,9978,6272,2559,1227,1134,1352,5854,1382,617,2032,1823,4729,2398,803,1528,3609,1306,972,1331,3063,1170,1893,3481,1679,1802,934,934,6961,2384,1339,2411,827,11534,1528,5540,3405,1061,7133,2946,4187,7110,2911,4199,7318,847,3561,581,2329
2026-09-17,17:00~20:00,平均停等延滯,40.0,43.8,33.1,30.6,22.5,26.8,25.6,1.5,29.3,28.6,30.7,32.4,18.7,36.8,27.7,23.5,38.5,28.8,26.2,18.0,21.1,38.1,8.8,9.4,8.4,16.2,18.9,13.8,24.6,24.6,16.5,18.8,0.3,18.9,28.7,11.1,14.7,8.3,16.3,3.9,2.3,5.3,0.2,10.2,13.1,8.2,12.0,2.0,9.4,31.9,14.5
2026-09-17,10:00~12:00,總停等延滯,408735.0,310736.0,97999.0,201064.0,80866.0,40279.0,21694.0,843.0,18050.0,103217.0,26044.0,13980.0,34105.0,29088.0,68209.0,36945.0,13902.0,17362.0,58444.0,7183.0,11396.0,39865.0,12519.0,3617.0,8902.0,19825.0,11170.0,8655.0,10676.0,10676.0,54979.0,20991.0,183.0,24197.0,9608.0,79025.0,21738.0,41696.0,8679.0,6912.0,6289.0,6035.0,254.0,56635.0,38728.0,17907.0,59115.0,2701.0,21376.0,16615.0,18423.0,164.1,227.8,194.8,187.5,227.4,417.8,355.2,246.8,106.7,166.0,63.2,198.1,186.3,178.9,213.5,182.6,0.0,231.6,87.5,113.6,121.7
2026-09-17,10:00~12:00,通過量,9735,6457,3278,6381,3530,1570,808,628,524,3321,795,337,1433,756,2231,1339,376,516,2045,475,483,1087,1598,492,1106,1782,729,1053,439,439,3319,972,834,1192,321,8147,813,3601,2679,1054,4804,2277,2527,4704,2240,2464,4588,429,2192,437,1530
2026-09-17,10:00~12:00,平均停等延滯,42.0,48.1,29.9,31.5,22.9,25.7,26.8,1.3,34.4,31.1,32.8,41.5,23.8,38.5,30.6,27.6,37.0,33.6,28.6,15.1,23.6,36.7,7.8,7.4,8.0,11.1,15.3,8.2,24.3,24.3,16.6,21.6,0.2,20.3,29.9,9.7,26.7,11.6,3.2,6.6,1.3,2.7,0.1,12.0,17.3,7.3,12.9,6.3,9.8,38.0,12.0
2026-09-17,14:00~16:00,總停等延滯,460449.0,340869.0,119580.0,252643.0,93567.0,44944.0,19697.0,1066.0,27860.0,116042.0,27104.0,15740.0,37450.0,35748.0,75501.0,38818.0,16100.0,20583.0,55759.0,7905.0,11814.0,36040.0,14631.0,5636.0,8995.0,32408.0,19241.0,13167.0,13045.0,13045.0,59496.0,23403.0,185.0,23704.0,12204.0,100419.0,23719.0,44899.0,25261.0,6540.0,10208.0,9983.0,225.0,67488.0,39180.0,28308.0,74528.0,1850.0,27497.0,15617.0,29564.0,148.8,197.4,206.3,148.2,213.5,446.5,248.7,224.9,102.5,148.3,64.9,216.5,132.6,274.3,224.7,152.4,0.0,80.7,181.9,101.0,126.8
2026-09-17,14:00~16:00,通過量,10835,7195,3640,7001,3935,1547,695,793,900,3505,750,401,1408,946,2442,1295,432,715,2125,566,520,1039,1715,595,1120,1900,871,1029,527,527,3665,1147,895,1256,367,9096,842,3880,3354,1020,5077,2482,2595,4869,2402,2467,4903,443,2181,412,1867
2026-09-17,14:00~16:00,平均停等延滯,42.5,47.4,32.9,36.1,23.8,29.1,28.3,1.3,31.0,33.1,36.1,39.3,26.6,37.8,30.9,30.0,37.3,28.8,26.2,14.0,22.7,34.7,8.5,9.5,8.0,17.1,22.1,12.8,24.8,24.8,16.2,20.4,0.2,18.9,33.3,11.0,28.2,11.6,7.5,6.4,2.0,4.0,0.1,13.9,16.3,11.5,15.2,4.2,12.6,37.9,15.8
2026-09-17,16:00~19:00,總停等延滯,792697.0,557186.0,235511.0,391289.0,155843.0,69065.0,33732.0,1547.0,51499.0,161862.0,41562.0,16907.0,40736.0,62657.0,133962.0,57426.0,33592.0,42944.0,105519.0,22638.0,20592.0,62289.0,30789.0,13129.0,17660.0,53310.0,32584.0,20726.0,25792.0,25792.0,125620.0,47842.0,928.0,52544.0,24306.0,178956.0,24745.0,52511.0,95362.0,6338.0,39145.0,38233.0,912.0,74916.0,38433.0,36483.0,98272.0,2306.0,38028.0,22517.0,35421.0,148.1,230.4,203.5,148.7,216.9,521.1,247.1,295.3,107.1,148.1,68.6,204.4,149.8,273.4,236.7,159.5,0.0,126.5,123.8,162.7,127.2
2026-09-17,16:00~19:00,通過量,20404,12971,7433,10496,6803,2687,1354,1264,1498,6033,1440,567,2212,1814,4946,2548,884,1514,3967,1314,1005,1648,3441,1311,2130,3914,1860,2054,981,981,7746,2605,1556,2690,895,12316,1623,5763,3688,1242,7676,3222,4454,7627,3173,4454,7801,938,3753,626,2484
2026-09-17,16:00~19:00,平均停等延滯,38.9,43.0,31.7,37.3,22.9,25.7,24.9,1.2,34.4,26.8,28.9,29.8,18.4,34.5,27.1,22.5,38.0,28.4,26.6,17.2,20.5,37.8,8.9,10.0,8.3,13.6,17.5,10.1,26.3,26.3,16.2,18.4,0.6,19.5,27.2,14.5,15.2,9.1,25.9,5.1,5.1,11.9,0.2,9.8,12.1,8.2,12.6,2.5,10.1,36.0,14.3
2026-09-17,20:00~23:00,總停等延滯,482766.0,390390.0,92376.0,227428.0,101457.0,50470.0,16002.0,1627.0,33358.0,157726.0,31211.0,24777.0,38601.0,63137.0,75690.0,37402.0,13592.0,24696.0,55517.0,15062.0,12974.0,27481.0,13568.0,3738.0,9830.0,24059.0,12761.0,11298.0,10738.0,10738.0,44011.0,27093.0,93.0,9343.0,7482.0,69905.0,22942.0,40184.0,4565.0,2214.0,1647.0,1478.0,169.0,81780.0,46126.0,35654.0,74096.0,808.0,24630.0,12313.0,36345.0,144.8,269.0,192.7,134.9,242.4,459.6,352.6,227.4,102.7,145.0,97.2,199.8,135.7,213.9,249.8,137.5,0.0,143.4,232.9,80.8,143.9
2026-09-17,20:00~23:00,通過量,9597,6635,2962,6432,3627,1586,602,756,683,3662,891,426,1258,1087,2331,1329,333,669,2044,795,456,793,1383,546,837,1444,720,724,413,413,3038,1035,888,874,241,7454,715,3446,2699,594,4771,2230,2541,4814,2230,2584,4954,438,2245,452,1819
2026-09-17,20:00~23:00,平均停等延滯,50.3,58.8,31.2,35.4,28.0,31.8,26.6,2.2,48.8,43.1,35.0,58.2,30.7,58.1,32.5,28.1,40.8,36.9,27.2,18.9,28.5,34.7,9.8,6.8,11.7,16.7,17.7,15.6,26.0,26.0,14.5,26.2,0.1,10.7,31.0,9.4,32.1,11.7,1.7,3.7,0.3,0.7,0.1,17.0,20.7,13.8,15.0,1.8,11.0,27.2,20.0
2026-09-18,07:00~09:00,總停等延滯,731941.0,541048.0,190893.0,386985.0,140299.0,56972.0,37221.0,1184.0,44922.0,191742.0,39739.0,20603.0,46481.0,84919.0,113259.0,50300.0,30396.0,32563.0,95748.0,11497.0,16948.0,67303.0,24239.0,6570.0,17669.0,29070.0,18581.0,10489.0,17873.0,17873.0,119711.0,31972.0,2283.0,67731.0,17725.0,94330.0,8221.0,10578.0,58823.0,16708.0,54409.0,53900.0,509.0,119113.0,77426.0,41687.0,119133.0,7142.0,40045.0,31971.0,39975.0,155.9,192.8,214.2,113.6,214.9,383.0,257.6,565.9,100.0,155.0,59.5,222.5,113.1,186.1,203.3,123.9,0.0,91.8,178.9,298.8,248.4
2026-09-18,07:00~09:00,通過量,14284,8973,5311,5951,4349,1657,1003,809,880,4300,1010,405,1563,1322,3143,1396,875,872,2725,766,755,1204,2418,703,1715,2511,969,1542,673,673,5418,1483,1377,2055,503,8664,897,2329,3925,1513,5786,2888,2898,5802,2976,2826,5932,891,2316,700,2025
2026-09-18,07:00~09:00,平均停等延滯,51.2,60.3,35.9,65.0,32.3,34.4,37.1,1.5,51.0,44.6,39.3,50.9,29.7,64.2,36.0,36.0,34.7,37.3,35.1,15.0,22.4,55.9,10.0,9.3,10.3,11.6,19.2,6.8,26.6,26.6,22.1,21.6,1.7,33.0,35.2,10.9,9.2,4.5,15.0,11.0,9.4,18.7,0.2,20.5,26.0,14.8,20.1,8.0,17.3,45.7,19.7
2026-09-18,10:00~17:00,總停等延滯,1846959.0,1390989.0,455970.0,910823.0,377171.0,174135.0,87722.0,3676.0,111638.0,492679.0,105711.0,55613.0,149693.0,181662.0,306286.0,152481.0,65160.0,88645.0,214853.0,37512.0,48954.0,128387.0,64260.0,19008.0,45252.0,101393.0,63718.0,37675.0,46333.0,46333.0,243984.0,91538.0,2059.0,105249.0,45138.0,289028.0,47053.0,56582.0,157722.0,27671.0,90599.0,89621.0,978.0,267613.0,167831.0,99782.0,263583.0,7214.0,94190.0,60350.0,101829.0,160.4,255.3,254.7,172.4,224.0,454.8,188.3,347.8,107.9,160.5,63.9,273.9,173.0,202.4,265.4,156.8,0.0,81.2,115.5,203.7,156.1
2026-09-18,10:00~17:00,通過量,39996,26639,13357,19290,14418,5697,2863,2947,2911,13653,3279,1357,5338,3679,9652,5174,1753,2725,8127,2473,2008,3646,6662,2211,4451,7228,3158,4070,1707,1707,13930,4491,3338,4731,1370,25451,3343,8086,10428,3594,17273,8073,9200,17237,8284,8953,17399,1615,7923,1483,6378
2026-09-18,10:00~17:00,平均停等延滯,46.2,52.2,34.1,47.2,26.2,30.6,30.6,1.2,38.4,36.1,32.2,41.0,28.0,49.4,31.7,29.5,37.2,32.5,26.4,15.2,24.4,35.2,9.6,8.6,10.2,14.0,20.2,9.3,27.1,27.1,17.5,20.4,0.6,22.2,32.9,11.4,14.1,7.0,15.1,7.7,5.2,11.1,0.1,15.5,20.3,11.1,15.1,4.5,11.9,40.7,16.0
2026-09-18,17:00~20:00,總停等延滯,1003593.0,719862.0,283731.0,370268.0,164457.0,77936.0,36817.0,1878.0,47826.0,258131.0,72269.0,22197.0,74132.0,89533.0,174908.0,67283.0,53494.0,54131.0,122366.0,32287.0,32882.0,57197.0,38352.0,12989.0,25363.0,69966.0,35174.0,34792.0,23972.0,23972.0,151441.0,58345.0,2831.0,64473.0,25792.0,129102.0,13827.0,17891.0,87307.0,10077.0,49144.0,48462.0,682.0,94009.0,55442.0,38567.0,98013.0,2154.0,37409.0,20317.0,38133.0,166.5,286.0,212.8,144.2,235.3,501.9,185.2,470.2,104.4,166.9,68.7,227.5,147.3,215.3,288.4,0.0,0.0,84.1,102.2,293.0,174.5
2026-09-18,17:00~20:00,通過量,22335,14453,7882,8644,6993,2803,1460,1228,1502,7038,1655,750,2142,2491,5615,2744,1251,1620,4206,1630,1133,1443,3618,1324,2294,4226,1969,2257,1001,1001,8279,2722,1704,2956,897,10384,1820,3608,3614,1342,7535,3103,4432,7436,3026,4410,7984,881,3887,786,2430
2026-09-18,17:00~20:00,平均停等延滯,44.9,49.8,36.0,42.8,23.5,27.8,25.2,1.5,31.8,36.7,43.7,29.6,34.6,35.9,31.2,24.5,42.8,33.4,29.1,19.8,29.0,39.6,10.6,9.8,11.1,16.6,17.9,15.4,23.9,23.9,18.3,21.4,1.7,21.8,28.8,12.4,7.6,5.0,24.2,7.5,6.5,15.6,0.2,12.6,18.3,8.7,12.3,2.4,9.6,25.8,15.7
2026-09-18,10:00~12:00,總停等延滯,480307.0,369275.0,111032.0,217518.0,98890.0,51747.0,22676.0,1074.0,23393.0,131033.0,29421.0,15898.0,42211.0,43503.0,79066.0,39932.0,16751.0,22383.0,60286.0,8626.0,14572.0,37088.0,15895.0,3396.0,12499.0,22515.0,13562.0,8953.0,11436.0,11436.0,61186.0,21197.0,293.0,29220.0,10476.0,49866.0,13949.0,16998.0,10794.0,8125.0,4037.0,3785.0,252.0,87074.0,55954.0,31120.0,76541.0,1480.0,27203.0,18262.0,29596.0,160.3,292.3,257.6,206.3,219.9,497.3,196.9,270.6,103.4,159.8,59.9,277.4,195.2,203.1,313.3,154.3,0.0,89.7,102.9,159.2,110.7
2026-09-18,10:00~12:00,通過量,10298,6831,3467,5235,3528,1498,692,705,633,3588,889,369,1441,889,2443,1293,499,651,2182,582,519,1081,1665,488,1177,1733,699,1034,432,432,3582,1035,905,1289,353,7122,929,2198,2954,1041,4807,2343,2464,4793,2369,2424,4621,432,2081,405,1703
2026-09-18,10:00~12:00,平均停等延滯,46.6,54.1,32.0,41.6,28.0,34.5,32.8,1.5,37.0,36.5,33.1,43.1,29.3,48.9,32.4,30.9,33.6,34.4,27.6,14.8,28.1,34.3,9.5,7.0,10.6,13.0,19.4,8.7,26.5,26.5,17.1,20.5,0.3,22.7,29.7,7.0,15.0,7.7,3.7,7.8,0.8,1.6,0.1,18.2,23.6,12.8,16.6,3.4,13.1,45.1,17.4
2026-09-18,14:00~16:00,總停等延滯,575838.0,437863.0,137975.0,331219.0,114050.0,49947.0,26075.0,1084.0,36944.0,166753.0,32636.0,19319.0,49263.0,65535.0,95881.0,48806.0,19562.0,27513.0,61179.0,10899.0,13954.0,36326.0,19190.0,6756.0,12434.0,31766.0,23514.0,8252.0,13553.0,13553.0,73466.0,32259.0,131.0,28713.0,12363.0,126538.0,16533.0,18896.0,82904.0,8205.0,48286.0,48084.0,202.0,74439.0,43295.0,31144.0,81956.0,1641.0,30018.0,17055.0,33242.0,157.7,233.5,281.2,129.5,226.5,406.6,176.7,364.8,117.0,157.8,69.0,268.3,133.0,203.4,240.8,159.5,0.0,73.2,104.1,227.1,139.8
2026-09-18,14:00~16:00,通過量,11671,7875,3796,5467,4309,1652,809,877,971,3982,921,373,1534,1154,2806,1491,502,813,2338,737,527,1074,2071,725,1346,2222,1071,1151,450,450,4075,1454,916,1327,378,7206,886,2404,2910,1006,4773,2183,2590,4785,2283,2502,4862,441,2244,386,1791
2026-09-18,14:00~16:00,平均停等延滯,49.3,55.6,36.3,60.6,26.5,30.2,32.2,1.2,38.0,41.9,35.4,51.8,32.1,56.8,34.2,32.7,39.0,33.8,26.2,14.8,26.5,33.8,9.3,9.3,9.2,14.3,22.0,7.2,30.1,30.1,18.0,22.2,0.1,21.6,32.7,17.6,18.7,7.9,28.5,8.2,10.1,22.0,0.1,15.6,19.0,12.4,16.9,3.7,13.4,44.2,18.6
2026-09-18,16:00~19:00,總停等延滯,1020312.0,720044.0,300268.0,460043.0,177838.0,75966.0,40412.0,1629.0,59831.0,239975.0,59666.0,22121.0,66735.0,91453.0,176143.0,70456.0,51822.0,53865.0,126088.0,30383.0,32993.0,62712.0,39207.0,13976.0,25231.0,67528.0,37715.0,29813.0,27178.0,27178.0,166355.0,60343.0,4012.0,72066.0,29934.0,173427.0,15377.0,19667.0,125390.0,12993.0,73852.0,72917.0,935.0,108029.0,68826.0,39203.0,104735.0,3425.0,42031.0,22370.0,36909.0,166.5,289.5,195.8,134.0,233.6,520.2,181.4,476.2,107.2,167.7,66.8,205.1,137.4,230.1,292.2,0.0,0.0,81.5,100.2,317.7,189.2
2026-09-18,16:00~19:00,通過量,23253,14635,8618,8847,7253,2858,1565,1244,1586,6898,1573,706,2297,2322,5775,2943,1171,1661,4369,1603,1224,1542,3843,1451,2392,4498,2088,2410,1146,1146,9006,2985,1886,3131,1004,10748,1861,3694,3643,1550,7576,3051,4525,7491,3002,4489,8146,959,3895,734,2558
2026-09-18,16:00~19:00,平均停等延滯,43.9,49.2,34.8,52.0,24.5,26.6,25.8,1.3,37.7,34.8,37.9,31.3,29.1,39.4,30.5,23.9,44.3,32.4,28.9,19.0,27.0,40.7,10.2,9.6,10.5,15.0,18.1,12.4,23.7,23.7,18.5,20.2,2.1,23.0,29.8,16.1,8.3,5.3,34.4,8.4,9.7,23.9,0.2,14.4,22.9,8.7,12.9,3.6,10.8,30.5,14.4
2026-09-18,20:00~23:00,總停等延滯,731665.0,591808.0,139857.0,244152.0,127898.0,68131.0,23553.0,2940.0,33274.0,269443.0,57235.0,29686.0,75464.0,107058.0,113154.0,49313.0,23861.0,39980.0,81313.0,23800.0,16162.0,41351.0,22693.0,6467.0,16226.0,28617.0,20261.0,8356.0,14008.0,14008.0,74539.0,39010.0,217.0,19160.0,16152.0,39811.0,10836.0,11238.0,16516.0,1221.0,11844.0,11603.0,241.0,87187.0,50189.0,36998.0,105310.0,602.0,35077.0,14444.0,55187.0,151.0,353.6,195.3,160.9,230.1,585.4,157.1,244.7,100.6,151.2,76.9,211.1,160.9,253.8,340.4,0.0,0.0,71.7,87.4,103.4,136.1
2026-09-18,20:00~23:00,通過量,14221,9903,4318,7038,5327,2149,872,1296,1010,5845,1417,595,1877,1956,3357,1654,631,1072,2782,1164,618,1000,2026,804,1222,2138,1092,1046,624,624,4415,1525,1211,1182,497,8112,925,2946,3582,659,6129,2975,3154,6147,3006,3141,6425,457,2801,527,2640
2026-09-18,20:00~23:00,平均停等延滯,51.4,59.8,32.4,34.7,24.0,31.7,27.0,2.3,32.9,46.1,40.4,49.9,40.2,54.7,33.7,29.8,37.8,37.3,29.2,20.4,26.2,41.4,11.2,8.0,13.3,13.4,18.6,8.0,22.4,22.4,16.9,25.6,0.2,16.2,32.5,4.9,11.7,3.8,4.6,1.9,1.9,3.9,0.1,14.2,16.7,11.8,16.4,1.3,12.5,27.4,20.9
2026-09-19,07:00~09:00,總停等延滯,338516.0,257769.0,80747.0,161371.0,53840.0,26073.0,15711.0,639.0,11417.0,97418.0,25948.0,5922.0,30833.0,34715.0,65432.0,41196.0,10766.0,13470.0,41079.0,7339.0,8545.0,25195.0,7224.0,2210.0,5014.0,15210.0,10945.0,4265.0,7539.0,7539.0,50774.0,17618.0,121.0,23200.0,9835.0,55455.0,16244.0,31507.0,3162.0,4542.0,5116.0,5116.0,0.0,53040.0,34792.0,18248.0,47760.0,628.0,27465.0,9624.0,10043.0,145.6,151.4,162.3,140.0,204.5,290.0,343.8,344.4,134.3,145.6,57.9,163.8,146.4,155.0,152.6,110.0,0.0,176.1,186.6,174.8,210.5
2026-09-19,07:00~09:00,通過量,7594,4825,2769,4845,2674,1352,457,523,342,2623,763,200,973,687,1769,1012,333,424,1517,487,325,705,1239,418,821,1408,608,800,275,275,2923,847,754,1016,306,6582,528,2735,2526,793,1844,1844,0,4102,1855,2247,3940,417,1941,297,1285
2026-09-19,07:00~09:00,平均停等延滯,44.6,53.4,29.2,33.3,20.1,19.3,34.4,1.2,33.4,37.1,34.0,29.6,31.7,50.5,37.0,40.7,32.3,31.8,27.1,15.1,26.3,35.7,5.8,5.3,6.1,10.8,18.0,5.3,27.4,27.4,17.4,20.8,0.2,22.8,32.1,8.4,30.8,11.5,1.3,5.7,2.8,2.8,0.0,12.9,18.8,8.1,12.1,1.5,14.1,32.4,7.8
2026-09-19,10:00~17:00,總停等延滯,2370704.0,1852213.0,518491.0,851313.0,432605.0,134761.0,139108.0,3615.0,155121.0,626589.0,109135.0,72837.0,194190.0,250427.0,492111.0,260985.0,94657.0,136469.0,300908.0,37891.0,62254.0,200763.0,63439.0,14648.0,48791.0,124777.0,70265.0,54512.0,54809.0,54809.0,275466.0,90364.0,4052.0,131467.0,49583.0,279737.0,62281.0,130415.0,67771.0,19270.0,69684.0,69684.0,0.0,228810.0,159691.0,69119.0,273082.0,14736.0,113413.0,56686.0,88247.0,172.7,296.7,204.4,131.4,262.2,685.2,265.3,252.6,125.1,173.8,89.3,216.3,133.3,336.9,318.6,151.8,0.0,86.5,181.4,103.4,142.0
2026-09-19,10:00~17:00,通過量,45651,30857,14794,24755,16186,6436,3396,2844,3510,14331,3227,1604,5349,4151,12438,7066,2326,3046,9151,2763,2353,4035,6737,2116,4621,7464,2788,4676,1943,1943,14755,4020,3922,5333,1480,28112,3025,13076,9325,2686,9265,9265,0,20029,9219,10810,20123,1795,9674,1582,7072
2026-09-19,10:00~17:00,平均停等延滯,51.9,60.0,35.0,34.4,26.7,20.9,41.0,1.3,44.2,43.7,33.8,45.4,36.3,60.3,39.6,36.9,40.7,44.8,32.9,13.7,26.5,49.8,9.4,6.9,10.6,16.7,25.2,11.7,28.2,28.2,18.7,22.5,1.0,24.7,33.5,10.0,20.6,10.0,7.3,7.2,7.5,7.5,0.0,11.4,17.3,6.4,13.6,8.2,11.7,35.8,12.5
2026-09-19,17:00~20:00,總停等延滯,903257.0,679898.0,223359.0,301158.0,151607.0,74269.0,46120.0,2118.0,29100.0,228039.0,44009.0,32822.0,66690.0,84518.0,185979.0,98325.0,40098.0,47556.0,114273.0,17325.0,23708.0,73240.0,27420.0,7766.0,19654.0,67042.0,34638.0,32404.0,19580.0,19580.0,109317.0,38238.0,1036.0,44426.0,25617.0,117895.0,30035.0,50628.0,32733.0,4499.0,33116.0,33116.0,0.0,64670.0,42846.0,21824.0,85477.0,3499.0,30159.0,15221.0,36598.0,175.6,246.8,175.0,203.0,271.0,730.7,179.1,296.7,154.9,175.6,95.6,179.0,216.7,568.1,246.9,164.4,0.0,113.4,69.2,132.7,162.4
2026-09-19,17:00~20:00,通過量,18242,12484,5758,10530,6841,2482,1203,1112,2044,5821,1333,711,2078,1699,5021,2775,817,1429,3350,1251,864,1235,2603,923,1680,3087,1383,1704,758,758,5958,1881,1428,1911,738,11602,1352,5458,3795,997,3870,3870,0,7835,3770,4065,7989,691,3578,520,3200
2026-09-19,17:00~20:00,平均停等延滯,49.5,54.5,38.8,28.6,22.2,29.9,38.3,1.9,14.2,39.2,33.0,46.2,32.1,49.7,37.0,35.4,49.1,33.3,34.1,13.8,27.4,59.3,10.5,8.4,11.7,21.7,25.0,19.0,25.8,25.8,18.3,20.3,0.7,23.2,34.7,10.2,22.2,9.3,8.6,4.5,8.6,8.6,0.0,8.3,11.4,5.4,10.7,5.1,8.4,29.3,11.4
2026-09-19,10:00~12:00,總停等延滯,648093.0,508952.0,139141.0,243980.0,103176.0,33454.0,43635.0,1061.0,25026.0,184592.0,30202.0,17395.0,59712.0,77283.0,135260.0,72961.0,27061.0,35238.0,85924.0,9448.0,16988.0,59488.0,18526.0,3097.0,15429.0,31081.0,19093.0,11988.0,14509.0,14509.0,75025.0,21890.0,428.0,40278.0,12429.0,79177.0,18470.0,37501.0,16786.0,6420.0,13414.0,13414.0,0.0,72977.0,53264.0,19713.0,78412.0,6047.0,32269.0,15858.0,24238.0,167.2,376.4,181.5,126.6,256.2,731.1,301.5,192.8,110.7,167.2,88.9,183.4,128.6,356.8,430.1,176.3,0.0,76.3,223.9,82.9,116.0
2026-09-19,10:00~12:00,通過量,12228,8221,4007,6856,4063,1744,925,733,661,3998,950,389,1442,1217,3158,1688,697,773,2570,755,645,1170,1893,517,1376,2046,757,1289,523,523,4043,1076,1030,1522,415,8270,856,3768,2910,736,2521,2521,0,5477,2569,2908,5315,549,2534,406,1826
2026-09-19,10:00~12:00,平均停等延滯,53.0,61.9,34.7,35.6,25.4,19.2,47.2,1.4,37.9,46.2,31.8,44.7,41.4,63.5,42.8,43.2,38.8,45.6,33.4,12.5,26.3,50.8,9.8,6.0,11.2,15.2,25.2,9.3,27.7,27.7,18.6,20.3,0.4,26.5,29.9,9.6,21.6,10.0,5.8,8.7,5.3,5.3,0.0,13.3,20.7,6.8,14.8,11.0,12.7,39.1,13.3
2026-09-19,14:00~16:00,總停等延滯,687246.0,536056.0,151190.0,246469.0,133190.0,38205.0,37293.0,994.0,56698.0,170082.0,30400.0,23171.0,51946.0,64565.0,149306.0,76287.0,26396.0,46623.0,83478.0,10579.0,17332.0,55567.0,17603.0,4147.0,13456.0,33609.0,17412.0,16197.0,16376.0,16376.0,83602.0,28250.0,1453.0,38390.0,15509.0,85278.0,18234.0,39764.0,20882.0,6398.0,23472.0,23472.0,0.0,61572.0,38766.0,22806.0,76147.0,2948.0,35433.0,13633.0,24133.0,182.5,261.8,216.9,121.5,271.2,647.9,299.2,267.5,152.2,185.6,88.4,237.7,123.0,278.9,246.1,169.6,0.0,104.8,194.5,103.3,156.3
2026-09-19,14:00~16:00,通過量,13295,8825,4470,7653,5070,1977,996,895,1202,4031,853,482,1607,1089,3836,2339,629,868,2334,752,676,906,1971,661,1310,2234,809,1425,639,639,4338,1168,1187,1565,418,8518,1062,4009,2635,812,2744,2744,0,5958,2715,3243,6045,497,2966,413,2169
2026-09-19,14:00~16:00,平均停等延滯,51.7,60.7,33.8,32.2,26.3,19.3,37.4,1.1,47.2,42.2,35.6,48.1,32.3,59.3,38.9,32.6,42.0,53.7,35.8,14.1,25.6,61.3,8.9,6.3,10.3,15.0,21.5,11.4,25.6,25.6,19.3,24.2,1.2,24.5,37.1,10.0,17.2,9.9,7.9,7.9,8.6,8.6,0.0,10.3,14.3,7.0,12.6,5.9,11.9,33.0,11.1
2026-09-19,16:00~19:00,總停等延滯,1011333.0,756076.0,255257.0,362516.0,169240.0,79228.0,53203.0,1781.0,35028.0,258127.0,49507.0,31373.0,75282.0,101965.0,206442.0,112606.0,45461.0,48375.0,122267.0,18498.0,26314.0,77455.0,31456.0,8781.0,22675.0,68944.0,37944.0,31000.0,25724.0,25724.0,129133.0,45065.0,2109.0,53695.0,28264.0,135554.0,30468.0,56765.0,41866.0,6455.0,42394.0,42394.0,0.0,77131.0,55418.0,21713.0,107437.0,5633.0,38587.0,22546.0,40671.0,175.6,261.2,190.7,180.6,271.3,771.5,189.9,307.0,139.5,175.8,95.7,198.0,188.5,533.4,258.3,150.9,0.0,119.2,75.4,146.3,160.8
2026-09-19,16:00~19:00,通過量,20189,13484,6705,11231,7291,2656,1355,1184,2096,6178,1439,675,2191,1873,5561,3054,946,1561,3642,1320,947,1375,2920,1044,1876,3473,1500,1973,877,877,6847,2063,1723,2268,793,12326,1427,5868,3902,1129,4140,4140,0,8379,3919,4460,8698,787,3975,626,3310
2026-09-19,16:00~19:00,平均停等延滯,50.1,56.1,38.1,32.3,23.2,29.8,39.3,1.5,16.7,41.8,34.4,46.5,34.4,54.4,37.1,36.9,48.1,31.0,33.6,14.0,27.8,56.3,10.8,8.4,12.1,19.9,25.3,15.7,29.3,29.3,18.9,21.8,1.2,23.7,35.6,11.0,21.4,9.7,10.7,5.7,10.2,10.2,0.0,9.2,14.1,4.9,12.4,7.2,9.7,36.0,12.3
2026-09-19,20:00~23:00,總停等延滯,720732.0,568688.0,152044.0,343859.0,119869.0,56184.0,25840.0,2641.0,35204.0,227147.0,35842.0,36495.0,63381.0,91429.0,121665.0,57713.0,24801.0,39151.0,100007.0,16802.0,14264.0,68941.0,21425.0,5717.0,15708.0,41052.0,17430.0,23622.0,12582.0,12582.0,76985.0,44158.0,85.0,13601.0,19141.0,96065.0,26266.0,39895.0,25136.0,4768.0,28831.0,28831.0,0.0,80072.0,60079.0,19993.0,138891.0,4547.0,26540.0,18187.0,89617.0,165.8,269.0,205.1,179.5,256.4,578.9,141.2,391.5,168.3,164.2,90.2,215.1,180.3,308.2,278.2,154.2,0.0,77.2,63.0,128.4,252.0
2026-09-19,20:00~23:00,通過量,13244,9383,3861,7942,5335,1783,669,1252,1631,4871,1085,510,1865,1411,3211,1451,636,1124,2611,992,442,1177,2151,688,1463,2084,1109,975,467,467,4309,1603,1069,1023,614,8884,772,3692,3514,906,3551,3551,0,6262,3463,2799,6615,621,2516,510,2968
2026-09-19,20:00~23:00,平均停等延滯,54.4,60.6,39.4,43.3,22.5,31.5,38.6,2.1,21.6,46.6,33.0,71.6,34.0,64.8,37.9,39.8,39.0,34.8,38.3,16.9,32.3,58.6,10.0,8.3,10.7,19.7,15.7,24.2,26.9,26.9,17.9,27.5,0.1,13.3,31.2,10.8,34.0,10.8,7.2,5.3,8.1,8.1,0.0,12.8,17.3,7.1,21.0,7.3,10.5,35.7,30.2
2026-09-20,07:00~09:00,總停等延滯,231278.0,182579.0,48699.0,98725.0,43360.0,21480.0,10138.0,462.0,11280.0,63432.0,16029.0,2856.0,23762.0,20785.0,42471.0,28941.0,6897.0,6633.0,33316.0,4239.0,12856.0,16221.0,3913.0,1437.0,2476.0,13902.0,7825.0,6077.0,4875.0,4875.0,26009.0,10583.0,20.0,9271.0,6135.0,36055.0,12971.0,20925.0,1299.0,860.0,2360.0,2280.0,80.0,38733.0,26211.0,12522.0,21577.0,356.0,6298.0,7685.0,7238.0,149.8,144.3,151.6,133.6,209.7,377.2,133.9,165.8,136.4,149.3,59.8,152.2,137.3,247.9,144.6,116.8,0.0,94.9,45.7,51.3,118.6
2026-09-20,07:00~09:00,通過量,4972,3174,1798,3275,1854,955,291,355,253,1810,554,122,681,453,1149,655,225,269,889,283,200,406,880,327,553,1084,400,684,174,174,1859,562,479,613,205,4342,380,1822,1672,468,2743,1227,1516,2618,1210,1408,2542,248,1221,209,864
2026-09-20,07:00~09:00,平均停等延滯,46.5,57.5,27.1,30.1,23.4,22.5,34.8,1.3,44.6,35.0,28.9,23.4,34.9,45.9,37.0,44.2,30.7,24.7,37.5,15.0,64.3,40.0,4.4,4.4,4.5,12.8,19.6,8.9,28.0,28.0,14.0,18.8,0.0,15.1,29.9,8.3,34.1,11.5,0.8,1.8,0.9,1.9,0.1,14.8,21.7,8.9,8.5,1.4,5.2,36.8,8.4
2026-09-20,10:00~17:00,總停等延滯,2514525.0,2007178.0,507347.0,828887.0,466341.0,159687.0,130111.0,3720.0,172823.0,714201.0,131117.0,83535.0,224111.0,275438.0,531760.0,293661.0,96639.0,141460.0,294876.0,39590.0,62750.0,192536.0,63904.0,11248.0,52656.0,132557.0,71511.0,61046.0,49166.0,49166.0,261720.0,76020.0,3845.0,134081.0,47774.0,267857.0,65457.0,125947.0,61794.0,14659.0,63192.0,60807.0,2385.0,230339.0,154155.0,76184.0,267499.0,12426.0,127846.0,45490.0,81737.0,177.4,298.3,194.1,142.3,266.1,581.5,249.7,240.0,127.6,176.7,88.6,199.6,151.0,277.5,301.2,147.0,0.0,158.4,82.6,89.8,158.2
2026-09-20,10:00~17:00,通過量,44726,30715,14011,23541,16414,6545,3206,2966,3697,15242,3703,1691,5321,4527,12681,7390,2369,2922,8482,2724,2228,3530,6774,1959,4815,7432,2768,4664,1800,1800,14091,3839,3806,5070,1376,28104,2551,12560,10552,2441,20287,9042,11245,19788,8916,10872,19906,1653,9823,1408,7022
2026-09-20,10:00~17:00,平均停等延滯,56.2,65.3,36.2,35.2,28.4,24.4,40.6,1.3,46.7,46.9,35.4,49.4,42.1,60.8,41.9,39.7,40.8,48.4,34.8,14.5,28.2,54.5,9.4,5.7,10.9,17.8,25.8,13.1,27.3,27.3,18.6,19.8,1.0,26.4,34.7,9.5,25.7,10.0,5.9,6.0,3.1,6.7,0.2,11.6,17.3,7.0,13.4,7.5,13.0,32.3,11.6
2026-09-20,17:00~20:00,總停等延滯,977331.0,749072.0,228259.0,321884.0,162112.0,77387.0,45224.0,2507.0,36994.0,280441.0,56143.0,28281.0,74476.0,121541.0,183086.0,88707.0,36788.0,57591.0,123433.0,19998.0,24089.0,79346.0,28215.0,6200.0,22015.0,72375.0,36296.0,36079.0,17645.0,17645.0,110024.0,42401.0,131.0,44472.0,23020.0,128227.0,31982.0,50706.0,39660.0,5879.0,38183.0,37650.0,533.0,64780.0,45294.0,19486.0,90694.0,1891.0,30817.0,16500.0,41486.0,190.4,228.9,220.2,171.1,290.0,500.8,216.7,270.3,114.7,192.0,99.8,217.1,176.0,281.8,224.2,168.6,0.0,139.9,79.2,128.1,146.4
2026-09-20,17:00~20:00,通過量,18767,13200,5567,10271,7308,2616,1128,1400,2164,6729,1634,710,2314,2071,5056,2584,923,1549,3398,1359,809,1230,2878,985,1893,3164,1492,1672,656,656,5805,1879,1258,1989,679,11951,1121,5224,4628,978,8086,4051,4035,8081,4110,3971,8198,656,3616,523,3403
2026-09-20,17:00~20:00,平均停等延滯,52.1,56.7,41.0,31.3,22.2,29.6,40.1,1.8,17.1,41.7,34.4,39.8,32.2,58.7,36.2,34.3,39.9,37.2,36.3,14.7,29.8,64.5,9.8,6.3,11.6,22.9,24.3,21.6,26.9,26.9,19.0,22.6,0.1,22.4,33.9,10.7,28.5,9.7,8.6,6.0,4.7,9.3,0.1,8.0,11.0,4.9,11.1,2.9,8.5,31.5,12.2
2026-09-20,10:00~12:00,總停等延滯,625336.0,495007.0,130329.0,205717.0,103309.0,43358.0,35352.0,931.0,23668.0,168458.0,29711.0,19307.0,55218.0,64222.0,144969.0,86076.0,27783.0,31110.0,78271.0,9359.0,16900.0,52012.0,15791.0,2218.0,13573.0,35329.0,17087.0,18242.0,10734.0,10734.0,68475.0,15752.0,598.0,38940.0,13185.0,66203.0,19489.0,36224.0,8344.0,2146.0,8397.0,8004.0,393.0,64401.0,39915.0,24486.0,66716.0,4081.0,36419.0,11092.0,15124.0,163.1,360.4,184.9,117.9,253.9,609.1,147.7,205.8,111.1,163.2,90.9,185.1,123.6,272.7,363.1,136.5,0.0,76.0,71.9,74.8,167.0
2026-09-20,10:00~12:00,通過量,10681,7173,3508,5901,3727,1647,827,639,614,3726,954,387,1322,1063,3063,1791,606,666,1990,627,589,774,1707,425,1282,1854,642,1212,386,386,3541,844,896,1442,359,7262,698,3270,2686,608,5184,2192,2992,5157,2230,2927,4972,472,2567,364,1569
2026-09-20,10:00~12:00,平均停等延滯,58.5,69.0,37.2,34.9,27.7,26.3,42.7,1.5,38.5,45.2,31.1,49.9,41.8,60.4,47.3,48.1,45.8,46.7,39.3,14.9,28.7,67.2,9.3,5.2,10.6,19.1,26.6,15.1,27.8,27.8,19.3,18.7,0.7,27.0,36.7,9.1,27.9,11.1,3.1,3.5,1.6,3.7,0.1,12.5,17.9,8.4,13.4,8.6,14.2,30.5,9.6
2026-09-20,14:00~16:00,總停等延滯,814509.0,653832.0,160677.0,273860.0,157992.0,49239.0,38162.0,1154.0,69437.0,234952.0,47597.0,26519.0,69278.0,91558.0,172625.0,89865.0,29614.0,53146.0,88263.0,12752.0,19619.0,55892.0,21124.0,3169.0,17955.0,38113.0,24590.0,13523.0,16991.0,16991.0,84449.0,27306.0,2235.0,40853.0,14055.0,92363.0,20264.0,39796.0,26191.0,6112.0,27206.0,26667.0,539.0,66251.0,44325.0,21926.0,88040.0,3757.0,41289.0,14148.0,28846.0,197.3,279.2,230.2,150.4,292.7,525.7,490.1,266.2,117.0,197.8,95.3,242.4,164.6,231.5,283.8,155.6,0.0,360.7,98.3,102.0,165.2
2026-09-20,14:00~16:00,通過量,14137,9652,4485,7278,5200,1945,1004,976,1275,4821,1176,574,1600,1471,3921,2256,760,905,2607,889,673,1045,2187,645,1542,2347,895,1452,642,642,4468,1270,1296,1477,425,8624,715,3787,3337,785,6326,2925,3401,6225,2891,3334,6237,457,3004,398,2378
2026-09-20,14:00~16:00,平均停等延滯,57.6,67.7,35.8,37.6,30.4,25.3,38.0,1.2,54.5,48.7,40.5,46.2,43.3,62.2,44.0,39.8,39.0,58.7,33.9,14.3,29.2,53.5,9.7,4.9,11.6,16.2,27.5,9.3,26.5,26.5,18.9,21.5,1.7,27.7,33.1,10.7,28.3,10.5,7.8,7.8,4.3,9.1,0.2,10.6,15.3,6.6,14.1,8.2,13.7,35.5,12.1
2026-09-20,16:00~19:00,總停等延滯,985091.0,748379.0,236712.0,339489.0,172141.0,81980.0,48045.0,2089.0,40027.0,264101.0,54337.0,27425.0,72441.0,109898.0,190999.0,95068.0,37957.0,57974.0,121138.0,20666.0,25179.0,75293.0,30350.0,7803.0,22547.0,67509.0,34885.0,32624.0,21093.0,21093.0,117760.0,42759.0,494.0,50741.0,23766.0,137618.0,31351.0,52897.0,44120.0,9250.0,41218.0,40617.0,601.0,69819.0,51447.0,18372.0,90834.0,3330.0,29422.0,16279.0,41803.0,186.2,256.2,176.0,161.5,287.6,516.4,163.4,278.5,124.5,187.0,101.5,178.5,173.7,280.6,252.6,164.0,0.0,86.0,80.9,138.2,145.9
2026-09-20,16:00~19:00,通過量,20336,14113,6223,10820,7832,2821,1256,1394,2361,6859,1680,721,2324,2134,5669,3085,990,1594,3596,1360,901,1335,2977,1063,1914,3404,1543,1861,785,785,6380,2005,1487,2204,684,12751,1208,5501,4898,1144,8724,4288,4436,8581,4230,4351,8823,736,3976,569,3542
2026-09-20,16:00~19:00,平均停等延滯,48.4,53.0,38.0,31.4,22.0,29.1,38.3,1.5,17.0,38.5,32.3,38.0,31.2,51.5,33.7,30.8,38.3,36.4,33.7,15.2,27.9,56.4,10.2,7.3,11.8,19.8,22.6,17.5,26.9,26.9,18.5,21.3,0.3,23.0,34.7,10.8,26.0,9.6,9.0,8.1,4.7,9.5,0.1,8.1,12.2,4.2,10.3,4.5,7.4,28.6,11.8
2026-09-20,20:00~23:00,總停等延滯,758214.0,612113.0,146101.0,292415.0,119888.0,57427.0,26473.0,3064.0,32924.0,283338.0,43479.0,34342.0,67853.0,137664.0,113068.0,56406.0,22974.0,33688.0,95819.0,21322.0,12576.0,61921.0,21212.0,5099.0,16113.0,41330.0,21996.0,19334.0,11776.0,11776.0,71783.0,42100.0,115.0,14583.0,14985.0,89794.0,21950.0,37328.0,26973.0,3543.0,28624.0,28293.0,331.0,83301.0,63429.0,19872.0,90696.0,2515.0,26058.0,14216.0,47907.0,179.6,240.4,198.3,153.6,273.1,534.2,153.4,307.3,103.6,178.1,92.5,209.2,157.9,278.4,261.0,0.0,0.0,87.4,67.8,116.9,193.7
2026-09-20,20:00~23:00,通過量,12638,9133,3505,7847,5097,1924,619,1299,1255,5452,1285,481,1831,1855,2941,1384,664,893,2573,1131,457,985,2064,714,1350,2054,1110,944,446,446,3912,1567,888,977,480,9179,762,3670,3990,757,6401,3575,2826,6535,3681,2854,6499,499,2585,416,2999
2026-09-20,20:00~23:00,平均停等延滯,60.0,67.0,41.7,37.3,23.5,29.8,42.8,2.4,26.2,52.0,33.8,71.4,37.1,74.2,38.4,40.8,34.6,37.7,37.2,18.9,27.5,62.9,10.3,7.1,11.9,20.1,19.8,20.5,26.4,26.4,18.3,26.9,0.1,14.9,31.2,9.8,28.8,10.2,6.8,4.7,4.5,7.9,0.1,12.7,17.2,7.0,14.0,5.0,10.1,34.2,16.0
2026-09-21,07:00~09:00,總停等延滯,767705.0,574164.0,193541.0,341804.0,137053.0,41226.0,46154.0,1208.0,48465.0,221459.0,37523.0,22720.0,48501.0,112715.0,122430.0,50553.0,30181.0,41696.0,93222.0,12417.0,17690.0,63115.0,24061.0,6051.0,18010.0,37113.0,21120.0,15993.0,18456.0,18456.0,113911.0,35182.0,2730.0,59561.0,16438.0,97531.0,21764.0,51263.0,10293.0,14211.0,63128.0,61738.0,1390.0,91923.0,78342.0,13581.0,89222.0,12265.0,29761.0,20449.0,26747.0,152.7,201.2,171.6,112.2,219.7,384.9,153.7,569.7,114.3,152.2,67.1,173.8,112.4,185.8,209.9,183.0,0.0,80.6,70.3,368.0,167.4
2026-09-21,07:00~09:00,通過量,14662,9368,5294,7607,4580,1699,1028,893,960,4481,1064,438,1582,1397,3239,1433,942,864,2849,809,776,1264,2388,723,1665,2627,1064,1563,654,654,5565,1648,1452,2014,451,10440,886,4046,4052,1456,5858,2996,2862,5682,2946,2736,5825,845,2305,543,2132
2026-09-21,07:00~09:00,平均停等延滯,52.4,61.3,36.6,44.9,29.9,24.3,44.9,1.4,50.5,49.4,35.3,51.9,30.7,80.7,37.8,35.3,32.0,48.3,32.7,15.3,22.8,49.9,10.1,8.4,10.8,14.1,19.8,10.2,28.2,28.2,20.5,21.3,1.9,29.6,36.4,9.3,24.6,12.7,2.5,9.8,10.8,20.6,0.5,16.2,26.6,5.0,15.3,14.5,12.9,37.7,12.5
2026-09-21,10:00~17:00,總停等延滯,1610228.0,1203919.0,406309.0,716996.0,306314.0,118036.0,85569.0,3264.0,99445.0,406368.0,87935.0,51909.0,139575.0,126949.0,288634.0,150444.0,53998.0,84192.0,202603.0,32627.0,44563.0,125413.0,48807.0,16209.0,32598.0,98907.0,56524.0,42383.0,42261.0,42261.0,216334.0,83438.0,939.0,93771.0,38186.0,230069.0,62478.0,123371.0,18712.0,25508.0,74587.0,71499.0,3088.0,186655.0,141304.0,45351.0,225685.0,23613.0,94919.0,46470.0,60683.0,151.8,302.2,200.2,142.6,215.3,539.8,253.1,320.7,131.8,152.0,63.3,201.1,142.2,240.1,294.9,157.6,0.0,85.9,175.1,153.3,175.1
2026-09-21,10:00~17:00,通過量,36979,24544,12435,21785,13566,5583,2462,2711,2810,12104,2863,1286,4878,3077,8522,4799,1468,2255,7699,2096,1821,3782,5989,1979,4010,6388,2797,3591,1890,1890,12615,4049,3069,4272,1225,28659,2786,11263,10934,3676,17625,8323,9302,17281,8364,8917,17199,1629,7834,1554,6182
2026-09-21,10:00~17:00,平均停等延滯,43.5,49.1,32.7,32.9,22.6,21.1,34.8,1.2,35.4,33.6,30.7,40.4,28.6,41.3,33.9,31.3,36.8,37.3,26.3,15.6,24.5,33.2,8.1,8.2,8.1,15.5,20.2,11.8,22.4,22.4,17.1,20.6,0.3,22.0,31.2,8.0,22.4,11.0,1.7,6.9,4.2,8.6,0.3,10.8,16.9,5.1,13.1,14.5,12.1,29.9,9.8
2026-09-21,17:00~20:00,總停等延滯,733422.0,518689.0,214733.0,261249.0,130270.0,50829.0,33029.0,1852.0,44560.0,155129.0,38536.0,23826.0,34105.0,58662.0,139549.0,58960.0,27865.0,52724.0,93741.0,22330.0,20380.0,51031.0,24972.0,10551.0,14421.0,55365.0,33801.0,21564.0,20242.0,20242.0,114154.0,45601.0,983.0,45175.0,22395.0,118272.0,26255.0,49331.0,37309.0,5377.0,20493.0,19163.0,1330.0,55256.0,34528.0,20728.0,67228.0,2620.0,33337.0,13546.0,17725.0,157.4,243.8,228.9,128.9,221.2,404.3,200.9,248.1,112.2,157.6,63.5,242.7,131.8,176.2,248.7,162.1,0.0,116.9,75.8,110.0,140.6
2026-09-21,17:00~20:00,通過量,18314,11919,6395,8248,6095,2449,1246,1028,1372,5372,1263,599,1875,1635,4572,2358,762,1452,3595,1191,960,1444,2837,1120,1717,3347,1628,1719,848,848,6790,2363,1437,2249,741,10185,1073,4410,3609,1093,6915,2842,4073,6854,2811,4043,7188,860,3563,572,2193
2026-09-21,17:00~20:00,平均停等延滯,40.0,43.5,33.6,31.7,21.4,20.8,26.5,1.8,32.5,28.9,30.5,39.8,18.2,35.9,30.5,25.0,36.6,36.3,26.1,18.7,21.2,35.3,8.8,9.4,8.4,16.5,20.8,12.5,23.9,23.9,16.8,19.3,0.7,20.1,30.2,11.6,24.5,11.2,10.3,4.9,3.0,6.7,0.3,8.1,12.3,5.1,9.4,3.0,9.4,23.7,8.1
2026-09-21,10:00~12:00,總停等延滯,491269.0,375196.0,116073.0,238937.0,91477.0,36332.0,26432.0,1060.0,27653.0,140033.0,26959.0,17997.0,48300.0,46777.0,85922.0,47011.0,14637.0,24274.0,57764.0,9223.0,12274.0,36267.0,14146.0,3689.0,10457.0,30404.0,14518.0,15886.0,11312.0,11312.0,60211.0,21769.0,303.0,28225.0,9914.0,71073.0,21739.0,41989.0,292.0,7053.0,13154.0,12201.0,953.0,71548.0,53363.0,18185.0,83162.0,10445.0,34980.0,16952.0,20785.0,151.8,354.9,184.6,146.3,218.1,516.5,211.9,332.3,156.6,151.7,65.9,186.8,133.9,206.2,323.9,104.0,0.0,92.0,118.9,179.3,164.2
2026-09-21,10:00~12:00,通過量,9917,6568,3349,6557,3671,1658,657,743,613,3549,883,349,1434,883,2208,1232,425,551,2027,595,455,977,1675,487,1188,1822,744,1078,456,456,3456,1050,887,1204,315,8596,842,3590,3115,1049,4903,2307,2596,4739,2303,2436,4679,431,2123,481,1644
2026-09-21,10:00~12:00,平均停等延滯,49.5,57.1,34.7,36.4,24.9,21.9,40.2,1.4,45.1,39.5,30.5,51.6,33.7,53.0,38.9,38.2,34.4,44.1,28.5,15.5,27.0,37.1,8.4,7.6,8.8,16.7,19.5,14.7,24.8,24.8,17.4,20.7,0.3,23.4,31.5,8.3,25.8,11.7,0.1,6.7,2.7,5.3,0.4,15.1,23.2,7.5,17.8,24.2,16.5,35.2,12.6
2026-09-21,14:00~16:00,總停等延滯,480149.0,360992.0,119157.0,215610.0,87926.0,34558.0,26400.0,882.0,26086.0,124170.0,25549.0,15337.0,44675.0,38609.0,88546.0,47939.0,14883.0,25724.0,60350.0,9405.0,13822.0,37123.0,15042.0,5555.0,9487.0,24969.0,16205.0,8764.0,12482.0,12482.0,66664.0,27808.0,187.0,26189.0,12480.0,64323.0,18223.0,35218.0,3535.0,7347.0,28547.0,27428.0,1119.0,51853.0,38855.0,12998.0,70887.0,9866.0,29054.0,13513.0,18454.0,155.1,304.7,169.0,157.7,217.9,574.4,351.6,336.1,109.8,155.0,63.0,171.3,164.6,259.3,297.0,168.1,0.0,87.4,274.1,161.2,193.1
2026-09-21,14:00~16:00,通過量,10508,6936,3572,5894,3942,1563,707,750,922,3282,734,402,1342,804,2382,1346,372,664,2103,601,517,985,1741,581,1160,1821,826,995,520,520,3674,1203,893,1208,370,8000,748,2836,3313,1103,5253,2546,2707,5027,2494,2533,5026,460,2256,436,1874
2026-09-21,14:00~16:00,平均停等延滯,45.7,52.0,33.4,36.6,22.3,22.1,37.3,1.2,28.3,37.8,34.8,38.2,33.3,48.0,37.2,35.6,40.0,38.7,28.7,15.6,26.7,37.7,8.6,9.6,8.2,13.7,19.6,8.8,24.0,24.0,18.1,23.1,0.2,21.7,33.7,8.0,24.4,12.4,1.1,6.7,5.4,10.8,0.4,10.3,15.6,5.1,14.1,21.4,12.9,31.0,9.8
2026-09-21,16:00~19:00,總停等延滯,750021.0,522742.0,227279.0,289854.0,141392.0,51608.0,33265.0,1473.0,55046.0,145216.0,38885.0,20129.0,35844.0,50358.0,138875.0,57150.0,30018.0,51707.0,97259.0,20996.0,21477.0,54786.0,26811.0,11746.0,15065.0,52017.0,35271.0,16746.0,23786.0,23786.0,124665.0,49511.0,971.0,50021.0,24162.0,133460.0,24714.0,48603.0,51781.0,8362.0,36590.0,34836.0,1754.0,56828.0,38201.0,18627.0,62976.0,2773.0,27587.0,14564.0,18052.0,156.4,255.5,238.9,130.2,217.6,458.7,202.9,267.1,117.7,156.5,60.9,238.3,134.7,232.1,264.2,167.8,0.0,82.5,125.5,133.0,137.8
2026-09-21,16:00~19:00,通過量,20000,12831,7169,8847,6561,2572,1309,1128,1552,5606,1322,622,1978,1684,5033,2667,826,1540,3883,1157,1020,1706,3132,1246,1886,3590,1751,1839,1095,1095,7413,2585,1539,2448,841,11029,1127,4722,3851,1329,7244,2971,4273,7229,2967,4262,7633,951,3684,599,2399
2026-09-21,16:00~19:00,平均停等延滯,37.5,40.7,31.7,32.8,21.6,20.1,25.4,1.3,35.5,25.9,29.4,32.4,18.1,29.9,27.6,21.4,36.3,33.6,25.0,18.1,21.1,32.1,8.6,9.4,8.0,14.5,20.1,9.1,21.7,21.7,16.8,19.2,0.6,20.4,28.7,12.1,21.9,10.3,13.4,6.3,5.1,11.7,0.4,7.9,12.9,4.4,8.3,2.9,7.5,24.3,7.5
2026-09-21,20:00~23:00,總停等延滯,445728.0,356219.0,89509.0,167514.0,72685.0,26563.0,17285.0,1658.0,27179.0,143830.0,26611.0,29142.0,39605.0,48472.0,87477.0,39123.0,13102.0,35252.0,52227.0,13252.0,12382.0,26593.0,12576.0,3622.0,8954.0,26422.0,12114.0,14308.0,10048.0,10048.0,40463.0,24708.0,141.0,8021.0,7593.0,53899.0,19644.0,33371.0,211.0,673.0,4583.0,4207.0,376.0,57341.0,35270.0,22071.0,51691.0,454.0,23990.0,12569.0,14678.0,142.1,416.8,167.0,175.0,216.6,591.6,143.3,194.6,126.8,144.8,73.6,167.7,183.4,153.5,395.1,124.2,0.0,75.7,66.5,78.0,128.0
2026-09-21,20:00~23:00,通過量,8930,6066,2864,5254,3476,1451,595,736,694,3343,819,369,1245,910,2198,1243,316,639,1851,759,434,658,1293,513,780,1393,704,689,393,393,3043,1085,877,806,275,6376,717,2463,2626,570,4405,2149,2256,4295,2041,2254,4439,371,1994,379,1695
2026-09-21,20:00~23:00,平均停等延滯,49.9,58.7,31.3,31.9,20.9,18.3,29.1,2.3,39.2,43.0,32.5,79.0,31.8,53.3,39.8,31.5,41.5,55.2,28.2,17.5,28.5,40.4,9.7,7.1,11.5,19.0,17.2,20.8,25.6,25.6,13.3,22.8,0.2,10.0,27.6,8.5,27.4,13.5,0.1,1.2,1.0,2.0,0.2,13.4,17.3,9.8,11.6,1.2,12.0,33.2,8.7
2026-09-22,07:00~09:00,總停等延滯,732424.0,547874.0,184550.0,361978.0,145676.0,54678.0,36566.0,1251.0,53181.0,194808.0,36623.0,19440.0,43922.0,94823.0,108861.0,47611.0,27431.0,33819.0,98529.0,10524.0,32142.0,55863.0,23199.0,5598.0,17601.0,30723.0,19072.0,11651.0,16653.0,16653.0,113975.0,32991.0,2337.0,60833.0,17814.0,123072.0,20436.0,47870.0,41193.0,13573.0,32432.0,31883.0,549.0,95901.0,56818.0,39083.0,110573.0,4913.0,36930.0,29062.0,39668.0,146.3,218.0,195.3,127.8,206.4,415.8,335.4,300.2,99.3,146.5,60.8,199.0,131.3,194.0,222.4,132.8,0.0,84.9,249.9,144.8,144.3
2026-09-22,07:00~09:00,通過量,14669,9338,5331,7006,4444,1680,986,794,984,4281,991,433,1543,1314,3184,1365,886,933,2901,779,781,1341,2292,638,1654,2544,1050,1494,780,780,5480,1567,1420,2021,472,9931,731,3702,4068,1430,5804,2886,2918,5781,2973,2808,5655,815,2267,585,1988
2026-09-22,07:00~09:00,平均停等延滯,49.9,58.7,34.6,51.7,32.8,32.5,37.1,1.6,54.0,45.5,37.0,44.9,28.5,72.2,34.2,34.9,31.0,36.2,34.0,13.5,41.2,41.7,10.1,8.8,10.6,12.1,18.2,7.8,21.4,21.4,20.8,21.1,1.6,30.1,37.7,12.4,28.0,12.9,10.1,9.5,5.6,11.0,0.2,16.6,19.1,13.9,19.6,6.0,16.3,49.7,20.0
2026-09-22,10:00~17:00,總停等延滯,1056618.0,794220.0,262398.0,567119.0,220294.0,110718.0,50881.0,2188.0,56507.0,233222.0,60749.0,30375.0,74043.0,68055.0,171455.0,88234.0,38696.0,44525.0,169249.0,20166.0,65178.0,83905.0,33579.0,11889.0,21690.0,60805.0,29582.0,31223.0,30948.0,30948.0,137066.0,55094.0,361.0,57088.0,24523.0,212386.0,52788.0,101834.0,37603.0,20161.0,25039.0,24194.0,845.0,154558.0,101576.0,52982.0,175136.0,5107.0,51794.0,38609.0,79626.0,146.2,194.8,204.3,111.3,203.9,478.0,183.9,329.1,104.8,146.3,57.6,210.7,118.6,246.5,202.6,151.7,0.0,88.2,128.3,126.1,201.5
2026-09-22,10:00~17:00,通過量,25907,17285,8622,16649,9615,4021,1919,1887,1788,8782,2083,933,3632,2134,6215,3608,1071,1536,5326,1443,1059,2824,4270,1321,2949,4532,1936,2596,1201,1201,8756,2656,2220,3055,825,21594,2154,8910,7807,2723,12856,6140,6716,12546,6224,6322,12415,1084,5746,1090,4495
2026-09-22,10:00~17:00,平均停等延滯,40.8,45.9,30.4,34.1,22.9,27.5,26.5,1.2,31.6,26.6,29.2,32.6,20.4,31.9,27.6,24.5,36.1,29.0,31.8,14.0,61.5,29.7,7.9,9.0,7.4,13.4,15.3,12.0,25.8,25.8,15.7,20.7,0.2,18.7,29.7,9.8,24.5,11.4,4.8,7.4,1.9,3.9,0.1,12.3,16.3,8.4,14.1,4.7,9.0,35.4,17.7
2026-09-22,17:00~20:00,總停等延滯,734692.0,509433.0,225259.0,257443.0,148423.0,56409.0,54793.0,1386.0,35835.0,144118.0,29089.0,20554.0,31872.0,62603.0,116496.0,56342.0,23958.0,36196.0,100396.0,38615.0,14958.0,46823.0,27862.0,14013.0,13849.0,55905.0,24042.0,31863.0,14969.0,14969.0,126523.0,43492.0,1549.0,45914.0,35568.0,122206.0,24449.0,44509.0,49410.0,3838.0,16458.0,15550.0,908.0,47505.0,27173.0,20332.0,71274.0,1041.0,33427.0,10939.0,25867.0,150.7,204.0,238.2,129.8,230.2,344.8,173.4,333.1,103.2,151.4,79.7,245.6,132.1,220.0,210.2,0.0,0.0,78.7,95.0,130.2,203.3
2026-09-22,17:00~20:00,通過量,14922,9522,5400,7598,4912,2090,901,847,1074,4380,987,493,1509,1391,3798,2077,701,1020,2864,1012,798,1054,2418,965,1453,2839,1309,1530,667,667,5579,1811,1143,2071,554,8928,1088,4221,2735,884,4902,2234,2668,5473,2239,3234,5841,657,2895,530,1759
2026-09-22,17:00~20:00,平均停等延滯,49.2,53.5,41.7,33.9,30.2,27.0,60.8,1.6,33.4,32.9,29.5,41.7,21.1,45.0,30.7,27.1,34.2,35.5,35.1,38.2,18.7,44.4,11.5,14.5,9.5,19.7,18.4,20.8,22.4,22.4,22.7,24.0,1.4,22.2,64.2,13.7,22.5,10.5,18.1,4.3,3.4,7.0,0.3,8.7,12.1,6.3,12.2,1.6,11.5,20.6,14.7
2026-09-22,10:00~12:00,總停等延滯,450138.0,348499.0,101639.0,270900.0,91330.0,45396.0,21373.0,851.0,23710.0,113815.0,25170.0,15494.0,37386.0,35765.0,75118.0,41099.0,15510.0,18509.0,68236.0,8616.0,25490.0,34130.0,13451.0,4168.0,9283.0,20010.0,10613.0,9397.0,11211.0,11211.0,56967.0,22187.0,119.0,25181.0,9480.0,91693.0,25258.0,47642.0,10281.0,8512.0,4454.0,4172.0,282.0,80904.0,53593.0,27311.0,93849.0,2565.0,25573.0,19970.0,45741.0,145.5,190.5,199.9,110.1,203.1,489.3,185.5,354.1,105.1,145.5,57.5,204.8,117.5,254.4,194.8,146.2,0.0,93.9,93.7,109.3,232.2
2026-09-22,10:00~12:00,通過量,9812,6537,3275,5763,3545,1559,758,637,591,3333,786,341,1386,820,2344,1325,437,582,2017,568,391,1058,1660,501,1159,1760,729,1031,430,430,3344,1000,839,1208,297,7786,752,3021,2901,1112,4670,2188,2482,4656,2292,2364,4549,425,2134,395,1595
2026-09-22,10:00~12:00,平均停等延滯,45.9,53.3,31.0,47.0,25.8,29.1,28.2,1.3,40.1,34.1,32.0,45.4,27.0,43.6,32.0,31.0,35.5,31.8,33.8,15.2,65.2,32.3,8.1,8.3,8.0,11.4,14.6,9.1,26.1,26.1,17.0,22.2,0.1,20.8,31.9,11.8,33.6,15.8,3.5,7.7,1.0,1.9,0.1,17.4,23.4,11.6,20.6,6.0,12.0,50.6,28.7
2026-09-22,14:00~16:00,總停等延滯,223026.0,158918.0,64108.0,111512.0,46358.0,23827.0,11598.0,492.0,10441.0,38732.0,12109.0,5587.0,11148.0,9888.0,36654.0,16202.0,8532.0,11920.0,37174.0,4612.0,13526.0,19036.0,9152.0,3537.0,5615.0,14116.0,6801.0,7315.0,7699.0,7699.0,33141.0,13953.0,170.0,12507.0,6511.0,48266.0,11523.0,21528.0,10584.0,4631.0,9794.0,9487.0,307.0,23760.0,14757.0,9003.0,29692.0,1747.0,9113.0,6621.0,12211.0,nan,nan,nan,nan,nan,nan,nan,nan,0.0,0.0,0.0,0.0,0.0,0.0,0.0,0.0,0.0,0.0,0.0,0.0,0.0
2026-09-22,14:00~16:00,通過量,6396,4157,2239,4329,2342,956,431,461,494,1939,435,225,793,486,1596,931,253,412,1217,317,256,644,1090,356,734,1167,525,642,326,326,2279,722,572,752,233,5349,607,2278,1825,639,3167,1571,1596,3119,1595,1524,3080,247,1389,268,1176
2026-09-22,14:00~16:00,平均停等延滯,34.9,38.2,28.6,25.8,19.8,24.9,26.9,1.1,21.1,20.0,27.8,24.8,14.1,20.3,23.0,17.4,33.7,28.9,30.5,14.5,52.8,29.6,8.4,9.9,7.6,12.1,13.0,11.4,23.6,23.6,14.5,19.3,0.3,16.6,27.9,9.0,19.0,9.5,5.8,7.2,3.1,6.0,0.2,7.6,9.3,5.9,9.6,7.1,6.6,24.7,10.4
2026-09-22,16:00~19:00,總停等延滯,516399.0,349694.0,166705.0,167780.0,103319.0,32009.0,45196.0,776.0,25338.0,93708.0,16658.0,13634.0,19729.0,43687.0,77530.0,35393.0,18203.0,23934.0,75137.0,32718.0,8737.0,33682.0,20131.0,10828.0,9303.0,38049.0,14848.0,23201.0,9739.0,9739.0,98786.0,32722.0,1347.0,34020.0,30697.0,84404.0,12204.0,24115.0,45801.0,2284.0,15104.0,14360.0,744.0,23917.0,12694.0,11223.0,44355.0,674.0,23233.0,5651.0,14797.0,150.0,230.7,196.7,124.4,240.6,396.8,173.0,272.3,111.3,151.2,91.7,198.8,120.2,159.0,225.0,0.0,0.0,80.0,94.6,149.0,124.8
2026-09-22,16:00~19:00,通過量,9921,6218,3703,4553,3113,1310,592,520,691,2709,592,299,927,891,2599,1403,523,673,1892,653,530,709,1626,649,977,1963,889,1074,435,435,3881,1262,745,1491,383,5401,702,2574,1566,559,3103,1269,1834,3329,1273,2056,3547,443,1827,290,987
2026-09-22,16:00~19:00,平均停等延滯,52.1,56.2,45.0,36.9,33.2,24.4,76.3,1.5,36.7,34.6,28.1,45.6,21.3,49.0,29.8,25.2,34.8,35.6,39.7,50.1,16.5,47.5,12.4,16.7,9.5,19.4,16.7,21.6,22.4,22.4,25.5,25.9,1.8,22.8,80.1,15.6,17.4,9.4,29.2,4.1,4.9,11.3,0.4,7.2,10.0,5.5,12.5,1.5,12.7,19.5,15.0
2026-09-22,20:00~23:00,總停等延滯,519699.0,402068.0,117631.0,233331.0,102590.0,51477.0,17293.0,1870.0,31950.0,153331.0,28433.0,20436.0,45162.0,59300.0,77959.0,39057.0,15232.0,23670.0,68188.0,12913.0,11679.0,43596.0,15940.0,4016.0,11924.0,39355.0,13245.0,26110.0,11938.0,11938.0,50398.0,29892.0,88.0,10337.0,10081.0,67383.0,23279.0,39457.0,4256.0,391.0,4598.0,3566.0,1032.0,78352.0,50367.0,27985.0,82998.0,856.0,24371.0,13691.0,44080.0,135.1,307.0,165.2,133.7,207.5,566.5,169.9,240.5,93.4,136.3,70.9,162.8,134.2,327.5,292.7,0.0,0.0,105.6,69.4,117.5,130.2
2026-09-22,20:00~23:00,通過量,10287,6981,3306,6515,3857,1591,647,894,725,3833,841,388,1502,1102,2382,1279,382,721,2130,705,441,984,1753,587,1166,1609,798,811,512,512,3452,1245,908,897,402,7505,778,3358,2850,519,4257,2440,1817,4719,2375,2344,4919,360,2180,367,2012
2026-09-22,20:00~23:00,平均停等延滯,50.5,57.6,35.6,35.8,26.6,32.4,26.7,2.1,44.1,40.0,33.8,52.7,30.1,53.8,32.7,30.5,39.9,32.8,32.0,18.3,26.5,44.3,9.1,6.8,10.2,24.5,16.6,32.2,23.3,23.3,14.6,24.0,0.1,11.5,25.1,9.0,29.9,11.8,1.5,0.8,1.1,1.5,0.6,16.6,21.2,11.9,16.9,2.4,11.2,37.3,21.9
2026-09-23,07:00~09:00,總停等延滯,693557.0,547533.0,146024.0,479015.0,141157.0,36401.0,47354.0,1231.0,56171.0,196878.0,40148.0,19529.0,55412.0,81789.0,96370.0,27760.0,29910.0,38700.0,113128.0,24930.0,33913.0,54285.0,13101.0,2925.0,10176.0,20496.0,13798.0,6698.0,20162.0,20162.0,92265.0,31696.0,7754.0,34126.0,18689.0,163933.0,23537.0,51289.0,63799.0,25308.0,73747.0,72414.0,1333.0,107809.0,90555.0,17254.0,133526.0,16664.0,25865.0,27372.0,63625.0,122.0,190.6,162.2,106.0,225.0,399.2,289.8,929.4,103.3,121.9,103.1,167.3,108.3,200.8,188.2,180.1,0.0,78.6,225.6,285.6,573.8
2026-09-23,07:00~09:00,通過量,14870,9379,5491,7252,4560,1801,1015,818,926,4335,957,431,1447,1500,3258,1412,882,964,2638,778,735,1125,2310,693,1617,2504,985,1519,758,758,5641,1601,1473,2083,484,9922,807,3968,3808,1339,5326,2435,2891,5188,2455,2733,5597,849,2271,619,1858
2026-09-23,07:00~09:00,平均停等延滯,46.6,58.4,26.6,66.1,31.0,20.2,46.7,1.5,60.7,45.4,42.0,45.3,38.3,54.5,29.6,19.7,33.9,40.1,42.9,32.0,46.1,48.3,5.7,4.2,6.3,8.2,14.0,4.4,26.6,26.6,16.4,19.8,5.3,16.4,38.6,16.5,29.2,12.9,16.8,18.9,13.8,29.7,0.5,20.8,36.9,6.3,23.9,19.6,11.4,44.2,34.2
2026-09-23,10:00~17:00,總停等延滯,1371534.0,1056193.0,315341.0,662688.0,273845.0,101759.0,65039.0,3200.0,103847.0,329311.0,75029.0,37380.0,113287.0,103615.0,183477.0,60664.0,57424.0,65389.0,269560.0,59967.0,103821.0,105772.0,33059.0,12071.0,20988.0,74798.0,32265.0,42533.0,50205.0,50205.0,157279.0,69244.0,2408.0,43229.0,42398.0,297839.0,58300.0,113463.0,91407.0,34669.0,82632.0,80193.0,2439.0,143000.0,100236.0,42764.0,139217.0,4632.0,54687.0,34215.0,45683.0,127.6,244.9,175.5,134.2,221.9,461.1,297.3,318.9,137.5,127.3,94.1,178.2,133.8,233.1,252.5,164.0,0.0,97.6,209.6,176.3,139.5
2026-09-23,10:00~17:00,通過量,39522,26185,13337,25204,14189,5990,2686,2839,2674,13011,3289,1201,5159,3362,8914,4873,1624,2417,8387,2156,1858,4373,6409,2107,4302,6940,3094,3846,2015,2015,13627,4412,3247,4598,1370,31779,3411,13919,10668,3781,18357,8657,9700,17629,8562,9067,17741,1611,8256,1568,6306
2026-09-23,10:00~17:00,平均停等延滯,34.7,40.3,23.6,26.3,19.3,17.0,24.2,1.1,38.8,25.3,22.8,31.1,22.0,30.8,20.6,12.4,35.4,27.1,32.1,27.8,55.9,24.2,5.2,5.7,4.9,10.8,10.4,11.1,24.9,24.9,11.5,15.7,0.7,9.4,30.9,9.4,17.1,8.2,8.6,9.2,4.5,9.3,0.3,8.1,11.7,4.7,7.8,2.9,6.6,21.8,7.2
2026-09-23,17:00~20:00,總停等延滯,748907.0,562001.0,186906.0,289193.0,124570.0,44418.0,31640.0,1886.0,46626.0,193040.0,42091.0,26686.0,46875.0,77388.0,117924.0,38959.0,33109.0,45856.0,126467.0,45113.0,29979.0,51375.0,17885.0,7118.0,10767.0,43763.0,22568.0,21195.0,23651.0,23651.0,101607.0,45288.0,2850.0,28352.0,25117.0,140830.0,27832.0,51249.0,55487.0,6262.0,34336.0,32754.0,1582.0,53568.0,34253.0,19315.0,60459.0,1553.0,27885.0,14106.0,16915.0,158.9,270.4,218.6,145.5,269.6,517.8,154.8,252.6,133.1,157.7,110.4,211.2,142.0,225.4,257.8,150.5,0.0,88.9,65.4,128.5,132.0
2026-09-23,17:00~20:00,通過量,20316,13103,7213,10425,6525,2729,1289,1146,1361,6286,1416,714,2128,2028,5040,2628,920,1492,4039,1469,1063,1507,3306,1225,2081,3807,1771,2036,1005,1005,7453,2470,1533,2673,777,12299,1401,5946,3765,1187,6941,3179,3762,7377,3133,4244,7634,826,3730,611,2467
2026-09-23,17:00~20:00,平均停等延滯,36.9,42.9,25.9,27.7,19.1,16.3,24.5,1.6,34.3,30.7,29.7,37.4,22.0,38.2,23.4,14.8,36.0,30.7,31.3,30.7,28.2,34.1,5.4,5.8,5.2,11.5,12.7,10.4,23.5,23.5,13.6,18.3,1.9,10.6,32.3,11.5,19.9,8.6,14.7,5.3,4.9,10.3,0.4,7.3,10.9,4.6,7.9,1.9,7.5,23.1,6.9
2026-09-23,10:00~12:00,總停等延滯,362632.0,278758.0,83874.0,173310.0,73262.0,27057.0,17340.0,866.0,27999.0,94613.0,20625.0,12389.0,34249.0,27350.0,43097.0,14379.0,14761.0,13957.0,67786.0,13283.0,26435.0,28068.0,8334.0,2501.0,5833.0,21711.0,8076.0,13635.0,12783.0,12783.0,41046.0,18224.0,1390.0,11566.0,9866.0,79111.0,19695.0,36509.0,13285.0,9622.0,12629.0,12099.0,530.0,46794.0,31906.0,14888.0,34776.0,837.0,15123.0,8470.0,10346.0,121.6,291.0,153.5,135.1,215.2,481.0,248.6,392.3,102.3,121.3,93.7,153.3,137.2,199.4,280.7,145.4,0.0,93.1,156.5,221.3,134.9
2026-09-23,10:00~12:00,通過量,10244,6618,3626,6814,3617,1650,731,646,590,3414,996,289,1357,772,2272,1255,403,614,2109,540,489,1080,1663,535,1128,1810,790,1020,506,506,3741,1156,988,1266,331,8613,952,3735,2809,1117,4977,2347,2630,4687,2269,2418,4855,454,2274,474,1653
2026-09-23,10:00~12:00,平均停等延滯,35.4,42.1,23.1,25.4,20.3,16.4,23.7,1.3,47.5,27.7,20.7,42.9,25.2,35.4,19.0,11.5,36.6,22.7,32.1,24.6,54.1,26.0,5.0,4.7,5.2,12.0,10.2,13.4,25.3,25.3,11.0,15.8,1.4,9.1,29.8,9.2,20.7,9.8,4.7,8.6,2.5,5.2,0.2,10.0,14.1,6.2,7.2,1.8,6.7,17.9,6.3
2026-09-23,14:00~16:00,總停等延滯,425739.0,330610.0,95129.0,207128.0,85089.0,33379.0,19963.0,933.0,30814.0,103372.0,24058.0,11079.0,37264.0,30971.0,56168.0,18910.0,16950.0,20308.0,85981.0,18515.0,33967.0,33499.0,8255.0,2621.0,5634.0,24368.0,10672.0,13696.0,15252.0,15252.0,47254.0,20561.0,501.0,12528.0,13664.0,91169.0,16713.0,33835.0,29635.0,10986.0,27706.0,27128.0,578.0,41928.0,28207.0,13721.0,46325.0,1471.0,18655.0,10538.0,15661.0,138.0,224.1,203.0,115.3,230.1,465.5,487.6,342.2,116.4,138.1,91.9,211.3,121.2,251.1,227.5,166.4,0.0,114.2,398.3,199.5,158.7
2026-09-23,14:00~16:00,通過量,11459,7625,3834,7263,4149,1722,707,898,822,3793,941,357,1513,982,2554,1402,460,692,2501,618,480,1403,1824,605,1219,1923,901,1022,603,603,3901,1275,921,1263,442,9197,973,3989,3108,1127,5321,2471,2850,5096,2474,2622,5103,422,2380,413,1888
2026-09-23,14:00~16:00,平均停等延滯,37.2,43.4,24.8,28.5,20.5,19.4,28.2,1.0,37.5,27.3,25.6,31.0,24.6,31.5,22.0,13.5,36.8,29.3,34.4,30.0,70.8,23.9,4.5,4.3,4.6,12.7,11.8,13.4,25.3,25.3,12.1,16.1,0.5,9.9,30.9,9.9,17.2,8.5,9.5,9.7,5.2,11.0,0.2,8.2,11.4,5.2,9.1,3.5,7.8,25.5,8.3
2026-09-23,16:00~19:00,總停等延滯,715001.0,521685.0,193316.0,319865.0,121879.0,43352.0,30960.0,1534.0,46033.0,161719.0,37083.0,17145.0,44960.0,62531.0,110872.0,37378.0,30462.0,43032.0,127215.0,39018.0,39243.0,48954.0,19679.0,7547.0,12132.0,39185.0,20852.0,18333.0,25245.0,25245.0,109207.0,47304.0,2897.0,30929.0,28077.0,170297.0,25753.0,49764.0,84490.0,10290.0,48788.0,47146.0,1642.0,48170.0,32638.0,15532.0,52610.0,2252.0,21545.0,13875.0,14938.0,137.8,278.1,162.2,110.6,242.9,533.5,162.6,284.2,119.1,138.9,105.0,158.5,111.8,250.1,278.4,158.6,0.0,91.7,71.4,159.9,130.4
2026-09-23,16:00~19:00,通過量,21442,13774,7668,11086,6914,2828,1393,1256,1437,6417,1424,660,2282,2051,5214,2709,965,1540,4273,1373,1124,1776,3467,1283,2184,4042,1909,2133,1102,1102,7948,2665,1584,2835,864,13218,1531,6348,3998,1341,7464,3313,4151,7623,3307,4316,7873,945,3721,657,2550
2026-09-23,16:00~19:00,平均停等延滯,33.3,37.9,25.2,28.9,17.6,15.3,22.2,1.2,32.0,25.2,26.0,26.0,19.7,30.5,21.3,13.8,31.6,27.9,29.8,28.4,34.9,27.6,5.7,5.9,5.6,9.7,10.9,8.6,22.9,22.9,13.7,17.8,1.8,10.9,32.5,12.9,16.8,7.8,21.1,7.7,6.5,14.2,0.4,6.3,9.9,3.6,6.7,2.4,5.8,21.1,5.9
2026-09-23,20:00~23:00,總停等延滯,519332.0,421298.0,98034.0,197512.0,90835.0,34875.0,18190.0,1882.0,35888.0,178884.0,24311.0,27607.0,48161.0,78805.0,68707.0,21443.0,13073.0,34191.0,82872.0,28309.0,16694.0,37869.0,7625.0,3199.0,4426.0,37801.0,11466.0,26335.0,11004.0,11004.0,41604.0,25885.0,408.0,7588.0,7723.0,64665.0,22700.0,36178.0,4870.0,917.0,15065.0,14666.0,399.0,55332.0,33854.0,21478.0,62450.0,870.0,31036.0,11805.0,18739.0,142.2,348.5,191.6,156.5,248.6,479.4,145.8,192.2,125.6,142.2,107.6,195.3,155.5,154.4,296.4,147.1,0.0,85.0,60.5,72.6,119.9
2026-09-23,20:00~23:00,通過量,10743,7503,3240,6620,4038,1683,723,876,756,4147,995,416,1440,1296,2495,1276,419,800,2294,884,543,867,1683,612,1071,1690,830,860,419,419,3382,1173,979,944,286,7598,957,3368,2681,592,4362,2417,1945,4711,2331,2380,5084,454,2335,357,1938
2026-09-23,20:00~23:00,平均停等延滯,48.3,56.2,30.3,29.8,22.5,20.7,25.2,2.1,47.5,43.1,24.4,66.4,33.4,60.8,27.5,16.8,31.2,42.7,36.1,32.0,30.7,43.7,4.5,5.2,4.1,22.4,13.8,30.6,26.3,26.3,12.3,22.1,0.4,8.0,27.0,8.5,23.7,10.7,1.8,1.5,3.5,6.1,0.2,11.7,14.5,9.0,12.3,1.9,13.3,33.1,9.7
2026-09-24,07:00~09:00,總停等延滯,656487.0,511811.0,144676.0,305824.0,126960.0,33045.0,42111.0,1285.0,50519.0,190419.0,27970.0,21160.0,61051.0,80238.0,88586.0,28660.0,28549.0,31377.0,105846.0,28184.0,28265.0,49397.0,15197.0,3711.0,11486.0,16040.0,8501.0,7539.0,20585.0,20585.0,92854.0,32446.0,9813.0,33759.0,16836.0,91510.0,18578.0,45860.0,12133.0,14939.0,56164.0,55233.0,931.0,77591.0,66388.0,11203.0,80559.0,7734.0,27852.0,20521.0,24452.0,146.8,209.6,157.6,123.6,229.0,382.5,144.4,385.8,111.7,147.1,84.3,160.7,129.6,170.7,213.4,169.6,0.0,86.2,60.3,205.4,181.7
2026-09-24,07:00~09:00,通過量,14067,8769,5298,7212,4278,1605,1010,759,904,4158,966,413,1510,1269,2992,1317,825,850,2711,818,726,1167,2283,661,1622,2508,1004,1504,684,684,5497,1544,1496,1985,472,10035,809,3875,3913,1438,5414,2656,2758,5466,2812,2654,5526,846,2152,570,1958
2026-09-24,07:00~09:00,平均停等延滯,46.7,58.4,27.3,42.4,29.7,20.6,41.7,1.7,55.9,45.8,29.0,51.2,40.4,63.2,29.6,21.8,34.6,36.9,39.0,34.5,38.9,42.3,6.7,5.6,7.1,6.4,8.5,5.0,30.1,30.1,16.9,21.0,6.6,17.0,35.7,9.1,23.0,11.8,3.1,10.4,10.4,20.8,0.3,14.2,23.6,4.2,14.6,9.1,12.9,36.0,12.5
2026-09-24,10:00~17:00,總停等延滯,1545660.0,1187860.0,357800.0,648420.0,315319.0,110932.0,79037.0,3450.0,121900.0,396358.0,85427.0,43445.0,122685.0,144801.0,217444.0,80272.0,62937.0,74235.0,258739.0,81469.0,63218.0,114052.0,34216.0,11955.0,22261.0,85965.0,44478.0,41487.0,55277.0,55277.0,182342.0,82658.0,2688.0,52994.0,44002.0,248858.0,62531.0,123431.0,35659.0,27237.0,93857.0,90419.0,3438.0,146184.0,109958.0,36226.0,159521.0,13990.0,60748.0,34974.0,49809.0,154.7,322.5,181.1,158.6,262.4,509.5,227.3,366.7,134.6,157.1,107.4,178.1,158.0,186.7,312.7,168.7,0.0,112.6,116.0,183.0,162.8
2026-09-24,10:00~17:00,通過量,43167,28472,14695,25075,15274,6188,3026,3145,2915,14807,3402,1483,5655,4267,10073,5601,1958,2514,8794,2673,2028,4093,7168,2458,4710,8035,3621,4414,2099,2099,14970,4832,3544,5183,1411,31391,3409,13424,10867,3691,18587,8829,9758,18064,8740,9324,18679,1823,8614,1553,6689
2026-09-24,10:00~17:00,平均停等延滯,35.8,41.7,24.3,25.9,20.6,17.9,26.1,1.1,41.8,26.8,25.1,29.3,21.7,33.9,21.6,14.3,32.1,29.5,29.4,30.5,31.2,27.9,4.8,4.9,4.7,10.7,12.3,9.4,26.3,26.3,12.2,17.1,0.8,10.2,31.2,7.9,18.3,9.2,3.3,7.4,5.0,10.2,0.4,8.1,12.6,3.9,8.5,7.7,7.1,22.5,7.4
2026-09-24,17:00~20:00,總停等延滯,964154.0,706803.0,257351.0,278819.0,150064.0,51885.0,36560.0,2049.0,59570.0,262003.0,68734.0,23428.0,61627.0,108214.0,164599.0,53272.0,43384.0,67943.0,130137.0,41753.0,23072.0,65312.0,29640.0,8720.0,20920.0,63460.0,29913.0,33547.0,29491.0,29491.0,134760.0,48977.0,6577.0,51740.0,27466.0,121517.0,25903.0,58990.0,28821.0,7803.0,34787.0,33228.0,1559.0,51466.0,35201.0,16265.0,71049.0,3223.0,33756.0,15973.0,18097.0,171.9,316.2,201.3,127.8,281.4,627.3,176.0,272.6,127.8,172.2,109.5,202.9,132.2,303.3,335.5,0.0,0.0,92.5,89.6,127.9,158.9
2026-09-24,17:00~20:00,通過量,24670,15805,8865,9824,7642,3213,1542,1383,1504,7798,1859,818,2496,2625,6304,3052,1460,1792,4596,1745,1183,1668,4177,1457,2720,5162,2101,3061,1150,1150,9143,2885,1810,3513,935,11749,1280,5157,4083,1229,7370,3395,3975,7673,3164,4509,8651,1022,4242,769,2618
2026-09-24,17:00~20:00,平均停等延滯,39.1,44.7,29.0,28.4,19.6,16.1,23.7,1.5,39.6,33.6,37.0,28.6,24.7,41.2,26.1,17.5,29.7,37.9,28.3,23.9,19.5,39.2,7.1,6.0,7.7,12.3,14.2,11.0,25.6,25.6,14.7,17.0,3.6,14.7,29.4,10.3,20.2,11.4,7.1,6.3,4.7,9.8,0.4,6.7,11.1,3.6,8.2,3.2,8.0,20.8,6.9
2026-09-24,10:00~12:00,總停等延滯,407405.0,314414.0,92991.0,182751.0,85347.0,29867.0,20745.0,1085.0,33650.0,108233.0,17843.0,13643.0,39487.0,37260.0,51028.0,18608.0,15080.0,17340.0,69806.0,19144.0,15471.0,35191.0,8972.0,3154.0,5818.0,22095.0,11686.0,10409.0,14434.0,14434.0,47490.0,20345.0,577.0,14616.0,11952.0,69896.0,21241.0,40069.0,270.0,8316.0,11763.0,11108.0,655.0,52768.0,37236.0,15532.0,48324.0,4182.0,19675.0,10923.0,13544.0,136.0,319.7,164.1,99.3,248.9,530.9,154.7,446.7,155.6,135.9,113.0,169.0,102.4,210.9,315.9,188.7,0.0,91.0,64.2,185.6,200.9
2026-09-24,10:00~12:00,通過量,10619,6938,3681,6900,3652,1532,764,771,585,3750,818,373,1533,1026,2416,1379,463,574,2192,571,490,1131,1836,586,1250,1996,856,1140,476,476,3760,1141,946,1347,326,9104,968,3763,3261,1112,5070,2471,2599,4835,2421,2414,4926,487,2270,397,1772
2026-09-24,10:00~12:00,平均停等延滯,38.4,45.3,25.3,26.5,23.4,19.5,27.2,1.4,57.5,28.9,21.8,36.6,25.8,36.3,21.1,13.5,32.6,30.2,31.8,33.5,31.6,31.1,4.9,5.4,4.7,11.1,13.7,9.1,30.3,30.3,12.6,17.8,0.6,10.9,36.7,7.7,21.9,10.6,0.1,7.5,2.3,4.5,0.3,10.9,15.4,6.4,9.8,8.6,8.7,27.5,7.6
2026-09-24,14:00~16:00,總停等延滯,470373.0,365829.0,104544.0,204956.0,96050.0,33168.0,22428.0,992.0,39462.0,124924.0,30199.0,13188.0,34604.0,46933.0,67652.0,26391.0,17577.0,23684.0,77203.0,27102.0,19765.0,30336.0,8546.0,3109.0,5437.0,24096.0,13037.0,11059.0,15556.0,15556.0,56346.0,26888.0,526.0,14597.0,14335.0,80290.0,16818.0,33490.0,21507.0,8475.0,41289.0,40055.0,1234.0,39905.0,31891.0,8014.0,43472.0,4388.0,16785.0,8047.0,14252.0,142.8,309.1,158.7,131.6,251.9,502.2,268.4,331.6,149.3,142.8,108.6,159.8,116.6,198.7,338.2,153.8,0.0,136.9,142.4,186.1,138.6
2026-09-24,14:00~16:00,通過量,13225,8695,4530,7264,4751,1896,907,993,955,4490,1075,442,1635,1338,3070,1723,571,776,2652,842,570,1240,2206,795,1411,2423,1191,1232,795,795,4543,1603,1067,1469,404,8837,1004,3912,2810,1111,5336,2470,2866,5129,2402,2727,5375,517,2510,430,1918
2026-09-24,14:00~16:00,平均停等延滯,35.6,42.1,23.1,28.2,20.2,17.5,24.7,1.0,41.3,27.8,28.1,29.8,21.2,35.1,22.0,15.3,30.8,30.5,29.1,32.2,34.7,24.5,3.9,3.9,3.9,9.9,10.9,9.0,19.6,19.6,12.4,16.8,0.5,9.9,35.5,9.1,16.8,8.6,7.7,7.6,7.7,16.2,0.4,7.8,13.3,2.9,8.1,8.5,6.7,18.7,7.4
2026-09-24,16:00~19:00,總停等延滯,865210.0,608403.0,256807.0,287132.0,142152.0,47218.0,37284.0,1487.0,56163.0,202597.0,51726.0,16575.0,48202.0,86094.0,142058.0,45349.0,40644.0,56065.0,121596.0,35528.0,25514.0,60554.0,26735.0,8465.0,18270.0,57199.0,28027.0,29172.0,30502.0,30502.0,142371.0,50667.0,7179.0,55051.0,29474.0,134080.0,25226.0,58582.0,38976.0,11296.0,45563.0,43593.0,1970.0,48419.0,34538.0,13881.0,59070.0,3727.0,24856.0,15045.0,15442.0,167.5,315.3,209.6,183.5,274.3,600.0,220.3,309.2,118.6,167.9,106.3,196.6,196.2,281.3,318.0,0.0,0.0,85.5,151.6,177.1,144.2
2026-09-24,16:00~19:00,通過量,25023,15638,9385,10404,7753,3094,1705,1367,1587,7304,1681,773,2404,2446,6294,3167,1345,1782,4513,1607,1159,1747,4192,1556,2636,5217,2202,3015,1206,1206,9597,2974,1941,3649,1033,12531,1395,5476,4246,1414,7754,3395,4359,7687,3278,4409,8624,1070,4021,800,2733
2026-09-24,16:00~19:00,平均停等延滯,34.6,38.9,27.4,27.6,18.3,15.3,21.9,1.1,35.4,27.7,30.8,21.4,20.1,35.2,22.6,14.3,30.2,31.5,26.9,22.1,22.0,34.7,6.4,5.4,6.9,11.0,12.7,9.7,25.3,25.3,14.8,17.0,3.7,15.1,28.5,10.7,18.1,10.7,9.2,8.0,5.9,12.8,0.5,6.3,10.5,3.1,6.8,3.5,6.2,18.8,5.7
2026-09-24,20:00~23:00,總停等延滯,1154127.0,965630.0,188497.0,296418.0,156017.0,65618.0,32363.0,3525.0,54511.0,544844.0,98150.0,57538.0,145501.0,243655.0,132633.0,51239.0,32662.0,48732.0,132136.0,46401.0,17201.0,68534.0,18397.0,6634.0,11763.0,49277.0,24969.0,24308.0,19499.0,19499.0,101324.0,59067.0,1147.0,21986.0,19124.0,48724.0,12405.0,32423.0,533.0,3363.0,46668.0,45939.0,729.0,90325.0,70201.0,20124.0,110701.0,2583.0,41099.0,26750.0,40269.0,155.7,399.6,199.3,173.4,268.7,725.8,141.1,290.5,136.0,158.1,112.7,196.0,182.0,345.9,384.0,0.0,0.0,77.4,64.9,110.9,168.8
2026-09-24,20:00~23:00,通過量,17456,12224,5232,6634,6090,2548,911,1612,1019,7872,1790,858,2563,2661,4279,2084,1048,1147,3618,1586,707,1325,3101,1015,2086,3092,1549,1543,711,711,5773,2267,1307,1595,604,8160,407,2387,4434,932,6542,3889,2653,7318,3860,3458,7835,566,3429,714,3126
2026-09-24,20:00~23:00,平均停等延滯,66.1,79.0,36.0,44.7,25.6,25.8,35.5,2.2,53.5,69.2,54.8,67.1,56.8,91.6,31.0,24.6,31.2,42.5,36.5,29.3,24.3,51.7,5.9,6.5,5.6,15.9,16.1,15.8,27.4,27.4,17.6,26.1,0.9,13.8,31.7,6.0,30.5,13.6,0.1,3.6,7.1,11.8,0.3,12.3,18.2,5.8,14.1,4.6,12.0,37.5,12.9
2026-09-25,07:00~09:00,總停等延滯,360276.0,286404.0,73872.0,159100.0,74802.0,40098.0,11694.0,693.0,22317.0,128916.0,21785.0,8406.0,40843.0,57882.0,34209.0,16052.0,7255.0,10902.0,48477.0,18661.0,11904.0,17912.0,7755.0,5809.0,1946.0,21924.0,18187.0,3737.0,11800.0,11800.0,32393.0,22469.0,68.0,6828.0,3028.0,45901.0,14751.0,27731.0,1968.0,1451.0,4108.0,3646.0,462.0,53620.0,34974.0,18646.0,55471.0,709.0,34036.0,8182.0,12544.0,105.6,151.4,167.0,188.9,214.8,378.7,189.5,154.5,118.1,105.6,109.0,173.7,192.5,185.3,149.8,142.2,0.0,124.3,68.3,60.6,94.6
2026-09-25,07:00~09:00,通過量,7700,5016,2684,4665,2907,1723,407,503,274,2974,884,201,963,926,1962,1223,364,375,1318,572,261,485,1370,657,713,1718,1053,665,380,380,2985,1338,616,808,223,5724,632,2734,1794,564,3853,1510,2343,3473,1387,2086,3538,247,1992,200,1099
2026-09-25,07:00~09:00,平均停等延滯,46.8,57.1,27.5,34.1,25.7,23.3,28.7,1.4,81.4,43.3,24.6,41.8,42.4,62.5,17.4,13.1,19.9,29.1,36.8,32.6,45.6,36.9,5.7,8.8,2.7,12.8,17.3,5.6,31.1,31.1,10.9,16.8,0.1,8.5,13.6,8.0,23.3,10.1,1.1,2.6,1.1,2.4,0.2,15.4,25.2,8.9,15.7,2.9,17.1,40.9,11.4
2026-09-25,10:00~17:00,總停等延滯,2891807.0,2333141.0,558666.0,907052.0,492047.0,154754.0,130209.0,4024.0,203060.0,1057696.0,153543.0,94440.0,320955.0,488758.0,431268.0,202064.0,91457.0,137747.0,352130.0,66096.0,101713.0,184321.0,47865.0,17553.0,30312.0,186353.0,93107.0,93246.0,75065.0,75065.0,249383.0,112430.0,8237.0,77486.0,51230.0,291764.0,72320.0,141613.0,63593.0,14238.0,63654.0,61123.0,2531.0,256284.0,166182.0,90102.0,295350.0,10392.0,159747.0,48042.0,77169.0,156.5,373.9,198.5,147.5,257.8,649.3,161.5,314.1,118.0,156.2,100.7,200.8,154.9,303.5,354.7,167.2,0.0,86.2,74.1,89.0,195.8
2026-09-25,10:00~17:00,通過量,47685,31444,16241,25865,17012,7260,3329,3201,3222,16066,3741,1651,5395,5279,13729,8393,2495,2841,8366,2999,2037,3330,7923,2960,4963,9206,4311,4895,2252,2252,16701,5672,3933,5535,1561,31029,3693,14061,10728,2547,20281,8597,11684,19841,8525,11316,20157,1459,10587,1272,6839
2026-09-25,10:00~17:00,平均停等延滯,60.6,74.2,34.4,35.1,28.9,21.3,39.1,1.3,63.0,65.8,41.0,57.2,59.5,92.6,31.4,24.1,36.7,48.5,42.1,22.0,49.9,55.4,6.0,5.9,6.1,20.2,21.6,19.0,33.3,33.3,14.9,19.8,2.1,14.0,32.8,9.4,19.6,10.1,5.9,5.6,3.1,7.1,0.2,12.9,19.5,8.0,14.7,7.1,15.1,37.8,11.3
2026-09-25,17:00~20:00,總停等延滯,1061438.0,862692.0,198746.0,378225.0,217161.0,67828.0,43791.0,1982.0,103560.0,330136.0,53375.0,41554.0,80317.0,154890.0,178535.0,84176.0,41041.0,53318.0,136860.0,27389.0,26985.0,82486.0,23957.0,5902.0,18055.0,74107.0,31278.0,42829.0,21309.0,21309.0,79373.0,37525.0,692.0,18628.0,22528.0,146965.0,31347.0,55126.0,56572.0,3920.0,42136.0,41274.0,862.0,87659.0,64592.0,23067.0,101465.0,3280.0,44284.0,18483.0,35418.0,188.8,257.1,182.2,195.6,288.3,574.9,183.0,247.7,109.8,189.2,98.6,185.6,203.5,321.9,251.5,147.9,0.0,106.7,82.3,114.2,130.0
2026-09-25,17:00~20:00,通過量,17455,11956,5499,9769,6580,2442,1017,1150,1971,5770,1289,635,1985,1861,4677,2565,892,1220,3075,1157,719,1199,3035,985,2050,3245,1416,1829,734,734,5668,1888,1269,1820,691,11222,1271,4952,4156,843,6924,3614,3310,7408,3613,3795,7605,585,3474,545,3001
2026-09-25,17:00~20:00,平均停等延滯,60.8,72.2,36.1,38.7,33.0,27.8,43.1,1.7,52.5,57.2,41.4,65.4,40.5,83.2,38.2,32.8,46.0,43.7,44.5,23.7,37.5,68.8,7.9,6.0,8.8,22.8,22.1,23.4,29.0,29.0,14.0,19.9,0.5,10.2,32.6,13.1,24.7,11.1,13.6,4.7,6.1,11.4,0.3,11.8,17.9,6.1,13.3,5.6,12.7,33.9,11.8
2026-09-25,10:00~12:00,總停等延滯,743781.0,601234.0,142547.0,239119.0,115917.0,40044.0,29084.0,1184.0,45605.0,283950.0,38314.0,23929.0,94737.0,126970.0,104343.0,45861.0,27287.0,31195.0,97024.0,20075.0,26322.0,50627.0,12530.0,6009.0,6521.0,43418.0,25237.0,18181.0,21836.0,21836.0,64763.0,34238.0,543.0,17305.0,12677.0,75935.0,20612.0,40152.0,11911.0,3260.0,9407.0,8775.0,632.0,76821.0,48903.0,27918.0,76956.0,3036.0,41654.0,13046.0,19220.0,138.3,339.0,192.5,139.8,236.2,650.0,164.0,418.2,110.6,138.3,97.8,195.3,150.0,359.4,301.6,145.0,0.0,84.3,79.1,86.4,257.1
2026-09-25,10:00~12:00,通過量,13181,8631,4550,6830,4469,2088,922,842,617,4462,1062,426,1535,1439,3807,2287,822,698,2439,820,615,1004,2282,889,1393,2770,1372,1398,617,617,4817,1773,992,1642,410,8198,986,3705,2821,686,5596,2281,3315,5258,2217,3041,5550,449,2962,368,1771
2026-09-25,10:00~12:00,平均停等延滯,56.4,69.7,31.3,35.0,25.9,19.2,31.5,1.4,73.9,63.6,36.1,56.2,61.7,88.2,27.4,20.1,33.2,44.7,39.8,24.5,42.8,50.4,5.5,6.8,4.7,15.7,18.4,13.0,35.4,35.4,13.4,19.3,0.5,10.5,30.9,9.3,20.9,10.8,4.2,4.8,1.7,3.8,0.2,14.6,22.1,9.2,13.9,6.8,14.1,35.5,10.9
2026-09-25,14:00~16:00,總停等延滯,871987.0,707252.0,164735.0,267666.0,168118.0,47441.0,50056.0,1053.0,69568.0,300362.0,41939.0,26717.0,93450.0,138256.0,138874.0,70441.0,22930.0,45503.0,99898.0,18953.0,30203.0,50742.0,17998.0,5926.0,12072.0,51763.0,19638.0,32125.0,22170.0,22170.0,72804.0,33814.0,2791.0,19563.0,16636.0,90486.0,20368.0,41645.0,23385.0,5088.0,24004.0,23442.0,562.0,66066.0,41147.0,24919.0,87110.0,1774.0,44413.0,16323.0,24600.0,161.0,352.5,150.3,181.7,254.9,551.7,163.0,288.4,118.0,161.1,94.4,147.5,194.2,180.4,350.5,176.1,0.0,95.2,65.9,98.8,169.8
2026-09-25,14:00~16:00,通過量,14232,9324,4908,7803,5231,2092,1032,917,1190,4569,1003,499,1571,1496,4121,2612,638,871,2376,870,591,915,2272,879,1393,2651,1231,1420,695,695,4980,1646,1253,1627,454,9419,1134,4216,3288,781,5990,2585,3405,5880,2565,3315,5948,408,3087,357,2096
2026-09-25,14:00~16:00,平均停等延滯,61.3,75.9,33.6,34.3,32.1,22.7,48.5,1.1,58.5,65.7,41.8,53.5,59.5,92.4,33.7,27.0,35.9,52.2,42.0,21.8,51.1,55.5,7.9,6.7,8.7,19.5,16.0,22.6,31.9,31.9,14.6,20.5,2.2,12.0,36.6,9.6,18.0,9.9,7.1,6.5,4.0,9.1,0.2,11.2,16.0,7.5,14.6,4.3,14.4,45.7,11.7
2026-09-25,16:00~19:00,總停等延滯,1293545.0,1027876.0,265669.0,429921.0,255840.0,77926.0,56443.0,1932.0,119539.0,400179.0,61624.0,43704.0,110546.0,184305.0,224611.0,114999.0,45946.0,63666.0,147246.0,31014.0,30426.0,85806.0,25430.0,6195.0,19235.0,99712.0,46525.0,53187.0,26874.0,26874.0,113653.0,47940.0,4648.0,35601.0,25464.0,167154.0,33457.0,61981.0,64565.0,7151.0,51883.0,50557.0,1326.0,96259.0,68422.0,27837.0,114625.0,4195.0,58955.0,16517.0,34958.0,200.2,238.3,179.8,178.3,302.9,589.9,174.0,258.1,118.5,203.4,101.9,185.4,176.5,328.3,250.0,164.9,0.0,84.7,88.2,121.9,132.8
2026-09-25,16:00~19:00,通過量,19823,13176,6647,10889,7294,2801,1231,1274,1988,6367,1469,693,2053,2152,5491,3182,1007,1302,3320,1318,793,1209,3417,1222,2195,3817,1731,2086,915,915,6804,2294,1585,2172,753,12692,1450,5752,4417,1073,8164,3850,4314,8368,3811,4557,8414,635,4092,518,3169
2026-09-25,16:00~19:00,平均停等延滯,65.3,78.0,40.0,39.5,35.1,27.8,45.9,1.5,60.1,62.9,41.9,63.1,53.8,85.6,40.9,36.1,45.6,48.9,44.4,23.5,38.4,71.0,7.4,5.1,8.8,26.1,26.9,25.5,29.4,29.4,16.7,20.9,2.9,16.4,33.8,13.2,23.1,10.8,14.6,6.7,6.4,13.1,0.3,11.5,18.0,6.1,13.6,6.6,14.4,31.9,11.0
2026-09-25,20:00~23:00,總停等延滯,762626.0,589796.0,172830.0,350417.0,141941.0,42683.0,22822.0,2613.0,73823.0,235444.0,32926.0,24187.0,73016.0,105315.0,107433.0,28431.0,27883.0,51119.0,104978.0,19303.0,13887.0,71788.0,13649.0,4926.0,8723.0,50403.0,23134.0,27269.0,12798.0,12798.0,95980.0,56818.0,69.0,12329.0,26764.0,98289.0,23947.0,35850.0,32631.0,5861.0,36944.0,36459.0,485.0,98960.0,82554.0,16406.0,116224.0,8086.0,23804.0,25516.0,58818.0,157.0,219.0,253.6,198.2,264.0,537.5,136.5,333.2,110.9,156.4,107.7,264.8,189.5,331.6,219.6,177.8,0.0,82.3,53.9,106.2,207.4
2026-09-25,20:00~23:00,通過量,13244,9271,3973,7386,5027,1619,617,1164,1627,4634,943,380,1715,1596,3134,1322,709,1103,2551,931,423,1197,2303,738,1565,2115,1029,1086,462,462,4377,1604,876,1215,682,9245,755,3232,4369,889,5427,3643,1784,6097,3583,2514,6359,637,2323,553,2846
2026-09-25,20:00~23:00,平均停等延滯,57.6,63.6,43.5,47.4,28.2,26.4,37.0,2.2,45.4,50.8,34.9,63.6,42.6,66.0,34.3,21.5,39.3,46.3,41.2,20.7,32.8,60.0,5.9,6.7,5.6,23.8,22.5,25.1,27.7,27.7,21.9,35.4,0.1,10.1,39.2,10.6,31.7,11.1,7.5,6.6,6.8,10.0,0.3,16.2,23.0,6.5,18.3,12.7,10.2,46.1,20.7
2026-09-26,07:00~09:00,總停等延滯,240053.0,205078.0,34975.0,115421.0,51532.0,23709.0,8949.0,537.0,18337.0,90367.0,17141.0,6641.0,37404.0,29181.0,25558.0,9152.0,10003.0,6403.0,37621.0,13485.0,7465.0,16671.0,3764.0,1957.0,1807.0,8142.0,3607.0,4535.0,6532.0,6532.0,16537.0,8616.0,20.0,4545.0,3356.0,33161.0,12162.0,19393.0,815.0,791.0,2613.0,2467.0,146.0,42614.0,29895.0,12719.0,37033.0,494.0,17397.0,9105.0,10037.0,107.2,115.0,188.4,131.4,181.4,310.4,229.0,239.2,105.7,108.9,73.4,186.2,133.6,207.1,114.4,184.8,0.0,125.8,111.6,62.0,177.1
2026-09-26,07:00~09:00,通過量,5104,3430,1674,2946,1863,992,278,368,225,2113,624,141,761,587,1139,628,244,267,1069,373,253,443,871,294,577,916,388,528,163,163,1722,505,419,614,184,3999,308,1527,1686,478,2795,1244,1551,2750,1317,1433,2659,267,1281,194,917
2026-09-26,07:00~09:00,平均停等延滯,47.0,59.8,20.9,39.2,27.7,23.9,32.2,1.5,81.5,42.8,27.5,47.1,49.2,49.7,22.4,14.6,41.0,24.0,35.2,36.2,29.5,37.6,4.3,6.7,3.1,8.9,9.3,8.6,40.1,40.1,9.6,17.1,0.0,7.4,18.2,8.3,39.5,12.7,0.5,1.7,0.9,2.0,0.1,15.5,22.7,8.9,13.9,1.9,13.6,46.9,10.9
2026-09-26,10:00~17:00,總停等延滯,2430797.0,2061951.0,368846.0,867720.0,446000.0,142211.0,108975.0,3496.0,191318.0,879444.0,129581.0,102663.0,277040.0,370160.0,443692.0,201331.0,101599.0,140762.0,292815.0,55952.0,77482.0,159381.0,46011.0,10675.0,35336.0,100938.0,39668.0,61270.0,53716.0,53716.0,168181.0,68774.0,3662.0,53700.0,42045.0,262830.0,68229.0,125049.0,58109.0,11443.0,68536.0,66439.0,2097.0,248788.0,170463.0,78325.0,287566.0,14953.0,144634.0,48142.0,79837.0,162.4,274.6,161.4,142.7,258.7,483.3,221.0,241.5,151.6,164.3,97.6,165.3,142.2,230.5,267.3,137.5,0.0,95.1,131.1,97.3,149.0
2026-09-26,10:00~17:00,通過量,42082,29326,12756,20741,15786,6266,3244,2735,3541,14676,3519,1544,5123,4490,12556,7318,2284,2954,7576,2573,1958,3045,6291,1854,4437,6906,2670,4236,1641,1641,13023,3762,3251,4597,1413,25322,1662,11081,10280,2299,19769,8651,11118,19305,8639,10666,19456,1645,9813,1394,6604
2026-09-26,10:00~17:00,平均停等延滯,57.8,70.3,28.9,41.8,28.3,22.7,33.6,1.3,54.0,59.9,36.8,66.5,54.1,82.4,35.3,27.5,44.5,47.7,38.7,21.7,39.6,52.3,7.3,5.8,8.0,14.6,14.9,14.5,32.7,32.7,12.9,18.3,1.1,11.7,29.8,10.4,41.1,11.3,5.7,5.0,3.5,7.7,0.2,12.9,19.7,7.3,14.8,9.1,14.7,34.5,12.1
2026-09-26,17:00~20:00,總停等延滯,1057501.0,865620.0,191881.0,386165.0,251387.0,93173.0,42621.0,2182.0,113411.0,292021.0,46433.0,37636.0,89146.0,118806.0,191990.0,88700.0,43030.0,60260.0,130222.0,27896.0,25902.0,76424.0,28177.0,10534.0,17643.0,66373.0,26430.0,39943.0,19927.0,19927.0,77404.0,33676.0,380.0,20388.0,22960.0,133025.0,32800.0,53635.0,38871.0,7719.0,48699.0,48088.0,611.0,93825.0,70633.0,23192.0,110616.0,6538.0,41374.0,16825.0,45879.0,180.8,213.2,178.6,142.1,277.9,452.7,154.4,284.4,119.2,180.9,97.6,175.4,140.0,241.9,211.4,162.7,0.0,89.5,61.9,126.2,153.9
2026-09-26,17:00~20:00,通過量,17404,11952,5452,8499,6721,2298,1022,1240,2161,5497,1194,607,2011,1685,4772,2593,826,1353,3132,1132,704,1296,2982,976,2006,2990,1256,1734,725,725,5539,1788,1209,1784,758,10250,750,3928,4595,977,7436,4103,3333,7798,4058,3740,7956,664,3471,464,3357
2026-09-26,17:00~20:00,平均停等延滯,60.8,72.4,35.2,45.4,37.4,40.5,41.7,1.8,52.5,53.1,38.9,62.0,44.3,70.5,40.2,34.2,52.1,44.5,41.6,24.6,36.8,59.0,9.4,10.8,8.8,22.2,21.0,23.0,27.5,27.5,14.0,18.8,0.3,11.4,30.3,13.0,43.7,13.7,8.5,7.9,6.5,11.7,0.2,12.0,17.4,6.2,13.9,9.8,11.9,36.3,13.7
2026-09-26,10:00~12:00,總停等延滯,585390.0,496858.0,88532.0,220890.0,85921.0,30457.0,23373.0,934.0,31157.0,217887.0,29628.0,25246.0,75563.0,87450.0,113570.0,50303.0,31189.0,32078.0,79480.0,15887.0,19938.0,43655.0,12013.0,2092.0,9921.0,21616.0,9969.0,11647.0,14093.0,14093.0,40810.0,15400.0,361.0,16054.0,8995.0,58317.0,16913.0,30692.0,9319.0,1393.0,9087.0,8589.0,498.0,73833.0,47870.0,25963.0,79653.0,3781.0,43764.0,14279.0,17829.0,148.3,236.9,147.1,122.4,240.6,400.9,261.5,191.5,133.7,148.8,93.6,147.6,120.5,182.7,235.6,133.2,0.0,87.0,176.3,70.3,130.1
2026-09-26,10:00~12:00,通過量,10782,7463,3319,5354,3884,1777,861,670,576,3995,1021,366,1417,1191,3145,1826,677,642,2041,668,529,844,1646,438,1208,1902,670,1232,348,348,3459,926,794,1361,378,6624,433,3001,2611,579,5157,2109,3048,5090,2163,2927,5159,479,2760,430,1490
2026-09-26,10:00~12:00,平均停等延滯,54.3,66.6,26.7,41.3,22.1,17.1,27.1,1.4,54.1,54.5,29.0,69.0,53.3,73.4,36.1,27.5,46.1,50.0,38.9,23.8,37.7,51.7,7.3,4.8,8.2,11.4,14.9,9.5,40.5,40.5,11.8,16.6,0.5,11.8,23.8,8.8,39.1,10.2,3.6,2.4,1.8,4.1,0.2,14.5,22.1,8.9,15.4,7.9,15.9,33.2,12.0
2026-09-26,14:00~16:00,總停等延滯,782090.0,662536.0,119554.0,274114.0,145526.0,42808.0,34888.0,1100.0,66730.0,288597.0,45121.0,31843.0,86761.0,124872.0,144293.0,67728.0,31403.0,45162.0,84120.0,15193.0,23565.0,45362.0,15923.0,3154.0,12769.0,34464.0,13524.0,20940.0,16559.0,16559.0,52608.0,22536.0,608.0,17739.0,11725.0,88010.0,21524.0,39247.0,21875.0,5364.0,26025.0,25359.0,666.0,70180.0,47593.0,22587.0,89899.0,3562.0,42041.0,14426.0,29870.0,163.0,346.5,156.6,160.9,269.3,603.4,212.8,232.2,151.1,164.4,106.4,156.8,160.4,317.1,351.0,155.6,0.0,86.3,133.0,80.5,151.0
2026-09-26,14:00~16:00,通過量,13103,9194,3909,6456,4973,1785,948,892,1348,4538,986,505,1609,1438,3999,2287,713,999,2231,773,603,855,1963,579,1384,2162,877,1285,567,567,3991,1228,1008,1362,393,7649,539,3328,3038,744,5979,2719,3260,5807,2692,3115,5965,472,2904,379,2210
2026-09-26,14:00~16:00,平均停等延滯,59.7,72.1,30.6,42.5,29.3,24.0,36.8,1.2,49.5,63.6,45.8,63.1,53.9,86.8,36.1,29.6,44.0,45.2,37.7,19.7,39.1,53.1,8.1,5.4,9.2,15.9,15.4,16.3,29.2,29.2,13.2,18.4,0.6,13.0,29.8,11.5,39.9,11.8,7.2,7.2,4.4,9.3,0.2,12.1,17.7,7.3,15.1,7.5,14.5,38.1,13.5
2026-09-26,16:00~19:00,總停等延滯,1162211.0,971072.0,191139.0,419409.0,286949.0,101124.0,51905.0,1868.0,132052.0,325607.0,51815.0,37100.0,101605.0,135087.0,224394.0,112053.0,42157.0,70184.0,134122.0,29650.0,31534.0,72938.0,20036.0,7016.0,13020.0,61230.0,25943.0,35287.0,23125.0,23125.0,86748.0,34968.0,1897.0,21611.0,28272.0,152106.0,37570.0,63457.0,41959.0,9120.0,55610.0,54765.0,845.0,102335.0,77484.0,24851.0,109358.0,7109.0,44000.0,15786.0,42463.0,187.5,210.4,162.2,146.2,283.6,392.0,203.6,277.3,125.5,187.2,95.8,164.3,142.0,181.7,208.0,160.5,0.0,108.4,103.7,135.0,143.4
2026-09-26,16:00~19:00,通過量,18533,12579,5954,9286,7104,2433,1180,1261,2230,5786,1294,635,2030,1827,5209,2942,820,1447,3182,1175,765,1242,2967,1002,1965,3065,1267,1798,805,805,6012,1865,1396,1927,824,11284,839,4458,4934,1053,8386,4243,4143,8267,4139,4128,8491,733,3769,510,3479
2026-09-26,16:00~19:00,平均停等延滯,62.7,77.2,32.1,45.2,40.4,41.6,44.0,1.5,59.2,56.3,40.0,58.4,50.1,73.9,43.1,38.1,51.4,48.5,42.2,25.2,41.2,58.7,6.8,7.0,6.6,20.0,20.5,19.6,28.7,28.7,14.4,18.7,1.4,11.2,34.3,13.5,44.8,14.2,8.5,8.7,6.6,12.9,0.2,12.4,18.7,6.0,12.9,9.7,11.7,31.0,12.2
2026-09-26,20:00~23:00,總停等延滯,697332.0,559626.0,137706.0,294023.0,158479.0,47369.0,22971.0,1979.0,86160.0,212008.0,36284.0,25845.0,64725.0,85154.0,93665.0,29211.0,21087.0,43367.0,95474.0,21140.0,15976.0,58358.0,15929.0,5202.0,10727.0,43475.0,22839.0,20636.0,10344.0,10344.0,67958.0,44401.0,142.0,8549.0,14866.0,93922.0,23952.0,36860.0,28299.0,4811.0,37451.0,37095.0,356.0,84521.0,67466.0,17055.0,78129.0,2327.0,19181.0,13135.0,43486.0,164.0,191.3,222.7,171.1,266.3,613.5,208.6,312.4,105.3,165.6,103.5,221.9,173.9,422.2,186.8,0.0,0.0,141.0,54.5,125.1,200.1
2026-09-26,20:00~23:00,通過量,12214,8719,3495,6567,4919,1612,566,1120,1621,4564,989,421,1766,1388,2981,1379,547,1055,2401,892,387,1122,2001,716,1285,1934,978,956,393,393,3816,1430,856,1048,482,8129,556,2587,4189,797,5363,3598,1765,6009,3558,2451,6124,486,2214,370,3054
2026-09-26,20:00~23:00,平均停等延滯,57.1,64.2,39.4,44.8,32.2,29.4,40.6,1.8,53.2,46.5,36.7,61.4,36.7,61.4,31.4,21.2,38.6,41.1,39.8,23.7,41.3,52.0,8.0,7.3,8.3,22.5,23.4,21.6,26.3,26.3,17.8,31.0,0.2,8.2,30.8,11.6,43.1,14.2,6.8,6.0,7.0,10.3,0.2,14.1,19.0,7.0,12.8,4.8,8.7,35.5,14.2
2026-09-27,07:00~09:00,總停等延滯,164159.0,140631.0,23528.0,86615.0,36859.0,17779.0,8258.0,378.0,10444.0,59784.0,9668.0,3506.0,25217.0,21393.0,17649.0,7093.0,5061.0,5495.0,26339.0,7384.0,4740.0,14215.0,3185.0,672.0,2513.0,3646.0,2717.0,929.0,4887.0,4887.0,11810.0,5654.0,14.0,2370.0,3772.0,27132.0,10031.0,16221.0,609.0,271.0,1981.0,1882.0,99.0,40766.0,32275.0,8491.0,16736.0,366.0,4759.0,5935.0,5676.0,109.7,198.1,132.0,106.4,166.6,304.7,155.6,181.9,148.6,114.9,58.6,132.2,111.2,123.0,187.3,0.0,0.0,108.7,49.2,54.1,155.8
2026-09-27,07:00~09:00,通過量,3104,1702,1402,2323,1456,758,212,293,193,1564,440,112,585,427,0,0,0,0,0,0,0,0,679,237,442,682,290,392,142,142,1445,422,347,536,140,3088,250,1195,1274,369,2238,1017,1221,2179,1030,1149,2044,209,957,154,724
2026-09-27,07:00~09:00,平均停等延滯,52.9,82.6,16.8,37.3,25.3,23.5,39.0,1.3,54.1,38.2,22.0,31.3,43.1,50.1,0.0,0.0,0.0,0.0,0.0,0.0,0.0,0.0,4.7,2.8,5.7,5.3,9.4,2.4,34.4,34.4,8.2,13.4,0.0,4.4,26.9,8.8,40.1,13.6,0.5,0.7,0.9,1.9,0.1,18.7,31.3,7.4,8.2,1.8,5.0,38.5,7.8
2026-09-27,10:00~17:00,總停等延滯,2790161.0,2395665.0,394496.0,883424.0,615069.0,187099.0,130294.0,3497.0,294179.0,992972.0,135111.0,107632.0,322942.0,427287.0,495949.0,225740.0,119471.0,150738.0,291675.0,62438.0,75049.0,154188.0,49163.0,10140.0,39023.0,101821.0,45224.0,56597.0,55646.0,55646.0,187866.0,72379.0,3671.0,74598.0,37218.0,266668.0,64608.0,124984.0,66180.0,10896.0,77311.0,73257.0,4054.0,264327.0,177405.0,86922.0,275118.0,7415.0,134552.0,45722.0,87429.0,176.0,319.8,164.1,153.9,262.2,563.9,196.2,277.5,139.8,184.6,88.5,163.6,169.2,244.9,328.6,160.5,0.0,127.0,76.8,83.1,204.8
2026-09-27,10:00~17:00,通過量,33380,19949,13431,20832,16430,6488,3292,2912,3738,15253,3547,1688,5275,4743,0,0,0,0,0,0,0,0,6773,1872,4901,7445,2743,4702,1827,1827,13461,3729,3302,5057,1373,25209,1546,11215,10154,2294,19523,8370,11153,19175,8392,10783,19353,1542,9740,1269,6802
2026-09-27,10:00~17:00,平均停等延滯,83.6,120.1,29.4,42.4,37.4,28.8,39.6,1.2,78.7,65.1,38.1,63.8,61.2,90.1,0.0,0.0,0.0,0.0,0.0,0.0,0.0,0.0,7.3,5.4,8.0,13.7,16.5,12.0,30.5,30.5,14.0,19.4,1.1,14.8,27.1,10.6,41.8,11.1,6.5,4.7,4.0,8.8,0.4,13.8,21.1,8.1,14.2,4.8,13.8,36.0,12.9
2026-09-27,17:00~20:00,總停等延滯,1261679.0,1047079.0,214600.0,414597.0,297757.0,110520.0,52430.0,2605.0,132202.0,376119.0,57446.0,40794.0,123699.0,154180.0,230710.0,105970.0,55213.0,69527.0,142493.0,35384.0,28340.0,78769.0,33776.0,10773.0,23003.0,63404.0,36765.0,26639.0,22942.0,22942.0,94478.0,38778.0,1297.0,26976.0,27427.0,136620.0,34264.0,60998.0,36580.0,4778.0,47040.0,45335.0,1705.0,115933.0,85576.0,30357.0,115004.0,4821.0,41639.0,16970.0,51574.0,193.2,217.2,207.1,180.0,299.6,437.9,170.7,335.2,146.2,195.0,106.8,208.1,183.3,212.1,213.1,148.9,0.0,89.6,83.8,122.3,187.6
2026-09-27,17:00~20:00,通過量,14926,8869,6057,9260,7550,2764,1106,1332,2348,6279,1401,721,2227,1930,0,0,0,0,0,0,0,0,3406,1157,2249,3358,1411,1947,704,704,6244,2048,1371,1986,839,11118,851,4408,4934,925,7617,4059,3558,8141,4018,4123,8535,672,3862,584,3417
2026-09-27,17:00~20:00,平均停等延滯,84.5,118.1,35.4,44.8,39.4,40.0,47.4,2.0,56.3,59.9,41.0,56.6,55.5,79.9,0.0,0.0,0.0,0.0,0.0,0.0,0.0,0.0,9.9,9.3,10.2,18.9,26.1,13.7,32.6,32.6,15.1,18.9,0.9,13.6,32.7,12.3,40.3,13.8,7.4,5.2,6.2,11.2,0.5,14.2,21.3,7.4,13.5,7.2,10.8,29.1,15.1
2026-09-27,10:00~12:00,總停等延滯,610341.0,514051.0,96290.0,198579.0,117157.0,36637.0,27458.0,919.0,52143.0,209125.0,26930.0,29688.0,72792.0,79715.0,108405.0,46802.0,30966.0,30637.0,79364.0,16762.0,21349.0,41253.0,11094.0,2468.0,8626.0,26321.0,9908.0,16413.0,12712.0,12712.0,46163.0,14653.0,873.0,22121.0,8516.0,63399.0,17108.0,33802.0,11323.0,1166.0,11490.0,10912.0,578.0,64225.0,42301.0,21924.0,59465.0,1193.0,33985.0,10608.0,13679.0,147.3,225.9,162.0,129.9,227.5,423.7,139.0,292.3,122.3,149.5,81.9,165.2,139.3,154.1,237.1,168.3,0.0,79.6,57.2,73.7,199.7
2026-09-27,10:00~12:00,通過量,8154,4715,3439,5310,3731,1694,816,670,551,3866,929,406,1283,1248,0,0,0,0,0,0,0,0,1715,430,1285,1854,620,1234,358,358,3426,775,851,1451,349,6446,404,3050,2437,555,4982,2022,2960,4761,1971,2790,4902,457,2589,354,1502
2026-09-27,10:00~12:00,平均停等延滯,74.9,109.0,28.0,37.4,31.4,21.6,33.6,1.4,94.6,54.1,29.0,73.1,56.7,63.9,0.0,0.0,0.0,0.0,0.0,0.0,0.0,0.0,6.5,5.7,6.7,14.2,16.0,13.3,35.5,35.5,13.5,18.9,1.0,15.2,24.4,9.8,42.3,11.1,4.6,2.1,2.3,5.4,0.2,13.5,21.5,7.9,12.1,2.6,13.1,30.0,9.1
2026-09-27,14:00~16:00,總停等延滯,949848.0,828289.0,121559.0,294166.0,236045.0,72373.0,43797.0,1110.0,118765.0,337666.0,43295.0,30446.0,105560.0,158365.0,169041.0,78283.0,37404.0,53354.0,85537.0,17547.0,21911.0,46079.0,15340.0,2577.0,12763.0,29439.0,15355.0,14084.0,18755.0,18755.0,58025.0,23265.0,1456.0,21605.0,11699.0,87775.0,21465.0,37978.0,23252.0,5080.0,31558.0,30771.0,787.0,79921.0,54300.0,25621.0,94912.0,2981.0,39573.0,13341.0,39017.0,210.1,376.6,151.9,186.7,292.4,597.1,164.0,231.5,187.9,227.4,84.2,151.4,206.4,223.1,415.5,159.0,0.0,83.7,81.8,91.5,139.6
2026-09-27,14:00~16:00,通過量,10490,6269,4221,6426,5258,1957,939,967,1395,4766,1089,515,1699,1463,0,0,0,0,0,0,0,0,2172,622,1550,2310,884,1426,687,687,4209,1297,1066,1412,434,7849,506,3178,3407,758,6094,2696,3398,6012,2746,3266,6202,469,2991,384,2358
2026-09-27,14:00~16:00,平均停等延滯,90.5,132.1,28.8,45.8,44.9,37.0,46.6,1.1,85.1,70.8,39.8,59.1,62.1,108.2,0.0,0.0,0.0,0.0,0.0,0.0,0.0,0.0,7.1,4.1,8.2,12.7,17.4,9.9,27.3,27.3,13.8,17.9,1.4,15.3,27.0,11.2,42.4,12.0,6.8,6.7,5.2,11.4,0.2,13.3,19.8,7.8,15.3,6.4,13.2,34.7,16.5
2026-09-27,16:00~19:00,總停等延滯,1423287.0,1209879.0,213408.0,459305.0,353257.0,119908.0,68855.0,1978.0,162516.0,449397.0,62210.0,44548.0,144347.0,198292.0,264650.0,126634.0,60502.0,77514.0,142575.0,36741.0,31463.0,74371.0,29396.0,9336.0,20060.0,59027.0,33836.0,25191.0,25430.0,25430.0,99555.0,39023.0,1941.0,31759.0,26832.0,150079.0,34031.0,62628.0,46129.0,7291.0,50578.0,48397.0,2181.0,131198.0,95292.0,35906.0,127450.0,5503.0,49555.0,18633.0,53759.0,192.6,285.9,163.9,138.7,298.7,493.9,176.3,348.3,152.2,197.5,105.9,162.5,141.6,203.9,285.4,142.5,0.0,85.8,92.0,125.2,199.4
2026-09-27,16:00~19:00,通過量,16001,9557,6444,9768,8071,2936,1351,1363,2421,6596,1475,753,2272,2096,0,0,0,0,0,0,0,0,3384,1128,2256,3542,1483,2059,781,781,6570,2035,1472,2222,841,11810,871,4855,5016,1068,8511,4203,4308,8734,4163,4571,8947,717,4188,604,3438
2026-09-27,16:00~19:00,平均停等延滯,88.9,126.6,33.1,47.0,43.8,40.8,51.0,1.5,67.1,68.1,42.2,59.2,63.5,94.6,0.0,0.0,0.0,0.0,0.0,0.0,0.0,0.0,8.7,8.3,8.9,16.7,22.8,12.2,32.6,32.6,15.2,19.2,1.3,14.3,31.9,12.7,39.1,12.9,9.2,6.8,5.9,11.5,0.5,15.0,22.9,7.9,14.2,7.7,11.8,30.8,15.6
2026-09-27,20:00~23:00,總停等延滯,833315.0,671865.0,161450.0,364006.0,185794.0,56883.0,31775.0,2351.0,94785.0,273161.0,48950.0,34287.0,64798.0,125126.0,108003.0,26961.0,30530.0,50512.0,104907.0,28727.0,12909.0,63271.0,23300.0,8439.0,14861.0,50178.0,24433.0,25745.0,12439.0,12439.0,75533.0,51560.0,98.0,9575.0,14300.0,103442.0,24254.0,37767.0,34412.0,7009.0,42994.0,42515.0,479.0,103620.0,88148.0,15472.0,113950.0,5850.0,23683.0,14853.0,69564.0,147.5,174.5,258.9,201.8,258.8,527.7,204.0,319.7,109.0,147.4,109.2,292.6,198.8,349.1,177.1,155.5,0.0,147.6,64.6,124.4,188.4
2026-09-27,20:00~23:00,通過量,10363,6607,3756,7160,5753,1763,734,1270,1986,5165,1181,460,1860,1664,0,0,0,0,0,0,0,0,2241,779,1462,2122,1112,1010,463,463,4221,1707,935,1086,493,9227,571,2896,4778,982,5930,3903,2027,6548,3841,2707,6745,606,2446,392,3301
2026-09-27,20:00~23:00,平均停等延滯,80.4,101.7,43.0,50.8,32.3,32.3,43.3,1.9,47.7,52.9,41.4,74.5,34.8,75.2,0.0,0.0,0.0,0.0,0.0,0.0,0.0,0.0,10.4,10.8,10.2,23.6,22.0,25.5,26.9,26.9,17.9,30.2,0.1,8.8,29.0,11.2,42.5,13.0,7.2,7.1,7.3,10.9,0.2,15.8,22.9,5.7,16.9,9.7,9.7,37.9,21.1
2026-09-28,07:00~09:00,總停等延滯,224645.0,187889.0,36756.0,117435.0,41785.0,15978.0,11585.0,610.0,13612.0,87584.0,16196.0,7102.0,34307.0,29979.0,25808.0,11626.0,7931.0,6251.0,32712.0,10714.0,7328.0,14670.0,4850.0,1814.0,3036.0,8737.0,5347.0,3390.0,5692.0,5692.0,17477.0,8861.0,26.0,5986.0,2604.0,35586.0,11665.0,21785.0,1049.0,1087.0,1961.0,1811.0,150.0,47912.0,33034.0,14878.0,31976.0,276.0,15556.0,7380.0,8764.0,93.9,121.9,127.8,103.7,169.4,428.5,165.6,297.0,125.5,94.5,76.9,129.3,101.8,227.8,123.3,148.9,0.0,118.1,54.8,58.3,276.2
2026-09-28,07:00~09:00,通過量,5399,3514,1885,3800,2011,1073,327,357,254,2058,604,143,750,561,1231,719,256,256,959,315,216,428,895,308,587,1011,414,597,165,165,1989,577,463,758,191,4616,383,2256,1461,516,3001,1256,1745,2776,1231,1545,2806,255,1390,191,970
2026-09-28,07:00~09:00,平均停等延滯,41.6,53.5,19.5,30.9,20.8,14.9,35.4,1.7,53.6,42.6,26.8,49.7,45.7,53.4,21.0,16.2,31.0,24.4,34.1,34.0,33.9,34.3,5.4,5.9,5.2,8.6,12.9,5.7,34.5,34.5,8.8,15.4,0.1,7.9,13.6,7.7,30.5,9.7,0.7,2.1,0.7,1.4,0.1,17.3,26.8,9.6,11.4,1.1,11.2,38.6,9.0
2026-09-28,10:00~17:00,總停等延滯,2762734.0,2281801.0,480933.0,1112537.0,489676.0,163657.0,123712.0,4138.0,198169.0,1066711.0,170207.0,97401.0,320669.0,478434.0,405132.0,165642.0,99913.0,139577.0,320282.0,71203.0,86609.0,162470.0,56826.0,12707.0,44119.0,131178.0,58718.0,72460.0,59980.0,59980.0,232949.0,86766.0,8697.0,88245.0,49241.0,501995.0,96959.0,297390.0,102742.0,4904.0,104364.0,99079.0,5285.0,241179.0,183247.0,57932.0,264999.0,11330.0,126962.0,43855.0,82852.0,149.5,330.6,168.5,172.2,240.5,553.0,167.5,327.6,126.7,149.9,91.2,170.1,163.4,245.1,340.6,161.3,0.0,95.8,71.1,102.0,220.3
2026-09-28,10:00~17:00,通過量,48554,33454,15100,21376,17658,7165,3475,3313,3705,17571,4274,1860,5694,5743,13461,7623,2718,3120,8929,3261,2148,3520,7700,2405,5295,8809,3426,5383,1856,1856,15287,4448,3669,5644,1526,24432,3862,8786,10749,1035,20277,8919,11358,19799,8809,10990,20535,1538,10269,1396,7332
2026-09-28,10:00~17:00,平均停等延滯,56.9,68.2,31.8,52.0,27.7,22.8,35.6,1.2,53.5,60.7,39.8,52.4,56.3,83.3,30.1,21.7,36.8,44.7,35.9,21.8,40.3,46.2,7.4,5.3,8.3,14.9,17.1,13.5,32.3,32.3,15.2,19.5,2.4,15.6,32.3,20.5,25.1,33.8,9.6,4.7,5.1,11.1,0.5,12.2,20.8,5.3,12.9,7.4,12.4,31.4,11.3
2026-09-28,17:00~20:00,總停等延滯,1235728.0,1020557.0,215171.0,477364.0,230965.0,72261.0,47933.0,2460.0,108311.0,438024.0,79502.0,38700.0,119375.0,200447.0,198791.0,76994.0,50131.0,71666.0,152777.0,40108.0,27949.0,84720.0,37637.0,11250.0,26387.0,65177.0,30748.0,34429.0,23073.0,23073.0,89284.0,41239.0,1042.0,24602.0,22401.0,223250.0,40088.0,121218.0,61944.0,0.0,59840.0,59054.0,786.0,82641.0,68731.0,13910.0,111633.0,8079.0,42509.0,16714.0,44331.0,175.4,322.4,200.2,191.7,284.1,581.1,169.6,337.1,142.2,176.1,108.9,193.0,186.7,250.5,322.3,130.4,0.0,101.2,67.5,134.9,194.4
2026-09-28,17:00~20:00,通過量,20001,13897,6104,8660,7484,2720,1164,1506,2094,7664,1936,804,2534,2390,5121,2592,1043,1486,3661,1465,833,1363,3426,1192,2234,3606,1589,2017,825,825,6128,2041,1340,2064,683,9415,1291,3418,4706,0,7462,4011,3451,7925,3997,3928,8213,723,3539,535,3416
2026-09-28,17:00~20:00,平均停等延滯,61.8,73.4,35.3,55.1,30.9,26.6,41.2,1.6,51.7,57.2,41.1,48.1,47.1,83.9,38.8,29.7,48.1,48.2,41.7,27.4,33.6,62.2,11.0,9.4,11.8,18.1,19.4,17.1,28.0,28.0,14.6,20.2,0.8,11.9,32.8,23.7,31.1,35.5,13.2,0.0,8.0,14.7,0.2,10.4,17.2,3.5,13.6,11.2,12.0,31.2,13.0
2026-09-28,10:00~12:00,總停等延滯,644292.0,538061.0,106231.0,290966.0,95470.0,32136.0,28940.0,1153.0,33241.0,258004.0,38787.0,26224.0,80040.0,112953.0,94220.0,36184.0,27200.0,30836.0,90367.0,15479.0,25173.0,49715.0,13896.0,2683.0,11213.0,32057.0,12324.0,19733.0,12772.0,12772.0,47506.0,16717.0,739.0,21988.0,8062.0,137329.0,28867.0,88413.0,17284.0,2765.0,13527.0,12901.0,626.0,71844.0,52682.0,19162.0,68266.0,4677.0,31736.0,13799.0,18054.0,126.8,340.4,163.1,207.4,223.3,596.0,149.2,302.3,110.3,126.9,98.2,159.2,205.7,298.6,357.1,141.4,0.0,88.0,60.9,92.4,195.4
2026-09-28,10:00~12:00,通過量,11992,8179,3813,5456,4091,1822,883,792,594,4357,1062,412,1483,1400,3476,1936,761,779,2370,842,533,995,1951,530,1421,2168,775,1393,415,415,3874,1006,890,1612,366,6744,955,2393,2810,586,5293,2297,2996,5112,2278,2834,5256,488,2660,388,1720
2026-09-28,10:00~12:00,平均停等延滯,53.7,65.8,27.9,53.3,23.3,17.6,32.8,1.5,56.0,59.2,36.5,63.7,54.0,80.7,27.1,18.7,35.7,39.6,38.1,18.4,47.2,50.0,7.1,5.1,7.9,14.8,15.9,14.2,30.8,30.8,12.3,16.6,0.8,13.6,22.0,20.4,30.2,36.9,6.2,4.7,2.6,5.6,0.2,14.1,23.1,6.8,13.0,9.6,11.9,35.6,10.5
2026-09-28,14:00~16:00,總停等延滯,901017.0,748494.0,152523.0,338708.0,174227.0,53996.0,41097.0,1238.0,77896.0,358918.0,55904.0,30373.0,109766.0,162875.0,129291.0,54863.0,28945.0,45483.0,86058.0,21454.0,24347.0,40257.0,20168.0,4156.0,16012.0,34695.0,17716.0,16979.0,19178.0,19178.0,78482.0,26692.0,3525.0,30010.0,18255.0,142702.0,26763.0,82103.0,33836.0,0.0,43424.0,42862.0,562.0,72271.0,58311.0,13960.0,80311.0,2127.0,37311.0,12650.0,28223.0,155.0,381.3,169.1,216.3,244.0,554.1,160.4,nan,128.4,154.6,89.6,175.5,179.7,186.3,387.3,161.2,0.0,88.9,70.8,0.0,0.0
2026-09-28,14:00~16:00,通過量,15311,10634,4677,6734,5844,2286,1034,1049,1475,5452,1317,601,1754,1780,4241,2419,822,1000,2718,1082,645,991,2408,798,1610,2707,1069,1638,637,637,4600,1358,1176,1632,434,7363,1211,2619,3533,0,6407,2901,3506,6265,2862,3403,6542,425,3213,423,2481
2026-09-28,14:00~16:00,平均停等延滯,58.8,70.4,32.6,50.3,29.8,23.6,39.7,1.2,52.8,65.8,42.4,50.5,62.6,91.5,30.5,22.7,35.2,45.5,31.7,19.8,37.7,40.6,8.4,5.2,9.9,12.8,16.6,10.4,30.1,30.1,17.1,19.7,3.0,18.4,42.1,19.4,22.1,31.3,9.6,0.0,6.8,14.8,0.2,11.5,20.4,4.1,12.3,5.0,11.6,29.9,11.4
2026-09-28,16:00~19:00,總停等延滯,1335929.0,1085832.0,250097.0,508344.0,261405.0,85565.0,53624.0,1934.0,120282.0,441755.0,71877.0,40848.0,123472.0,205558.0,227175.0,96186.0,54696.0,76293.0,155497.0,40810.0,33095.0,81592.0,31948.0,9048.0,22900.0,69470.0,31556.0,37914.0,27992.0,27992.0,120687.0,50653.0,4485.0,35871.0,29678.0,237638.0,39369.0,120177.0,78092.0,0.0,67478.0,63945.0,3533.0,87786.0,69830.0,17956.0,115442.0,7813.0,49354.0,18185.0,40090.0,187.9,345.7,202.0,146.3,298.9,604.8,176.8,276.0,147.0,190.3,111.8,199.3,147.5,241.2,343.9,151.3,0.0,101.3,75.1,129.8,142.2
2026-09-28,16:00~19:00,通過量,21578,14610,6968,8983,7687,2774,1266,1443,2204,7678,1873,845,2528,2432,5645,3011,1079,1555,3888,1433,927,1528,3598,1262,2336,4131,1777,2354,877,877,7097,2268,1581,2433,815,9586,1578,3511,4497,0,8108,3910,4198,8244,3924,4320,8523,722,3907,575,3319
2026-09-28,16:00~19:00,平均停等延滯,61.9,74.3,35.9,56.6,34.0,30.8,42.4,1.3,54.6,57.5,38.4,48.3,48.8,84.5,40.2,31.9,50.7,49.1,40.0,28.5,35.7,53.4,8.9,7.2,9.8,16.8,17.8,16.1,31.9,31.9,17.0,22.3,2.8,14.7,36.4,24.8,24.9,34.2,17.4,0.0,8.3,16.4,0.8,10.6,17.8,4.2,13.5,10.8,12.6,31.6,12.1
2026-09-28,20:00~23:00,總停等延滯,863039.0,711947.0,151092.0,474332.0,131637.0,42700.0,27731.0,2586.0,58620.0,356392.0,55367.0,29982.0,96279.0,174764.0,111286.0,34607.0,27694.0,48985.0,112632.0,31078.0,13133.0,68421.0,16756.0,4497.0,12259.0,43640.0,21803.0,21837.0,12611.0,12611.0,78085.0,54559.0,216.0,8626.0,14684.0,215366.0,43169.0,129575.0,42622.0,0.0,49716.0,49175.0,541.0,100735.0,89833.0,10902.0,108515.0,3149.0,26028.0,16117.0,63221.0,167.1,279.4,174.4,174.4,275.7,523.1,238.9,445.2,99.2,165.0,109.4,175.5,169.9,223.4,288.7,167.6,0.0,168.1,58.6,136.2,272.6
2026-09-28,20:00~23:00,通過量,13593,9983,3610,6867,5341,2012,750,1360,1219,6340,1468,544,2215,2113,3083,1348,749,986,2862,1252,426,1184,2448,714,1734,2214,1136,1078,426,426,4160,1690,880,1039,551,8182,772,2670,4740,0,5788,3729,2059,6536,3673,2863,6522,550,2547,392,3033
2026-09-28,20:00~23:00,平均停等延滯,63.5,71.3,41.9,69.1,24.6,21.2,37.0,1.9,48.1,56.2,37.7,55.1,43.5,82.7,36.1,25.7,37.0,49.7,39.4,24.8,30.8,57.8,6.8,6.3,7.1,19.7,19.2,20.3,29.6,29.6,18.8,32.3,0.2,8.3,26.6,26.3,55.9,48.5,9.0,0.0,8.6,13.2,0.3,15.4,24.5,3.8,16.6,5.7,10.2,41.1,20.8
2026-09-29,07:00~09:00,總停等延滯,733219.0,596942.0,136277.0,292884.0,125311.0,36860.0,41649.0,1922.0,44880.0,240371.0,43950.0,20401.0,61509.0,114511.0,103653.0,29575.0,31483.0,42595.0,127607.0,29306.0,24107.0,74194.0,14865.0,4290.0,10575.0,17923.0,11261.0,6662.0,21432.0,21432.0,82057.0,30779.0,6449.0,28469.0,16360.0,108743.0,18673.0,44420.0,30076.0,15574.0,38357.0,37560.0,797.0,65900.0,48978.0,16922.0,79884.0,9130.0,28170.0,21632.0,20952.0,149.7,235.6,174.8,117.6,238.1,457.8,153.3,251.9,125.8,151.2,88.7,178.0,116.6,235.1,239.7,0.0,0.0,84.9,67.1,120.4,119.9
2026-09-29,07:00~09:00,通過量,14857,9362,5495,7232,4482,1703,1010,899,870,4675,1138,431,1586,1520,3204,1379,905,920,2910,907,802,1201,2416,754,1662,2617,1096,1521,707,707,5667,1633,1435,2076,523,9957,796,3728,4012,1421,6000,3095,2905,5780,3045,2735,5798,864,2226,625,2083
2026-09-29,07:00~09:00,平均停等延滯,49.4,63.8,24.8,40.5,28.0,21.6,41.2,2.1,51.6,51.4,38.6,47.3,38.8,75.3,32.4,21.4,34.8,46.3,43.9,32.3,30.1,61.8,6.2,5.7,6.4,6.8,10.3,4.4,30.3,30.3,14.5,18.8,4.5,13.7,31.3,10.9,23.5,11.9,7.5,11.0,6.4,12.1,0.3,11.4,16.1,6.2,13.8,10.6,12.7,34.6,10.1
2026-09-29,10:00~17:00,總停等延滯,1557977.0,1096462.0,461515.0,714290.0,286473.0,128236.0,64149.0,3026.0,91062.0,378781.0,88623.0,41692.0,128940.0,119526.0,182692.0,63728.0,60525.0,58439.0,248516.0,61949.0,61166.0,125401.0,37421.0,16164.0,21257.0,136651.0,29926.0,106725.0,46817.0,46817.0,240626.0,138360.0,2048.0,69891.0,30327.0,281793.0,61622.0,126159.0,70107.0,23905.0,50828.0,48745.0,2083.0,201660.0,135023.0,66637.0,180009.0,5635.0,71822.0,42777.0,59775.0,141.4,226.7,268.8,263.3,225.6,448.2,215.7,262.4,108.1,140.4,84.4,269.8,244.0,264.7,230.6,130.0,0.0,100.7,114.1,102.2,160.9
2026-09-29,10:00~17:00,通過量,36106,24068,12038,22867,13202,5484,2381,2700,2637,12123,2918,1224,4851,3130,8119,4453,1419,2247,7725,2179,1851,3695,5743,1954,3789,6300,2888,3412,1677,1677,12386,3979,3020,4174,1213,28947,2923,12355,10193,3476,17248,8242,9006,16515,8046,8469,16575,1458,7528,1484,6105
2026-09-29,10:00~17:00,平均停等延滯,43.2,45.6,38.3,31.2,21.7,23.4,26.9,1.1,34.5,31.2,30.4,34.1,26.6,38.2,22.5,14.3,42.7,26.0,32.2,28.4,33.0,33.9,6.5,8.3,5.6,21.7,10.4,31.3,27.9,27.9,19.4,34.8,0.7,16.7,25.0,9.7,21.1,10.2,6.9,6.9,2.9,5.9,0.2,12.2,16.8,7.9,10.9,3.9,9.5,28.8,9.8
2026-09-29,17:00~20:00,總停等延滯,843914.0,629435.0,214479.0,463679.0,152005.0,48146.0,38080.0,1827.0,63952.0,218109.0,38484.0,30396.0,53774.0,95455.0,130429.0,44150.0,28624.0,57655.0,128892.0,40595.0,31673.0,56624.0,18897.0,8191.0,10706.0,55803.0,27781.0,28022.0,25607.0,25607.0,114172.0,51102.0,2768.0,31923.0,28379.0,260673.0,45443.0,77572.0,126730.0,10928.0,63538.0,59615.0,3923.0,68712.0,41651.0,27061.0,70756.0,4203.0,37078.0,14933.0,14542.0,141.5,230.3,181.5,181.0,238.3,382.0,175.7,244.8,131.6,141.4,97.1,183.2,199.2,151.8,251.6,159.7,0.0,113.1,67.2,111.1,140.4
2026-09-29,17:00~20:00,通過量,18611,11924,6687,9493,6037,2496,1162,999,1380,5346,1203,635,1817,1691,4578,2367,710,1501,3552,1203,966,1383,3045,1201,1844,3477,1702,1775,870,870,6943,2327,1491,2288,837,11139,1291,5628,3184,1036,5197,2604,2593,6542,2558,3984,6816,870,3372,565,2009
2026-09-29,17:00~20:00,平均停等延滯,45.3,52.8,32.1,48.8,25.2,19.3,32.8,1.8,46.3,40.8,32.0,47.9,29.6,56.4,28.5,18.7,40.3,38.4,36.3,33.7,32.8,40.9,6.2,6.8,5.8,16.0,16.3,15.8,29.4,29.4,16.4,22.0,1.9,14.0,33.9,23.4,35.2,13.8,39.8,10.5,12.2,22.9,1.5,10.5,16.3,6.8,10.4,4.8,11.0,26.4,7.2
2026-09-29,10:00~12:00,總停等延滯,480133.0,357045.0,123088.0,252014.0,87590.0,43273.0,21192.0,947.0,22178.0,140236.0,30050.0,13151.0,52153.0,44882.0,55839.0,19266.0,20504.0,16069.0,73380.0,17806.0,16050.0,39524.0,13161.0,4784.0,8377.0,25732.0,10580.0,15152.0,12749.0,12749.0,71446.0,38051.0,785.0,24059.0,8551.0,83426.0,21031.0,42807.0,13041.0,6547.0,4749.0,4304.0,445.0,89211.0,60149.0,29062.0,74628.0,2298.0,28922.0,17952.0,25456.0,140.7,234.9,294.4,151.1,212.4,546.7,231.2,303.4,114.5,139.7,71.6,289.2,144.4,390.9,240.1,0.0,0.0,92.6,139.0,115.6,181.4
2026-09-29,10:00~12:00,通過量,9649,6324,3325,6339,3430,1466,665,714,585,3386,840,294,1391,861,2199,1165,478,556,2050,631,510,909,1677,553,1124,1834,826,1008,435,435,3435,1098,859,1181,297,8250,798,3470,3005,977,4716,2267,2449,4484,2219,2265,4536,391,2074,435,1636
2026-09-29,10:00~12:00,平均停等延滯,49.8,56.5,37.0,39.8,25.5,29.5,31.9,1.3,37.9,41.4,35.8,44.7,37.5,52.1,25.4,16.5,42.9,28.9,35.8,28.2,31.5,43.5,7.8,8.7,7.5,14.0,12.8,15.0,29.3,29.3,20.8,34.7,0.9,20.4,28.8,10.1,26.4,12.3,4.3,6.7,1.0,1.9,0.2,19.9,27.1,12.8,16.5,5.9,13.9,41.3,15.6
2026-09-29,14:00~16:00,總停等延滯,417403.0,287667.0,129736.0,167509.0,77065.0,29970.0,18014.0,925.0,28156.0,89482.0,20529.0,9379.0,30362.0,29212.0,53015.0,18110.0,15150.0,19755.0,68105.0,15095.0,16240.0,36770.0,12011.0,5238.0,6773.0,39033.0,5792.0,33241.0,14507.0,14507.0,64185.0,38159.0,474.0,17425.0,8127.0,75342.0,17616.0,32962.0,17230.0,7534.0,20049.0,19474.0,575.0,38015.0,26030.0,11985.0,34103.0,839.0,14079.0,7766.0,11419.0,139.3,221.0,242.0,261.6,236.5,442.8,254.9,245.1,105.0,137.7,97.1,248.1,269.8,245.1,220.8,116.8,0.0,110.8,140.0,105.8,141.3
2026-09-29,14:00~16:00,通過量,10646,7163,3483,6318,3953,1551,684,817,901,3481,787,373,1406,915,2339,1262,355,722,2257,595,516,1146,1550,533,1017,1785,820,965,563,563,3582,1195,923,1117,347,8052,793,3227,2999,1033,5026,2459,2567,4788,2384,2404,4882,419,2165,375,1923
2026-09-29,14:00~16:00,平均停等延滯,39.2,40.2,37.2,26.5,19.5,19.3,26.3,1.1,31.2,25.7,26.1,25.1,21.6,31.9,22.7,14.4,42.7,27.4,30.2,25.4,31.5,32.1,7.7,9.8,6.7,21.9,7.1,34.4,25.8,25.8,17.9,31.9,0.5,15.6,23.4,9.4,22.2,10.2,5.7,7.3,4.0,7.9,0.2,7.9,10.9,5.0,7.0,2.0,6.5,20.7,5.9
2026-09-29,16:00~19:00,總停等延滯,855599.0,608921.0,246678.0,460637.0,156617.0,49714.0,37267.0,1573.0,68063.0,203016.0,41120.0,28431.0,54088.0,79377.0,116470.0,37334.0,27876.0,51260.0,132818.0,40790.0,33776.0,58252.0,21322.0,8542.0,12780.0,64684.0,24955.0,39729.0,27395.0,27395.0,133277.0,66444.0,3069.0,33854.0,29910.0,251974.0,38791.0,71668.0,127899.0,13616.0,68762.0,67005.0,1757.0,70011.0,42948.0,27063.0,69890.0,5542.0,34608.0,16140.0,13600.0,134.5,211.4,187.5,175.5,236.0,368.9,202.5,257.9,103.2,134.4,101.2,179.7,177.3,164.9,217.0,149.2,0.0,124.2,79.3,106.2,147.3
2026-09-29,16:00~19:00,通過量,19451,12342,7109,9764,6472,2650,1226,1105,1491,5467,1247,627,1974,1619,4613,2468,684,1461,3770,1186,988,1596,3101,1227,1874,3527,1726,1801,938,938,7368,2424,1574,2466,904,11500,1333,5556,3353,1258,6770,2901,3869,7034,2885,4149,7282,935,3472,627,2248
2026-09-29,16:00~19:00,平均停等延滯,44.0,49.3,34.7,47.2,24.2,18.8,30.4,1.4,45.6,37.1,33.0,45.3,27.4,49.0,25.2,15.1,40.8,35.1,35.2,34.4,34.2,36.5,6.9,7.0,6.8,18.3,14.5,22.1,29.2,29.2,18.1,27.4,1.9,13.7,33.1,21.9,29.1,12.9,38.1,10.8,10.2,23.1,0.5,10.0,14.9,6.5,9.6,5.9,10.0,25.7,6.0
2026-09-29,20:00~23:00,總停等延滯,443375.0,363167.0,80208.0,188000.0,90546.0,37111.0,19756.0,1351.0,32328.0,145523.0,24363.0,20203.0,45792.0,55165.0,60839.0,16822.0,15520.0,28497.0,66259.0,23366.0,11016.0,31877.0,5461.0,2207.0,3254.0,27698.0,10826.0,16872.0,9879.0,9879.0,37170.0,27057.0,119.0,5266.0,4728.0,60173.0,22386.0,35303.0,2202.0,282.0,22088.0,11288.0,10800.0,52077.0,30840.0,21237.0,53662.0,628.0,27234.0,11362.0,14438.0,134.0,359.9,180.3,154.1,221.0,530.6,166.7,238.6,121.1,136.7,87.8,176.3,150.3,282.3,314.6,137.2,0.0,106.1,64.9,67.9,188.4
2026-09-29,20:00~23:00,通過量,9521,6682,2839,6413,3566,1594,602,676,694,3560,973,333,1237,1017,2223,1164,382,677,2086,703,477,906,1392,550,842,1388,752,636,320,320,3018,1049,857,869,243,7440,925,3485,2525,505,2100,2100,0,4585,2078,2507,4585,385,2197,284,1719
2026-09-29,20:00~23:00,平均停等延滯,46.6,54.4,28.3,29.3,25.4,23.3,32.8,2.0,46.6,40.9,25.0,60.7,37.0,54.2,27.4,14.5,40.6,42.1,31.8,33.2,23.1,35.2,3.9,4.0,3.9,20.0,14.4,26.5,30.9,30.9,12.3,25.8,0.1,6.1,19.5,8.1,24.2,10.1,0.9,0.6,10.5,5.4,0.0,11.4,14.8,8.5,11.7,1.6,12.4,40.0,8.4
2026-09-30,07:00~09:00,總停等延滯,662944.0,520265.0,142679.0,289134.0,136477.0,32879.0,45455.0,1401.0,56742.0,189232.0,34625.0,19710.0,54686.0,80211.0,89481.0,28078.0,27353.0,34050.0,105075.0,27760.0,26511.0,50804.0,13955.0,2476.0,11479.0,22719.0,11026.0,11693.0,21743.0,21743.0,84262.0,29924.0,4952.0,33101.0,16285.0,108357.0,20527.0,48977.0,25095.0,13758.0,31788.0,30832.0,956.0,69908.0,51382.0,18526.0,79081.0,9973.0,29910.0,20477.0,18721.0,121.3,203.8,176.6,105.9,219.8,397.3,222.8,254.6,103.8,121.3,98.1,191.0,106.7,195.0,199.3,152.0,0.0,84.8,143.1,112.4,161.3
2026-09-30,07:00~09:00,通過量,14087,8911,5176,7369,4281,1612,993,778,898,4147,976,396,1476,1299,3092,1380,844,868,2744,743,800,1201,2281,642,1639,2531,994,1537,600,600,5452,1518,1422,2037,475,9953,825,3903,3904,1321,5748,2882,2866,5699,3020,2679,5671,848,2182,610,2031
2026-09-30,07:00~09:00,平均停等延滯,47.1,58.4,27.6,39.2,31.9,20.4,45.8,1.8,63.2,45.6,35.5,49.8,37.1,61.7,28.9,20.3,32.4,39.2,38.3,37.4,33.1,42.3,6.1,3.9,7.0,9.0,11.1,7.6,36.2,36.2,15.5,19.7,3.5,16.2,34.3,10.9,24.9,12.5,6.4,10.4,5.5,10.7,0.3,12.3,17.0,6.9,13.9,11.8,13.7,33.6,9.2
2026-09-30,10:00~17:00,總停等延滯,1185590.0,914247.0,271343.0,433627.0,270133.0,91001.0,61527.0,2677.0,114928.0,274482.0,52589.0,42086.0,91473.0,88334.0,158377.0,53926.0,50354.0,54097.0,211255.0,48254.0,51503.0,111498.0,27862.0,10839.0,17023.0,59511.0,29315.0,30196.0,45574.0,45574.0,138396.0,60122.0,1481.0,38526.0,38267.0,92618.0,10267.0,17250.0,40316.0,24785.0,50043.0,47237.0,2806.0,136718.0,92548.0,44170.0,154248.0,10767.0,62075.0,32861.0,48545.0,143.8,226.9,185.8,150.2,233.6,518.6,216.4,269.2,129.6,146.0,90.1,182.3,157.3,246.0,232.8,169.9,0.0,113.0,100.3,133.5,149.7
2026-09-30,10:00~17:00,通過量,35658,23582,12076,19128,13124,5391,2501,2635,2597,11610,2843,1194,4642,2931,8358,4606,1443,2309,7147,1931,1955,3261,5719,1930,3789,6175,2751,3424,1619,1619,12343,3816,2978,4251,1298,25425,3422,8020,10471,3512,17597,8408,9189,16908,8290,8618,17144,1610,7848,1501,6185
2026-09-30,10:00~17:00,平均停等延滯,33.2,38.8,22.5,22.7,20.6,16.9,24.6,1.0,44.3,23.6,18.5,35.2,19.7,30.1,18.9,11.7,34.9,23.4,29.6,25.0,26.3,34.2,4.9,5.6,4.5,9.6,10.7,8.8,28.1,28.1,11.2,15.8,0.5,9.1,29.5,3.6,3.0,2.2,3.9,7.1,2.8,5.6,0.3,8.1,11.2,5.1,9.0,6.7,7.9,21.9,7.8
2026-09-30,17:00~20:00,總停等延滯,592589.0,420697.0,171892.0,147204.0,116055.0,33849.0,30534.0,1498.0,50174.0,113161.0,28534.0,14428.0,29052.0,41147.0,87376.0,26669.0,26243.0,34464.0,104105.0,34289.0,26167.0,43649.0,19196.0,7639.0,11557.0,42112.0,18605.0,23507.0,25027.0,25027.0,85557.0,33789.0,4101.0,27022.0,20645.0,39373.0,3635.0,6810.0,24794.0,4134.0,15316.0,13659.0,1657.0,40110.0,21011.0,19099.0,52405.0,1473.0,25841.0,10647.0,14444.0,150.8,316.3,184.2,140.6,245.9,526.0,166.6,267.8,163.6,151.7,96.7,180.6,151.0,253.0,288.2,173.1,0.0,88.3,77.6,76.7,203.0
2026-09-30,17:00~20:00,通過量,19143,11964,7179,8212,6074,2562,1227,1031,1254,5325,1167,594,1980,1584,4724,2518,755,1451,3759,1222,1089,1448,3121,1228,1893,3603,1672,1931,1015,1015,7202,2266,1612,2530,794,7991,1614,3594,1685,1098,6463,2863,3600,7054,2923,4131,7610,831,3775,723,2281
2026-09-30,17:00~20:00,平均停等延滯,31.0,35.2,23.9,17.9,19.1,13.2,24.9,1.5,40.0,21.3,24.5,24.3,14.7,26.0,18.5,10.6,34.8,23.8,27.7,28.1,24.0,30.1,6.2,6.2,6.1,11.7,11.1,12.2,24.7,24.7,11.9,14.9,2.5,10.7,26.0,4.9,2.3,1.9,14.7,3.8,2.4,4.8,0.5,5.7,7.2,4.6,6.9,1.8,6.8,14.7,6.3
2026-09-30,10:00~12:00,總停等延滯,377649.0,305671.0,71978.0,160601.0,84383.0,30726.0,18401.0,918.0,34338.0,102153.0,18839.0,15318.0,31045.0,36951.0,50904.0,17749.0,16443.0,16712.0,68231.0,13179.0,12612.0,42440.0,7385.0,1881.0,5504.0,12878.0,6284.0,6594.0,13832.0,13832.0,37883.0,16595.0,253.0,10032.0,11003.0,30264.0,4261.0,6359.0,10984.0,8660.0,9122.0,8324.0,798.0,56905.0,39526.0,17379.0,64310.0,6295.0,25387.0,12198.0,20430.0,128.3,223.6,168.6,98.5,233.0,709.1,304.1,274.0,151.7,128.0,105.7,171.0,103.6,383.7,237.6,173.5,0.0,157.2,163.3,150.2,132.9
2026-09-30,10:00~12:00,通過量,9322,6174,3148,5167,3302,1434,635,688,545,3311,869,329,1327,786,2247,1208,427,612,1881,475,527,879,1492,440,1052,1558,651,907,408,408,3270,970,842,1149,309,6932,917,2218,2796,1001,4907,2311,2596,4696,2291,2405,4765,437,2296,387,1645
2026-09-30,10:00~12:00,平均停等延滯,40.5,49.5,22.9,31.1,25.6,21.4,29.0,1.3,63.0,30.9,21.7,46.6,23.4,47.0,22.7,14.7,38.5,27.3,36.3,27.7,23.9,48.3,4.9,4.3,5.2,8.3,9.7,7.3,33.9,33.9,11.6,17.1,0.3,8.7,35.6,4.4,4.6,2.9,3.9,8.7,1.9,3.6,0.3,12.1,17.3,7.2,13.5,14.4,11.1,31.5,12.4
2026-09-30,14:00~16:00,總停等延滯,303617.0,225073.0,78544.0,111174.0,70000.0,25109.0,13688.0,701.0,30502.0,62415.0,12434.0,9072.0,23213.0,17696.0,37566.0,10706.0,12381.0,14479.0,55092.0,13749.0,18121.0,23222.0,8909.0,4207.0,4702.0,18970.0,8502.0,10468.0,13317.0,13317.0,37348.0,16610.0,573.0,10423.0,9742.0,27514.0,3891.0,6459.0,9092.0,8072.0,20878.0,19605.0,1273.0,28233.0,18960.0,9273.0,34549.0,2210.0,13955.0,6897.0,11487.0,116.4,220.1,179.4,147.1,201.9,459.0,223.1,224.8,119.3,115.1,86.0,182.3,169.9,229.4,223.6,166.6,0.0,116.3,79.3,141.7,119.0
2026-09-30,14:00~16:00,通過量,10457,6921,3536,5748,3932,1560,735,822,815,3286,788,368,1283,847,2438,1379,383,676,2099,562,526,1011,1698,591,1107,1822,828,994,519,519,3610,1184,894,1158,374,7580,1023,2332,3170,1055,5186,2525,2661,4946,2493,2453,5105,460,2252,458,1935
2026-09-30,14:00~16:00,平均停等延滯,29.0,32.5,22.2,19.3,17.8,16.1,18.6,0.9,37.4,19.0,15.8,24.7,18.1,20.9,15.4,7.8,32.3,21.4,26.2,24.5,34.5,23.0,5.2,7.1,4.2,10.4,10.3,10.5,25.7,25.7,10.3,14.0,0.6,9.0,26.0,3.6,3.8,2.8,2.9,7.7,4.0,7.8,0.5,5.7,7.6,3.8,6.8,4.8,6.2,15.1,5.9
2026-09-30,16:00~19:00,總停等延滯,614643.0,433219.0,181424.0,165318.0,124000.0,38204.0,31471.0,1304.0,53021.0,110535.0,28401.0,13370.0,29656.0,39108.0,87392.0,24881.0,28724.0,33787.0,111292.0,32855.0,30415.0,48022.0,18597.0,7468.0,11129.0,41393.0,19207.0,22186.0,27146.0,27146.0,94288.0,36483.0,3838.0,27526.0,26441.0,55009.0,4629.0,8953.0,35388.0,6039.0,17606.0,15848.0,1758.0,41968.0,22800.0,19168.0,50735.0,2632.0,22226.0,12064.0,13813.0,141.0,305.3,168.3,104.4,240.3,582.7,167.0,217.2,144.6,140.9,99.9,163.1,105.4,280.5,265.2,184.5,0.0,85.5,79.9,77.3,141.3
2026-09-30,16:00~19:00,通過量,20282,12566,7716,8585,6524,2704,1332,1131,1357,5419,1214,550,2029,1626,4967,2644,812,1511,3817,1143,1172,1502,3318,1316,2002,3848,1814,2034,1034,1034,7775,2409,1743,2729,894,9848,1760,3743,3124,1221,7276,3130,4146,7410,3140,4270,7777,920,3775,684,2398
2026-09-30,16:00~19:00,平均停等延滯,30.3,34.5,23.5,19.3,19.0,14.1,23.6,1.2,39.1,20.4,23.4,24.3,14.6,24.1,17.6,9.4,35.4,22.4,29.2,28.7,26.0,32.0,5.6,5.7,5.6,10.8,10.6,10.9,26.3,26.3,12.1,15.1,2.2,10.1,29.6,5.6,2.6,2.4,11.3,4.9,2.4,5.1,0.4,5.7,7.3,4.5,6.5,2.9,5.9,17.6,5.8
2026-09-30,20:00~23:00,總停等延滯,451939.0,361356.0,90583.0,128796.0,91008.0,28236.0,20320.0,1432.0,41020.0,140627.0,21404.0,20693.0,50125.0,48405.0,62486.0,18360.0,13656.0,30470.0,67235.0,22282.0,12969.0,31984.0,8211.0,3750.0,4461.0,26971.0,8859.0,18112.0,11088.0,11088.0,44313.0,26814.0,120.0,4319.0,13060.0,11986.0,32.0,137.0,10759.0,1058.0,19120.0,18728.0,392.0,42739.0,24718.0,18021.0,54951.0,1386.0,20803.0,11540.0,21222.0,110.6,231.6,193.2,180.4,197.4,414.2,158.2,318.5,132.4,109.3,89.7,203.8,172.7,188.0,227.8,151.6,0.0,95.9,63.1,102.2,217.0
2026-09-30,20:00~23:00,通過量,9793,6679,3114,5328,3627,1494,576,870,687,3805,808,400,1557,1040,2345,1255,395,695,2036,644,405,987,1694,556,1138,1530,770,760,402,402,3358,1202,907,832,417,3473,730,2208,0,535,4200,2553,1647,4819,2487,2332,4872,394,2088,353,2037
2026-09-30,20:00~23:00,平均停等延滯,46.1,54.1,29.1,24.2,25.1,18.9,35.3,1.6,59.7,37.0,26.5,51.7,32.2,46.5,26.6,14.6,34.6,43.8,33.0,34.6,32.0,32.4,4.8,6.7,3.9,17.6,11.5,23.8,27.6,27.6,13.2,22.3,0.1,5.2,31.3,3.5,0.0,0.1,0.0,2.0,4.6,7.3,0.2,8.9,9.9,7.7,11.3,3.5,10.0,32.7,10.4
