日期,時段,指標,系統,1 福德一路/上匝道,西向,東向,2 福德一路/下匝道,下匝道,東向,3 福德一路/和成路,西向,東向(車尾),東向(路口4照車尾),4 福德一路/和平路,和平路南向,福德西向,和平路北向,和強路東向(車尾),5 八德轉運站出入口,西向,東向,6 和強路/120巷,東向,7 和強路/延平路,延平路南向,和強路西向,延平路北向,和強路東向,10 和平路/富榮街,和平路南向,和平路北向,14 大安小學,和平路東向,路徑1,路徑2,路徑3,路徑4,平均旅行時間,加權平均旅行時間,加權平均旅行時間_含邊界_先加,加權平均旅行時間_含邊界_後加,總加權旅行時間,延平路->和平路 (往東),和平路-> 上匝道前 (往東),上匝道前-> 上匝道後 (往東),東匝入口-> 下匝道後 (往西),下匝道後-> 和平路 (往西),和平路-> 延平路 (往西),和平路口左轉-> 和平路704巷,大安國小-> 和平/和強路口,大安國小-> 右轉和強路上匝道前 (往北)
2026-06-10,06:30~20:30,總停等延滯,4093341.0,147951.0,61725.0,86226.0,129080.0,81062.0,48018.0,581422.0,254438.0,103639.0,223345.0,1674423.0,234156.0,738648.0,411021.0,290598.0,229449.0,10195.0,219254.0,199961.0,199961.0,869280.0,387532.0,173378.0,87522.0,220848.0,215684.0,69313.0,146371.0,46091.0,46091.0,nan,nan,319.5,269.3,-,-,-,-,-,-,117.2,52.0,53.6,134.2,-,135.1,199.1,69.0
2026-06-10,06:30~20:30,通過量,40980.0,12698.0,1847.0,10851.0,21521.0,10788.0,10733.0,66066.0,24234.0,22080.0,19752.0,47286.0,3630.0,21895.0,12103.0,9658.0,19280.0,10525.0,8755.0,9242.0,9242.0,24030.0,4384.0,10490.0,2445.0,6711.0,22857.0,11682.0,11175.0,9189.0,9189.0,0.0,0.0,11.3,12.0,-,-,-,-,-,-,-,-,-,-,-,-,-,-
2026-06-10,06:30~20:30,平均停等延滯,99.9,11.7,33.4,7.9,6.0,7.5,4.5,8.8,10.5,4.7,11.3,35.4,64.5,33.7,34.0,30.1,11.9,1.0,25.0,21.6,21.6,36.2,88.4,16.5,35.8,32.9,9.4,5.9,13.1,5.0,5.0,-,-,E,E,-,-,-,-,-,-,-,-,-,-,-,-,-,-
2026-06-10,07:00~21:00,總停等延滯,3953106.0,143520.0,62741.0,80779.0,127476.0,80948.0,46528.0,558114.0,255249.0,96758.0,206107.0,1638053.0,228610.0,733192.0,395264.0,280987.0,214313.0,10164.0,204149.0,180864.0,180864.0,837218.0,378442.0,173594.0,83224.0,201958.0,208226.0,67487.0,140739.0,45322.0,45322.0,nan,nan,316.0,274.5,-,-,-,-,-,-,119.3,51.4,56.4,132.1,-,142.4,196.9,68.2
2026-06-10,07:00~21:00,通過量,40472.0,12377.0,1889.0,10488.0,21148.0,10824.0,10324.0,64602.0,24369.0,21226.0,19007.0,46680.0,3580.0,22005.0,11844.0,9251.0,18976.0,10630.0,8346.0,8906.0,8906.0,23871.0,4370.0,10623.0,2364.0,6514.0,22712.0,11781.0,10931.0,9043.0,9043.0,0.0,0.0,11.4,11.8,-,-,-,-,-,-,-,-,-,-,-,-,-,-
2026-06-10,07:00~21:00,平均停等延滯,97.7,11.6,33.2,7.7,6.0,7.5,4.5,8.6,10.5,4.6,10.8,35.1,63.9,33.3,33.4,30.4,11.3,1.0,24.5,20.3,20.3,35.1,86.6,16.3,35.2,31.0,9.2,5.7,12.9,5.0,5.0,-,-,E,E,-,-,-,-,-,-,-,-,-,-,-,-,-,-
2026-06-10,06:30~08:30,總停等延滯,1030582.0,42411.0,3262.0,39149.0,35040.0,10289.0,24751.0,200101.0,49408.0,47468.0,103225.0,351602.0,54696.0,135326.0,83157.0,78423.0,78211.0,717.0,77494.0,82456.0,82456.0,196678.0,73341.0,11454.0,27100.0,84783.0,32426.0,5878.0,26548.0,11657.0,11657.0,nan,nan,604.1,356.4,-,-,-,-,-,-,257.2,154.6,39.6,244.8,-,111.6,277.2,168.4
2026-06-10,06:30~08:30,通過量,5620.0,1696.0,115.0,1581.0,2778.0,1179.0,1599.0,9487.0,2591.0,3659.0,3237.0,6288.0,547.0,2302.0,1696.0,1743.0,2506.0,989.0,1517.0,1458.0,1458.0,3098.0,647.0,925.0,541.0,985.0,2824.0,1218.0,1606.0,1472.0,1472.0,0.0,0.0,6.0,9.1,-,-,-,-,-,-,-,-,-,-,-,-,-,-
2026-06-10,06:30~08:30,平均停等延滯,183.4,25.0,28.4,24.8,12.6,8.7,15.5,21.1,19.1,13.0,31.9,55.9,100.0,58.8,49.0,45.0,31.2,0.7,51.1,56.6,56.6,63.5,113.4,12.4,50.1,86.1,11.5,4.8,16.5,7.9,7.9,-,-,F,F,-,-,-,-,-,-,-,-,-,-,-,-,-,-
2026-06-10,06:30~07:30,總停等延滯,451518.0,18690.0,1237.0,17453.0,8930.0,679.0,8251.0,75845.0,10686.0,19547.0,45612.0,158904.0,26231.0,56180.0,41338.0,35155.0,36621.0,408.0,36213.0,42330.0,42330.0,91984.0,32846.0,4096.0,12173.0,42869.0,16326.0,3919.0,12407.0,1888.0,1888.0,nan,nan,427.8,257.6,-,-,-,-,-,-,121.9,89.9,30.3,162.2,-,95.5,254.6,85.4
2026-06-10,06:30~07:30,通過量,2986.0,1009.0,54.0,955.0,1544.0,566.0,978.0,5493.0,1287.0,2238.0,1968.0,3433.0,273.0,1165.0,880.0,1115.0,1497.0,435.0,1062.0,994.0,994.0,1655.0,289.0,409.0,288.0,669.0,1462.0,615.0,847.0,644.0,644.0,0.0,0.0,8.5,12.6,-,-,-,-,-,-,-,-,-,-,-,-,-,-
2026-06-10,06:30~07:30,平均停等延滯,151.2,18.5,22.9,18.3,5.8,1.2,8.4,13.8,8.3,8.7,23.2,46.3,96.1,48.2,47.0,31.5,24.5,0.9,34.1,42.6,42.6,55.6,113.7,10.0,42.3,64.1,11.2,6.4,14.6,2.9,2.9,-,-,F,E,-,-,-,-,-,-,-,-,-,-,-,-,-,-
2026-06-10,07:30~08:30,總停等延滯,579064.0,23721.0,2025.0,21696.0,26110.0,9610.0,16500.0,124256.0,38722.0,27921.0,57613.0,192698.0,28465.0,79146.0,41819.0,43268.0,41590.0,309.0,41281.0,40126.0,40126.0,104694.0,40495.0,7358.0,14927.0,41914.0,16100.0,1959.0,14141.0,9769.0,9769.0,nan,nan,783.5,455.3,-,-,-,-,-,-,402.3,219.2,47.2,327.5,-,127.8,299.5,254.4
2026-06-10,07:30~08:30,通過量,2634.0,687.0,61.0,626.0,1234.0,613.0,621.0,3994.0,1304.0,1421.0,1269.0,2855.0,274.0,1137.0,816.0,628.0,1009.0,554.0,455.0,464.0,464.0,1443.0,358.0,516.0,253.0,316.0,1362.0,603.0,759.0,828.0,828.0,0.0,0.0,4.6,7.1,-,-,-,-,-,-,-,-,-,-,-,-,-,-
2026-06-10,07:30~08:30,平均停等延滯,219.8,34.5,33.2,34.7,21.2,15.7,26.6,31.1,29.7,19.6,45.4,67.5,103.9,69.6,51.2,68.9,41.2,0.6,90.7,86.5,86.5,72.6,113.1,14.3,59.0,132.6,11.8,3.2,18.6,11.8,11.8,-,-,F,F,-,-,-,-,-,-,-,-,-,-,-,-,-,-
2026-06-10,07:00~09:00,總停等延滯,1099914.0,47370.0,3399.0,43971.0,47221.0,18957.0,28264.0,226614.0,66773.0,51293.0,108548.0,363851.0,55572.0,146998.0,81966.0,79315.0,82365.0,971.0,81394.0,80648.0,80648.0,206220.0,79832.0,15042.0,31442.0,79904.0,32598.0,5806.0,26792.0,13027.0,13027.0,nan,nan,699.4,442.8,-,-,-,-,-,-,323.5,192.6,195.4,315.8,-,126.9,284.1,219.2
2026-06-10,07:00~09:00,通過量,5567.0,1569.0,118.0,1451.0,2535.0,1183.0,1352.0,8775.0,2710.0,3281.0,2784.0,5946.0,649.0,2307.0,1613.0,1377.0,2180.0,1042.0,1138.0,1150.0,1150.0,3064.0,687.0,988.0,600.0,789.0,2765.0,1224.0,1541.0,1572.0,1572.0,0.0,0.0,5.2,7.3,-,-,-,-,-,-,-,-,-,-,-,-,-,-
2026-06-10,07:00~09:00,平均停等延滯,197.6,30.2,28.8,30.3,18.6,16.0,20.9,25.8,24.6,15.6,39.0,61.2,85.6,63.7,50.8,57.6,37.8,0.9,71.5,70.1,70.1,67.3,116.2,15.2,52.4,101.3,11.8,4.7,17.4,8.3,8.3,-,-,F,F,-,-,-,-,-,-,-,-,-,-,-,-,-,-
2026-06-10,10:00~12:00,總停等延滯,396650.0,13737.0,9495.0,4242.0,6932.0,3701.0,3231.0,39675.0,22544.0,5942.0,11189.0,189826.0,29014.0,74057.0,52208.0,34547.0,28040.0,1741.0,26299.0,15645.0,15645.0,72123.0,31829.0,16535.0,10958.0,12801.0,26684.0,10602.0,16082.0,3988.0,3988.0,nan,nan,238.1,190.9,-,-,-,-,-,-,109.5,21.5,33.6,86.5,-,104.4,176.7,39.9
2026-06-10,10:00~12:00,通過量,5813.0,1880.0,303.0,1577.0,3021.0,1485.0,1536.0,9150.0,3227.0,3059.0,2864.0,6588.0,521.0,2866.0,1751.0,1450.0,2835.0,1502.0,1333.0,1418.0,1418.0,3433.0,570.0,1497.0,327.0,1039.0,3204.0,1636.0,1568.0,1194.0,1194.0,0.0,0.0,15.2,17.0,-,-,-,-,-,-,-,-,-,-,-,-,-,-
2026-06-10,10:00~12:00,平均停等延滯,68.2,7.3,31.3,2.7,2.3,2.5,2.1,4.3,7.0,1.9,3.9,28.8,55.7,25.8,29.8,23.8,9.9,1.2,19.7,11.0,11.0,21.0,55.8,11.0,33.5,12.3,8.3,6.5,10.3,3.3,3.3,-,-,E,E,-,-,-,-,-,-,-,-,-,-,-,-,-,-
2026-06-10,11:00~12:00,總停等延滯,190310.0,7099.0,3626.0,3473.0,3473.0,1457.0,2016.0,19622.0,11740.0,2298.0,5584.0,92964.0,14024.0,40405.0,24758.0,13777.0,9263.0,1077.0,8186.0,4511.0,4511.0,36358.0,18350.0,7698.0,5993.0,4317.0,15340.0,6907.0,8433.0,1680.0,1680.0,nan,nan,195.0,224.7,-,-,-,-,-,-,64.6,24.0,33.5,93.1,-,131.6,129.5,41.4
2026-06-10,11:00~12:00,通過量,2942.0,919.0,150.0,769.0,1501.0,731.0,770.0,4513.0,1618.0,1484.0,1411.0,3210.0,269.0,1378.0,872.0,691.0,1417.0,779.0,638.0,658.0,658.0,1735.0,320.0,716.0,159.0,540.0,1613.0,840.0,773.0,581.0,581.0,0.0,0.0,18.6,14.4,-,-,-,-,-,-,-,-,-,-,-,-,-,-
2026-06-10,11:00~12:00,平均停等延滯,64.7,7.7,24.2,4.5,2.3,2.0,2.6,4.3,7.3,1.5,4.0,29.0,52.1,29.3,28.4,19.9,6.5,1.4,12.8,6.9,6.9,21.0,57.3,10.8,37.7,8.0,9.5,8.2,10.9,2.9,2.9,-,-,E,E,-,-,-,-,-,-,-,-,-,-,-,-,-,-
2026-06-10,12:00~14:00,總停等延滯,388734.0,15304.0,5645.0,9659.0,6624.0,2264.0,4360.0,39133.0,25273.0,4975.0,8885.0,202176.0,23579.0,91969.0,56578.0,30050.0,14223.0,1328.0,12895.0,10034.0,10034.0,68946.0,39501.0,12525.0,7753.0,9167.0,25678.0,6828.0,18850.0,6616.0,6616.0,nan,nan,243.3,245.7,-,-,-,-,-,-,67.8,23.7,36.2,97.6,-,148.1,155.7,63.9
2026-06-10,12:00~14:00,通過量,5921.0,1966.0,325.0,1641.0,3225.0,1553.0,1672.0,9272.0,3245.0,3126.0,2901.0,6788.0,462.0,3012.0,1870.0,1444.0,2722.0,1441.0,1281.0,1284.0,1284.0,3180.0,579.0,1364.0,228.0,1009.0,3445.0,1680.0,1765.0,1401.0,1401.0,0.0,0.0,14.9,13.2,-,-,-,-,-,-,-,-,-,-,-,-,-,-
2026-06-10,12:00~14:00,平均停等延滯,65.7,7.8,17.4,5.9,2.1,1.5,2.6,4.2,7.8,1.6,3.1,29.8,51.0,30.5,30.3,20.8,5.2,0.9,10.1,7.8,7.8,21.7,68.2,9.2,34.0,9.1,7.5,4.1,10.7,4.7,4.7,-,-,E,E,-,-,-,-,-,-,-,-,-,-,-,-,-,-
2026-06-10,16:30~18:30,總停等延滯,695481.0,13674.0,12277.0,1397.0,39809.0,37881.0,1928.0,83983.0,48498.0,9419.0,26066.0,298088.0,38941.0,149876.0,65766.0,43505.0,20711.0,1989.0,18722.0,14590.0,14590.0,181450.0,88549.0,60211.0,11128.0,21562.0,39634.0,16471.0,23163.0,3542.0,3542.0,nan,nan,265.9,227.6,-,-,-,-,-,-,99.7,18.3,49.1,107.1,-,120.5,213.1,34.4
2026-06-10,16:30~18:30,通過量,6509.0,1938.0,278.0,1660.0,3692.0,1979.0,1713.0,10739.0,4337.0,3416.0,2986.0,7755.0,591.0,3975.0,1842.0,1347.0,3348.0,2134.0,1214.0,1305.0,1305.0,4041.0,733.0,2047.0,372.0,889.0,3680.0,2013.0,1667.0,1243.0,1243.0,0.0,0.0,13.6,14.2,-,-,-,-,-,-,-,-,-,-,-,-,-,-
2026-06-10,16:30~18:30,平均停等延滯,106.8,7.1,44.2,0.8,10.8,19.1,1.1,7.8,11.2,2.8,8.7,38.4,65.9,37.7,35.7,32.3,6.2,0.9,15.4,11.2,11.2,44.9,120.8,29.4,29.9,24.3,10.8,8.2,13.9,2.8,2.8,-,-,E,E,-,-,-,-,-,-,-,-,-,-,-,-,-,-
2026-06-10,17:00~19:00,總停等延滯,636294.0,13907.0,12525.0,1382.0,32573.0,30989.0,1584.0,74710.0,46534.0,8310.0,19866.0,277849.0,35894.0,146638.0,59240.0,36077.0,12107.0,1767.0,10340.0,13929.0,13929.0,172361.0,90500.0,55591.0,8482.0,17788.0,36106.0,14458.0,21648.0,2752.0,2752.0,nan,nan,260.8,229.5,-,-,-,-,-,-,101.6,18.6,39.4,108.0,-,121.6,208.1,34.2
2026-06-10,17:00~19:00,通過量,6101.0,1777.0,279.0,1498.0,3434.0,1894.0,1540.0,10036.0,4232.0,3102.0,2702.0,7467.0,565.0,4071.0,1619.0,1212.0,3185.0,2065.0,1120.0,1212.0,1212.0,3878.0,750.0,2022.0,317.0,789.0,3527.0,2020.0,1507.0,1070.0,1070.0,0.0,0.0,13.9,14.1,-,-,-,-,-,-,-,-,-,-,-,-,-,-
2026-06-10,17:00~19:00,平均停等延滯,104.3,7.8,44.9,0.9,9.5,16.4,1.0,7.4,11.0,2.7,7.4,37.2,63.5,36.0,36.6,29.8,3.8,0.9,9.2,11.5,11.5,44.4,120.7,27.5,26.8,22.5,10.2,7.2,14.4,2.6,2.6,-,-,E,E,-,-,-,-,-,-,-,-,-,-,-,-,-,-
2026-06-10,16:30~17:30,總停等延滯,359785.0,6343.0,5691.0,652.0,18317.0,17487.0,830.0,44723.0,23100.0,5013.0,16610.0,153246.0,19996.0,69568.0,39072.0,24610.0,14859.0,1083.0,13776.0,8240.0,8240.0,90295.0,42450.0,28729.0,6520.0,12596.0,21371.0,8333.0,13038.0,2391.0,2391.0,nan,nan,226.9,218.5,-,-,-,-,-,-,140.7,17.6,56.1,101.0,-,117.6,175.0,34.1
2026-06-10,16:30~17:30,通過量,3435.0,1038.0,145.0,893.0,1878.0,984.0,894.0,5634.0,2205.0,1814.0,1615.0,4001.0,283.0,1966.0,1022.0,730.0,1739.0,1096.0,643.0,669.0,669.0,2087.0,378.0,1007.0,212.0,490.0,1882.0,939.0,943.0,743.0,743.0,0.0,0.0,15.9,14.8,-,-,-,-,-,-,-,-,-,-,-,-,-,-
2026-06-10,16:30~17:30,平均停等延滯,104.7,6.1,39.2,0.7,9.8,17.8,0.9,7.9,10.5,2.8,10.3,38.3,70.7,35.4,38.2,33.7,8.5,1.0,21.4,12.3,12.3,43.3,112.3,28.5,30.8,25.7,11.4,8.9,13.8,3.2,3.2,-,-,E,E,-,-,-,-,-,-,-,-,-,-,-,-,-,-
2026-06-10,17:30~18:30,總停等延滯,335696.0,7331.0,6586.0,745.0,21492.0,20394.0,1098.0,39260.0,25398.0,4406.0,9456.0,144842.0,18945.0,80308.0,26694.0,18895.0,5852.0,906.0,4946.0,6350.0,6350.0,91155.0,46099.0,31482.0,4608.0,8966.0,18263.0,8138.0,10125.0,1151.0,1151.0,nan,nan,304.4,236.7,-,-,-,-,-,-,56.4,19.0,42.1,113.2,-,123.5,250.7,34.7
2026-06-10,17:30~18:30,通過量,3074.0,900.0,133.0,767.0,1814.0,995.0,819.0,5105.0,2132.0,1602.0,1371.0,3754.0,308.0,2009.0,820.0,617.0,1609.0,1038.0,571.0,636.0,636.0,1954.0,355.0,1040.0,160.0,399.0,1798.0,1074.0,724.0,500.0,500.0,0.0,0.0,11.9,13.7,-,-,-,-,-,-,-,-,-,-,-,-,-,-
2026-06-10,17:30~18:30,平均停等延滯,109.2,8.1,49.5,1.0,11.8,20.5,1.3,7.7,11.9,2.8,6.9,38.6,61.5,40.0,32.6,30.6,3.6,0.9,8.7,10.0,10.0,46.7,129.9,30.3,28.8,22.5,10.2,7.6,14.0,2.3,2.3,-,-,E,E,-,-,-,-,-,-,-,-,-,-,-,-,-,-
2026-06-11,06:30~20:30,總停等延滯,4197933.0,180117.0,74298.0,105819.0,168750.0,121744.0,47006.0,591316.0,274811.0,94938.0,221567.0,1699810.0,234493.0,790522.0,368755.0,306040.0,260031.0,12288.0,247743.0,186221.0,186221.0,782512.0,339103.0,159279.0,90098.0,194032.0,244652.0,65048.0,179604.0,84524.0,84524.0,nan,nan,356.6,253.1,-,-,-,-,-,-,110.0,44.5,46.1,126.4,-,126.7,237.4,56.4
2026-06-11,06:30~20:30,通過量,40801.0,13056.0,1885.0,11171.0,22223.0,11370.0,10853.0,67114.0,24604.0,22490.0,20020.0,47848.0,3536.0,22359.0,11623.0,10330.0,20237.0,11009.0,9228.0,9530.0,9530.0,24241.0,4255.0,10607.0,2545.0,6834.0,22232.0,11856.0,10376.0,8325.0,8325.0,0.0,0.0,10.1,12.8,-,-,-,-,-,-,-,-,-,-,-,-,-,-
2026-06-11,06:30~20:30,平均停等延滯,102.9,13.8,39.4,9.5,7.6,10.7,4.3,8.8,11.2,4.2,11.1,35.5,66.3,35.4,31.7,29.6,12.8,1.1,26.8,19.5,19.5,32.3,79.7,15.0,35.4,28.4,11.0,5.5,17.3,10.2,10.2,-,-,E,E,-,-,-,-,-,-,-,-,-,-,-,-,-,-
2026-06-11,07:00~21:00,總停等延滯,4051268.0,174609.0,75216.0,99393.0,166977.0,121552.0,45425.0,568376.0,277027.0,88716.0,202633.0,1663968.0,229244.0,790181.0,349880.0,294663.0,243776.0,11913.0,231863.0,165765.0,165765.0,752279.0,331935.0,160680.0,84149.0,175515.0,231617.0,62578.0,169039.0,83901.0,83901.0,nan,nan,351.9,249.9,-,-,-,-,-,-,112.5,44.8,46.2,124.5,-,125.4,227.9,56.0
2026-06-11,07:00~21:00,通過量,40224.0,12711.0,1907.0,10804.0,21953.0,11453.0,10500.0,65691.0,24747.0,21623.0,19321.0,47375.0,3475.0,22596.0,11424.0,9880.0,19972.0,11176.0,8796.0,9217.0,9217.0,23972.0,4229.0,10739.0,2442.0,6562.0,22096.0,11940.0,10156.0,8203.0,8203.0,0.0,0.0,10.3,13.0,-,-,-,-,-,-,-,-,-,-,-,-,-,-
2026-06-11,07:00~21:00,平均停等延滯,100.7,13.7,39.4,9.2,7.6,10.6,4.3,8.7,11.2,4.1,10.5,35.1,66.0,35.0,30.6,29.8,12.2,1.1,26.4,18.0,18.0,31.4,78.5,15.0,34.5,26.7,10.5,5.2,16.6,10.2,10.2,-,-,E,E,-,-,-,-,-,-,-,-,-,-,-,-,-,-
2026-06-11,06:30~08:30,總停等延滯,1097561.0,49051.0,5063.0,43988.0,53014.0,26168.0,26846.0,207167.0,58206.0,43943.0,105018.0,377260.0,58087.0,144280.0,98463.0,76430.0,78845.0,926.0,77919.0,86939.0,86939.0,181564.0,77603.0,10155.0,22169.0,71637.0,57138.0,12784.0,44354.0,6583.0,6583.0,nan,nan,593.1,392.0,-,-,-,-,-,-,163.5,127.5,47.3,243.0,-,149.0,339.8,125.9
2026-06-11,06:30~08:30,通過量,5946.0,1879.0,151.0,1728.0,3054.0,1326.0,1728.0,10438.0,2805.0,4107.0,3526.0,6722.0,575.0,2633.0,1596.0,1918.0,2741.0,1032.0,1709.0,1566.0,1566.0,3336.0,653.0,947.0,548.0,1188.0,2778.0,1273.0,1505.0,1375.0,1375.0,0.0,0.0,6.1,8.3,-,-,-,-,-,-,-,-,-,-,-,-,-,-
2026-06-11,06:30~08:30,平均停等延滯,184.6,26.1,33.5,25.5,17.4,19.7,15.5,19.8,20.8,10.7,29.8,56.1,101.0,54.8,61.7,39.8,28.8,0.9,45.6,55.5,55.5,54.4,118.8,10.7,40.5,60.3,20.6,10.0,29.5,4.8,4.8,-,-,F,F,-,-,-,-,-,-,-,-,-,-,-,-,-,-
2026-06-11,06:30~07:30,總停等延滯,482389.0,20103.0,1898.0,18205.0,10029.0,1164.0,8865.0,80979.0,14006.0,19026.0,47947.0,173100.0,26131.0,58034.0,52179.0,36756.0,37084.0,622.0,36462.0,43472.0,43472.0,81462.0,32161.0,3484.0,12449.0,33368.0,34323.0,6151.0,28172.0,1837.0,1837.0,nan,nan,535.4,272.2,-,-,-,-,-,-,71.4,63.7,27.6,157.7,-,114.5,390.2,81.5
2026-06-11,06:30~07:30,通過量,3066.0,1089.0,63.0,1026.0,1657.0,627.0,1030.0,5734.0,1291.0,2375.0,2068.0,3389.0,283.0,1062.0,826.0,1218.0,1535.0,425.0,1110.0,923.0,923.0,1713.0,275.0,396.0,286.0,756.0,1386.0,610.0,776.0,611.0,611.0,0.0,0.0,6.8,11.9,-,-,-,-,-,-,-,-,-,-,-,-,-,-
2026-06-11,06:30~07:30,平均停等延滯,157.3,18.5,30.1,17.7,6.1,1.9,8.6,14.1,10.8,8.0,23.2,51.1,92.3,54.6,63.2,30.2,24.2,1.5,32.8,47.1,47.1,47.6,116.9,8.8,43.5,44.1,24.8,10.1,36.3,3.0,3.0,-,-,F,E,-,-,-,-,-,-,-,-,-,-,-,-,-,-
2026-06-11,07:30~08:30,總停等延滯,615172.0,28948.0,3165.0,25783.0,42985.0,25004.0,17981.0,126188.0,44200.0,24917.0,57071.0,204160.0,31956.0,86246.0,46284.0,39674.0,41761.0,304.0,41457.0,43467.0,43467.0,100102.0,45442.0,6671.0,9720.0,38269.0,22815.0,6633.0,16182.0,4746.0,4746.0,nan,nan,650.8,511.8,-,-,-,-,-,-,255.6,191.2,63.7,328.4,-,183.5,289.3,170.3
2026-06-11,07:30~08:30,通過量,2880.0,790.0,88.0,702.0,1397.0,699.0,698.0,4704.0,1514.0,1732.0,1458.0,3333.0,292.0,1571.0,770.0,700.0,1206.0,607.0,599.0,643.0,643.0,1623.0,378.0,551.0,262.0,432.0,1392.0,663.0,729.0,764.0,764.0,0.0,0.0,5.6,6.3,-,-,-,-,-,-,-,-,-,-,-,-,-,-
2026-06-11,07:30~08:30,平均停等延滯,213.6,36.6,36.0,36.7,30.8,35.8,25.8,26.8,29.2,14.4,39.1,61.3,109.4,54.9,60.1,56.7,34.6,0.5,69.2,67.6,67.6,61.7,120.2,12.1,37.1,88.6,16.4,10.0,22.2,6.2,6.2,-,-,F,F,-,-,-,-,-,-,-,-,-,-,-,-,-,-
2026-06-11,07:00~09:00,總停等延滯,1176400.0,53772.0,6930.0,46842.0,70251.0,40250.0,30001.0,233751.0,78206.0,46264.0,109281.0,401608.0,60047.0,168370.0,96334.0,76857.0,77464.0,557.0,76907.0,83401.0,83401.0,186272.0,83931.0,12715.0,21122.0,68504.0,60688.0,12572.0,48116.0,9193.0,9193.0,nan,nan,646.2,463.0,-,-,-,-,-,-,197.9,146.4,62.9,304.6,-,158.4,357.6,142.1
2026-06-11,07:00~09:00,通過量,5897.0,1720.0,184.0,1536.0,2946.0,1371.0,1575.0,10037.0,2975.0,3776.0,3286.0,6740.0,609.0,2820.0,1593.0,1718.0,2711.0,1172.0,1539.0,1538.0,1538.0,3409.0,710.0,1076.0,539.0,1084.0,2732.0,1332.0,1400.0,1422.0,1422.0,0.0,0.0,5.6,7.0,-,-,-,-,-,-,-,-,-,-,-,-,-,-
2026-06-11,07:00~09:00,平均停等延滯,199.5,31.3,37.7,30.5,23.8,29.4,19.0,23.3,26.3,12.3,33.3,59.6,98.6,59.7,60.5,44.7,28.6,0.5,50.0,54.2,54.2,54.6,118.2,11.8,39.2,63.2,22.2,9.4,34.4,6.5,6.5,-,-,F,F,-,-,-,-,-,-,-,-,-,-,-,-,-,-
2026-06-11,10:00~12:00,總停等延滯,487655.0,14919.0,8774.0,6145.0,6580.0,3813.0,2767.0,41741.0,23838.0,6664.0,11239.0,174947.0,28759.0,66466.0,40925.0,38797.0,46407.0,1448.0,44959.0,23270.0,23270.0,96805.0,40215.0,21175.0,13635.0,21780.0,39539.0,6242.0,33297.0,43447.0,43447.0,nan,nan,427.6,217.7,-,-,-,-,-,-,58.4,21.1,65.3,85.4,-,132.2,371.8,34.7
2026-06-11,10:00~12:00,通過量,5730.0,1841.0,287.0,1554.0,3108.0,1572.0,1536.0,9233.0,3247.0,3099.0,2887.0,6537.0,507.0,2766.0,1667.0,1597.0,2908.0,1471.0,1437.0,1426.0,1426.0,3427.0,635.0,1354.0,439.0,999.0,2893.0,1602.0,1291.0,1058.0,1058.0,0.0,0.0,8.5,14.9,-,-,-,-,-,-,-,-,-,-,-,-,-,-
2026-06-11,10:00~12:00,平均停等延滯,85.1,8.1,30.6,4.0,2.1,2.4,1.8,4.5,7.3,2.2,3.9,26.8,56.7,24.0,24.6,24.3,16.0,1.0,31.3,16.3,16.3,28.2,63.3,15.6,31.1,21.8,13.7,3.9,25.8,41.1,41.1,-,-,F,E,-,-,-,-,-,-,-,-,-,-,-,-,-,-
2026-06-11,11:00~12:00,總停等延滯,261203.0,8575.0,3270.0,5305.0,3578.0,1508.0,2070.0,20655.0,13582.0,3357.0,3716.0,94862.0,14013.0,43864.0,18199.0,18786.0,25127.0,855.0,24272.0,7768.0,7768.0,57381.0,24209.0,13121.0,8029.0,12022.0,22355.0,3431.0,18924.0,20902.0,20902.0,nan,nan,499.0,198.2,-,-,-,-,-,-,56.4,24.6,98.5,96.2,-,102.0,437.6,36.8
2026-06-11,11:00~12:00,通過量,2903.0,948.0,148.0,800.0,1581.0,805.0,776.0,4599.0,1692.0,1514.0,1393.0,3238.0,268.0,1450.0,727.0,793.0,1541.0,796.0,745.0,729.0,729.0,1766.0,341.0,702.0,256.0,467.0,1448.0,830.0,618.0,476.0,476.0,0.0,0.0,7.3,16.3,-,-,-,-,-,-,-,-,-,-,-,-,-,-
2026-06-11,11:00~12:00,平均停等延滯,90.0,9.0,22.1,6.6,2.3,1.9,2.7,4.5,8.0,2.2,2.7,29.3,52.3,30.3,25.0,23.7,16.3,1.1,32.6,10.7,10.7,32.5,71.0,18.7,31.4,25.7,15.4,4.1,30.6,43.9,43.9,-,-,F,E,-,-,-,-,-,-,-,-,-,-,-,-,-,-
2026-06-11,12:00~14:00,總停等延滯,397751.0,14177.0,5236.0,8941.0,5929.0,2620.0,3309.0,41856.0,23454.0,4625.0,13777.0,190559.0,25243.0,88385.0,52158.0,24773.0,12959.0,1208.0,11751.0,9862.0,9862.0,74948.0,36282.0,16029.0,10406.0,12231.0,43513.0,14869.0,28644.0,3948.0,3948.0,nan,nan,267.9,231.9,-,-,-,-,-,-,100.8,21.8,48.0,91.9,-,140.0,210.7,35.4
2026-06-11,12:00~14:00,通過量,5757.0,1932.0,269.0,1663.0,3187.0,1598.0,1589.0,9101.0,3272.0,3056.0,2773.0,6441.0,479.0,2824.0,1752.0,1386.0,2692.0,1462.0,1230.0,1308.0,1308.0,3248.0,518.0,1423.0,321.0,986.0,3207.0,1621.0,1586.0,1316.0,1316.0,0.0,0.0,13.5,14.0,-,-,-,-,-,-,-,-,-,-,-,-,-,-
2026-06-11,12:00~14:00,平均停等延滯,69.1,7.3,19.5,5.4,1.9,1.6,2.1,4.6,7.2,1.5,5.0,29.6,52.7,31.3,29.8,17.9,4.8,0.8,9.6,7.5,7.5,23.1,70.0,11.3,32.4,12.4,13.6,9.2,18.1,3.0,3.0,-,-,E,E,-,-,-,-,-,-,-,-,-,-,-,-,-,-
2026-06-11,16:30~18:30,總停等延滯,662028.0,30387.0,18543.0,11844.0,45526.0,43521.0,2005.0,84187.0,51490.0,10352.0,22345.0,289590.0,38630.0,160219.0,44569.0,46172.0,27127.0,2685.0,24442.0,10051.0,10051.0,146377.0,63053.0,50639.0,12877.0,19808.0,24127.0,9420.0,14707.0,4656.0,4656.0,nan,nan,222.6,212.7,-,-,-,-,-,-,145.7,18.9,48.2,108.3,-,104.4,167.2,34.8
2026-06-11,16:30~18:30,通過量,6511.0,1944.0,311.0,1633.0,3617.0,1996.0,1621.0,10755.0,4427.0,3415.0,2913.0,7855.0,581.0,4105.0,1789.0,1380.0,3358.0,2139.0,1219.0,1287.0,1287.0,4118.0,755.0,2167.0,351.0,845.0,3736.0,2064.0,1672.0,1208.0,1208.0,0.0,0.0,16.3,15.2,-,-,-,-,-,-,-,-,-,-,-,-,-,-
2026-06-11,16:30~18:30,平均停等延滯,101.7,15.6,59.6,7.3,12.6,21.8,1.2,7.8,11.6,3.0,7.7,36.9,66.5,39.0,24.9,33.5,8.1,1.3,20.1,7.8,7.8,35.5,83.5,23.4,36.7,23.4,6.5,4.6,8.8,3.9,3.9,-,-,E,E,-,-,-,-,-,-,-,-,-,-,-,-,-,-
2026-06-11,17:00~19:00,總停等延滯,631311.0,29501.0,17209.0,12292.0,49876.0,47985.0,1891.0,79750.0,52087.0,8992.0,18671.0,275432.0,33925.0,157096.0,40466.0,43945.0,23124.0,2339.0,20785.0,9379.0,9379.0,141541.0,58666.0,50069.0,13561.0,19245.0,19171.0,7705.0,11466.0,3537.0,3537.0,nan,nan,194.0,207.6,-,-,-,-,-,-,143.8,19.6,42.2,101.0,-,106.6,155.3,35.8
2026-06-11,17:00~19:00,通過量,6159.0,1840.0,305.0,1535.0,3474.0,1979.0,1495.0,10290.0,4484.0,3131.0,2675.0,7691.0,500.0,4273.0,1674.0,1244.0,3251.0,2145.0,1106.0,1164.0,1164.0,3977.0,748.0,2145.0,348.0,736.0,3640.0,2097.0,1543.0,1101.0,1101.0,0.0,0.0,18.6,15.6,-,-,-,-,-,-,-,-,-,-,-,-,-,-
2026-06-11,17:00~19:00,平均停等延滯,102.5,16.0,56.4,8.0,14.4,24.2,1.3,7.8,11.6,2.9,7.0,35.8,67.8,36.8,24.2,35.3,7.1,1.1,18.8,8.1,8.1,35.6,78.4,23.3,39.0,26.1,5.3,3.7,7.4,3.2,3.2,-,-,E,E,-,-,-,-,-,-,-,-,-,-,-,-,-,-
2026-06-11,16:30~17:30,總停等延滯,333835.0,14438.0,9055.0,5383.0,18938.0,18100.0,838.0,41447.0,24538.0,4961.0,11948.0,147379.0,18234.0,81382.0,23117.0,24646.0,16177.0,1634.0,14543.0,5420.0,5420.0,73042.0,32257.0,23566.0,5794.0,11425.0,13867.0,5714.0,8153.0,3127.0,3127.0,nan,nan,237.1,219.7,-,-,-,-,-,-,121.2,16.0,46.8,115.5,-,104.2,187.1,34.0
2026-06-11,16:30~17:30,通過量,3328.0,961.0,144.0,817.0,1814.0,994.0,820.0,5412.0,2148.0,1755.0,1509.0,4027.0,293.0,2053.0,937.0,744.0,1772.0,1104.0,668.0,729.0,729.0,2081.0,384.0,1052.0,157.0,488.0,1880.0,1012.0,868.0,715.0,715.0,0.0,0.0,15.3,14.7,-,-,-,-,-,-,-,-,-,-,-,-,-,-
2026-06-11,16:30~17:30,平均停等延滯,100.3,15.0,62.9,6.6,10.4,18.2,1.0,7.7,11.4,2.8,7.9,36.6,62.2,39.6,24.7,33.1,9.1,1.5,21.8,7.4,7.4,35.1,84.0,22.4,36.9,23.4,7.4,5.6,9.4,4.4,4.4,-,-,E,E,-,-,-,-,-,-,-,-,-,-,-,-,-,-
2026-06-11,17:30~18:30,總停等延滯,328193.0,15949.0,9488.0,6461.0,26588.0,25421.0,1167.0,42740.0,26952.0,5391.0,10397.0,142211.0,20396.0,78837.0,21452.0,21526.0,10950.0,1051.0,9899.0,4631.0,4631.0,73335.0,30796.0,27073.0,7083.0,8383.0,10260.0,3706.0,6554.0,1529.0,1529.0,nan,nan,207.6,205.7,-,-,-,-,-,-,170.6,21.9,49.5,101.1,-,104.6,147.3,35.6
2026-06-11,17:30~18:30,通過量,3183.0,983.0,167.0,816.0,1803.0,1002.0,801.0,5343.0,2279.0,1660.0,1404.0,3828.0,288.0,2052.0,852.0,636.0,1586.0,1035.0,551.0,558.0,558.0,2037.0,371.0,1115.0,194.0,357.0,1856.0,1052.0,804.0,493.0,493.0,0.0,0.0,17.4,15.8,-,-,-,-,-,-,-,-,-,-,-,-,-,-
2026-06-11,17:30~18:30,平均停等延滯,103.1,16.2,56.8,7.9,14.7,25.4,1.5,8.0,11.8,3.2,7.4,37.2,70.8,38.4,25.2,33.8,6.9,1.0,18.0,8.3,8.3,36.0,83.0,24.3,36.5,23.5,5.5,3.5,8.2,3.1,3.1,-,-,E,E,-,-,-,-,-,-,-,-,-,-,-,-,-,-
2026-06-12,06:30~20:30,總停等延滯,3779195.0,164015.0,99752.0,64263.0,110660.0,79336.0,31324.0,494630.0,246429.0,79486.0,168715.0,1652009.0,209055.0,843966.0,315904.0,283084.0,207530.0,15211.0,192319.0,115740.0,115740.0,813374.0,366337.0,173020.0,102861.0,171156.0,157457.0,61882.0,95575.0,63780.0,63780.0,nan,nan,215.5,256.9,-,-,-,-,-,-,86.7,25.5,33.7,112.6,-,144.2,145.1,45.0
2026-06-12,06:30~20:30,通過量,43183.0,13563.0,1990.0,11573.0,22689.0,11177.0,11512.0,70147.0,24708.0,23762.0,21677.0,50270.0,3543.0,23491.0,12270.0,10966.0,21087.0,11051.0,10036.0,10239.0,10239.0,25884.0,4842.0,10932.0,2560.0,7550.0,23477.0,11956.0,11521.0,8880.0,8880.0,0.0,0.0,16.8,12.6,-,-,-,-,-,-,-,-,-,-,-,-,-,-
2026-06-12,06:30~20:30,平均停等延滯,87.5,12.1,50.1,5.6,4.9,7.1,2.7,7.1,10.0,3.3,7.8,32.9,59.0,35.9,25.7,25.8,9.8,1.4,19.2,11.3,11.3,31.4,75.7,15.8,40.2,22.7,6.7,5.2,8.3,7.2,7.2,-,-,E,E,-,-,-,-,-,-,-,-,-,-,-,-,-,-
2026-06-12,07:00~21:00,總停等延滯,3676656.0,161613.0,100983.0,60630.0,109716.0,79480.0,30236.0,476727.0,250057.0,74499.0,152171.0,1634924.0,205806.0,848412.0,303382.0,277324.0,192522.0,15053.0,177469.0,96207.0,96207.0,787681.0,360740.0,175240.0,97847.0,153854.0,155777.0,61729.0,94048.0,61489.0,61489.0,nan,nan,212.6,256.9,-,-,-,-,-,-,86.6,24.8,33.8,112.3,-,144.6,143.5,44.3
2026-06-12,07:00~21:00,通過量,42772.0,13254.0,2019.0,11235.0,22408.0,11237.0,11171.0,68963.0,24995.0,22983.0,20985.0,49962.0,3505.0,23786.0,12096.0,10575.0,20895.0,11202.0,9693.0,9954.0,9954.0,25834.0,4852.0,11153.0,2511.0,7318.0,23454.0,12124.0,11330.0,8806.0,8806.0,0.0,0.0,17.0,12.6,-,-,-,-,-,-,-,-,-,-,-,-,-,-
2026-06-12,07:00~21:00,平均停等延滯,86.0,12.2,50.0,5.4,4.9,7.1,2.7,6.9,10.0,3.2,7.3,32.7,58.7,35.7,25.1,26.2,9.2,1.3,18.3,9.7,9.7,30.5,74.3,15.7,39.0,21.0,6.6,5.1,8.3,7.0,7.0,-,-,E,E,-,-,-,-,-,-,-,-,-,-,-,-,-,-
2026-06-12,06:30~08:30,總停等延滯,708286.0,31353.0,5468.0,25885.0,14396.0,4224.0,10172.0,112497.0,27332.0,26256.0,58909.0,254169.0,38715.0,106710.0,53987.0,54757.0,61209.0,1486.0,59723.0,48229.0,48229.0,145467.0,65190.0,17234.0,22632.0,40411.0,28296.0,16000.0,12296.0,12670.0,12670.0,nan,nan,228.3,282.5,-,-,-,-,-,-,54.0,47.5,28.7,98.5,-,184.0,119.6,61.2
2026-06-12,06:30~08:30,通過量,6105.0,2073.0,128.0,1945.0,3420.0,1518.0,1902.0,11445.0,3146.0,4394.0,3905.0,7185.0,571.0,2732.0,1682.0,2200.0,3267.0,1226.0,2041.0,1805.0,1805.0,3512.0,626.0,1183.0,475.0,1228.0,3033.0,1474.0,1559.0,1340.0,1340.0,0.0,0.0,15.8,11.5,-,-,-,-,-,-,-,-,-,-,-,-,-,-
2026-06-12,06:30~08:30,平均停等延滯,116.0,15.1,42.7,13.3,4.2,2.8,5.3,9.8,8.7,6.0,15.1,35.4,67.8,39.1,32.1,24.9,18.7,1.2,29.3,26.7,26.7,41.4,104.1,14.6,47.6,32.9,9.3,10.9,7.9,9.5,9.5,-,-,E,E,-,-,-,-,-,-,-,-,-,-,-,-,-,-
2026-06-12,06:30~07:30,總停等延滯,379667.0,15724.0,1796.0,13928.0,7347.0,1385.0,5962.0,62702.0,10136.0,15611.0,36955.0,131202.0,24238.0,46078.0,31914.0,28972.0,35591.0,909.0,34682.0,37265.0,37265.0,75218.0,30635.0,3572.0,13117.0,27894.0,7936.0,927.0,7009.0,6682.0,6682.0,nan,nan,256.5,206.1,-,-,-,-,-,-,59.6,52.7,27.7,92.0,-,114.2,133.8,70.0
2026-06-12,06:30~07:30,通過量,3057.0,1135.0,54.0,1081.0,1728.0,652.0,1076.0,5913.0,1312.0,2414.0,2187.0,3562.0,317.0,1146.0,878.0,1221.0,1580.0,434.0,1146.0,966.0,966.0,1622.0,268.0,418.0,241.0,695.0,1487.0,657.0,830.0,603.0,603.0,0.0,0.0,14.1,15.7,-,-,-,-,-,-,-,-,-,-,-,-,-,-
2026-06-12,06:30~07:30,平均停等延滯,124.2,13.9,33.3,12.9,4.3,2.1,5.5,10.6,7.7,6.5,16.9,36.8,76.5,40.2,36.3,23.7,22.5,2.1,30.3,38.6,38.6,46.4,114.3,8.5,54.4,40.1,5.3,1.4,8.4,11.1,11.1,-,-,E,E,-,-,-,-,-,-,-,-,-,-,-,-,-,-
2026-06-12,07:30~08:30,總停等延滯,328619.0,15629.0,3672.0,11957.0,7049.0,2839.0,4210.0,49795.0,17196.0,10645.0,21954.0,122967.0,14477.0,60632.0,22073.0,25785.0,25618.0,577.0,25041.0,10964.0,10964.0,70249.0,34555.0,13662.0,9515.0,12517.0,20360.0,15073.0,5287.0,5988.0,5988.0,nan,nan,200.1,358.9,-,-,-,-,-,-,48.3,42.2,29.8,105.0,-,253.9,105.3,52.5
2026-06-12,07:30~08:30,通過量,3048.0,938.0,74.0,864.0,1692.0,866.0,826.0,5532.0,1834.0,1980.0,1718.0,3623.0,254.0,1586.0,804.0,979.0,1687.0,792.0,895.0,839.0,839.0,1890.0,358.0,765.0,234.0,533.0,1546.0,817.0,729.0,737.0,737.0,0.0,0.0,18.1,9.0,-,-,-,-,-,-,-,-,-,-,-,-,-,-
2026-06-12,07:30~08:30,平均停等延滯,107.8,16.7,49.6,13.8,4.2,3.3,5.1,9.0,9.4,5.4,12.8,33.9,57.0,38.2,27.5,26.3,15.2,0.7,28.0,13.1,13.1,37.2,96.5,17.9,40.7,23.5,13.2,18.4,7.3,8.1,8.1,-,-,E,F,-,-,-,-,-,-,-,-,-,-,-,-,-,-
2026-06-12,07:00~09:00,總停等延滯,658596.0,32847.0,8979.0,23868.0,14039.0,4601.0,9438.0,101331.0,31413.0,24013.0,45905.0,247433.0,35219.0,116434.0,42583.0,53197.0,55377.0,1393.0,53984.0,31064.0,31064.0,137028.0,65408.0,22478.0,22702.0,26440.0,27685.0,16408.0,11277.0,11792.0,11792.0,nan,nan,216.3,295.6,-,-,-,-,-,-,57.3,44.6,28.5,98.5,-,197.1,115.0,56.7
2026-06-12,07:00~09:00,通過量,6145.0,1983.0,176.0,1807.0,3462.0,1665.0,1797.0,10757.0,3388.0,3900.0,3469.0,7080.0,554.0,2986.0,1590.0,1950.0,3152.0,1388.0,1764.0,1604.0,1604.0,3638.0,671.0,1371.0,503.0,1093.0,3091.0,1608.0,1483.0,1372.0,1372.0,0.0,0.0,16.7,11.0,-,-,-,-,-,-,-,-,-,-,-,-,-,-
2026-06-12,07:00~09:00,平均停等延滯,107.2,16.6,51.0,13.2,4.1,2.8,5.3,9.4,9.3,6.2,13.2,34.9,63.6,39.0,26.8,27.3,17.6,1.0,30.6,19.4,19.4,37.7,97.5,16.4,45.1,24.2,9.0,10.2,7.6,8.6,8.6,-,-,E,E,-,-,-,-,-,-,-,-,-,-,-,-,-,-
2026-06-12,10:00~12:00,總停等延滯,494803.0,28645.0,17701.0,10944.0,10051.0,6435.0,3616.0,58341.0,29900.0,9573.0,18868.0,222748.0,27713.0,110613.0,44082.0,40340.0,30622.0,2918.0,27704.0,11008.0,11008.0,101011.0,41077.0,22642.0,13309.0,23983.0,22039.0,8395.0,13644.0,10338.0,10338.0,nan,nan,196.3,241.4,-,-,-,-,-,-,119.3,23.8,41.6,115.0,-,126.3,135.2,37.3
2026-06-12,10:00~12:00,通過量,6331.0,2096.0,322.0,1774.0,3341.0,1612.0,1729.0,9965.0,3413.0,3388.0,3164.0,7157.0,542.0,3133.0,1900.0,1582.0,2869.0,1508.0,1361.0,1371.0,1371.0,3634.0,616.0,1576.0,351.0,1091.0,3531.0,1734.0,1797.0,1274.0,1274.0,0.0,0.0,18.4,13.4,-,-,-,-,-,-,-,-,-,-,-,-,-,-
2026-06-12,10:00~12:00,平均停等延滯,78.2,13.7,55.0,6.2,3.0,4.0,2.1,5.9,8.8,2.8,6.0,31.1,51.1,35.3,23.2,25.5,10.7,1.9,20.4,8.0,8.0,27.8,66.7,14.4,37.9,22.0,6.2,4.8,7.6,8.1,8.1,-,-,E,E,-,-,-,-,-,-,-,-,-,-,-,-,-,-
2026-06-12,11:00~12:00,總停等延滯,233180.0,15675.0,9360.0,6315.0,4014.0,2649.0,1365.0,24363.0,12827.0,3339.0,8197.0,104622.0,15025.0,48498.0,21076.0,20023.0,13237.0,1930.0,11307.0,5829.0,5829.0,48562.0,22199.0,9403.0,6623.0,10337.0,11413.0,3544.0,7869.0,5465.0,5465.0,nan,nan,180.0,218.6,-,-,-,-,-,-,122.5,21.4,28.3,99.0,-,119.7,116.7,42.0
2026-06-12,11:00~12:00,通過量,3246.0,1049.0,160.0,889.0,1725.0,839.0,886.0,4843.0,1687.0,1641.0,1515.0,3524.0,301.0,1559.0,907.0,757.0,1435.0,784.0,651.0,657.0,657.0,1868.0,323.0,819.0,201.0,525.0,1774.0,877.0,897.0,610.0,610.0,0.0,0.0,20.1,14.8,-,-,-,-,-,-,-,-,-,-,-,-,-,-
2026-06-12,11:00~12:00,平均停等延滯,71.8,14.9,58.5,7.1,2.3,3.2,1.5,5.0,7.6,2.0,5.4,29.7,49.9,31.1,23.2,26.5,9.2,2.5,17.4,8.9,8.9,26.0,68.7,11.5,33.0,19.7,6.4,4.0,8.8,9.0,9.0,-,-,D,E,-,-,-,-,-,-,-,-,-,-,-,-,-,-
2026-06-12,12:00~14:00,總停等延滯,440238.0,24504.0,17064.0,7440.0,6863.0,4103.0,2760.0,53022.0,31337.0,7176.0,14509.0,205175.0,19369.0,107274.0,38661.0,39871.0,25437.0,2544.0,22893.0,7646.0,7646.0,91211.0,43795.0,16391.0,12637.0,18388.0,16914.0,6316.0,10598.0,9466.0,9466.0,nan,nan,222.8,236.9,-,-,-,-,-,-,113.5,23.4,26.8,104.4,-,132.5,159.7,39.7
2026-06-12,12:00~14:00,通過量,5915.0,1870.0,308.0,1562.0,3050.0,1518.0,1532.0,9348.0,3288.0,3114.0,2946.0,6765.0,447.0,3100.0,1801.0,1417.0,2873.0,1528.0,1345.0,1380.0,1380.0,3477.0,654.0,1482.0,269.0,1072.0,3183.0,1536.0,1647.0,1269.0,1269.0,0.0,0.0,16.2,13.7,-,-,-,-,-,-,-,-,-,-,-,-,-,-
2026-06-12,12:00~14:00,平均停等延滯,74.4,13.1,55.4,4.8,2.3,2.7,1.8,5.7,9.5,2.3,4.9,30.3,43.3,34.6,21.5,28.1,8.9,1.7,17.0,5.5,5.5,26.2,67.0,11.1,47.0,17.2,5.3,4.1,6.4,7.5,7.5,-,-,E,E,-,-,-,-,-,-,-,-,-,-,-,-,-,-
2026-06-12,16:30~18:30,總停等延滯,726473.0,23129.0,17958.0,5171.0,40102.0,36513.0,3589.0,107446.0,51313.0,14927.0,41206.0,313361.0,43347.0,173338.0,56925.0,39751.0,22892.0,2916.0,19976.0,16314.0,16314.0,161305.0,74729.0,43410.0,18562.0,24604.0,31198.0,11727.0,19471.0,10726.0,10726.0,nan,nan,292.8,239.4,-,-,-,-,-,-,58.5,21.9,37.8,125.7,-,113.7,203.5,67.3
2026-06-12,16:30~18:30,通過量,6994.0,2027.0,292.0,1735.0,3642.0,1861.0,1781.0,11134.0,4074.0,3752.0,3308.0,8148.0,624.0,4084.0,1882.0,1558.0,3299.0,1872.0,1427.0,1516.0,1516.0,4336.0,918.0,1867.0,493.0,1058.0,3653.0,1905.0,1748.0,1279.0,1279.0,0.0,0.0,12.4,13.5,-,-,-,-,-,-,-,-,-,-,-,-,-,-
2026-06-12,16:30~18:30,平均停等延滯,103.9,11.4,61.5,3.0,11.0,19.6,2.0,9.7,12.6,4.0,12.5,38.5,69.5,42.4,30.2,25.5,6.9,1.6,14.0,10.8,10.8,37.2,81.4,23.3,37.7,23.3,8.5,6.2,11.1,8.4,8.4,-,-,E,E,-,-,-,-,-,-,-,-,-,-,-,-,-,-
2026-06-12,17:00~19:00,總停等延滯,681197.0,21587.0,16671.0,4916.0,45293.0,41943.0,3350.0,97914.0,57207.0,11248.0,29459.0,293801.0,39214.0,173603.0,44577.0,36407.0,20375.0,2697.0,17678.0,14853.0,14853.0,154165.0,72148.0,41538.0,17245.0,23234.0,25328.0,8335.0,16993.0,7881.0,7881.0,nan,nan,272.3,235.2,-,-,-,-,-,-,60.4,22.2,42.9,132.7,-,102.5,190.2,60.0
2026-06-12,17:00~19:00,通過量,6500.0,1821.0,285.0,1536.0,3420.0,1811.0,1609.0,10354.0,4059.0,3325.0,2970.0,7972.0,565.0,4211.0,1660.0,1536.0,3238.0,1872.0,1366.0,1443.0,1443.0,4073.0,893.0,1798.0,453.0,929.0,3520.0,1956.0,1564.0,1113.0,1113.0,0.0,0.0,13.3,13.8,-,-,-,-,-,-,-,-,-,-,-,-,-,-
2026-06-12,17:00~19:00,平均停等延滯,104.8,11.9,58.5,3.2,13.2,23.2,2.1,9.5,14.1,3.4,9.9,36.9,69.4,41.2,26.9,23.7,6.3,1.4,12.9,10.3,10.3,37.9,80.8,23.1,38.1,25.0,7.2,4.3,10.9,7.1,7.1,-,-,E,E,-,-,-,-,-,-,-,-,-,-,-,-,-,-
2026-06-12,16:30~17:30,總停等延滯,377006.0,10095.0,6793.0,3302.0,18239.0,15731.0,2508.0,57334.0,23576.0,9067.0,24691.0,165179.0,22490.0,85677.0,35959.0,21053.0,12235.0,1801.0,10434.0,9050.0,9050.0,80485.0,36642.0,22670.0,9228.0,11945.0,18585.0,7156.0,11429.0,5804.0,5804.0,nan,nan,370.4,241.9,-,-,-,-,-,-,57.3,22.2,38.0,133.0,-,108.9,299.6,48.6
2026-06-12,16:30~17:30,通過量,3599.0,1060.0,125.0,935.0,1874.0,933.0,941.0,5776.0,2003.0,2005.0,1768.0,4300.0,330.0,2115.0,991.0,864.0,1758.0,990.0,768.0,808.0,808.0,2236.0,444.0,968.0,258.0,566.0,1910.0,967.0,943.0,696.0,696.0,0.0,0.0,9.8,13.4,-,-,-,-,-,-,-,-,-,-,-,-,-,-
2026-06-12,16:30~17:30,平均停等延滯,104.8,9.5,54.3,3.5,9.7,16.9,2.7,9.9,11.8,4.5,14.0,38.4,68.2,40.5,36.3,24.4,7.0,1.8,13.6,11.2,11.2,36.0,82.5,23.4,35.8,21.1,9.7,7.4,12.1,8.3,8.3,-,-,F,E,-,-,-,-,-,-,-,-,-,-,-,-,-,-
2026-06-12,17:30~18:30,總停等延滯,349467.0,13034.0,11165.0,1869.0,21863.0,20782.0,1081.0,50112.0,27737.0,5860.0,16515.0,148182.0,20857.0,87661.0,20966.0,18698.0,10657.0,1115.0,9542.0,7264.0,7264.0,80820.0,38087.0,20740.0,9334.0,12659.0,12613.0,4571.0,8042.0,4922.0,4922.0,nan,nan,215.2,236.9,-,-,-,-,-,-,59.8,21.7,37.5,118.5,-,118.4,107.4,86.1
2026-06-12,17:30~18:30,通過量,3395.0,967.0,167.0,800.0,1768.0,928.0,840.0,5358.0,2071.0,1747.0,1540.0,3848.0,294.0,1969.0,891.0,694.0,1541.0,882.0,659.0,708.0,708.0,2100.0,474.0,899.0,235.0,492.0,1743.0,938.0,805.0,583.0,583.0,0.0,0.0,16.8,13.7,-,-,-,-,-,-,-,-,-,-,-,-,-,-
2026-06-12,17:30~18:30,平均停等延滯,102.9,13.5,66.9,2.3,12.4,22.4,1.3,9.4,13.4,3.4,10.7,38.5,70.9,44.5,23.5,26.9,6.9,1.3,14.5,10.3,10.3,38.5,80.4,23.1,39.7,25.7,7.2,4.9,10.0,8.4,8.4,-,-,E,E,-,-,-,-,-,-,-,-,-,-,-,-,-,-
2026-06-13,06:30~20:30,總停等延滯,3057550.0,97119.0,68626.0,28493.0,96820.0,70371.0,26449.0,295432.0,187923.0,28722.0,78787.0,1546124.0,178047.0,716991.0,368995.0,282091.0,185218.0,10514.0,174704.0,85625.0,85625.0,587854.0,274221.0,137850.0,53473.0,122310.0,134898.0,41726.0,93172.0,28460.0,28460.0,nan,nan,272.4,204.0,-,-,-,-,-,-,70.2,23.4,43.8,88.0,-,115.9,208.6,40.3
2026-06-13,06:30~20:30,通過量,38887.0,13156.0,2005.0,11151.0,22016.0,10966.0,11050.0,61917.0,22095.0,20661.0,19161.0,44710.0,2438.0,20994.0,11023.0,10255.0,19595.0,10111.0,9484.0,9678.0,9678.0,23225.0,3921.0,9964.0,2052.0,7288.0,21059.0,10842.0,10217.0,8322.0,8322.0,0.0,0.0,13.3,15.9,-,-,-,-,-,-,-,-,-,-,-,-,-,-
2026-06-13,06:30~20:30,平均停等延滯,78.6,7.4,34.2,2.6,4.4,6.4,2.4,4.8,8.5,1.4,4.1,34.6,73.0,34.2,33.5,27.5,9.5,1.0,18.4,8.8,8.8,25.3,69.9,13.8,26.1,16.8,6.4,3.8,9.1,3.4,3.4,-,-,E,E,-,-,-,-,-,-,-,-,-,-,-,-,-,-
2026-06-13,07:00~21:00,總停等延滯,3070811.0,97711.0,69354.0,28357.0,97247.0,70570.0,26677.0,296138.0,191313.0,27614.0,77211.0,1553465.0,176911.0,726127.0,363909.0,286518.0,187006.0,10643.0,176363.0,84999.0,84999.0,592833.0,275609.0,139789.0,53518.0,123917.0,132980.0,41461.0,91519.0,28432.0,28432.0,nan,nan,265.0,198.9,-,-,-,-,-,-,72.8,23.0,43.9,86.6,-,112.3,201.8,40.1
2026-06-13,07:00~21:00,通過量,39060.0,13092.0,2014.0,11078.0,22105.0,11128.0,10977.0,62130.0,22505.0,20530.0,19095.0,45138.0,2432.0,21462.0,11007.0,10237.0,19817.0,10367.0,9450.0,9654.0,9654.0,23488.0,3947.0,10204.0,2044.0,7293.0,21170.0,10968.0,10202.0,8333.0,8333.0,0.0,0.0,13.7,16.3,-,-,-,-,-,-,-,-,-,-,-,-,-,-
2026-06-13,07:00~21:00,平均停等延滯,78.6,7.5,34.4,2.6,4.4,6.3,2.4,4.8,8.5,1.3,4.0,34.4,72.7,33.8,33.1,28.0,9.4,1.0,18.7,8.8,8.8,25.2,69.8,13.7,26.2,17.0,6.3,3.8,9.0,3.4,3.4,-,-,E,E,-,-,-,-,-,-,-,-,-,-,-,-,-,-
2026-06-13,06:30~08:30,總停等延滯,278254.0,6446.0,5955.0,491.0,1666.0,1409.0,257.0,30428.0,12149.0,5114.0,13165.0,158343.0,20146.0,61748.0,57219.0,19230.0,3143.0,735.0,2408.0,11838.0,11838.0,50110.0,26758.0,3302.0,7034.0,13016.0,14631.0,2212.0,12419.0,1649.0,1649.0,nan,nan,357.3,227.5,-,-,-,-,-,-,44.7,31.5,28.1,103.7,-,123.3,288.8,37.1
2026-06-13,06:30~08:30,通過量,4272.0,1588.0,173.0,1415.0,2308.0,922.0,1386.0,7196.0,1826.0,2763.0,2607.0,4702.0,302.0,1634.0,1354.0,1412.0,2077.0,732.0,1345.0,1392.0,1392.0,2371.0,480.0,704.0,286.0,901.0,2195.0,987.0,1208.0,960.0,960.0,0.0,0.0,10.1,14.2,-,-,-,-,-,-,-,-,-,-,-,-,-,-
2026-06-13,06:30~08:30,平均停等延滯,65.1,4.1,34.4,0.3,0.7,1.5,0.2,4.2,6.7,1.9,5.0,33.7,66.7,37.8,42.3,13.6,1.5,1.0,1.8,8.5,8.5,21.1,55.7,4.7,24.6,14.4,6.7,2.2,10.3,1.7,1.7,-,-,E,E,-,-,-,-,-,-,-,-,-,-,-,-,-,-
2026-06-13,06:30~07:30,總停等延滯,118318.0,2329.0,2071.0,258.0,842.0,753.0,89.0,12228.0,5133.0,2434.0,4661.0,68012.0,9373.0,22274.0,27681.0,8684.0,1378.0,131.0,1247.0,5368.0,5368.0,20055.0,10714.0,649.0,2324.0,6368.0,7430.0,1070.0,6360.0,676.0,676.0,nan,nan,448.8,223.0,-,-,-,-,-,-,47.4,46.0,28.0,98.2,-,123.8,364.4,38.5
2026-06-13,06:30~07:30,通過量,1915.0,763.0,78.0,685.0,1077.0,408.0,669.0,3326.0,782.0,1306.0,1238.0,2104.0,139.0,672.0,649.0,644.0,883.0,266.0,617.0,635.0,635.0,964.0,194.0,250.0,110.0,410.0,1035.0,459.0,576.0,432.0,432.0,0.0,0.0,8.1,14.5,-,-,-,-,-,-,-,-,-,-,-,-,-,-
2026-06-13,06:30~07:30,平均停等延滯,61.8,3.1,26.6,0.4,0.8,1.8,0.1,3.7,6.6,1.9,3.8,32.3,67.4,33.1,42.7,13.5,1.6,0.5,2.0,8.5,8.5,20.8,55.2,2.6,21.1,15.5,7.2,2.3,11.0,1.6,1.6,-,-,F,E,-,-,-,-,-,-,-,-,-,-,-,-,-,-
2026-06-13,07:30~08:30,總停等延滯,159936.0,4117.0,3884.0,233.0,824.0,656.0,168.0,18200.0,7016.0,2680.0,8504.0,90331.0,10773.0,39474.0,29538.0,10546.0,1765.0,604.0,1161.0,6470.0,6470.0,30055.0,16044.0,2653.0,4710.0,6648.0,7201.0,1142.0,6059.0,973.0,973.0,nan,nan,265.8,231.7,-,-,-,-,-,-,42.1,16.9,28.3,108.8,-,122.9,213.2,35.7
2026-06-13,07:30~08:30,通過量,2357.0,825.0,95.0,730.0,1231.0,514.0,717.0,3870.0,1044.0,1457.0,1369.0,2598.0,163.0,962.0,705.0,768.0,1194.0,466.0,728.0,757.0,757.0,1407.0,286.0,454.0,176.0,491.0,1160.0,528.0,632.0,528.0,528.0,0.0,0.0,13.6,14.0,-,-,-,-,-,-,-,-,-,-,-,-,-,-
2026-06-13,07:30~08:30,平均停等延滯,67.9,5.0,40.9,0.3,0.7,1.3,0.2,4.7,6.7,1.8,6.2,34.8,66.1,41.0,41.9,13.7,1.5,1.3,1.6,8.5,8.5,21.4,56.1,5.8,26.8,13.5,6.2,2.2,9.6,1.8,1.8,-,-,E,E,-,-,-,-,-,-,-,-,-,-,-,-,-,-
2026-06-13,07:00~09:00,總停等延滯,328671.0,7974.0,7481.0,493.0,2402.0,1842.0,560.0,33920.0,14224.0,5236.0,14460.0,188530.0,20463.0,86876.0,60708.0,20483.0,4211.0,1106.0,3105.0,13541.0,13541.0,61755.0,33628.0,5232.0,7917.0,14978.0,13887.0,2383.0,11504.0,2451.0,2451.0,nan,nan,314.7,237.3,-,-,-,-,-,-,38.7,29.1,78.1,118.8,-,118.2,249.4,36.2
2026-06-13,07:00~09:00,通過量,4640.0,1699.0,189.0,1510.0,2512.0,1036.0,1476.0,7802.0,2056.0,2964.0,2782.0,5205.0,293.0,2006.0,1417.0,1489.0,2316.0,859.0,1457.0,1521.0,1521.0,2722.0,568.0,852.0,314.0,988.0,2306.0,1054.0,1252.0,1048.0,1048.0,0.0,0.0,11.5,13.7,-,-,-,-,-,-,-,-,-,-,-,-,-,-
2026-06-13,07:00~09:00,平均停等延滯,70.8,4.7,39.6,0.3,1.0,1.8,0.4,4.3,6.9,1.8,5.2,36.2,69.8,43.3,42.8,13.8,1.8,1.3,2.1,8.9,8.9,22.7,59.2,6.1,25.2,15.2,6.0,2.3,9.2,2.3,2.3,-,-,E,E,-,-,-,-,-,-,-,-,-,-,-,-,-,-
2026-06-13,10:00~12:00,總停等延滯,439668.0,15456.0,9202.0,6254.0,11037.0,6600.0,4437.0,48167.0,23623.0,3406.0,21138.0,209946.0,24645.0,86747.0,51763.0,46791.0,27956.0,1187.0,26769.0,10810.0,10810.0,88414.0,45475.0,17666.0,11028.0,14245.0,22894.0,5809.0,17085.0,4988.0,4988.0,nan,nan,253.2,171.9,-,-,-,-,-,-,52.9,22.8,30.0,73.7,-,98.3,190.8,39.6
2026-06-13,10:00~12:00,通過量,5986.0,2087.0,327.0,1760.0,3363.0,1605.0,1758.0,9395.0,3136.0,3247.0,3012.0,6592.0,340.0,2987.0,1689.0,1576.0,2936.0,1461.0,1475.0,1511.0,1511.0,3498.0,592.0,1404.0,358.0,1144.0,3152.0,1532.0,1620.0,1256.0,1256.0,0.0,0.0,14.3,18.8,-,-,-,-,-,-,-,-,-,-,-,-,-,-
2026-06-13,10:00~12:00,平均停等延滯,73.4,7.4,28.1,3.6,3.3,4.1,2.5,5.1,7.5,1.0,7.0,31.8,72.5,29.0,30.6,29.7,9.5,0.8,18.1,7.2,7.2,25.3,76.8,12.6,30.8,12.5,7.3,3.8,10.5,4.0,4.0,-,-,E,E,-,-,-,-,-,-,-,-,-,-,-,-,-,-
2026-06-13,11:00~12:00,總停等延滯,221922.0,7703.0,3096.0,4607.0,7373.0,4323.0,3050.0,20397.0,12272.0,1319.0,6806.0,108303.0,10461.0,51343.0,25994.0,20505.0,11700.0,478.0,11222.0,6070.0,6070.0,48005.0,28054.0,8790.0,6162.0,4999.0,10544.0,2456.0,8088.0,1827.0,1827.0,nan,nan,235.6,167.0,-,-,-,-,-,-,53.4,21.0,30.1,76.9,-,90.1,169.5,45.1
2026-06-13,11:00~12:00,通過量,2924.0,1015.0,163.0,852.0,1622.0,782.0,840.0,4679.0,1619.0,1590.0,1470.0,3284.0,156.0,1525.0,825.0,778.0,1504.0,751.0,753.0,765.0,765.0,1764.0,305.0,713.0,175.0,571.0,1556.0,784.0,772.0,604.0,604.0,0.0,0.0,15.4,19.4,-,-,-,-,-,-,-,-,-,-,-,-,-,-
2026-06-13,11:00~12:00,平均停等延滯,75.9,7.6,19.0,5.4,4.5,5.5,3.6,4.4,7.6,0.8,4.6,33.0,67.1,33.7,31.5,26.4,7.8,0.6,14.9,7.9,7.9,27.2,92.0,12.3,35.2,8.8,6.8,3.1,10.5,3.0,3.0,-,-,E,E,-,-,-,-,-,-,-,-,-,-,-,-,-,-
2026-06-13,12:00~14:00,總停等延滯,459991.0,15276.0,4689.0,10587.0,22595.0,15907.0,6688.0,41446.0,26996.0,4275.0,10175.0,224129.0,25564.0,105349.0,57240.0,35976.0,26382.0,1637.0,24745.0,14403.0,14403.0,89945.0,50187.0,15448.0,8410.0,15900.0,23503.0,6983.0,16520.0,2312.0,2312.0,nan,nan,227.6,261.0,-,-,-,-,-,-,61.2,24.6,41.9,85.4,-,175.6,169.4,33.6
2026-06-13,12:00~14:00,通過量,5921.0,1903.0,290.0,1613.0,3316.0,1641.0,1675.0,9304.0,3245.0,3146.0,2913.0,6711.0,423.0,3019.0,1701.0,1568.0,2971.0,1516.0,1455.0,1485.0,1485.0,3455.0,590.0,1454.0,245.0,1166.0,3171.0,1605.0,1566.0,1326.0,1326.0,0.0,0.0,15.9,12.4,-,-,-,-,-,-,-,-,-,-,-,-,-,-
2026-06-13,12:00~14:00,平均停等延滯,77.7,8.0,16.2,6.6,6.8,9.7,4.0,4.5,8.3,1.4,3.5,33.4,60.4,34.9,33.7,22.9,8.9,1.1,17.0,9.7,9.7,26.0,85.1,10.6,34.3,13.6,7.4,4.4,10.5,1.7,1.7,-,-,E,E,-,-,-,-,-,-,-,-,-,-,-,-,-,-
2026-06-13,16:30~18:30,總停等延滯,615102.0,17601.0,16780.0,821.0,26453.0,22650.0,3803.0,55150.0,42205.0,4655.0,8290.0,304916.0,31418.0,160390.0,55520.0,57588.0,43800.0,2346.0,41454.0,11254.0,11254.0,124275.0,45308.0,47874.0,8589.0,22504.0,25087.0,12418.0,12669.0,6566.0,6566.0,nan,nan,258.4,202.2,-,-,-,-,-,-,107.2,20.1,43.1,95.0,-,107.2,204.3,33.8
2026-06-13,16:30~18:30,通過量,6089.0,2035.0,355.0,1680.0,3593.0,1943.0,1650.0,9773.0,4127.0,2945.0,2701.0,7456.0,392.0,3978.0,1666.0,1420.0,3277.0,1995.0,1282.0,1244.0,1244.0,3806.0,604.0,1909.0,342.0,951.0,3463.0,1961.0,1502.0,1249.0,1249.0,0.0,0.0,14.0,16.0,-,-,-,-,-,-,-,-,-,-,-,-,-,-
2026-06-13,16:30~18:30,平均停等延滯,101.0,8.6,47.3,0.5,7.4,11.7,2.3,5.6,10.2,1.6,3.1,40.9,80.1,40.3,33.3,40.6,13.4,1.2,32.3,9.0,9.0,32.7,75.0,25.1,25.1,23.7,7.2,6.3,8.4,5.3,5.3,-,-,E,E,-,-,-,-,-,-,-,-,-,-,-,-,-,-
2026-06-13,17:00~19:00,總停等延滯,554194.0,17342.0,16581.0,761.0,20696.0,17888.0,2808.0,51414.0,39636.0,4211.0,7567.0,280151.0,27967.0,154210.0,48425.0,49549.0,35854.0,1724.0,34130.0,11219.0,11219.0,112811.0,39659.0,44785.0,8361.0,20006.0,19649.0,9406.0,10243.0,5058.0,5058.0,nan,nan,254.2,194.6,-,-,-,-,-,-,128.2,18.5,35.4,90.7,-,104.0,203.3,32.2
2026-06-13,17:00~19:00,通過量,5810.0,1861.0,333.0,1528.0,3426.0,1945.0,1481.0,9149.0,4055.0,2664.0,2430.0,6978.0,349.0,3781.0,1539.0,1309.0,3107.0,1935.0,1172.0,1173.0,1173.0,3740.0,593.0,1920.0,342.0,885.0,3269.0,1906.0,1363.0,1117.0,1117.0,0.0,0.0,14.2,16.6,-,-,-,-,-,-,-,-,-,-,-,-,-,-
2026-06-13,17:00~19:00,平均停等延滯,95.4,9.3,49.8,0.5,6.0,9.2,1.9,5.6,9.8,1.6,3.1,40.1,80.1,40.8,31.5,37.9,11.5,0.9,29.1,9.6,9.6,30.2,66.9,23.3,24.4,22.6,6.0,4.9,7.5,4.5,4.5,-,-,E,E,-,-,-,-,-,-,-,-,-,-,-,-,-,-
2026-06-13,16:30~17:30,總停等延滯,346575.0,9626.0,9313.0,313.0,20105.0,17598.0,2507.0,28856.0,22363.0,2104.0,4389.0,162934.0,18783.0,80972.0,31531.0,31648.0,30076.0,1565.0,28511.0,6457.0,6457.0,70370.0,25336.0,27543.0,4862.0,12629.0,13566.0,6167.0,7399.0,4585.0,4585.0,nan,nan,262.2,183.4,-,-,-,-,-,-,95.7,21.4,52.5,92.8,-,90.6,206.9,33.8
2026-06-13,16:30~17:30,通過量,3209.0,1101.0,203.0,898.0,1876.0,988.0,888.0,5175.0,2099.0,1603.0,1473.0,3946.0,226.0,2085.0,896.0,739.0,1708.0,1023.0,685.0,693.0,693.0,1941.0,303.0,957.0,175.0,506.0,1785.0,977.0,808.0,680.0,680.0,0.0,0.0,13.8,17.7,-,-,-,-,-,-,-,-,-,-,-,-,-,-
2026-06-13,16:30~17:30,平均停等延滯,108.0,8.7,45.9,0.3,10.7,17.8,2.8,5.6,10.7,1.3,3.0,41.3,83.1,38.8,35.2,42.8,17.6,1.5,41.6,9.3,9.3,36.3,83.6,28.8,27.8,25.0,7.6,6.3,9.2,6.7,6.7,-,-,E,E,-,-,-,-,-,-,-,-,-,-,-,-,-,-
2026-06-13,17:30~18:30,總停等延滯,268527.0,7975.0,7467.0,508.0,6348.0,5052.0,1296.0,26294.0,19842.0,2551.0,3901.0,141982.0,12635.0,79418.0,23989.0,25940.0,13724.0,781.0,12943.0,4797.0,4797.0,53905.0,19972.0,20331.0,3727.0,9875.0,11521.0,6251.0,5270.0,1981.0,1981.0,nan,nan,254.4,220.9,-,-,-,-,-,-,122.0,18.7,33.6,97.1,-,123.8,201.5,33.8
2026-06-13,17:30~18:30,通過量,2880.0,934.0,152.0,782.0,1717.0,955.0,762.0,4598.0,2028.0,1342.0,1228.0,3510.0,166.0,1893.0,770.0,681.0,1569.0,972.0,597.0,551.0,551.0,1865.0,301.0,952.0,167.0,445.0,1678.0,984.0,694.0,569.0,569.0,0.0,0.0,14.2,14.7,-,-,-,-,-,-,-,-,-,-,-,-,-,-
2026-06-13,17:30~18:30,平均停等延滯,93.2,8.5,49.1,0.6,3.7,5.3,1.7,5.7,9.8,1.9,3.2,40.5,76.1,42.0,31.2,38.1,8.7,0.8,21.7,8.7,8.7,28.9,66.4,21.4,22.3,22.2,6.9,6.4,7.6,3.5,3.5,-,-,E,E,-,-,-,-,-,-,-,-,-,-,-,-,-,-
2026-06-14,06:30~20:30,總停等延滯,2411281.0,133814.0,77145.0,56669.0,42268.0,20066.0,22202.0,268943.0,196784.0,25095.0,47064.0,1202588.0,103260.0,646092.0,201167.0,252069.0,120795.0,9962.0,110833.0,40299.0,40299.0,485631.0,200100.0,106021.0,49327.0,130183.0,83194.0,13037.0,70157.0,33749.0,33749.0,nan,nan,184.0,221.4,-,-,-,-,-,-,57.4,20.4,29.4,89.9,-,131.5,119.8,43.8
2026-06-14,06:30~20:30,通過量,32501.0,10719.0,1784.0,8935.0,17673.0,8607.0,9066.0,51626.0,18847.0,16761.0,16018.0,38217.0,2055.0,18422.0,9046.0,8694.0,16697.0,8632.0,8065.0,8323.0,8323.0,20153.0,3317.0,8701.0,1636.0,6499.0,18060.0,9457.0,8603.0,7383.0,7383.0,0.0,0.0,19.7,14.6,-,-,-,-,-,-,-,-,-,-,-,-,-,-
2026-06-14,06:30~20:30,平均停等延滯,74.2,12.5,43.2,6.3,2.4,2.3,2.4,5.2,10.4,1.5,2.9,31.5,50.2,35.1,22.2,29.0,7.2,1.2,13.7,4.8,4.8,24.1,60.3,12.2,30.2,20.0,4.6,1.4,8.2,4.6,4.6,-,-,E,E,-,-,-,-,-,-,-,-,-,-,-,-,-,-
2026-06-14,07:00~21:00,總停等延滯,2460374.0,134309.0,78920.0,55389.0,42820.0,20305.0,22515.0,272616.0,200296.0,25594.0,46726.0,1233822.0,106386.0,662597.0,206261.0,258578.0,121308.0,10083.0,111225.0,41562.0,41562.0,494248.0,205223.0,107386.0,49530.0,132109.0,85382.0,13824.0,71558.0,34307.0,34307.0,nan,nan,182.6,221.3,-,-,-,-,-,-,60.0,20.1,29.6,90.2,-,131.1,119.0,43.5
2026-06-14,07:00~21:00,通過量,33012.0,10845.0,1825.0,9020.0,17935.0,8766.0,9169.0,52551.0,19399.0,16921.0,16231.0,39043.0,2065.0,18959.0,9209.0,8810.0,17104.0,8909.0,8195.0,8461.0,8461.0,20578.0,3401.0,8964.0,1656.0,6557.0,18435.0,9693.0,8742.0,7512.0,7512.0,0.0,0.0,19.8,14.6,-,-,-,-,-,-,-,-,-,-,-,-,-,-
2026-06-14,07:00~21:00,平均停等延滯,74.5,12.4,43.2,6.1,2.4,2.3,2.5,5.2,10.3,1.5,2.9,31.6,51.5,34.9,22.4,29.4,7.1,1.1,13.6,4.9,4.9,24.0,60.3,12.0,29.9,20.1,4.6,1.4,8.2,4.6,4.6,-,-,E,E,-,-,-,-,-,-,-,-,-,-,-,-,-,-
2026-06-14,06:30~08:30,總停等延滯,157476.0,10075.0,3605.0,6470.0,2578.0,1039.0,1539.0,18504.0,12498.0,1681.0,4325.0,70285.0,7536.0,30930.0,16350.0,15469.0,9315.0,372.0,8943.0,3999.0,3999.0,35207.0,13372.0,3806.0,2771.0,15258.0,5530.0,378.0,5152.0,1983.0,1983.0,nan,nan,195.3,242.6,-,-,-,-,-,-,39.6,20.9,21.0,80.1,-,162.5,134.6,39.8
2026-06-14,06:30~08:30,通過量,2800.0,1041.0,134.0,907.0,1473.0,589.0,884.0,4621.0,1292.0,1722.0,1607.0,3104.0,246.0,1182.0,759.0,917.0,1407.0,544.0,863.0,881.0,881.0,1617.0,279.0,540.0,126.0,672.0,1509.0,755.0,754.0,614.0,614.0,0.0,0.0,18.5,13.4,-,-,-,-,-,-,-,-,-,-,-,-,-,-
2026-06-14,06:30~08:30,平均停等延滯,56.2,9.7,26.9,7.1,1.8,1.8,1.7,4.0,9.7,1.0,2.7,22.6,30.6,26.2,21.5,16.9,6.6,0.7,10.4,4.5,4.5,21.8,47.9,7.0,22.0,22.7,3.7,0.5,6.8,3.2,3.2,-,-,E,E,-,-,-,-,-,-,-,-,-,-,-,-,-,-
2026-06-14,06:30~07:30,總停等延滯,67414.0,4113.0,1433.0,2680.0,1419.0,751.0,668.0,8275.0,4847.0,799.0,2629.0,27892.0,2777.0,11404.0,6730.0,6981.0,5064.0,129.0,4935.0,1773.0,1773.0,15536.0,5729.0,1356.0,1301.0,7150.0,2257.0,228.0,2029.0,1085.0,1085.0,nan,nan,186.5,184.6,-,-,-,-,-,-,38.6,19.7,20.0,78.6,-,106.0,130.9,35.8
2026-06-14,06:30~07:30,通過量,1219.0,461.0,51.0,410.0,641.0,245.0,396.0,2083.0,524.0,814.0,745.0,1354.0,107.0,477.0,343.0,427.0,608.0,205.0,403.0,417.0,417.0,687.0,125.0,200.0,58.0,304.0,655.0,326.0,329.0,263.0,263.0,0.0,0.0,19.4,17.6,-,-,-,-,-,-,-,-,-,-,-,-,-,-
2026-06-14,06:30~07:30,平均停等延滯,55.3,8.9,28.1,6.5,2.2,3.1,1.7,4.0,9.2,1.0,3.5,20.6,26.0,23.9,19.6,16.3,8.3,0.6,12.2,4.3,4.3,22.6,45.8,6.8,22.4,23.5,3.4,0.7,6.2,4.1,4.1,-,-,E,E,-,-,-,-,-,-,-,-,-,-,-,-,-,-
2026-06-14,07:30~08:30,總停等延滯,90062.0,5962.0,2172.0,3790.0,1159.0,288.0,871.0,10229.0,7651.0,882.0,1696.0,42393.0,4759.0,19526.0,9620.0,8488.0,4251.0,243.0,4008.0,2226.0,2226.0,19671.0,7643.0,2450.0,1470.0,8108.0,3273.0,150.0,3123.0,898.0,898.0,nan,nan,204.2,300.6,-,-,-,-,-,-,40.7,22.1,22.2,81.6,-,219.0,138.2,43.8
2026-06-14,07:30~08:30,通過量,1581.0,580.0,83.0,497.0,832.0,344.0,488.0,2538.0,768.0,908.0,862.0,1750.0,139.0,705.0,416.0,490.0,799.0,339.0,460.0,464.0,464.0,930.0,154.0,340.0,68.0,368.0,854.0,429.0,425.0,351.0,351.0,0.0,0.0,17.7,10.8,-,-,-,-,-,-,-,-,-,-,-,-,-,-
2026-06-14,07:30~08:30,平均停等延滯,57.0,10.3,26.2,7.6,1.4,0.8,1.8,4.0,10.0,1.0,2.0,24.2,34.2,27.7,23.1,17.3,5.3,0.7,8.7,4.8,4.8,21.2,49.6,7.2,21.6,22.0,3.8,0.3,7.3,2.6,2.6,-,-,E,E,-,-,-,-,-,-,-,-,-,-,-,-,-,-
2026-06-14,07:00~09:00,總停等延滯,190122.0,13057.0,5988.0,7069.0,2514.0,1134.0,1380.0,20896.0,14817.0,1817.0,4262.0,88303.0,8040.0,42672.0,18689.0,18902.0,9545.0,444.0,9101.0,4394.0,4394.0,42148.0,15756.0,4831.0,4292.0,17269.0,6295.0,396.0,5899.0,2970.0,2970.0,nan,nan,186.5,236.4,-,-,-,-,-,-,39.4,19.5,21.5,81.8,-,154.5,127.1,39.9
2026-06-14,07:00~09:00,通過量,3214.0,1163.0,173.0,990.0,1671.0,713.0,958.0,5202.0,1577.0,1878.0,1747.0,3542.0,264.0,1438.0,858.0,982.0,1628.0,698.0,930.0,948.0,948.0,1896.0,330.0,673.0,153.0,740.0,1717.0,876.0,841.0,686.0,686.0,0.0,0.0,19.4,13.7,-,-,-,-,-,-,-,-,-,-,-,-,-,-
2026-06-14,07:00~09:00,平均停等延滯,59.2,11.2,34.6,7.1,1.5,1.6,1.4,4.0,9.4,1.0,2.4,24.9,30.5,29.7,21.8,19.2,5.9,0.6,9.8,4.6,4.6,22.2,47.7,7.2,28.1,23.3,3.7,0.5,7.0,4.3,4.3,-,-,E,E,-,-,-,-,-,-,-,-,-,-,-,-,-,-
2026-06-14,10:00~12:00,總停等延滯,376646.0,24999.0,13541.0,11458.0,8024.0,3171.0,4853.0,37439.0,24374.0,4179.0,8886.0,185750.0,16886.0,97389.0,32650.0,38825.0,20195.0,1821.0,18374.0,5979.0,5979.0,76535.0,32032.0,16925.0,7560.0,20018.0,13932.0,1356.0,12576.0,3793.0,3793.0,nan,nan,223.3,229.4,-,-,-,-,-,-,35.6,22.9,56.5,82.4,-,147.0,116.3,84.0
2026-06-14,10:00~12:00,通過量,4967.0,1766.0,306.0,1460.0,2640.0,1170.0,1470.0,7975.0,2653.0,2770.0,2552.0,5882.0,325.0,2789.0,1463.0,1305.0,2491.0,1267.0,1224.0,1227.0,1227.0,3105.0,473.0,1345.0,239.0,1048.0,2728.0,1322.0,1406.0,1150.0,1150.0,0.0,0.0,16.2,14.1,-,-,-,-,-,-,-,-,-,-,-,-,-,-
2026-06-14,10:00~12:00,平均停等延滯,75.8,14.2,44.3,7.8,3.0,2.7,3.3,4.7,9.2,1.5,3.5,31.6,52.0,34.9,22.3,29.8,8.1,1.4,15.0,4.9,4.9,24.6,67.7,12.6,31.6,19.1,5.1,1.0,8.9,3.3,3.3,-,-,E,E,-,-,-,-,-,-,-,-,-,-,-,-,-,-
2026-06-14,11:00~12:00,總停等延滯,181906.0,13136.0,7184.0,5952.0,4054.0,2133.0,1921.0,17506.0,12342.0,2060.0,3104.0,88799.0,6877.0,51645.0,14780.0,15497.0,8099.0,851.0,7248.0,2741.0,2741.0,37629.0,15537.0,8159.0,4191.0,9742.0,7491.0,641.0,6850.0,2451.0,2451.0,nan,nan,239.8,242.4,-,-,-,-,-,-,32.0,23.1,23.0,80.6,-,161.7,123.6,93.0
2026-06-14,11:00~12:00,通過量,2447.0,889.0,160.0,729.0,1371.0,636.0,735.0,3937.0,1422.0,1325.0,1190.0,2882.0,150.0,1433.0,678.0,621.0,1238.0,662.0,576.0,600.0,600.0,1552.0,215.0,701.0,131.0,505.0,1331.0,681.0,650.0,554.0,554.0,0.0,0.0,15.1,13.4,-,-,-,-,-,-,-,-,-,-,-,-,-,-
2026-06-14,11:00~12:00,平均停等延滯,74.3,14.8,44.9,8.2,3.0,3.4,2.6,4.4,8.7,1.6,2.6,30.8,45.8,36.0,21.8,25.0,6.5,1.3,12.6,4.6,4.6,24.2,72.3,11.6,32.0,19.3,5.6,0.9,10.5,4.4,4.4,-,-,E,E,-,-,-,-,-,-,-,-,-,-,-,-,-,-
2026-06-14,12:00~14:00,總停等延滯,413799.0,25800.0,15647.0,10153.0,6944.0,2705.0,4239.0,61268.0,45035.0,3839.0,12394.0,189751.0,14933.0,99512.0,35267.0,40039.0,18768.0,2123.0,16645.0,8052.0,8052.0,80596.0,35997.0,13983.0,10534.0,20082.0,15202.0,2633.0,12569.0,7418.0,7418.0,nan,nan,173.3,208.0,-,-,-,-,-,-,60.7,22.0,23.5,100.0,-,108.0,118.9,32.4
2026-06-14,12:00~14:00,通過量,5098.0,1814.0,308.0,1506.0,2787.0,1321.0,1466.0,7354.0,2659.0,2153.0,2542.0,5770.0,315.0,2691.0,1428.0,1336.0,2581.0,1323.0,1258.0,1279.0,1279.0,3106.0,559.0,1321.0,242.0,984.0,2744.0,1375.0,1369.0,1182.0,1182.0,0.0,0.0,20.9,15.6,-,-,-,-,-,-,-,-,-,-,-,-,-,-
2026-06-14,12:00~14:00,平均停等延滯,81.2,14.2,50.8,6.7,2.5,2.0,2.9,8.3,16.9,1.8,4.9,32.9,47.4,37.0,24.7,30.0,7.3,1.6,13.2,6.3,6.3,25.9,64.4,10.6,43.5,20.4,5.5,1.9,9.2,6.3,6.3,-,-,D,E,-,-,-,-,-,-,-,-,-,-,-,-,-,-
2026-06-14,16:30~18:30,總停等延滯,409842.0,21617.0,12556.0,9061.0,7826.0,5504.0,2322.0,42889.0,35138.0,3319.0,4432.0,220408.0,17820.0,131476.0,29797.0,41315.0,17407.0,1387.0,16020.0,5083.0,5083.0,79917.0,32368.0,25040.0,7163.0,15346.0,11840.0,2431.0,9409.0,2855.0,2855.0,nan,nan,165.1,231.0,-,-,-,-,-,-,41.2,18.8,24.8,98.4,-,132.6,117.5,28.8
2026-06-14,16:30~18:30,通過量,5362.0,1638.0,300.0,1338.0,3070.0,1741.0,1329.0,8294.0,3489.0,2483.0,2322.0,6161.0,294.0,3238.0,1393.0,1236.0,2720.0,1617.0,1103.0,1162.0,1162.0,3278.0,525.0,1564.0,281.0,908.0,3028.0,1715.0,1313.0,1134.0,1134.0,0.0,0.0,21.9,14.0,-,-,-,-,-,-,-,-,-,-,-,-,-,-
2026-06-14,16:30~18:30,平均停等延滯,76.4,13.2,41.9,6.8,2.5,3.2,1.7,5.2,10.1,1.3,1.9,35.8,60.6,40.6,21.4,33.4,6.4,0.9,14.5,4.4,4.4,24.4,61.7,16.0,25.5,16.9,3.9,1.4,7.2,2.5,2.5,-,-,D,E,-,-,-,-,-,-,-,-,-,-,-,-,-,-
2026-06-14,17:00~19:00,總停等延滯,376198.0,16909.0,10353.0,6556.0,5938.0,4001.0,1937.0,39176.0,32270.0,3240.0,3666.0,207270.0,19133.0,121825.0,25521.0,40791.0,18921.0,1092.0,17829.0,4899.0,4899.0,70348.0,28586.0,23315.0,6648.0,11799.0,10239.0,2216.0,8023.0,2498.0,2498.0,nan,nan,140.3,196.4,-,-,-,-,-,-,39.3,18.2,23.8,97.1,-,99.3,93.4,28.7
2026-06-14,17:00~19:00,通過量,4875.0,1302.0,256.0,1046.0,2828.0,1596.0,1232.0,7738.0,3295.0,2313.0,2130.0,6002.0,282.0,3239.0,1266.0,1215.0,2663.0,1572.0,1091.0,1154.0,1154.0,2998.0,450.0,1453.0,266.0,829.0,2852.0,1656.0,1196.0,1046.0,1046.0,0.0,0.0,25.8,16.5,-,-,-,-,-,-,-,-,-,-,-,-,-,-
2026-06-14,17:00~19:00,平均停等延滯,77.2,13.0,40.4,6.3,2.1,2.5,1.6,5.1,9.8,1.4,1.7,34.5,67.8,37.6,20.2,33.6,7.1,0.7,16.3,4.2,4.2,23.5,63.5,16.0,25.0,14.2,3.6,1.3,6.7,2.4,2.4,-,-,C,E,-,-,-,-,-,-,-,-,-,-,-,-,-,-
2026-06-14,16:30~17:30,總停等延滯,229211.0,12927.0,7776.0,5151.0,5594.0,4221.0,1373.0,23406.0,18677.0,1713.0,3016.0,118991.0,8870.0,69964.0,17005.0,23152.0,9238.0,974.0,8264.0,2023.0,2023.0,48089.0,18861.0,14943.0,4271.0,10014.0,6582.0,1002.0,5580.0,2361.0,2361.0,nan,nan,193.2,258.8,-,-,-,-,-,-,45.7,19.1,26.7,103.2,-,155.7,147.1,27.0
2026-06-14,16:30~17:30,通過量,2977.0,938.0,192.0,746.0,1672.0,937.0,735.0,4448.0,1819.0,1353.0,1276.0,3248.0,161.0,1653.0,784.0,650.0,1436.0,842.0,594.0,626.0,626.0,1723.0,317.0,777.0,153.0,476.0,1621.0,880.0,741.0,614.0,614.0,0.0,0.0,18.7,12.5,-,-,-,-,-,-,-,-,-,-,-,-,-,-
2026-06-14,16:30~17:30,平均停等延滯,77.0,13.8,40.5,6.9,3.3,4.5,1.9,5.3,10.3,1.3,2.4,36.6,55.1,42.3,21.7,35.6,6.4,1.2,13.9,3.2,3.2,27.9,59.5,19.2,27.9,21.0,4.1,1.1,7.5,3.8,3.8,-,-,E,E,-,-,-,-,-,-,-,-,-,-,-,-,-,-
2026-06-14,17:30~18:30,總停等延滯,180631.0,8690.0,4780.0,3910.0,2232.0,1283.0,949.0,19483.0,16461.0,1606.0,1416.0,101417.0,8950.0,61512.0,12792.0,18163.0,8169.0,413.0,7756.0,3060.0,3060.0,31828.0,13507.0,10097.0,2892.0,5332.0,5258.0,1429.0,3829.0,494.0,494.0,nan,nan,137.0,203.2,-,-,-,-,-,-,36.7,18.5,22.8,93.7,-,109.6,87.8,30.7
2026-06-14,17:30~18:30,通過量,2385.0,700.0,108.0,592.0,1398.0,804.0,594.0,3846.0,1670.0,1130.0,1046.0,2913.0,133.0,1585.0,609.0,586.0,1284.0,775.0,509.0,536.0,536.0,1555.0,208.0,787.0,128.0,432.0,1407.0,835.0,572.0,520.0,520.0,0.0,0.0,26.4,15.9,-,-,-,-,-,-,-,-,-,-,-,-,-,-
2026-06-14,17:30~18:30,平均停等延滯,75.7,12.4,44.3,6.6,1.6,1.6,1.6,5.1,9.9,1.4,1.4,34.8,67.3,38.8,21.0,31.0,6.4,0.5,15.2,5.7,5.7,20.5,64.9,12.8,22.6,12.3,3.7,1.7,6.7,1.0,1.0,-,-,C,E,-,-,-,-,-,-,-,-,-,-,-,-,-,-
2026-06-15,06:30~20:30,總停等延滯,4175579.0,111755.0,62439.0,49316.0,179468.0,133054.0,46414.0,509322.0,305213.0,64524.0,139585.0,1799080.0,226525.0,874333.0,404785.0,293437.0,249032.0,11610.0,237422.0,181097.0,181097.0,804574.0,325508.0,213570.0,90159.0,175337.0,269681.0,104841.0,164840.0,71570.0,71570.0,nan,nan,294.4,309.6,-,-,-,-,-,-,98.3,25.7,44.8,146.4,-,163.2,210.4,46.8
2026-06-15,06:30~20:30,通過量,41218.0,13010.0,1883.0,11127.0,22545.0,11399.0,11146.0,67369.0,24671.0,22388.0,20310.0,48054.0,3619.0,22333.0,11601.0,10501.0,20894.0,11304.0,9590.0,9743.0,9743.0,24819.0,4411.0,10950.0,2451.0,7007.0,21926.0,11478.0,10448.0,8172.0,8172.0,0.0,0.0,12.3,10.5,-,-,-,-,-,-,-,-,-,-,-,-,-,-
2026-06-15,06:30~20:30,平均停等延滯,101.3,8.6,33.2,4.4,8.0,11.7,4.2,7.6,12.4,2.9,6.9,37.4,62.6,39.1,34.9,27.9,11.9,1.0,24.8,18.6,18.6,32.4,73.8,19.5,36.8,25.0,12.3,9.1,15.8,8.8,8.8,-,-,E,E,-,-,-,-,-,-,-,-,-,-,-,-,-,-
2026-06-15,07:00~21:00,總停等延滯,4028974.0,108203.0,63158.0,45045.0,175894.0,132268.0,43626.0,486133.0,304758.0,59123.0,122252.0,1764332.0,221335.0,870173.0,389355.0,283469.0,232841.0,11539.0,221302.0,160322.0,160322.0,769192.0,316883.0,214049.0,82261.0,155999.0,264566.0,103806.0,160760.0,67491.0,67491.0,nan,nan,291.0,310.2,-,-,-,-,-,-,99.1,25.2,44.7,145.5,-,164.7,209.0,45.7
2026-06-15,07:00~21:00,通過量,40604.0,12679.0,1908.0,10771.0,22191.0,11393.0,10798.0,65844.0,24718.0,21549.0,19577.0,47535.0,3566.0,22501.0,11340.0,10128.0,20588.0,11413.0,9175.0,9445.0,9445.0,24612.0,4407.0,11092.0,2373.0,6740.0,21753.0,11536.0,10217.0,8031.0,8031.0,0.0,0.0,12.4,10.4,-,-,-,-,-,-,-,-,-,-,-,-,-,-
2026-06-15,07:00~21:00,平均停等延滯,99.2,8.5,33.1,4.2,7.9,11.6,4.0,7.4,12.3,2.7,6.2,37.1,62.1,38.7,34.3,28.0,11.3,1.0,24.1,17.0,17.0,31.3,71.9,19.3,34.7,23.1,12.2,9.0,15.7,8.4,8.4,-,-,E,E,-,-,-,-,-,-,-,-,-,-,-,-,-,-
2026-06-15,06:30~08:30,總停等延滯,830300.0,35089.0,5436.0,29653.0,36700.0,10597.0,26103.0,137584.0,42169.0,29345.0,66070.0,297248.0,46582.0,123375.0,73387.0,53904.0,54748.0,1378.0,53370.0,52234.0,52234.0,162231.0,63650.0,25131.0,27309.0,46141.0,40085.0,18268.0,21817.0,14381.0,14381.0,nan,nan,339.8,362.2,-,-,-,-,-,-,66.7,54.5,36.6,166.4,-,195.8,210.0,75.3
2026-06-15,06:30~08:30,通過量,6176.0,2125.0,142.0,1983.0,3412.0,1461.0,1951.0,11363.0,3003.0,4448.0,3912.0,6865.0,553.0,2402.0,1680.0,2230.0,3183.0,1088.0,2095.0,1931.0,1931.0,3487.0,659.0,1010.0,512.0,1306.0,2942.0,1399.0,1543.0,1363.0,1363.0,0.0,0.0,10.6,8.9,-,-,-,-,-,-,-,-,-,-,-,-,-,-
2026-06-15,06:30~08:30,平均停等延滯,134.4,16.5,38.3,15.0,10.8,7.3,13.4,12.1,14.0,6.6,16.9,43.3,84.2,51.4,43.7,24.2,17.2,1.3,25.5,27.1,27.1,46.5,96.6,24.9,53.3,35.3,13.6,13.1,14.1,10.6,10.6,-,-,E,F,-,-,-,-,-,-,-,-,-,-,-,-,-,-
2026-06-15,06:30~07:30,總停等延滯,431773.0,15501.0,2009.0,13492.0,13221.0,1540.0,11681.0,65709.0,12139.0,14756.0,38814.0,147580.0,24131.0,49843.0,42440.0,31166.0,36362.0,547.0,35815.0,42850.0,42850.0,85135.0,32767.0,4962.0,15440.0,31966.0,17681.0,3701.0,13980.0,7734.0,7734.0,nan,nan,304.0,221.9,-,-,-,-,-,-,61.8,43.9,28.2,115.0,-,106.8,191.3,68.9
2026-06-15,06:30~07:30,通過量,3156.0,1111.0,59.0,1052.0,1731.0,672.0,1059.0,5971.0,1378.0,2437.0,2156.0,3456.0,281.0,1086.0,925.0,1164.0,1582.0,437.0,1145.0,1054.0,1054.0,1729.0,305.0,399.0,272.0,753.0,1504.0,690.0,814.0,643.0,643.0,0.0,0.0,11.9,14.6,-,-,-,-,-,-,-,-,-,-,-,-,-,-
2026-06-15,06:30~07:30,平均停等延滯,136.8,14.0,34.1,12.8,7.6,2.3,11.0,11.0,8.8,6.1,18.0,42.7,85.9,45.9,45.9,26.8,23.0,1.3,31.3,40.7,40.7,49.2,107.4,12.4,56.8,42.5,11.8,5.4,17.2,12.0,12.0,-,-,E,E,-,-,-,-,-,-,-,-,-,-,-,-,-,-
2026-06-15,07:30~08:30,總停等延滯,398527.0,19588.0,3427.0,16161.0,23479.0,9057.0,14422.0,71875.0,30030.0,14589.0,27256.0,149668.0,22451.0,73532.0,30947.0,22738.0,18386.0,831.0,17555.0,9384.0,9384.0,77096.0,30883.0,20169.0,11869.0,14175.0,22404.0,14567.0,7837.0,6647.0,6647.0,nan,nan,375.4,502.6,-,-,-,-,-,-,71.6,65.2,44.9,217.8,-,284.9,228.6,81.6
2026-06-15,07:30~08:30,通過量,3020.0,1014.0,83.0,931.0,1681.0,789.0,892.0,5392.0,1625.0,2011.0,1756.0,3409.0,272.0,1316.0,755.0,1066.0,1601.0,651.0,950.0,877.0,877.0,1758.0,354.0,611.0,240.0,553.0,1438.0,709.0,729.0,720.0,720.0,0.0,0.0,9.6,6.4,-,-,-,-,-,-,-,-,-,-,-,-,-,-
2026-06-15,07:30~08:30,平均停等延滯,132.0,19.3,41.3,17.4,14.0,11.5,16.2,13.3,18.5,7.3,15.5,43.9,82.5,55.9,41.0,21.3,11.5,1.3,18.5,10.7,10.7,43.9,87.2,33.0,49.5,25.6,15.6,20.5,10.8,9.2,9.2,-,-,F,F,-,-,-,-,-,-,-,-,-,-,-,-,-,-
2026-06-15,07:00~09:00,總停等延滯,799638.0,31105.0,5582.0,25523.0,45928.0,22663.0,23265.0,139767.0,58224.0,26194.0,55349.0,312328.0,44637.0,151616.0,70526.0,45549.0,39274.0,1496.0,37778.0,33389.0,33389.0,139331.0,60490.0,27355.0,22506.0,28980.0,46623.0,22123.0,24500.0,11893.0,11893.0,nan,nan,371.2,437.4,-,-,-,-,-,-,65.2,51.9,51.6,220.1,-,217.3,247.7,71.7
2026-06-15,07:00~09:00,通過量,6101.0,1994.0,171.0,1823.0,3322.0,1492.0,1830.0,10937.0,3220.0,4104.0,3613.0,6778.0,557.0,2580.0,1567.0,2074.0,3168.0,1249.0,1919.0,1854.0,1854.0,3618.0,694.0,1198.0,511.0,1215.0,2939.0,1478.0,1461.0,1349.0,1349.0,0.0,0.0,9.7,7.4,-,-,-,-,-,-,-,-,-,-,-,-,-,-
2026-06-15,07:00~09:00,平均停等延滯,131.1,15.6,32.6,14.0,13.8,15.2,12.7,12.8,18.1,6.4,15.3,46.1,80.1,58.8,45.0,22.0,12.4,1.2,19.7,18.0,18.0,38.5,87.2,22.8,44.0,23.9,15.9,15.0,16.8,8.8,8.8,-,-,F,F,-,-,-,-,-,-,-,-,-,-,-,-,-,-
2026-06-15,10:00~12:00,總停等延滯,692525.0,13308.0,9092.0,4216.0,19596.0,14738.0,4858.0,62025.0,41288.0,5082.0,15655.0,263462.0,31783.0,111081.0,72573.0,48025.0,65183.0,1766.0,63417.0,51490.0,51490.0,129472.0,44241.0,24246.0,13233.0,47752.0,62039.0,26736.0,35303.0,25950.0,25950.0,nan,nan,568.7,379.1,-,-,-,-,-,-,62.7,21.2,44.8,175.2,-,203.9,379.6,45.8
2026-06-15,10:00~12:00,通過量,5919.0,1931.0,337.0,1594.0,3173.0,1561.0,1612.0,9172.0,3214.0,3108.0,2850.0,6726.0,624.0,3010.0,1617.0,1475.0,2911.0,1567.0,1344.0,1400.0,1400.0,3497.0,552.0,1519.0,360.0,1066.0,2934.0,1515.0,1419.0,1151.0,1151.0,0.0,0.0,6.4,8.5,-,-,-,-,-,-,-,-,-,-,-,-,-,-
2026-06-15,10:00~12:00,平均停等延滯,117.0,6.9,27.0,2.6,6.2,9.4,3.0,6.8,12.8,1.6,5.5,39.2,50.9,36.9,44.9,32.6,22.4,1.1,47.2,36.8,36.8,37.0,80.1,16.0,36.8,44.8,21.1,17.6,24.9,22.5,22.5,-,-,F,F,-,-,-,-,-,-,-,-,-,-,-,-,-,-
2026-06-15,11:00~12:00,總停等延滯,253555.0,7070.0,3791.0,3279.0,4411.0,1618.0,2793.0,21799.0,12895.0,1851.0,7053.0,116338.0,14931.0,51900.0,29824.0,19683.0,25389.0,730.0,24659.0,15526.0,15526.0,43310.0,21158.0,10226.0,6070.0,5856.0,16448.0,4380.0,12068.0,3264.0,3264.0,nan,nan,543.9,223.4,-,-,-,-,-,-,38.8,29.3,33.2,92.0,-,131.4,253.2,34.2
2026-06-15,11:00~12:00,通過量,2953.0,948.0,163.0,785.0,1635.0,840.0,795.0,4709.0,1639.0,1598.0,1472.0,3461.0,289.0,1582.0,852.0,738.0,1503.0,808.0,695.0,703.0,703.0,1668.0,258.0,743.0,168.0,499.0,1520.0,784.0,736.0,549.0,549.0,0.0,0.0,6.7,14.5,-,-,-,-,-,-,-,-,-,-,-,-,-,-
2026-06-15,11:00~12:00,平均停等延滯,85.9,7.5,23.3,4.2,2.7,1.9,3.5,4.6,7.9,1.2,4.8,33.6,51.7,32.8,35.0,26.7,16.9,0.9,35.5,22.1,22.1,26.0,82.0,13.8,36.1,11.7,10.8,5.6,16.4,5.9,5.9,-,-,F,E,-,-,-,-,-,-,-,-,-,-,-,-,-,-
2026-06-15,12:00~14:00,總停等延滯,447278.0,12577.0,4569.0,8008.0,20555.0,15112.0,5443.0,59155.0,45668.0,3800.0,9687.0,217059.0,23616.0,106984.0,52209.0,34250.0,24290.0,1715.0,22575.0,10881.0,10881.0,76932.0,39854.0,18421.0,9649.0,9008.0,23687.0,5548.0,18139.0,2142.0,2142.0,nan,nan,225.3,315.0,-,-,-,-,-,-,66.9,22.3,43.5,159.9,-,155.2,146.6,38.1
2026-06-15,12:00~14:00,通過量,5642.0,1838.0,259.0,1579.0,3156.0,1526.0,1630.0,8988.0,3055.0,3055.0,2878.0,6456.0,434.0,2880.0,1713.0,1429.0,2790.0,1496.0,1294.0,1339.0,1339.0,3211.0,544.0,1415.0,247.0,1005.0,3005.0,1378.0,1627.0,1234.0,1234.0,0.0,0.0,16.1,10.3,-,-,-,-,-,-,-,-,-,-,-,-,-,-
2026-06-15,12:00~14:00,平均停等延滯,79.3,6.8,17.6,5.1,6.5,9.9,3.3,6.6,14.9,1.2,3.4,33.6,54.4,37.1,30.5,24.0,8.7,1.1,17.4,8.1,8.1,24.0,73.3,13.0,39.1,9.0,7.9,4.0,11.1,1.7,1.7,-,-,E,E,-,-,-,-,-,-,-,-,-,-,-,-,-,-
2026-06-15,16:30~18:30,總停等延滯,678343.0,14398.0,13721.0,677.0,43072.0,40280.0,2792.0,72181.0,47910.0,9565.0,14706.0,312308.0,38161.0,161876.0,63640.0,48631.0,32436.0,2169.0,30267.0,12205.0,12205.0,153648.0,60318.0,62228.0,11929.0,19173.0,34226.0,12401.0,21825.0,3869.0,3869.0,nan,nan,192.0,241.6,-,-,-,-,-,-,128.0,18.1,41.8,105.5,-,136.1,135.7,38.2
2026-06-15,16:30~18:30,通過量,6558.0,1939.0,308.0,1631.0,3512.0,1899.0,1613.0,10773.0,4460.0,3377.0,2936.0,7782.0,577.0,4062.0,1787.0,1356.0,3351.0,2110.0,1241.0,1286.0,1286.0,4162.0,799.0,2041.0,403.0,919.0,3662.0,2009.0,1653.0,1109.0,1109.0,0.0,0.0,18.8,13.4,-,-,-,-,-,-,-,-,-,-,-,-,-,-
2026-06-15,16:30~18:30,平均停等延滯,103.4,7.4,44.5,0.4,12.3,21.2,1.7,6.7,10.7,2.8,5.0,40.1,66.1,39.9,35.6,35.9,9.7,1.0,24.4,9.5,9.5,36.9,75.5,30.5,29.6,20.9,9.3,6.2,13.2,3.5,3.5,-,-,E,E,-,-,-,-,-,-,-,-,-,-,-,-,-,-
2026-06-15,17:00~19:00,總停等延滯,635079.0,12967.0,12343.0,624.0,46754.0,44140.0,2614.0,72405.0,49778.0,9867.0,12760.0,293064.0,37202.0,160807.0,55384.0,39671.0,20315.0,1936.0,18379.0,11717.0,11717.0,143912.0,58044.0,60512.0,9688.0,15668.0,31149.0,11057.0,20092.0,2796.0,2796.0,nan,nan,188.5,248.0,-,-,-,-,-,-,116.3,17.8,43.0,103.2,-,144.8,134.7,36.1
2026-06-15,17:00~19:00,通過量,6102.0,1826.0,290.0,1536.0,3341.0,1824.0,1517.0,10380.0,4439.0,3199.0,2742.0,7513.0,535.0,4035.0,1700.0,1243.0,3160.0,2038.0,1122.0,1161.0,1161.0,3958.0,779.0,2012.0,351.0,816.0,3542.0,2035.0,1507.0,1004.0,1004.0,0.0,0.0,19.2,13.1,-,-,-,-,-,-,-,-,-,-,-,-,-,-
2026-06-15,17:00~19:00,平均停等延滯,104.1,7.1,42.6,0.4,14.0,24.2,1.7,7.0,11.2,3.1,4.7,39.0,69.5,39.9,32.6,31.9,6.4,0.9,16.4,10.1,10.1,36.4,74.5,30.1,27.6,19.2,8.8,5.4,13.3,2.8,2.8,-,-,E,E,-,-,-,-,-,-,-,-,-,-,-,-,-,-
2026-06-15,16:30~17:30,總停等延滯,332142.0,6440.0,6088.0,352.0,16666.0,15352.0,1314.0,33005.0,21476.0,4176.0,7353.0,154442.0,17251.0,77375.0,33446.0,26370.0,19877.0,1144.0,18733.0,5732.0,5732.0,74208.0,27903.0,29274.0,6318.0,10713.0,19067.0,7836.0,11231.0,2705.0,2705.0,nan,nan,201.7,216.7,-,-,-,-,-,-,106.2,19.5,37.0,107.7,-,109.0,142.7,39.5
2026-06-15,16:30~17:30,通過量,3385.0,1009.0,143.0,866.0,1824.0,986.0,838.0,5342.0,2172.0,1668.0,1502.0,3948.0,284.0,2033.0,928.0,703.0,1698.0,1055.0,643.0,678.0,678.0,2129.0,379.0,1035.0,202.0,513.0,1870.0,992.0,878.0,609.0,609.0,0.0,0.0,17.9,15.0,-,-,-,-,-,-,-,-,-,-,-,-,-,-
2026-06-15,16:30~17:30,平均停等延滯,98.1,6.4,42.6,0.4,9.1,15.6,1.6,6.2,9.9,2.5,4.9,39.1,60.7,38.1,36.0,37.5,11.7,1.1,29.1,8.5,8.5,34.9,73.6,28.3,31.3,20.9,10.2,7.9,12.8,4.4,4.4,-,-,E,E,-,-,-,-,-,-,-,-,-,-,-,-,-,-
2026-06-15,17:30~18:30,總停等延滯,346201.0,7958.0,7633.0,325.0,26406.0,24928.0,1478.0,39176.0,26434.0,5389.0,7353.0,157866.0,20910.0,84501.0,30194.0,22261.0,12559.0,1025.0,11534.0,6473.0,6473.0,79440.0,32415.0,32954.0,5611.0,8460.0,15159.0,4565.0,10594.0,1164.0,1164.0,nan,nan,182.2,266.5,-,-,-,-,-,-,149.9,16.6,46.5,103.3,-,163.2,128.7,36.9
2026-06-15,17:30~18:30,通過量,3173.0,930.0,165.0,765.0,1688.0,913.0,775.0,5431.0,2288.0,1709.0,1434.0,3834.0,293.0,2029.0,859.0,653.0,1653.0,1055.0,598.0,608.0,608.0,2033.0,420.0,1006.0,201.0,406.0,1792.0,1017.0,775.0,500.0,500.0,0.0,0.0,19.9,12.2,-,-,-,-,-,-,-,-,-,-,-,-,-,-
2026-06-15,17:30~18:30,平均停等延滯,109.1,8.6,46.3,0.4,15.6,27.3,1.9,7.2,11.6,3.2,5.1,41.2,71.4,41.6,35.2,34.1,7.6,1.0,19.3,10.6,10.6,39.1,77.2,32.8,27.9,20.8,8.5,4.5,13.7,2.3,2.3,-,-,E,E,-,-,-,-,-,-,-,-,-,-,-,-,-,-
2026-06-16,06:30~20:30,總停等延滯,3796063.0,111040.0,77130.0,33910.0,139950.0,114730.0,25220.0,428764.0,247707.0,58629.0,122428.0,1749521.0,211562.0,843424.0,405535.0,289000.0,209013.0,15146.0,193867.0,126744.0,126744.0,733872.0,316283.0,193063.0,85785.0,138741.0,224227.0,87737.0,136490.0,72932.0,72932.0,nan,nan,280.8,237.0,-,-,-,-,-,-,80.5,21.7,41.2,100.7,-,136.3,220.3,38.8
2026-06-16,06:30~20:30,通過量,42451.0,13567.0,1779.0,11788.0,23852.0,11993.0,11859.0,70478.0,25952.0,23293.0,21233.0,51206.0,3470.0,23902.0,12349.0,11485.0,21708.0,11809.0,9899.0,9882.0,9882.0,25401.0,4358.0,11326.0,2336.0,7381.0,23540.0,12406.0,11134.0,8542.0,8542.0,0.0,0.0,12.9,13.7,-,-,-,-,-,-,-,-,-,-,-,-,-,-
2026-06-16,06:30~20:30,平均停等延滯,89.4,8.2,43.4,2.9,5.9,9.6,2.1,6.1,9.5,2.5,5.8,34.2,61.0,35.3,32.8,25.2,9.6,1.3,19.6,12.8,12.8,28.9,72.6,17.0,36.7,18.8,9.5,7.1,12.3,8.5,8.5,-,-,E,E,-,-,-,-,-,-,-,-,-,-,-,-,-,-
2026-06-16,07:00~21:00,總停等延滯,3666310.0,110394.0,77737.0,32657.0,138331.0,114952.0,23379.0,410071.0,247711.0,53758.0,108602.0,1719781.0,209023.0,839442.0,391796.0,279520.0,193878.0,14834.0,179044.0,104763.0,104763.0,701542.0,306418.0,193476.0,82318.0,119330.0,216113.0,85062.0,131051.0,71437.0,71437.0,nan,nan,279.0,234.2,-,-,-,-,-,-,83.9,29.0,41.4,98.6,-,135.6,218.6,38.0
2026-06-16,07:00~21:00,通過量,41893.0,13174.0,1794.0,11380.0,23513.0,12068.0,11445.0,68998.0,26109.0,22456.0,20433.0,50654.0,3432.0,24117.0,12120.0,10985.0,21382.0,11943.0,9439.0,9515.0,9515.0,25197.0,4319.0,11495.0,2269.0,7114.0,23395.0,12498.0,10897.0,8355.0,8355.0,0.0,0.0,13.0,13.8,-,-,-,-,-,-,-,-,-,-,-,-,-,-
2026-06-16,07:00~21:00,平均停等延滯,87.5,8.4,43.3,2.9,5.9,9.5,2.0,5.9,9.5,2.4,5.3,34.0,60.9,34.8,32.3,25.4,9.1,1.2,19.0,11.0,11.0,27.8,70.9,16.8,36.3,16.8,9.2,6.8,12.0,8.6,8.6,-,-,E,E,-,-,-,-,-,-,-,-,-,-,-,-,-,-
2026-06-16,06:30~08:30,總停等延滯,710309.0,7012.0,4163.0,2849.0,10662.0,6692.0,3970.0,101172.0,36131.0,17662.0,47379.0,302401.0,41280.0,129383.0,73194.0,58544.0,52159.0,1485.0,50674.0,54192.0,54192.0,134773.0,60460.0,15103.0,19404.0,39806.0,39924.0,18291.0,21633.0,8014.0,8014.0,nan,nan,368.1,252.2,-,-,-,-,-,-,56.2,28.3,33.2,145.9,-,106.3,287.2,52.6
2026-06-16,06:30~08:30,通過量,6220.0,2172.0,130.0,2042.0,3503.0,1467.0,2036.0,11542.0,3096.0,4466.0,3980.0,7389.0,520.0,2803.0,1687.0,2379.0,3408.0,1298.0,2110.0,1886.0,1886.0,3633.0,621.0,1160.0,528.0,1324.0,3065.0,1435.0,1630.0,1356.0,1356.0,0.0,0.0,9.8,12.8,-,-,-,-,-,-,-,-,-,-,-,-,-,-
2026-06-16,06:30~08:30,平均停等延滯,114.2,3.2,32.0,1.4,3.0,4.6,1.9,8.8,11.7,4.0,11.9,40.9,79.4,46.2,43.4,24.6,15.3,1.1,24.0,28.7,28.7,37.1,97.4,13.0,36.8,30.1,13.0,12.7,13.3,5.9,5.9,-,-,F,E,-,-,-,-,-,-,-,-,-,-,-,-,-,-
2026-06-16,06:30~07:30,總停等延滯,377373.0,3400.0,1383.0,2017.0,3782.0,1420.0,2362.0,55211.0,13103.0,11639.0,30469.0,156762.0,21156.0,62568.0,42737.0,30301.0,29790.0,886.0,28904.0,34382.0,34382.0,69487.0,27954.0,3089.0,9419.0,29025.0,21796.0,6976.0,14820.0,2763.0,2763.0,nan,nan,366.9,222.0,-,-,-,-,-,-,59.4,38.0,28.3,147.2,-,74.8,269.6,59.2
2026-06-16,06:30~07:30,通過量,3031.0,1200.0,61.0,1139.0,1768.0,651.0,1117.0,5980.0,1337.0,2465.0,2178.0,3518.0,239.0,1123.0,866.0,1290.0,1670.0,478.0,1192.0,1046.0,1046.0,1634.0,273.0,373.0,250.0,738.0,1458.0,639.0,819.0,630.0,630.0,0.0,0.0,9.9,14.6,-,-,-,-,-,-,-,-,-,-,-,-,-,-
2026-06-16,06:30~07:30,平均停等延滯,124.5,2.8,22.7,1.8,2.1,2.2,2.1,9.2,9.8,4.7,14.0,44.6,88.5,55.7,49.3,23.5,17.8,1.9,24.2,32.9,32.9,42.5,102.4,8.3,37.7,39.3,14.9,10.9,18.1,4.4,4.4,-,-,F,E,-,-,-,-,-,-,-,-,-,-,-,-,-,-
2026-06-16,07:30~08:30,總停等延滯,332936.0,3612.0,2780.0,832.0,6880.0,5272.0,1608.0,45961.0,23028.0,6023.0,16910.0,145639.0,20124.0,66815.0,30457.0,28243.0,22369.0,599.0,21770.0,19810.0,19810.0,65286.0,32506.0,12014.0,9985.0,10781.0,18128.0,11315.0,6813.0,5251.0,5251.0,nan,nan,369.3,282.4,-,-,-,-,-,-,53.1,18.6,38.2,144.6,-,137.8,304.7,46.0
2026-06-16,07:30~08:30,通過量,3189.0,972.0,69.0,903.0,1735.0,816.0,919.0,5562.0,1759.0,2001.0,1802.0,3871.0,281.0,1680.0,821.0,1089.0,1738.0,820.0,918.0,840.0,840.0,1999.0,348.0,787.0,278.0,586.0,1607.0,796.0,811.0,726.0,726.0,0.0,0.0,9.8,11.5,-,-,-,-,-,-,-,-,-,-,-,-,-,-
2026-06-16,07:30~08:30,平均停等延滯,104.4,3.7,40.3,0.9,4.0,6.5,1.7,8.3,13.1,3.0,9.4,37.6,71.6,39.8,37.1,25.9,12.9,0.7,23.7,23.6,23.6,32.7,93.4,15.3,35.9,18.4,11.3,14.2,8.4,7.2,7.2,-,-,F,E,-,-,-,-,-,-,-,-,-,-,-,-,-,-
2026-06-16,07:00~09:00,總停等延滯,677813.0,8413.0,6367.0,2046.0,10592.0,7254.0,3338.0,94237.0,39272.0,14833.0,40132.0,308621.0,41664.0,138894.0,68751.0,59312.0,48622.0,1652.0,46970.0,37762.0,37762.0,126312.0,62136.0,20533.0,19597.0,24046.0,35383.0,17360.0,18023.0,7871.0,7871.0,nan,nan,339.4,243.2,-,-,-,-,-,-,59.3,18.6,36.0,136.4,-,106.9,271.6,49.2
2026-06-16,07:00~09:00,通過量,6291.0,2084.0,163.0,1921.0,3466.0,1555.0,1911.0,11354.0,3450.0,4200.0,3704.0,7654.0,552.0,3174.0,1674.0,2254.0,3461.0,1550.0,1911.0,1770.0,1770.0,3789.0,666.0,1378.0,532.0,1213.0,3206.0,1596.0,1610.0,1366.0,1366.0,0.0,0.0,10.7,13.3,-,-,-,-,-,-,-,-,-,-,-,-,-,-
2026-06-16,07:00~09:00,平均停等延滯,107.7,4.0,39.1,1.1,3.1,4.7,1.7,8.3,11.4,3.5,10.8,40.3,75.5,43.8,41.1,26.3,14.0,1.1,24.6,21.3,21.3,33.3,93.3,14.9,36.8,19.8,11.0,10.9,11.2,5.8,5.8,-,-,E,E,-,-,-,-,-,-,-,-,-,-,-,-,-,-
2026-06-16,10:00~12:00,總停等延滯,445545.0,14653.0,8988.0,5665.0,10052.0,5383.0,4669.0,44608.0,26838.0,5597.0,12173.0,214980.0,26384.0,96367.0,57633.0,34596.0,21152.0,1590.0,19562.0,10434.0,10434.0,85548.0,40047.0,19492.0,11106.0,14903.0,32805.0,13059.0,19746.0,11313.0,11313.0,nan,nan,241.8,230.1,-,-,-,-,-,-,68.9,21.3,44.1,83.4,-,146.7,174.9,45.6
2026-06-16,10:00~12:00,通過量,6104.0,2017.0,287.0,1730.0,3513.0,1723.0,1790.0,9746.0,3457.0,3270.0,3019.0,7267.0,503.0,3223.0,1915.0,1626.0,2962.0,1564.0,1398.0,1403.0,1403.0,3448.0,559.0,1499.0,328.0,1062.0,3358.0,1716.0,1642.0,1243.0,1243.0,0.0,0.0,15.0,14.1,-,-,-,-,-,-,-,-,-,-,-,-,-,-
2026-06-16,10:00~12:00,平均停等延滯,73.0,7.3,31.3,3.3,2.9,3.1,2.6,4.6,7.8,1.7,4.0,29.6,52.5,29.9,30.1,21.3,7.1,1.0,14.0,7.4,7.4,24.8,71.6,13.0,33.9,14.0,9.8,7.6,12.0,9.1,9.1,-,-,E,E,-,-,-,-,-,-,-,-,-,-,-,-,-,-
2026-06-16,11:00~12:00,總停等延滯,224153.0,7734.0,3582.0,4152.0,5253.0,2377.0,2876.0,19967.0,12654.0,2316.0,4997.0,109016.0,12942.0,53605.0,26548.0,15921.0,15080.0,635.0,14445.0,5214.0,5214.0,44287.0,23755.0,8258.0,5982.0,6292.0,13428.0,3161.0,10267.0,4174.0,4174.0,nan,nan,245.4,271.0,-,-,-,-,-,-,73.2,26.0,37.3,104.6,-,166.3,172.1,47.3
2026-06-16,11:00~12:00,通過量,3025.0,972.0,147.0,825.0,1725.0,848.0,877.0,4639.0,1649.0,1553.0,1437.0,3480.0,262.0,1545.0,904.0,769.0,1456.0,747.0,709.0,734.0,734.0,1740.0,293.0,736.0,153.0,558.0,1621.0,857.0,764.0,575.0,575.0,0.0,0.0,14.7,12.0,-,-,-,-,-,-,-,-,-,-,-,-,-,-
2026-06-16,11:00~12:00,平均停等延滯,74.1,8.0,24.4,5.0,3.0,2.8,3.3,4.3,7.7,1.5,3.5,31.3,49.4,34.7,29.4,20.7,10.4,0.9,20.4,7.1,7.1,25.5,81.1,11.2,39.1,11.3,8.3,3.7,13.4,7.3,7.3,-,-,E,E,-,-,-,-,-,-,-,-,-,-,-,-,-,-
2026-06-16,12:00~14:00,總停等延滯,418545.0,15195.0,5886.0,9309.0,8368.0,2730.0,5638.0,43523.0,27182.0,5726.0,10615.0,208118.0,24977.0,96322.0,55016.0,31803.0,19195.0,1357.0,17838.0,11986.0,11986.0,69810.0,36543.0,14857.0,8538.0,9872.0,27116.0,5099.0,22017.0,15234.0,15234.0,nan,nan,247.1,221.1,-,-,-,-,-,-,66.9,26.7,35.3,86.4,-,134.7,179.0,41.4
2026-06-16,12:00~14:00,通過量,6062.0,1965.0,271.0,1694.0,3386.0,1643.0,1743.0,9563.0,3303.0,3251.0,3009.0,6902.0,502.0,3047.0,1834.0,1519.0,2875.0,1477.0,1398.0,1416.0,1416.0,3393.0,559.0,1418.0,271.0,1145.0,3335.0,1664.0,1671.0,1322.0,1322.0,0.0,0.0,14.6,14.7,-,-,-,-,-,-,-,-,-,-,-,-,-,-
2026-06-16,12:00~14:00,平均停等延滯,69.0,7.7,21.7,5.5,2.5,1.7,3.2,4.6,8.2,1.8,3.5,30.2,49.8,31.6,30.0,20.9,6.7,0.9,12.8,8.5,8.5,20.6,65.4,10.5,31.5,8.6,8.1,3.1,13.2,11.5,11.5,-,-,E,E,-,-,-,-,-,-,-,-,-,-,-,-,-,-
2026-06-16,16:30~18:30,總停等延滯,712436.0,25667.0,19060.0,6607.0,63268.0,60815.0,2453.0,81145.0,54103.0,10753.0,16289.0,312209.0,35917.0,170855.0,63723.0,41714.0,23526.0,3986.0,19540.0,12538.0,12538.0,139605.0,56535.0,49393.0,13534.0,20143.0,40540.0,16930.0,23610.0,13938.0,13938.0,nan,nan,329.8,273.0,-,-,-,-,-,-,87.7,21.0,43.6,108.3,-,164.7,272.3,36.5
2026-06-16,16:30~18:30,通過量,6470.0,1922.0,326.0,1596.0,3526.0,1921.0,1605.0,10629.0,4489.0,3276.0,2864.0,7827.0,537.0,4090.0,1789.0,1411.0,3440.0,2206.0,1234.0,1287.0,1287.0,4130.0,792.0,2092.0,343.0,903.0,3685.0,2037.0,1648.0,1202.0,1202.0,0.0,0.0,11.0,11.9,-,-,-,-,-,-,-,-,-,-,-,-,-,-
2026-06-16,16:30~18:30,平均停等延滯,110.1,13.4,58.5,4.1,17.9,31.7,1.5,7.6,12.1,3.3,5.7,39.9,66.9,41.8,35.6,29.6,6.8,1.8,15.8,9.7,9.7,33.8,71.4,23.6,39.5,22.3,11.0,8.3,14.3,11.6,11.6,-,-,E,E,-,-,-,-,-,-,-,-,-,-,-,-,-,-
2026-06-16,17:00~19:00,總停等延滯,681912.0,23752.0,16841.0,6911.0,63863.0,61884.0,1979.0,78787.0,55879.0,9567.0,13341.0,307372.0,34152.0,172422.0,60733.0,40065.0,19786.0,3210.0,16576.0,11573.0,11573.0,130834.0,51535.0,50637.0,12386.0,16276.0,34627.0,14432.0,20195.0,11318.0,11318.0,nan,nan,334.9,256.1,-,-,-,-,-,-,69.1,20.7,44.9,114.8,-,141.3,279.1,35.2
2026-06-16,17:00~19:00,通過量,6007.0,1781.0,307.0,1474.0,3347.0,1859.0,1488.0,10216.0,4475.0,3051.0,2690.0,7470.0,499.0,4020.0,1676.0,1275.0,3324.0,2191.0,1133.0,1184.0,1184.0,3985.0,749.0,2130.0,319.0,787.0,3547.0,2060.0,1487.0,1028.0,1028.0,0.0,0.0,10.8,12.7,-,-,-,-,-,-,-,-,-,-,-,-,-,-
2026-06-16,17:00~19:00,平均停等延滯,113.5,13.3,54.9,4.7,19.1,33.3,1.3,7.7,12.5,3.1,5.0,41.1,68.4,42.9,36.2,31.4,6.0,1.5,14.6,9.8,9.8,32.8,68.8,23.8,38.8,20.7,9.8,7.0,13.6,11.0,11.0,-,-,E,E,-,-,-,-,-,-,-,-,-,-,-,-,-,-
2026-06-16,16:30~17:30,總停等延滯,366908.0,11403.0,8551.0,2852.0,30208.0,29286.0,922.0,41503.0,26657.0,5584.0,9262.0,156233.0,17431.0,81855.0,33939.0,23008.0,16243.0,2906.0,13337.0,6279.0,6279.0,73439.0,28152.0,26161.0,7275.0,11851.0,21824.0,8512.0,13312.0,9776.0,9776.0,nan,nan,308.0,304.4,-,-,-,-,-,-,129.9,18.5,43.1,117.5,-,186.9,252.9,36.6
2026-06-16,16:30~17:30,通過量,3407.0,989.0,167.0,822.0,1789.0,963.0,826.0,5364.0,2174.0,1673.0,1517.0,4012.0,282.0,2032.0,931.0,767.0,1774.0,1102.0,672.0,680.0,680.0,2126.0,405.0,1019.0,182.0,520.0,1869.0,981.0,888.0,708.0,708.0,0.0,0.0,11.7,10.6,-,-,-,-,-,-,-,-,-,-,-,-,-,-
2026-06-16,16:30~17:30,平均停等延滯,107.7,11.5,51.2,3.5,16.9,30.4,1.1,7.7,12.3,3.3,6.1,38.9,61.8,40.3,36.5,30.0,9.2,2.6,19.8,9.2,9.2,34.5,69.5,25.7,40.0,22.8,11.7,8.7,15.0,13.8,13.8,-,-,E,E,-,-,-,-,-,-,-,-,-,-,-,-,-,-
2026-06-16,17:30~18:30,總停等延滯,345528.0,14264.0,10509.0,3755.0,33060.0,31529.0,1531.0,39642.0,27446.0,5169.0,7027.0,155976.0,18486.0,89000.0,29784.0,18706.0,7283.0,1080.0,6203.0,6259.0,6259.0,66166.0,28383.0,23232.0,6259.0,8292.0,18716.0,8418.0,10298.0,4162.0,4162.0,nan,nan,351.7,241.5,-,-,-,-,-,-,45.4,23.5,44.2,99.0,-,142.4,291.8,36.4
2026-06-16,17:30~18:30,通過量,3063.0,933.0,159.0,774.0,1737.0,958.0,779.0,5265.0,2315.0,1603.0,1347.0,3815.0,255.0,2058.0,858.0,644.0,1666.0,1104.0,562.0,607.0,607.0,2004.0,387.0,1073.0,161.0,383.0,1816.0,1056.0,760.0,494.0,494.0,0.0,0.0,10.3,13.4,-,-,-,-,-,-,-,-,-,-,-,-,-,-
2026-06-16,17:30~18:30,平均停等延滯,112.8,15.3,66.1,4.9,19.0,32.9,2.0,7.5,11.9,3.2,5.2,40.9,72.5,43.2,34.7,29.0,4.4,1.0,11.0,10.3,10.3,33.0,73.3,21.7,38.9,21.7,10.3,8.0,13.6,8.4,8.4,-,-,E,E,-,-,-,-,-,-,-,-,-,-,-,-,-,-
2026-06-17,06:30~20:30,總停等延滯,3950886.0,146301.0,92415.0,53886.0,146793.0,109779.0,37014.0,451408.0,244065.0,69868.0,137475.0,1750345.0,200034.0,863619.0,391656.0,295036.0,222159.0,13998.0,208161.0,130172.0,130172.0,802992.0,333660.0,207858.0,95877.0,165597.0,237644.0,97960.0,139684.0,63072.0,63072.0,nan,nan,285.0,275.2,-,-,-,-,-,-,82.9,28.8,69.1,117.9,-,157.4,195.4,44.9
2026-06-17,06:30~20:30,通過量,42353.0,13672.0,1863.0,11809.0,22862.0,11222.0,11640.0,70856.0,25828.0,23663.0,21365.0,49557.0,3478.0,22798.0,12107.0,11174.0,21618.0,11621.0,9997.0,10132.0,10132.0,26000.0,4751.0,11315.0,2514.0,7420.0,23323.0,12218.0,11105.0,8894.0,8894.0,0.0,0.0,12.7,11.8,-,-,-,-,-,-,-,-,-,-,-,-,-,-
2026-06-17,06:30~20:30,平均停等延滯,93.3,10.7,49.6,4.6,6.4,9.8,3.2,6.4,9.4,3.0,6.4,35.3,57.5,37.9,32.3,26.4,10.3,1.2,20.8,12.8,12.8,30.9,70.2,18.4,38.1,22.3,10.2,8.0,12.6,7.1,7.1,-,-,E,E,-,-,-,-,-,-,-,-,-,-,-,-,-,-
2026-06-17,07:00~21:00,總停等延滯,3804955.0,143118.0,93030.0,50088.0,143257.0,110129.0,33128.0,431243.0,244383.0,63896.0,122964.0,1720841.0,196675.0,860133.0,376595.0,287438.0,204768.0,13595.0,191173.0,109676.0,109676.0,770465.0,325037.0,208987.0,90869.0,145572.0,222641.0,95003.0,127638.0,58946.0,58946.0,nan,nan,275.6,276.6,-,-,-,-,-,-,84.7,28.5,68.9,116.8,-,159.7,188.7,44.2
2026-06-17,07:00~21:00,通過量,41821.0,13364.0,1882.0,11482.0,22567.0,11298.0,11269.0,69557.0,26045.0,22867.0,20645.0,49038.0,3414.0,23012.0,11896.0,10716.0,21277.0,11716.0,9561.0,9852.0,9852.0,25807.0,4724.0,11472.0,2438.0,7173.0,23207.0,12315.0,10892.0,8717.0,8717.0,0.0,0.0,13.1,11.7,-,-,-,-,-,-,-,-,-,-,-,-,-,-
2026-06-17,07:00~21:00,平均停等延滯,91.0,10.7,49.4,4.4,6.3,9.7,2.9,6.2,9.4,2.8,6.0,35.1,57.6,37.4,31.7,26.8,9.6,1.2,20.0,11.1,11.1,29.9,68.8,18.2,37.3,20.3,9.6,7.7,11.7,6.8,6.8,-,-,E,E,-,-,-,-,-,-,-,-,-,-,-,-,-,-
2026-06-17,06:30~08:30,總停等延滯,810824.0,35326.0,6990.0,28336.0,25125.0,4594.0,20531.0,102685.0,28545.0,24369.0,49771.0,298015.0,38601.0,134773.0,71029.0,53612.0,64325.0,1440.0,62885.0,54382.0,54382.0,168430.0,63234.0,27359.0,23698.0,54139.0,47873.0,17878.0,29995.0,14663.0,14663.0,nan,nan,371.4,292.2,-,-,-,-,-,-,80.0,40.1,29.9,142.0,-,150.5,273.2,58.1
2026-06-17,06:30~08:30,通過量,6273.0,2144.0,137.0,2007.0,3384.0,1422.0,1962.0,11587.0,3084.0,4485.0,4018.0,7485.0,560.0,2833.0,1691.0,2401.0,3295.0,1135.0,2160.0,2017.0,2017.0,3779.0,679.0,1134.0,579.0,1387.0,2914.0,1405.0,1509.0,1331.0,1331.0,0.0,0.0,9.7,11.1,-,-,-,-,-,-,-,-,-,-,-,-,-,-
2026-06-17,06:30~08:30,平均停等延滯,129.3,16.5,51.0,14.1,7.4,3.2,10.5,8.9,9.3,5.4,12.4,39.8,68.9,47.6,42.0,22.3,19.5,1.3,29.1,27.0,27.0,44.6,93.1,24.1,40.9,39.0,16.4,12.7,19.9,11.0,11.0,-,-,F,E,-,-,-,-,-,-,-,-,-,-,-,-,-,-
2026-06-17,06:30~07:30,總停等延滯,437582.0,13608.0,2061.0,11547.0,9296.0,840.0,8456.0,60413.0,13615.0,14605.0,32193.0,159403.0,22475.0,66347.0,41897.0,28684.0,34513.0,866.0,33647.0,39196.0,39196.0,85094.0,27321.0,8921.0,11549.0,37303.0,29071.0,7931.0,21140.0,6988.0,6988.0,nan,nan,401.8,249.5,-,-,-,-,-,-,57.2,31.4,26.1,152.3,-,97.4,306.8,63.6
2026-06-17,06:30~07:30,通過量,3148.0,1155.0,55.0,1100.0,1728.0,629.0,1099.0,5992.0,1355.0,2463.0,2174.0,3866.0,295.0,1410.0,878.0,1283.0,1709.0,496.0,1213.0,1081.0,1081.0,1790.0,295.0,423.0,305.0,767.0,1449.0,647.0,802.0,617.0,617.0,0.0,0.0,9.0,13.0,-,-,-,-,-,-,-,-,-,-,-,-,-,-
2026-06-17,06:30~07:30,平均停等延滯,139.0,11.8,37.5,10.5,5.4,1.3,7.7,10.1,10.0,5.9,14.8,41.2,76.2,47.1,47.7,22.4,20.2,1.7,27.7,36.3,36.3,47.5,92.6,21.1,37.9,48.6,20.1,12.3,26.4,11.3,11.3,-,-,F,E,-,-,-,-,-,-,-,-,-,-,-,-,-,-
2026-06-17,07:30~08:30,總停等延滯,373242.0,21718.0,4929.0,16789.0,15829.0,3754.0,12075.0,42272.0,14930.0,9764.0,17578.0,138612.0,16126.0,68426.0,29132.0,24928.0,29812.0,574.0,29238.0,15186.0,15186.0,83336.0,35913.0,18438.0,12149.0,16836.0,18802.0,9947.0,8855.0,7675.0,7675.0,nan,nan,341.0,333.5,-,-,-,-,-,-,102.7,48.8,33.1,131.8,-,201.8,239.6,52.6
2026-06-17,07:30~08:30,通過量,3125.0,989.0,82.0,907.0,1656.0,793.0,863.0,5595.0,1729.0,2022.0,1844.0,3619.0,265.0,1423.0,813.0,1118.0,1586.0,639.0,947.0,936.0,936.0,1989.0,384.0,711.0,274.0,620.0,1465.0,758.0,707.0,714.0,714.0,0.0,0.0,10.6,9.7,-,-,-,-,-,-,-,-,-,-,-,-,-,-
2026-06-17,07:30~08:30,平均停等延滯,119.4,22.0,60.1,18.5,9.6,4.7,14.0,7.6,8.6,4.8,9.5,38.3,60.9,48.1,35.8,22.3,18.8,0.9,30.9,16.2,16.2,41.9,93.5,25.9,44.3,27.2,12.8,13.1,12.5,10.7,10.7,-,-,E,F,-,-,-,-,-,-,-,-,-,-,-,-,-,-
2026-06-17,07:00~09:00,總停等延滯,791786.0,35583.0,9045.0,26538.0,21359.0,4464.0,16895.0,97716.0,35648.0,20814.0,41254.0,314241.0,37990.0,153663.0,68487.0,54101.0,64014.0,1561.0,62453.0,46782.0,46782.0,155664.0,66073.0,28814.0,22896.0,37881.0,41468.0,17410.0,24058.0,14959.0,14959.0,nan,nan,367.3,303.0,-,-,-,-,-,-,84.8,38.4,33.6,159.0,-,144.1,271.1,57.8
2026-06-17,07:00~09:00,通過量,6269.0,2103.0,163.0,1940.0,3193.0,1473.0,1720.0,11521.0,3428.0,4288.0,3805.0,7617.0,532.0,3126.0,1703.0,2256.0,3343.0,1320.0,2023.0,1947.0,1947.0,3931.0,730.0,1306.0,588.0,1307.0,3007.0,1531.0,1476.0,1363.0,1363.0,0.0,0.0,9.9,10.7,-,-,-,-,-,-,-,-,-,-,-,-,-,-
2026-06-17,07:00~09:00,平均停等延滯,126.3,16.9,55.5,13.7,6.7,3.0,9.8,8.5,10.4,4.9,10.8,41.3,71.4,49.2,40.2,24.0,19.1,1.2,30.9,24.0,24.0,39.6,90.5,22.1,38.9,29.0,13.8,11.4,16.3,11.0,11.0,-,-,F,E,-,-,-,-,-,-,-,-,-,-,-,-,-,-
2026-06-17,10:00~12:00,總停等延滯,484824.0,20668.0,16176.0,4492.0,8207.0,6178.0,2029.0,51049.0,26759.0,7854.0,16436.0,226160.0,22998.0,109291.0,56789.0,37082.0,23794.0,2939.0,20855.0,13258.0,13258.0,101852.0,41359.0,20103.0,17052.0,23338.0,29797.0,11947.0,17850.0,10039.0,10039.0,nan,nan,294.7,299.0,-,-,-,-,-,-,136.2,39.4,109.1,98.4,-,200.6,217.8,37.5
2026-06-17,10:00~12:00,通過量,6218.0,1960.0,285.0,1675.0,3453.0,1740.0,1713.0,10058.0,3550.0,3343.0,3165.0,6878.0,484.0,3029.0,1849.0,1516.0,3019.0,1625.0,1394.0,1485.0,1485.0,3602.0,601.0,1545.0,316.0,1140.0,3411.0,1759.0,1652.0,1292.0,1292.0,0.0,0.0,12.3,10.8,-,-,-,-,-,-,-,-,-,-,-,-,-,-
2026-06-17,10:00~12:00,平均停等延滯,78.0,10.5,56.8,2.7,2.4,3.6,1.2,5.1,7.5,2.3,5.2,32.9,47.5,36.1,30.7,24.5,7.9,1.8,15.0,8.9,8.9,28.3,68.8,13.0,54.0,20.5,8.7,6.8,10.8,7.8,7.8,-,-,E,E,-,-,-,-,-,-,-,-,-,-,-,-,-,-
2026-06-17,11:00~12:00,總停等延滯,234323.0,9603.0,8290.0,1313.0,4637.0,3817.0,820.0,24735.0,13836.0,3622.0,7277.0,112070.0,11614.0,53169.0,28863.0,18424.0,11209.0,1488.0,9721.0,6569.0,6569.0,48032.0,20957.0,9567.0,7262.0,10246.0,12831.0,5138.0,7693.0,4637.0,4637.0,nan,nan,237.5,293.4,-,-,-,-,-,-,175.4,36.7,189.8,99.3,-,194.1,160.3,40.5
2026-06-17,11:00~12:00,通過量,3072.0,969.0,134.0,835.0,1713.0,868.0,845.0,4963.0,1781.0,1623.0,1559.0,3385.0,229.0,1474.0,956.0,726.0,1521.0,826.0,695.0,730.0,730.0,1796.0,286.0,782.0,138.0,590.0,1706.0,879.0,827.0,609.0,609.0,0.0,0.0,15.2,11.0,-,-,-,-,-,-,-,-,-,-,-,-,-,-
2026-06-17,11:00~12:00,平均停等延滯,76.3,9.9,61.9,1.6,2.7,4.4,1.0,5.0,7.8,2.2,4.7,33.1,50.7,36.1,30.2,25.4,7.4,1.8,14.0,9.0,9.0,26.7,73.3,12.2,52.6,17.4,7.5,5.8,9.3,7.6,7.6,-,-,E,E,-,-,-,-,-,-,-,-,-,-,-,-,-,-
2026-06-17,12:00~14:00,總停等延滯,490312.0,25742.0,17434.0,8308.0,8376.0,4471.0,3905.0,47788.0,26094.0,7282.0,14412.0,227843.0,22906.0,108811.0,56848.0,39278.0,27891.0,2370.0,25521.0,8693.0,8693.0,97745.0,45438.0,17937.0,14524.0,19846.0,31387.0,12377.0,19010.0,14847.0,14847.0,nan,nan,255.0,228.7,-,-,-,-,-,-,64.2,26.4,126.0,98.2,-,130.5,184.2,44.3
2026-06-17,12:00~14:00,通過量,6184.0,1951.0,310.0,1641.0,3395.0,1706.0,1689.0,9650.0,3425.0,3257.0,2968.0,6839.0,488.0,3031.0,1740.0,1580.0,2890.0,1521.0,1369.0,1446.0,1446.0,3500.0,633.0,1433.0,329.0,1105.0,3323.0,1710.0,1613.0,1343.0,1343.0,0.0,0.0,14.2,14.2,-,-,-,-,-,-,-,-,-,-,-,-,-,-
2026-06-17,12:00~14:00,平均停等延滯,79.3,13.2,56.2,5.1,2.5,2.6,2.3,5.0,7.6,2.2,4.9,33.3,46.9,35.9,32.7,24.9,9.7,1.6,18.6,6.0,6.0,27.9,71.8,12.5,44.1,18.0,9.4,7.2,11.8,11.1,11.1,-,-,E,E,-,-,-,-,-,-,-,-,-,-,-,-,-,-
2026-06-17,16:30~18:30,總停等延滯,673031.0,16136.0,14894.0,1242.0,45439.0,43130.0,2309.0,71765.0,49226.0,8671.0,13868.0,307716.0,38250.0,157431.0,66154.0,45881.0,22385.0,2113.0,20272.0,11605.0,11605.0,155929.0,62385.0,66929.0,10411.0,16204.0,38902.0,19284.0,19618.0,3154.0,3154.0,nan,nan,235.0,243.3,-,-,-,-,-,-,49.4,21.9,85.6,107.2,-,136.1,157.5,30.4
2026-06-17,16:30~18:30,通過量,6668.0,1937.0,296.0,1641.0,3616.0,1968.0,1648.0,10717.0,4430.0,3329.0,2958.0,7730.0,601.0,3924.0,1770.0,1435.0,3506.0,2261.0,1245.0,1279.0,1279.0,4314.0,839.0,2214.0,371.0,890.0,3779.0,2076.0,1703.0,1247.0,1247.0,0.0,0.0,15.4,13.3,-,-,-,-,-,-,-,-,-,-,-,-,-,-
2026-06-17,16:30~18:30,平均停等延滯,100.9,8.3,50.3,0.8,12.6,21.9,1.4,6.7,11.1,2.6,4.7,39.8,63.6,40.1,37.4,32.0,6.4,0.9,16.3,9.1,9.1,36.1,74.4,30.2,28.1,18.2,10.3,9.3,11.5,2.5,2.5,-,-,E,E,-,-,-,-,-,-,-,-,-,-,-,-,-,-
2026-06-17,17:00~19:00,總停等延滯,636998.0,13849.0,12979.0,870.0,43604.0,41263.0,2341.0,70119.0,49533.0,8554.0,12032.0,295162.0,37045.0,156272.0,57475.0,44370.0,20227.0,1917.0,18310.0,11294.0,11294.0,145341.0,57726.0,63022.0,9432.0,15161.0,35093.0,15559.0,19534.0,2309.0,2309.0,nan,nan,388.5,294.6,-,-,-,-,-,-,38.9,29.6,86.6,130.5,-,164.1,158.0,29.0
2026-06-17,17:00~19:00,通過量,6191.0,1831.0,278.0,1553.0,3475.0,1891.0,1584.0,10237.0,4387.0,3189.0,2661.0,7255.0,551.0,3869.0,1576.0,1259.0,3320.0,2163.0,1157.0,1217.0,1217.0,4026.0,753.0,2106.0,345.0,822.0,3635.0,2084.0,1551.0,1083.0,1083.0,0.0,0.0,9.3,11.0,-,-,-,-,-,-,-,-,-,-,-,-,-,-
2026-06-17,17:00~19:00,平均停等延滯,102.9,7.6,46.7,0.6,12.5,21.8,1.5,6.8,11.3,2.7,4.5,40.7,67.2,40.4,36.5,35.2,6.1,0.9,15.8,9.3,9.3,36.1,76.7,29.9,27.3,18.4,9.7,7.5,12.6,2.1,2.1,-,-,F,E,-,-,-,-,-,-,-,-,-,-,-,-,-,-
2026-06-17,16:30~17:30,總停等延滯,349618.0,8219.0,7448.0,771.0,24337.0,23263.0,1074.0,37326.0,24584.0,3717.0,9025.0,157752.0,18797.0,80243.0,34994.0,23718.0,12531.0,1225.0,11306.0,5687.0,5687.0,81503.0,31669.0,35280.0,5594.0,8960.0,19833.0,10062.0,9771.0,2430.0,2430.0,nan,nan,235.0,232.3,-,-,-,-,-,-,49.4,21.9,123.0,113.5,-,118.8,192.0,30.4
2026-06-17,16:30~17:30,通過量,3492.0,972.0,141.0,831.0,1818.0,990.0,828.0,5490.0,2239.0,1718.0,1533.0,3971.0,325.0,1941.0,940.0,765.0,1816.0,1158.0,658.0,683.0,683.0,2268.0,438.0,1126.0,202.0,502.0,1933.0,1039.0,894.0,684.0,684.0,0.0,0.0,15.4,13.9,-,-,-,-,-,-,-,-,-,-,-,-,-,-
2026-06-17,16:30~17:30,平均停等延滯,100.1,8.5,52.8,0.9,13.4,23.5,1.3,6.8,11.0,2.2,5.9,39.7,57.8,41.3,37.2,31.0,6.9,1.1,17.2,8.3,8.3,35.9,72.3,31.3,27.7,17.8,10.3,9.7,10.9,3.6,3.6,-,-,E,E,-,-,-,-,-,-,-,-,-,-,-,-,-,-
2026-06-17,17:30~18:30,總停等延滯,323413.0,7917.0,7446.0,471.0,21102.0,19867.0,1235.0,34439.0,24642.0,4954.0,4843.0,149964.0,19453.0,77188.0,31160.0,22163.0,9854.0,888.0,8966.0,5918.0,5918.0,74426.0,30716.0,31649.0,4817.0,7244.0,19069.0,9222.0,9847.0,724.0,724.0,nan,nan,nan,254.2,-,-,-,-,-,-,-,-,47.5,100.8,-,153.5,123.0,-
2026-06-17,17:30~18:30,通過量,3176.0,965.0,155.0,810.0,1798.0,978.0,820.0,5227.0,2191.0,1611.0,1425.0,3759.0,276.0,1983.0,830.0,670.0,1690.0,1103.0,587.0,596.0,596.0,2046.0,401.0,1088.0,169.0,388.0,1846.0,1037.0,809.0,563.0,563.0,0.0,0.0,0.0,12.7,-,-,-,-,-,-,-,-,-,-,-,-,-,-
2026-06-17,17:30~18:30,平均停等延滯,101.8,8.2,48.0,0.6,11.7,20.3,1.5,6.6,11.2,3.1,3.4,39.9,70.5,38.9,37.5,33.1,5.8,0.8,15.3,9.9,9.9,36.4,76.6,29.1,28.5,18.7,10.3,8.9,12.2,1.3,1.3,-,-,-,E,-,-,-,-,-,-,-,-,-,-,-,-,-,-
2026-06-18,06:30~20:30,總停等延滯,4870445.0,167915.0,107744.0,60171.0,219192.0,156790.0,62402.0,618248.0,285156.0,100942.0,232150.0,1937668.0,223076.0,939197.0,442120.0,333275.0,297095.0,20966.0,276129.0,162297.0,162297.0,1001001.0,336089.0,339735.0,100520.0,224657.0,293168.0,113970.0,179198.0,173861.0,173861.0,nan,nan,365.7,271.8,-,-,-,-,-,-,117.8,55.3,37.7,129.4,-,142.4,261.5,80.9
2026-06-18,06:30~20:30,通過量,42863.0,13985.0,1909.0,12076.0,21204.0,10669.0,10535.0,72387.0,25649.0,24615.0,22123.0,51284.0,3681.0,23983.0,12253.0,11367.0,21381.0,11116.0,10265.0,10609.0,10609.0,26330.0,4991.0,11088.0,2805.0,7446.0,23832.0,12470.0,11362.0,8069.0,8069.0,0.0,0.0,9.9,11.9,-,-,-,-,-,-,-,-,-,-,-,-,-,-
2026-06-18,06:30~20:30,平均停等延滯,113.6,12.0,56.4,5.0,10.3,14.7,5.9,8.5,11.1,4.1,10.5,37.8,60.6,39.2,36.1,29.3,13.9,1.9,26.9,15.3,15.3,38.0,67.3,30.6,35.8,30.2,12.3,9.1,15.8,21.5,21.5,-,-,F,E,-,-,-,-,-,-,-,-,-,-,-,-,-,-
2026-06-18,07:00~21:00,總停等延滯,4782619.0,167005.0,109793.0,57212.0,215454.0,156272.0,59182.0,602224.0,286392.0,96680.0,219152.0,1919592.0,220749.0,936932.0,433655.0,328256.0,281587.0,21012.0,260575.0,146901.0,146901.0,979948.0,332980.0,342467.0,96461.0,208040.0,284262.0,113154.0,171108.0,185646.0,185646.0,nan,nan,358.9,270.0,-,-,-,-,-,-,123.7,55.0,37.5,127.1,-,143.0,256.2,79.9
2026-06-18,07:00~21:00,通過量,42686.0,13754.0,1983.0,11771.0,20967.0,10733.0,10234.0,71748.0,26007.0,24082.0,21659.0,50977.0,3649.0,24114.0,12165.0,11049.0,21314.0,11353.0,9961.0,10327.0,10327.0,26331.0,5027.0,11328.0,2746.0,7230.0,23913.0,12595.0,11318.0,7790.0,7790.0,0.0,0.0,10.1,12.0,-,-,-,-,-,-,-,-,-,-,-,-,-,-
2026-06-18,07:00~21:00,平均停等延滯,112.0,12.1,55.4,4.9,10.3,14.6,5.8,8.4,11.0,4.0,10.1,37.7,60.5,38.9,35.6,29.7,13.2,1.9,26.2,14.2,14.2,37.2,66.2,30.2,35.1,28.8,11.9,9.0,15.1,23.8,23.8,-,-,E,E,-,-,-,-,-,-,-,-,-,-,-,-,-,-
2026-06-18,06:30~08:30,總停等延滯,1018412.0,20536.0,6849.0,13687.0,75282.0,30244.0,45038.0,184684.0,51291.0,42582.0,90811.0,315641.0,41999.0,131963.0,76517.0,65162.0,73429.0,2051.0,71378.0,66282.0,66282.0,186946.0,65144.0,23249.0,30491.0,68062.0,62706.0,12135.0,50571.0,32906.0,32906.0,nan,nan,946.7,355.3,-,-,-,-,-,-,249.0,243.7,64.2,220.2,-,135.7,587.2,288.5
2026-06-18,06:30~08:30,通過量,5225.0,1709.0,146.0,1563.0,2772.0,1226.0,1546.0,9327.0,2569.0,3509.0,3249.0,5860.0,490.0,2456.0,1322.0,1592.0,2537.0,979.0,1558.0,1571.0,1571.0,3081.0,578.0,941.0,544.0,1018.0,2489.0,1266.0,1223.0,1029.0,1029.0,0.0,0.0,3.8,9.1,-,-,-,-,-,-,-,-,-,-,-,-,-,-
2026-06-18,06:30~08:30,平均停等延滯,194.9,12.0,46.9,8.8,27.2,24.7,29.1,19.8,20.0,12.1,28.0,53.9,85.7,53.7,57.9,40.9,28.9,2.1,45.8,42.2,42.2,60.7,112.7,24.7,56.0,66.9,25.2,9.6,41.3,32.0,32.0,-,-,F,F,-,-,-,-,-,-,-,-,-,-,-,-,-,-
2026-06-18,06:30~07:30,總停等延滯,386461.0,8955.0,2381.0,6574.0,14407.0,1404.0,13003.0,59301.0,12110.0,14381.0,32810.0,138160.0,18104.0,55261.0,37275.0,27520.0,32060.0,491.0,31569.0,30436.0,30436.0,68955.0,25597.0,4709.0,10618.0,28031.0,28856.0,7056.0,21800.0,5331.0,5331.0,nan,nan,430.5,225.8,-,-,-,-,-,-,54.5,52.7,33.4,128.9,-,96.9,309.9,68.2
2026-06-18,06:30~07:30,通過量,2865.0,1040.0,57.0,983.0,1563.0,622.0,941.0,5527.0,1239.0,2235.0,2053.0,3345.0,263.0,1183.0,781.0,1118.0,1497.0,386.0,1111.0,1060.0,1060.0,1565.0,273.0,351.0,251.0,690.0,1343.0,634.0,709.0,554.0,554.0,0.0,0.0,8.4,14.3,-,-,-,-,-,-,-,-,-,-,-,-,-,-
2026-06-18,06:30~07:30,平均停等延滯,134.9,8.6,41.8,6.7,9.2,2.3,13.8,10.7,9.8,6.4,16.0,41.3,68.8,46.7,47.7,24.6,21.4,1.3,28.4,28.7,28.7,44.1,93.8,13.4,42.3,40.6,21.5,11.1,30.7,9.6,9.6,-,-,F,E,-,-,-,-,-,-,-,-,-,-,-,-,-,-
2026-06-18,07:30~08:30,總停等延滯,631951.0,11581.0,4468.0,7113.0,60875.0,28840.0,32035.0,125383.0,39181.0,28201.0,58001.0,177481.0,23895.0,76702.0,39242.0,37642.0,41369.0,1560.0,39809.0,35846.0,35846.0,117991.0,39547.0,18540.0,19873.0,40031.0,33850.0,5079.0,28771.0,27575.0,27575.0,nan,nan,1623.4,487.1,-,-,-,-,-,-,457.5,464.7,93.9,313.1,-,174.5,864.5,533.4
2026-06-18,07:30~08:30,通過量,2360.0,669.0,89.0,580.0,1209.0,604.0,605.0,3800.0,1330.0,1274.0,1196.0,2515.0,227.0,1273.0,541.0,474.0,1040.0,593.0,447.0,511.0,511.0,1516.0,305.0,590.0,293.0,328.0,1146.0,632.0,514.0,475.0,475.0,0.0,0.0,2.2,6.7,-,-,-,-,-,-,-,-,-,-,-,-,-,-
2026-06-18,07:30~08:30,平均停等延滯,267.8,17.3,50.2,12.3,50.4,47.7,53.0,33.0,29.5,22.1,48.5,70.6,105.3,60.3,72.5,79.4,39.8,2.6,89.1,70.1,70.1,77.8,129.7,31.4,67.8,122.0,29.5,8.0,56.0,58.1,58.1,-,-,F,F,-,-,-,-,-,-,-,-,-,-,-,-,-,-
2026-06-18,07:00~09:00,總停等延滯,1087252.0,19557.0,7928.0,11629.0,85959.0,43216.0,42743.0,193576.0,65784.0,40255.0,87537.0,347153.0,45880.0,159042.0,77535.0,64696.0,68850.0,2121.0,66729.0,61319.0,61319.0,196303.0,75989.0,26181.0,30925.0,63208.0,67247.0,12519.0,54728.0,47288.0,47288.0,nan,nan,1034.0,404.2,-,-,-,-,-,-,251.2,242.3,73.7,266.1,-,138.7,663.5,289.3
2026-06-18,07:00~09:00,通過量,5501.0,1638.0,160.0,1478.0,2784.0,1263.0,1521.0,9367.0,2798.0,3401.0,3168.0,5920.0,520.0,2499.0,1280.0,1621.0,2746.0,1151.0,1595.0,1552.0,1552.0,3440.0,674.0,1107.0,625.0,1034.0,2609.0,1384.0,1225.0,1064.0,1064.0,0.0,0.0,3.5,8.0,-,-,-,-,-,-,-,-,-,-,-,-,-,-
2026-06-18,07:00~09:00,平均停等延滯,197.6,11.9,49.6,7.9,30.9,34.2,28.1,20.7,23.5,11.8,27.6,58.6,88.2,63.6,60.6,39.9,25.1,1.8,41.8,39.5,39.5,57.1,112.7,23.7,49.5,61.1,25.8,9.0,44.7,44.4,44.4,-,-,F,F,-,-,-,-,-,-,-,-,-,-,-,-,-,-
2026-06-18,10:00~12:00,總停等延滯,564759.0,30999.0,21514.0,9485.0,1809.0,887.0,922.0,61407.0,33986.0,8873.0,18548.0,249810.0,26531.0,121206.0,64466.0,37607.0,30563.0,2998.0,27565.0,10917.0,10917.0,131057.0,41149.0,49198.0,11884.0,28826.0,35108.0,17485.0,17623.0,13089.0,13089.0,nan,nan,299.4,251.8,-,-,-,-,-,-,90.4,20.7,28.8,108.4,-,143.4,207.7,71.0
2026-06-18,10:00~12:00,通過量,5474.0,2206.0,348.0,1858.0,1233.0,581.0,652.0,10399.0,3629.0,3583.0,3187.0,7652.0,541.0,3541.0,1930.0,1640.0,2962.0,1487.0,1475.0,1427.0,1427.0,3641.0,697.0,1458.0,373.0,1113.0,3642.0,1821.0,1821.0,1450.0,1450.0,0.0,0.0,12.1,12.9,-,-,-,-,-,-,-,-,-,-,-,-,-,-
2026-06-18,10:00~12:00,平均停等延滯,103.2,14.1,61.8,5.1,1.5,1.5,1.4,5.9,9.4,2.5,5.8,32.6,49.0,34.2,33.4,22.9,10.3,2.0,18.7,7.7,7.7,36.0,59.0,33.7,31.9,25.9,9.6,9.6,9.7,9.0,9.0,-,-,E,E,-,-,-,-,-,-,-,-,-,-,-,-,-,-
2026-06-18,11:00~12:00,總停等延滯,279414.0,14716.0,9880.0,4836.0,0.0,0.0,0.0,30725.0,18206.0,3883.0,8636.0,129846.0,15688.0,63906.0,30998.0,19254.0,14608.0,1770.0,12838.0,4670.0,4670.0,61899.0,21444.0,24303.0,5107.0,11045.0,16382.0,8276.0,8106.0,6568.0,6568.0,nan,nan,284.6,218.9,-,-,-,-,-,-,112.7,23.7,29.8,121.9,-,97.0,154.6,106.2
2026-06-18,11:00~12:00,通過量,2409.0,1126.0,180.0,946.0,0.0,0.0,0.0,5094.0,1869.0,1686.0,1539.0,3791.0,283.0,1817.0,912.0,779.0,1443.0,733.0,710.0,707.0,707.0,1821.0,338.0,749.0,187.0,547.0,1834.0,960.0,874.0,753.0,753.0,0.0,0.0,12.7,14.8,-,-,-,-,-,-,-,-,-,-,-,-,-,-
2026-06-18,11:00~12:00,平均停等延滯,116.0,13.1,54.9,5.1,0.0,0.0,0.0,6.0,9.7,2.3,5.6,34.3,55.4,35.2,34.0,24.7,10.1,2.4,18.1,6.6,6.6,34.0,63.4,32.4,27.3,20.2,8.9,8.6,9.3,8.7,8.7,-,-,E,E,-,-,-,-,-,-,-,-,-,-,-,-,-,-
2026-06-18,12:00~14:00,總停等延滯,567722.0,27824.0,18350.0,9474.0,12879.0,10493.0,2386.0,57217.0,28554.0,7423.0,21240.0,257112.0,25362.0,125253.0,63261.0,43236.0,33216.0,2342.0,30874.0,12698.0,12698.0,112436.0,36486.0,45979.0,9313.0,20658.0,39157.0,16897.0,22260.0,15183.0,15183.0,nan,nan,231.3,277.3,-,-,-,-,-,-,72.2,16.7,26.7,98.7,-,178.6,170.8,43.8
2026-06-18,12:00~14:00,通過量,6166.0,2116.0,288.0,1828.0,2945.0,1456.0,1489.0,10859.0,3725.0,3764.0,3370.0,7725.0,503.0,3476.0,2068.0,1678.0,2921.0,1481.0,1440.0,1480.0,1480.0,3588.0,616.0,1543.0,330.0,1099.0,3651.0,1777.0,1874.0,1395.0,1395.0,0.0,0.0,15.6,11.7,-,-,-,-,-,-,-,-,-,-,-,-,-,-
2026-06-18,12:00~14:00,平均停等延滯,92.1,13.1,63.7,5.2,4.4,7.2,1.6,5.3,7.7,2.0,6.3,33.3,50.4,36.0,30.6,25.8,11.4,1.6,21.4,8.6,8.6,31.3,59.2,29.8,28.2,18.8,10.7,9.5,11.9,10.9,10.9,-,-,E,E,-,-,-,-,-,-,-,-,-,-,-,-,-,-
2026-06-18,16:30~18:30,總停等延滯,752248.0,28062.0,19839.0,8223.0,42511.0,39262.0,3249.0,83941.0,49941.0,10541.0,23459.0,316138.0,36884.0,161220.0,65337.0,52697.0,40072.0,4654.0,35418.0,13851.0,13851.0,174835.0,52297.0,86308.0,13279.0,22951.0,39309.0,18496.0,20813.0,13529.0,13529.0,nan,nan,283.3,259.0,-,-,-,-,-,-,97.7,29.8,33.9,108.2,-,150.8,217.1,36.5
2026-06-18,16:30~18:30,通過量,6873.0,2046.0,313.0,1733.0,3714.0,1991.0,1723.0,10921.0,4331.0,3504.0,3086.0,7848.0,591.0,4049.0,1788.0,1420.0,3400.0,2074.0,1326.0,1455.0,1455.0,4371.0,930.0,2065.0,435.0,941.0,3750.0,2078.0,1672.0,1225.0,1225.0,0.0,0.0,12.8,12.5,-,-,-,-,-,-,-,-,-,-,-,-,-,-
2026-06-18,16:30~18:30,平均停等延滯,109.4,13.7,63.4,4.7,11.4,19.7,1.9,7.7,11.5,3.0,7.6,40.3,62.4,39.8,36.5,37.1,11.8,2.2,26.7,9.5,9.5,40.0,56.2,41.8,30.5,24.4,10.5,8.9,12.4,11.0,11.0,-,-,E,E,-,-,-,-,-,-,-,-,-,-,-,-,-,-
2026-06-18,17:00~19:00,總停等延滯,741713.0,27572.0,20712.0,6860.0,49427.0,46789.0,2638.0,82884.0,52435.0,9992.0,20457.0,306934.0,31928.0,162188.0,63740.0,49078.0,36351.0,5848.0,30503.0,13572.0,13572.0,170842.0,52668.0,82410.0,13076.0,22688.0,35521.0,15966.0,19555.0,18610.0,18610.0,nan,nan,271.6,280.1,-,-,-,-,-,-,93.3,19.0,34.8,114.0,-,166.1,216.9,35.7
2026-06-18,17:00~19:00,通過量,6505.0,1917.0,326.0,1591.0,3534.0,1962.0,1572.0,10342.0,4400.0,3253.0,2689.0,7411.0,529.0,3957.0,1537.0,1388.0,3345.0,2077.0,1268.0,1366.0,1366.0,4148.0,886.0,2003.0,385.0,874.0,3657.0,2114.0,1543.0,992.0,992.0,0.0,0.0,13.3,11.6,-,-,-,-,-,-,-,-,-,-,-,-,-,-
2026-06-18,17:00~19:00,平均停等延滯,114.0,14.4,63.5,4.3,14.0,23.8,1.7,8.0,11.9,3.1,7.6,41.4,60.4,41.0,41.5,35.4,10.9,2.8,24.1,9.9,9.9,41.2,59.4,41.1,34.0,26.0,9.7,7.6,12.7,18.8,18.8,-,-,E,E,-,-,-,-,-,-,-,-,-,-,-,-,-,-
2026-06-18,16:30~17:30,總停等延滯,377389.0,14216.0,9318.0,4898.0,14685.0,13072.0,1613.0,40359.0,21392.0,5433.0,13534.0,154782.0,17814.0,77005.0,32574.0,27389.0,24073.0,2691.0,21382.0,8197.0,8197.0,90597.0,26532.0,45695.0,6019.0,12351.0,22105.0,11407.0,10698.0,8375.0,8375.0,nan,nan,284.5,212.4,-,-,-,-,-,-,51.9,40.4,29.9,95.6,-,116.8,207.1,36.9
2026-06-18,16:30~17:30,通過量,3636.0,1064.0,144.0,920.0,1959.0,1039.0,920.0,5611.0,2132.0,1839.0,1640.0,4063.0,297.0,2082.0,980.0,704.0,1756.0,1052.0,704.0,794.0,794.0,2336.0,493.0,1098.0,225.0,520.0,1950.0,1032.0,918.0,701.0,701.0,0.0,0.0,12.7,15.3,-,-,-,-,-,-,-,-,-,-,-,-,-,-
2026-06-18,16:30~17:30,平均停等延滯,103.8,13.4,64.7,5.3,7.5,12.6,1.8,7.2,10.0,3.0,8.3,38.1,60.0,37.0,33.2,38.9,13.7,2.6,30.4,10.3,10.3,38.8,53.8,41.6,26.8,23.8,11.3,11.1,11.7,11.9,11.9,-,-,E,E,-,-,-,-,-,-,-,-,-,-,-,-,-,-
2026-06-18,17:30~18:30,總停等延滯,374859.0,13846.0,10521.0,3325.0,27826.0,26190.0,1636.0,43582.0,28549.0,5108.0,9925.0,161356.0,19070.0,84215.0,32763.0,25308.0,15999.0,1963.0,14036.0,5654.0,5654.0,84238.0,25765.0,40613.0,7260.0,10600.0,17204.0,7089.0,10115.0,5154.0,5154.0,nan,nan,282.2,305.6,-,-,-,-,-,-,143.5,19.2,37.5,120.8,-,184.8,227.0,36.0
2026-06-18,17:30~18:30,通過量,3237.0,982.0,169.0,813.0,1755.0,952.0,803.0,5310.0,2199.0,1665.0,1446.0,3785.0,294.0,1967.0,808.0,716.0,1644.0,1022.0,622.0,661.0,661.0,2035.0,437.0,967.0,210.0,421.0,1800.0,1046.0,754.0,524.0,524.0,0.0,0.0,12.8,10.6,-,-,-,-,-,-,-,-,-,-,-,-,-,-
2026-06-18,17:30~18:30,平均停等延滯,115.8,14.1,62.3,4.1,15.9,27.5,2.0,8.2,13.0,3.1,6.9,42.6,64.9,42.8,40.5,35.3,9.7,1.9,22.6,8.6,8.6,41.4,59.0,42.0,34.6,25.2,9.6,6.8,13.4,9.8,9.8,-,-,E,E,-,-,-,-,-,-,-,-,-,-,-,-,-,-
2026-06-19,06:30~20:30,總停等延滯,2597249.0,142586.0,87943.0,54643.0,39072.0,18541.0,20531.0,251601.0,165959.0,27506.0,58136.0,1240801.0,116519.0,584563.0,295468.0,244251.0,123024.0,10651.0,112373.0,40893.0,40893.0,586703.0,183263.0,207236.0,38943.0,157261.0,118931.0,31846.0,87085.0,53638.0,53638.0,nan,nan,221.0,209.0,-,-,-,-,-,-,91.9,22.1,25.4,84.1,-,124.9,161.5,37.3
2026-06-19,06:30~20:30,通過量,34412.0,11497.0,1782.0,9715.0,19621.0,9997.0,9624.0,55192.0,19878.0,18282.0,17032.0,39704.0,2162.0,18925.0,9618.0,8999.0,17090.0,8861.0,8229.0,8525.0,8525.0,20272.0,3393.0,8673.0,1548.0,6658.0,18770.0,9898.0,8872.0,7192.0,7192.0,0.0,0.0,16.4,15.5,-,-,-,-,-,-,-,-,-,-,-,-,-,-
2026-06-19,06:30~20:30,平均停等延滯,75.5,12.4,49.4,5.6,2.0,1.9,2.1,4.6,8.3,1.5,3.4,31.3,53.9,30.9,30.7,27.1,7.2,1.2,13.7,4.8,4.8,28.9,54.0,23.9,25.2,23.6,6.3,3.2,9.8,7.5,7.5,-,-,E,E,-,-,-,-,-,-,-,-,-,-,-,-,-,-
2026-06-19,07:00~21:00,總停等延滯,2617287.0,143368.0,89536.0,53832.0,38930.0,18281.0,20649.0,252418.0,168991.0,27132.0,56295.0,1258211.0,118308.0,598955.0,293630.0,247318.0,123811.0,10776.0,113035.0,42227.0,42227.0,587089.0,184769.0,208961.0,38766.0,154593.0,118815.0,31851.0,86964.0,52418.0,52418.0,nan,nan,217.5,211.3,-,-,-,-,-,-,93.3,22.1,25.9,84.8,-,126.6,158.4,36.9
2026-06-19,07:00~21:00,通過量,34665.0,11505.0,1817.0,9688.0,19791.0,10168.0,9623.0,55545.0,20296.0,18250.0,16999.0,40101.0,2143.0,19342.0,9644.0,8972.0,17266.0,9066.0,8200.0,8522.0,8522.0,20514.0,3410.0,8893.0,1563.0,6648.0,18975.0,10059.0,8916.0,7224.0,7224.0,0.0,0.0,16.6,15.3,-,-,-,-,-,-,-,-,-,-,-,-,-,-
2026-06-19,07:00~21:00,平均停等延滯,75.5,12.5,49.3,5.6,2.0,1.8,2.1,4.5,8.3,1.5,3.3,31.4,55.2,31.0,30.4,27.6,7.2,1.2,13.8,5.0,5.0,28.6,54.2,23.5,24.8,23.3,6.3,3.2,9.8,7.3,7.3,-,-,E,E,-,-,-,-,-,-,-,-,-,-,-,-,-,-
2026-06-19,06:30~08:30,總停等延滯,189464.0,12822.0,4963.0,7859.0,3206.0,2049.0,1157.0,20289.0,9447.0,3476.0,7366.0,91812.0,14512.0,27240.0,29219.0,20841.0,6875.0,310.0,6565.0,1686.0,1686.0,41846.0,15873.0,2987.0,2903.0,20083.0,9052.0,2069.0,6983.0,1876.0,1876.0,nan,nan,205.6,200.6,-,-,-,-,-,-,57.2,18.8,18.5,102.9,-,97.7,145.4,41.0
2026-06-19,06:30~08:30,通過量,3289.0,1176.0,125.0,1051.0,1780.0,728.0,1052.0,5788.0,1470.0,2248.0,2070.0,3766.0,278.0,1386.0,1012.0,1090.0,1606.0,562.0,1044.0,1108.0,1108.0,1812.0,317.0,556.0,153.0,786.0,1721.0,819.0,902.0,711.0,711.0,0.0,0.0,17.6,16.2,-,-,-,-,-,-,-,-,-,-,-,-,-,-
2026-06-19,06:30~08:30,平均停等延滯,57.6,10.9,39.7,7.5,1.8,2.8,1.1,3.5,6.4,1.5,3.6,24.4,52.2,19.7,28.9,19.1,4.3,0.6,6.3,1.5,1.5,23.1,50.1,5.4,19.0,25.6,5.3,2.5,7.7,2.6,2.6,-,-,E,E,-,-,-,-,-,-,-,-,-,-,-,-,-,-
2026-06-19,06:30~07:30,總停等延滯,85790.0,4052.0,1647.0,2405.0,1476.0,773.0,703.0,10183.0,3945.0,1766.0,4472.0,40459.0,5812.0,10073.0,15070.0,9504.0,2818.0,136.0,2682.0,868.0,868.0,19401.0,7065.0,388.0,1525.0,10423.0,4734.0,1022.0,3712.0,1799.0,1799.0,nan,nan,237.7,176.0,-,-,-,-,-,-,41.5,17.4,19.2,97.7,-,78.3,178.3,41.7
2026-06-19,06:30~07:30,通過量,1584.0,626.0,54.0,572.0,836.0,300.0,536.0,2855.0,619.0,1154.0,1082.0,1779.0,143.0,555.0,514.0,567.0,786.0,232.0,554.0,575.0,575.0,845.0,142.0,218.0,83.0,402.0,795.0,335.0,460.0,358.0,358.0,0.0,0.0,15.2,18.4,-,-,-,-,-,-,-,-,-,-,-,-,-,-
2026-06-19,06:30~07:30,平均停等延滯,54.2,6.5,30.5,4.2,1.8,2.6,1.3,3.6,6.4,1.5,4.1,22.7,40.6,18.1,29.3,16.8,3.6,0.6,4.8,1.5,1.5,23.0,49.8,1.8,18.4,25.9,6.0,3.1,8.1,5.0,5.0,-,-,E,E,-,-,-,-,-,-,-,-,-,-,-,-,-,-
2026-06-19,07:30~08:30,總停等延滯,103674.0,8770.0,3316.0,5454.0,1730.0,1276.0,454.0,10106.0,5502.0,1710.0,2894.0,51353.0,8700.0,17167.0,14149.0,11337.0,4057.0,174.0,3883.0,818.0,818.0,22445.0,8808.0,2599.0,1378.0,9660.0,4318.0,1047.0,3271.0,77.0,77.0,nan,nan,177.4,225.0,-,-,-,-,-,-,73.0,20.3,17.9,108.1,-,117.0,116.5,40.4
2026-06-19,07:30~08:30,通過量,1705.0,550.0,71.0,479.0,944.0,428.0,516.0,2933.0,851.0,1094.0,988.0,1987.0,135.0,831.0,498.0,523.0,820.0,330.0,490.0,533.0,533.0,967.0,175.0,338.0,70.0,384.0,926.0,484.0,442.0,353.0,353.0,0.0,0.0,20.4,14.4,-,-,-,-,-,-,-,-,-,-,-,-,-,-
2026-06-19,07:30~08:30,平均停等延滯,60.8,15.9,46.7,11.4,1.8,3.0,0.9,3.4,6.5,1.6,2.9,25.8,64.4,20.7,28.4,21.7,4.9,0.5,7.9,1.5,1.5,23.2,50.3,7.7,19.7,25.2,4.7,2.2,7.4,0.2,0.2,-,-,D,E,-,-,-,-,-,-,-,-,-,-,-,-,-,-
2026-06-19,07:00~09:00,總停等延滯,219138.0,15805.0,6684.0,9121.0,3280.0,1892.0,1388.0,21551.0,11419.0,3633.0,6499.0,112045.0,17267.0,41242.0,30148.0,23388.0,8141.0,665.0,7476.0,2305.0,2305.0,45823.0,18799.0,4472.0,3416.0,19136.0,9279.0,1908.0,7371.0,909.0,909.0,nan,nan,212.4,220.2,-,-,-,-,-,-,88.9,18.9,18.2,105.9,-,114.2,153.3,40.0
2026-06-19,07:00~09:00,通過量,3726.0,1264.0,163.0,1101.0,2085.0,946.0,1139.0,6122.0,1722.0,2291.0,2109.0,4202.0,315.0,1668.0,1070.0,1149.0,1736.0,675.0,1061.0,1114.0,1114.0,2022.0,383.0,667.0,180.0,792.0,1926.0,979.0,947.0,771.0,771.0,0.0,0.0,17.0,14.7,-,-,-,-,-,-,-,-,-,-,-,-,-,-
2026-06-19,07:00~09:00,平均停等延滯,58.8,12.5,41.0,8.3,1.6,2.0,1.2,3.5,6.6,1.6,3.1,26.7,54.8,24.7,28.2,20.4,4.7,1.0,7.0,2.1,2.1,22.7,49.1,6.7,19.0,24.2,4.8,1.9,7.8,1.2,1.2,-,-,E,E,-,-,-,-,-,-,-,-,-,-,-,-,-,-
2026-06-19,10:00~12:00,總停等延滯,455136.0,24867.0,15266.0,9601.0,7254.0,3606.0,3648.0,39029.0,24878.0,4584.0,9567.0,211236.0,17223.0,97348.0,53221.0,43444.0,26486.0,2059.0,24427.0,9281.0,9281.0,107384.0,33676.0,38446.0,7475.0,27787.0,19305.0,6188.0,13117.0,10294.0,10294.0,nan,nan,212.7,256.0,-,-,-,-,-,-,109.1,22.7,36.5,89.0,-,167.0,145.9,44.0
2026-06-19,10:00~12:00,通過量,5683.0,1830.0,298.0,1532.0,3279.0,1693.0,1586.0,8881.0,3141.0,2996.0,2744.0,6519.0,336.0,3058.0,1613.0,1512.0,2619.0,1329.0,1290.0,1339.0,1339.0,3218.0,567.0,1318.0,242.0,1091.0,3101.0,1645.0,1456.0,1195.0,1195.0,0.0,0.0,17.0,12.7,-,-,-,-,-,-,-,-,-,-,-,-,-,-
2026-06-19,10:00~12:00,平均停等延滯,80.1,13.6,51.2,6.3,2.2,2.1,2.3,4.4,7.9,1.5,3.5,32.4,51.3,31.8,33.0,28.7,10.1,1.5,18.9,6.9,6.9,33.4,59.4,29.2,30.9,25.5,6.2,3.8,9.0,8.6,8.6,-,-,E,E,-,-,-,-,-,-,-,-,-,-,-,-,-,-
2026-06-19,11:00~12:00,總停等延滯,211760.0,12205.0,7083.0,5122.0,3518.0,1791.0,1727.0,17402.0,12577.0,2255.0,2570.0,101277.0,8241.0,48538.0,25057.0,19441.0,10126.0,1051.0,9075.0,4528.0,4528.0,49297.0,16077.0,19637.0,3357.0,10226.0,9454.0,2911.0,6543.0,3953.0,3953.0,nan,nan,202.9,237.4,-,-,-,-,-,-,71.0,22.3,49.4,92.0,-,145.4,147.4,33.3
2026-06-19,11:00~12:00,通過量,2759.0,862.0,151.0,711.0,1633.0,877.0,756.0,4209.0,1602.0,1335.0,1272.0,3153.0,175.0,1573.0,748.0,657.0,1241.0,674.0,567.0,589.0,589.0,1551.0,260.0,668.0,113.0,510.0,1534.0,861.0,673.0,557.0,557.0,0.0,0.0,17.8,13.6,-,-,-,-,-,-,-,-,-,-,-,-,-,-
2026-06-19,11:00~12:00,平均停等延滯,76.8,14.2,46.9,7.2,2.2,2.0,2.3,4.1,7.9,1.7,2.0,32.1,47.1,30.9,33.5,29.6,8.2,1.6,16.0,7.7,7.7,31.8,61.8,29.4,29.7,20.1,6.2,3.4,9.7,7.1,7.1,-,-,E,E,-,-,-,-,-,-,-,-,-,-,-,-,-,-
2026-06-19,12:00~14:00,總停等延滯,404085.0,21696.0,13630.0,8066.0,5910.0,2373.0,3537.0,39294.0,25845.0,4521.0,8928.0,185494.0,16799.0,89380.0,44385.0,34930.0,18509.0,2023.0,16486.0,7337.0,7337.0,96737.0,26444.0,38433.0,7046.0,24814.0,20691.0,5853.0,14838.0,8417.0,8417.0,nan,nan,257.2,251.3,-,-,-,-,-,-,74.3,21.6,23.3,75.9,-,175.4,200.8,34.5
2026-06-19,12:00~14:00,通過量,5078.0,1795.0,285.0,1510.0,2855.0,1371.0,1484.0,8093.0,2883.0,2644.0,2566.0,5803.0,299.0,2778.0,1459.0,1267.0,2511.0,1313.0,1198.0,1259.0,1259.0,3004.0,481.0,1303.0,232.0,988.0,2887.0,1465.0,1422.0,1127.0,1127.0,0.0,0.0,14.1,12.9,-,-,-,-,-,-,-,-,-,-,-,-,-,-
2026-06-19,12:00~14:00,平均停等延滯,79.6,12.1,47.8,5.3,2.1,1.7,2.4,4.9,9.0,1.7,3.5,32.0,56.2,32.2,30.4,27.6,7.4,1.5,13.8,5.8,5.8,32.2,55.0,29.5,30.4,25.1,7.2,4.0,10.4,7.5,7.5,-,-,E,E,-,-,-,-,-,-,-,-,-,-,-,-,-,-
2026-06-19,16:30~18:30,總停等延滯,437354.0,24302.0,15020.0,9282.0,6663.0,3125.0,3538.0,46641.0,35371.0,3273.0,7997.0,209677.0,14956.0,118516.0,40704.0,35501.0,15906.0,1730.0,14176.0,4350.0,4350.0,102517.0,27795.0,51428.0,3380.0,19914.0,18859.0,5055.0,13804.0,8439.0,8439.0,nan,nan,200.3,167.1,-,-,-,-,-,-,166.9,30.9,26.6,83.4,-,83.7,136.7,32.6
2026-06-19,16:30~18:30,通過量,5241.0,1665.0,257.0,1408.0,3119.0,1743.0,1376.0,8598.0,3651.0,2570.0,2377.0,6339.0,295.0,3500.0,1341.0,1203.0,2672.0,1583.0,1089.0,1112.0,1112.0,3360.0,572.0,1668.0,243.0,877.0,2993.0,1739.0,1254.0,1027.0,1027.0,0.0,0.0,18.1,19.4,-,-,-,-,-,-,-,-,-,-,-,-,-,-
2026-06-19,16:30~18:30,平均停等延滯,83.4,14.6,58.4,6.6,2.1,1.8,2.6,5.4,9.7,1.3,3.4,33.1,50.7,33.9,30.4,29.5,6.0,1.1,13.0,3.9,3.9,30.5,48.6,30.8,13.9,22.7,6.3,2.9,11.0,8.2,8.2,-,-,E,E,-,-,-,-,-,-,-,-,-,-,-,-,-,-
2026-06-19,17:00~19:00,總停等延滯,379722.0,21848.0,14243.0,7605.0,4804.0,1697.0,3107.0,39702.0,30415.0,3411.0,5876.0,183474.0,14492.0,101538.0,36170.0,31274.0,11559.0,1630.0,9929.0,4088.0,4088.0,92135.0,26176.0,43345.0,4464.0,18150.0,14619.0,4133.0,10486.0,7493.0,7493.0,nan,nan,202.9,163.8,-,-,-,-,-,-,154.7,31.4,26.0,80.1,-,83.7,138.3,33.0
2026-06-19,17:00~19:00,通過量,4785.0,1511.0,247.0,1264.0,2804.0,1590.0,1214.0,7697.0,3318.0,2327.0,2052.0,5748.0,290.0,3177.0,1168.0,1113.0,2532.0,1507.0,1025.0,1064.0,1064.0,3047.0,514.0,1495.0,228.0,810.0,2732.0,1626.0,1106.0,923.0,923.0,0.0,0.0,17.8,19.8,-,-,-,-,-,-,-,-,-,-,-,-,-,-
2026-06-19,17:00~19:00,平均停等延滯,79.4,14.5,57.7,6.0,1.7,1.1,2.6,5.2,9.2,1.5,2.9,31.9,50.0,32.0,31.0,28.1,4.6,1.1,9.7,3.8,3.8,30.2,50.9,29.0,19.6,22.4,5.4,2.5,9.5,8.1,8.1,-,-,E,E,-,-,-,-,-,-,-,-,-,-,-,-,-,-
2026-06-19,16:30~17:30,總停等延滯,235476.0,11984.0,6769.0,5215.0,3704.0,1832.0,1872.0,24411.0,17828.0,1642.0,4941.0,111233.0,7525.0,62565.0,22447.0,18696.0,8452.0,761.0,7691.0,2342.0,2342.0,52849.0,15492.0,24403.0,2081.0,10873.0,13308.0,3203.0,10105.0,7193.0,7193.0,nan,nan,188.5,164.9,-,-,-,-,-,-,78.2,23.4,26.2,85.0,-,79.9,133.6,31.5
2026-06-19,16:30~17:30,通過量,2855.0,915.0,131.0,784.0,1687.0,920.0,767.0,4796.0,1972.0,1452.0,1372.0,3491.0,161.0,1901.0,767.0,662.0,1392.0,816.0,576.0,594.0,594.0,1798.0,325.0,882.0,126.0,465.0,1632.0,905.0,727.0,581.0,581.0,0.0,0.0,19.2,19.6,-,-,-,-,-,-,-,-,-,-,-,-,-,-
2026-06-19,16:30~17:30,平均停等延滯,82.5,13.1,51.7,6.7,2.2,2.0,2.4,5.1,9.0,1.1,3.6,31.9,46.7,32.9,29.3,28.2,6.1,0.9,13.4,3.9,3.9,29.4,47.7,27.7,16.5,23.4,8.2,3.5,13.9,12.4,12.4,-,-,E,E,-,-,-,-,-,-,-,-,-,-,-,-,-,-
2026-06-19,17:30~18:30,總停等延滯,201878.0,12318.0,8251.0,4067.0,2959.0,1293.0,1666.0,22230.0,17543.0,1631.0,3056.0,98444.0,7431.0,55951.0,18257.0,16805.0,7454.0,969.0,6485.0,2008.0,2008.0,49668.0,12303.0,27025.0,1299.0,9041.0,5551.0,1852.0,3699.0,1246.0,1246.0,nan,nan,211.9,169.2,-,-,-,-,-,-,254.2,38.4,27.0,81.8,-,87.5,139.7,33.8
2026-06-19,17:30~18:30,通過量,2386.0,750.0,126.0,624.0,1432.0,823.0,609.0,3802.0,1679.0,1118.0,1005.0,2848.0,134.0,1599.0,574.0,541.0,1280.0,767.0,513.0,518.0,518.0,1562.0,247.0,786.0,117.0,412.0,1361.0,834.0,527.0,446.0,446.0,0.0,0.0,17.1,19.1,-,-,-,-,-,-,-,-,-,-,-,-,-,-
2026-06-19,17:30~18:30,平均停等延滯,84.6,16.4,65.5,6.5,2.1,1.6,2.7,5.8,10.4,1.5,3.0,34.6,55.5,35.0,31.8,31.1,5.8,1.3,12.6,3.9,3.9,31.8,49.8,34.4,11.1,21.9,4.1,2.2,7.0,2.8,2.8,-,-,E,E,-,-,-,-,-,-,-,-,-,-,-,-,-,-
2026-06-20,06:30~20:30,總停等延滯,2730760.0,153834.0,95892.0,57942.0,44194.0,25693.0,18501.0,271127.0,168662.0,32739.0,69726.0,1310003.0,110643.0,620945.0,305740.0,272675.0,140999.0,12132.0,128867.0,51375.0,51375.0,551017.0,192918.0,198909.0,40413.0,118777.0,135097.0,56171.0,78926.0,73114.0,73114.0,nan,nan,260.5,222.4,-,-,-,-,-,-,83.4,39.1,26.1,84.2,-,138.7,190.0,37.5
2026-06-20,06:30~20:30,通過量,34063.0,11272.0,1841.0,9431.0,18697.0,9300.0,9397.0,56607.0,20077.0,18898.0,17632.0,41235.0,2006.0,20141.0,9744.0,9344.0,17431.0,8902.0,8529.0,8787.0,8787.0,20522.0,3290.0,8762.0,1730.0,6740.0,19141.0,9985.0,9156.0,7625.0,7625.0,0.0,0.0,13.9,14.6,-,-,-,-,-,-,-,-,-,-,-,-,-,-
2026-06-20,06:30~20:30,平均停等延滯,80.2,13.6,52.1,6.1,2.4,2.8,2.0,4.8,8.4,1.7,4.0,31.8,55.2,30.8,31.4,29.2,8.1,1.4,15.1,5.8,5.8,26.9,58.6,22.7,23.4,17.6,7.1,5.6,8.6,9.6,9.6,-,-,E,E,-,-,-,-,-,-,-,-,-,-,-,-,-,-
2026-06-20,07:00~21:00,總停等延滯,2764726.0,154484.0,97245.0,57239.0,43498.0,25135.0,18363.0,274430.0,173375.0,32771.0,68284.0,1334515.0,112861.0,639538.0,306613.0,275503.0,141421.0,12154.0,129267.0,51969.0,51969.0,555003.0,195324.0,201245.0,40678.0,117756.0,136077.0,56729.0,79348.0,73329.0,73329.0,nan,nan,262.2,221.7,-,-,-,-,-,-,85.2,39.7,26.7,86.6,-,135.6,188.4,37.5
2026-06-20,07:00~21:00,通過量,34419.0,11323.0,1864.0,9459.0,18856.0,9462.0,9394.0,57116.0,20595.0,18882.0,17639.0,41841.0,2014.0,20644.0,9839.0,9344.0,17642.0,9141.0,8501.0,8785.0,8785.0,20887.0,3328.0,9043.0,1752.0,6764.0,19434.0,10199.0,9235.0,7699.0,7699.0,0.0,0.0,13.8,14.6,-,-,-,-,-,-,-,-,-,-,-,-,-,-
2026-06-20,07:00~21:00,平均停等延滯,80.3,13.6,52.2,6.1,2.3,2.7,2.0,4.8,8.4,1.7,3.9,31.9,56.0,31.0,31.2,29.5,8.0,1.3,15.2,5.9,5.9,26.6,58.7,22.3,23.2,17.4,7.0,5.6,8.6,9.5,9.5,-,-,E,E,-,-,-,-,-,-,-,-,-,-,-,-,-,-
2026-06-20,06:30~08:30,總停等延滯,204737.0,11166.0,4227.0,6939.0,2362.0,1174.0,1188.0,20598.0,10325.0,2246.0,8027.0,99193.0,13098.0,28461.0,32475.0,25159.0,10184.0,827.0,9357.0,3201.0,3201.0,47058.0,16789.0,5347.0,3840.0,21082.0,9768.0,2551.0,7217.0,1207.0,1207.0,nan,nan,372.6,227.3,-,-,-,-,-,-,62.8,18.2,21.8,77.6,-,154.3,319.7,34.6
2026-06-20,06:30~08:30,通過量,3308.0,1161.0,125.0,1036.0,1774.0,681.0,1093.0,5799.0,1393.0,2258.0,2148.0,3737.0,233.0,1238.0,1048.0,1218.0,1670.0,553.0,1117.0,1124.0,1124.0,1816.0,341.0,519.0,184.0,772.0,1779.0,807.0,972.0,735.0,735.0,0.0,0.0,9.7,14.3,-,-,-,-,-,-,-,-,-,-,-,-,-,-
2026-06-20,06:30~08:30,平均停等延滯,61.9,9.6,33.8,6.7,1.3,1.7,1.1,3.6,7.4,1.0,3.7,26.5,56.2,23.0,31.0,20.7,6.1,1.5,8.4,2.8,2.8,25.9,49.2,10.3,20.9,27.3,5.5,3.2,7.4,1.6,1.6,-,-,F,E,-,-,-,-,-,-,-,-,-,-,-,-,-,-
2026-06-20,06:30~07:30,總停等延滯,85495.0,3190.0,1788.0,1402.0,1473.0,864.0,609.0,7949.0,3332.0,751.0,3866.0,41606.0,5655.0,10406.0,15452.0,10093.0,3610.0,395.0,3215.0,1679.0,1679.0,20974.0,6738.0,2447.0,1185.0,10604.0,4840.0,1012.0,3828.0,174.0,174.0,nan,nan,514.1,211.0,-,-,-,-,-,-,31.3,18.6,20.8,61.5,-,149.6,459.8,35.3
2026-06-20,06:30~07:30,通過量,1538.0,587.0,60.0,527.0,837.0,291.0,546.0,2679.0,587.0,1072.0,1020.0,1687.0,106.0,529.0,506.0,546.0,768.0,239.0,529.0,533.0,533.0,792.0,156.0,206.0,68.0,362.0,831.0,336.0,495.0,358.0,358.0,0.0,0.0,7.0,15.4,-,-,-,-,-,-,-,-,-,-,-,-,-,-
2026-06-20,06:30~07:30,平均停等延滯,55.6,5.4,29.8,2.7,1.8,3.0,1.1,3.0,5.7,0.7,3.8,24.7,53.3,19.7,30.5,18.5,4.7,1.7,6.1,3.2,3.2,26.5,43.2,11.9,17.4,29.3,5.8,3.0,7.7,0.5,0.5,-,-,F,E,-,-,-,-,-,-,-,-,-,-,-,-,-,-
2026-06-20,07:30~08:30,總停等延滯,119242.0,7976.0,2439.0,5537.0,889.0,310.0,579.0,12649.0,6993.0,1495.0,4161.0,57587.0,7443.0,18055.0,17023.0,15066.0,6574.0,432.0,6142.0,1522.0,1522.0,26084.0,10051.0,2900.0,2655.0,10478.0,4928.0,1539.0,3389.0,1033.0,1033.0,nan,nan,242.9,243.7,-,-,-,-,-,-,94.2,17.8,22.9,93.9,-,159.1,191.3,33.8
2026-06-20,07:30~08:30,通過量,1770.0,574.0,65.0,509.0,937.0,390.0,547.0,3120.0,806.0,1186.0,1128.0,2050.0,127.0,709.0,542.0,672.0,902.0,314.0,588.0,591.0,591.0,1024.0,185.0,313.0,116.0,410.0,948.0,471.0,477.0,377.0,377.0,0.0,0.0,14.9,13.3,-,-,-,-,-,-,-,-,-,-,-,-,-,-
2026-06-20,07:30~08:30,平均停等延滯,67.4,13.9,37.5,10.9,0.9,0.8,1.1,4.1,8.7,1.3,3.7,28.1,58.6,25.5,31.4,22.4,7.3,1.4,10.4,2.6,2.6,25.5,54.3,9.3,22.9,25.6,5.2,3.3,7.1,2.7,2.7,-,-,E,E,-,-,-,-,-,-,-,-,-,-,-,-,-,-
2026-06-20,07:00~09:00,總停等延滯,241143.0,13673.0,5186.0,8487.0,1866.0,550.0,1316.0,24723.0,12259.0,3301.0,9163.0,115528.0,13731.0,36642.0,37488.0,27667.0,10976.0,815.0,10161.0,3009.0,3009.0,50556.0,18885.0,7445.0,3811.0,20415.0,15739.0,7740.0,7999.0,5073.0,5073.0,nan,nan,369.8,230.8,-,-,-,-,-,-,80.0,18.5,22.3,80.1,-,154.0,315.4,35.6
2026-06-20,07:00~09:00,通過量,3637.0,1214.0,138.0,1076.0,1955.0,818.0,1137.0,6299.0,1607.0,2413.0,2279.0,4163.0,253.0,1513.0,1118.0,1279.0,1832.0,674.0,1158.0,1152.0,1152.0,2047.0,368.0,649.0,202.0,828.0,1938.0,908.0,1030.0,800.0,800.0,0.0,0.0,9.8,14.0,-,-,-,-,-,-,-,-,-,-,-,-,-,-
2026-06-20,07:00~09:00,平均停等延滯,66.3,11.3,37.6,7.9,1.0,0.7,1.2,3.9,7.6,1.4,4.0,27.8,54.3,24.2,33.5,21.6,6.0,1.2,8.8,2.6,2.6,24.7,51.3,11.5,18.9,24.7,8.1,8.5,7.8,6.3,6.3,-,-,F,E,-,-,-,-,-,-,-,-,-,-,-,-,-,-
2026-06-20,10:00~12:00,總停等延滯,451369.0,26458.0,15693.0,10765.0,5396.0,2960.0,2436.0,42867.0,23161.0,6079.0,13627.0,211094.0,16834.0,98824.0,52117.0,43319.0,28807.0,1635.0,27172.0,8855.0,8855.0,93328.0,35805.0,28657.0,7736.0,21130.0,23376.0,7192.0,16184.0,11188.0,11188.0,nan,nan,236.1,249.0,-,-,-,-,-,-,106.1,16.3,23.7,82.9,-,166.1,183.2,36.7
2026-06-20,10:00~12:00,通過量,5442.0,1846.0,278.0,1568.0,2930.0,1339.0,1591.0,9074.0,2824.0,3212.0,3038.0,6543.0,356.0,2972.0,1615.0,1600.0,2784.0,1308.0,1476.0,1497.0,1497.0,3230.0,617.0,1256.0,288.0,1069.0,2929.0,1434.0,1495.0,1147.0,1147.0,0.0,0.0,15.3,13.0,-,-,-,-,-,-,-,-,-,-,-,-,-,-
2026-06-20,10:00~12:00,平均停等延滯,82.9,14.3,56.4,6.9,1.8,2.2,1.5,4.7,8.2,1.9,4.5,32.3,47.3,33.3,32.3,27.1,10.3,1.2,18.4,5.9,5.9,28.9,58.0,22.8,26.9,19.8,8.0,5.0,10.8,9.8,9.8,-,-,E,E,-,-,-,-,-,-,-,-,-,-,-,-,-,-
2026-06-20,11:00~12:00,總停等延滯,233578.0,14871.0,9048.0,5823.0,2639.0,1412.0,1227.0,22007.0,12980.0,3022.0,6005.0,110630.0,7576.0,55411.0,23934.0,23709.0,17108.0,911.0,16197.0,3896.0,3896.0,44794.0,20195.0,15640.0,4097.0,4862.0,12478.0,4089.0,8389.0,5155.0,5155.0,nan,nan,254.4,238.1,-,-,-,-,-,-,145.1,15.8,24.8,91.8,-,146.4,199.4,39.2
2026-06-20,11:00~12:00,通過量,2685.0,929.0,142.0,787.0,1495.0,702.0,793.0,4513.0,1489.0,1575.0,1449.0,3273.0,172.0,1552.0,772.0,777.0,1379.0,669.0,710.0,709.0,709.0,1623.0,289.0,686.0,136.0,512.0,1502.0,770.0,732.0,552.0,552.0,0.0,0.0,14.2,13.6,-,-,-,-,-,-,-,-,-,-,-,-,-,-
2026-06-20,11:00~12:00,平均停等延滯,87.0,16.0,63.7,7.4,1.8,2.0,1.5,4.9,8.7,1.9,4.1,33.8,44.0,35.7,31.0,30.5,12.4,1.4,22.8,5.5,5.5,27.6,69.9,22.8,30.1,9.5,8.3,5.3,11.5,9.3,9.3,-,-,E,E,-,-,-,-,-,-,-,-,-,-,-,-,-,-
2026-06-20,12:00~14:00,總停等延滯,415464.0,22016.0,13836.0,8180.0,6057.0,3471.0,2586.0,40302.0,24354.0,4414.0,11534.0,198836.0,16335.0,91416.0,44406.0,46679.0,26989.0,1980.0,25009.0,9425.0,9425.0,77693.0,30771.0,30952.0,7373.0,8597.0,20939.0,9917.0,11022.0,13207.0,13207.0,nan,nan,214.1,202.5,-,-,-,-,-,-,99.5,18.9,25.2,89.2,-,113.3,160.4,34.8
2026-06-20,12:00~14:00,通過量,5051.0,1670.0,266.0,1404.0,2685.0,1293.0,1392.0,8292.0,2841.0,2796.0,2655.0,6209.0,299.0,3057.0,1463.0,1390.0,2491.0,1252.0,1239.0,1268.0,1268.0,2952.0,504.0,1191.0,247.0,1010.0,2934.0,1502.0,1432.0,1215.0,1215.0,0.0,0.0,16.9,16.0,-,-,-,-,-,-,-,-,-,-,-,-,-,-
2026-06-20,12:00~14:00,平均停等延滯,82.3,13.2,52.0,5.8,2.3,2.7,1.9,4.9,8.6,1.6,4.3,32.0,54.6,29.9,30.4,33.6,10.8,1.6,20.2,7.4,7.4,26.3,61.1,26.0,29.9,8.5,7.1,6.6,7.7,10.9,10.9,-,-,E,E,-,-,-,-,-,-,-,-,-,-,-,-,-,-
2026-06-20,16:30~18:30,總停等延滯,491829.0,29534.0,19576.0,9958.0,9068.0,5744.0,3324.0,48645.0,36973.0,5065.0,6607.0,242131.0,17406.0,137131.0,44956.0,42638.0,20200.0,2376.0,17824.0,7766.0,7766.0,108222.0,33227.0,50431.0,7282.0,17282.0,14923.0,6038.0,8885.0,11340.0,11340.0,nan,nan,174.3,243.5,-,-,-,-,-,-,55.7,151.5,35.8,82.8,-,160.8,162.7,36.5
2026-06-20,16:30~18:30,通過量,5483.0,1798.0,341.0,1457.0,3169.0,1779.0,1390.0,9137.0,4045.0,2675.0,2417.0,6853.0,292.0,3912.0,1414.0,1235.0,2943.0,1790.0,1153.0,1227.0,1227.0,3577.0,500.0,1813.0,328.0,936.0,3214.0,1907.0,1307.0,1121.0,1121.0,0.0,0.0,20.8,13.3,-,-,-,-,-,-,-,-,-,-,-,-,-,-
2026-06-20,16:30~18:30,平均停等延滯,89.7,16.4,57.4,6.8,2.9,3.2,2.4,5.3,9.1,1.9,2.7,35.3,59.6,35.1,31.8,34.5,6.9,1.3,15.5,6.3,6.3,30.3,66.5,27.8,22.2,18.5,4.6,3.2,6.8,10.1,10.1,-,-,D,E,-,-,-,-,-,-,-,-,-,-,-,-,-,-
2026-06-20,17:00~19:00,總停等延滯,442124.0,26680.0,18259.0,8421.0,7641.0,5144.0,2497.0,44423.0,35019.0,4197.0,5207.0,217429.0,14861.0,125997.0,38334.0,38237.0,18155.0,2012.0,16143.0,7257.0,7257.0,97394.0,30767.0,45782.0,6135.0,14710.0,12841.0,5028.0,7813.0,10304.0,10304.0,nan,nan,177.7,224.8,-,-,-,-,-,-,50.6,216.6,26.2,79.6,-,145.2,163.9,36.0
2026-06-20,17:00~19:00,通過量,5090.0,1632.0,325.0,1307.0,2946.0,1675.0,1271.0,8526.0,3833.0,2445.0,2248.0,6442.0,268.0,3759.0,1320.0,1095.0,2702.0,1658.0,1044.0,1127.0,1127.0,3293.0,480.0,1686.0,296.0,831.0,3063.0,1848.0,1215.0,1057.0,1057.0,0.0,0.0,20.4,14.4,-,-,-,-,-,-,-,-,-,-,-,-,-,-
2026-06-20,17:00~19:00,平均停等延滯,86.9,16.3,56.2,6.4,2.6,3.1,2.0,5.2,9.1,1.7,2.3,33.8,55.5,33.5,29.0,34.9,6.7,1.2,15.5,6.4,6.4,29.6,64.1,27.2,20.7,17.7,4.2,2.7,6.4,9.7,9.7,-,-,D,E,-,-,-,-,-,-,-,-,-,-,-,-,-,-
2026-06-20,16:30~17:30,總停等延滯,266970.0,15173.0,9906.0,5267.0,5010.0,3240.0,1770.0,25668.0,18260.0,3453.0,3955.0,132108.0,10687.0,73309.0,27001.0,21111.0,10345.0,1200.0,9145.0,3703.0,3703.0,57991.0,17679.0,26130.0,3934.0,10248.0,10433.0,4510.0,5923.0,6539.0,6539.0,nan,nan,179.8,247.1,-,-,-,-,-,-,58.8,17.3,45.1,85.9,-,161.2,126.0,36.5
2026-06-20,16:30~17:30,通過量,2886.0,955.0,144.0,811.0,1665.0,900.0,765.0,4901.0,2070.0,1486.0,1345.0,3620.0,152.0,1985.0,807.0,676.0,1570.0,943.0,627.0,657.0,657.0,1885.0,264.0,936.0,163.0,522.0,1689.0,948.0,741.0,636.0,636.0,0.0,0.0,20.1,13.1,-,-,-,-,-,-,-,-,-,-,-,-,-,-
2026-06-20,16:30~17:30,平均停等延滯,92.5,15.9,68.8,6.5,3.0,3.6,2.3,5.2,8.8,2.3,2.9,36.5,70.3,36.9,33.5,31.2,6.6,1.3,14.6,5.6,5.6,30.8,67.0,27.9,24.1,19.6,6.2,4.8,8.0,10.3,10.3,-,-,D,E,-,-,-,-,-,-,-,-,-,-,-,-,-,-
2026-06-20,17:30~18:30,總停等延滯,224859.0,14361.0,9670.0,4691.0,4058.0,2504.0,1554.0,22977.0,18713.0,1612.0,2652.0,110023.0,6719.0,63822.0,17955.0,21527.0,9855.0,1176.0,8679.0,4063.0,4063.0,50231.0,15548.0,24301.0,3348.0,7034.0,4490.0,1528.0,2962.0,4801.0,4801.0,nan,nan,160.6,239.9,-,-,-,-,-,-,48.1,411.0,26.6,79.6,-,160.3,199.3,36.7
2026-06-20,17:30~18:30,通過量,2597.0,843.0,197.0,646.0,1504.0,879.0,625.0,4236.0,1975.0,1189.0,1072.0,3233.0,140.0,1927.0,607.0,559.0,1373.0,847.0,526.0,570.0,570.0,1692.0,236.0,877.0,165.0,414.0,1525.0,959.0,566.0,485.0,485.0,0.0,0.0,22.5,13.5,-,-,-,-,-,-,-,-,-,-,-,-,-,-
2026-06-20,17:30~18:30,平均停等延滯,86.6,17.0,49.1,7.3,2.7,2.8,2.5,5.4,9.5,1.4,2.5,34.0,48.0,33.1,29.6,38.5,7.2,1.4,16.5,7.1,7.1,29.7,65.9,27.7,20.3,17.0,2.9,1.6,5.2,9.9,9.9,-,-,D,E,-,-,-,-,-,-,-,-,-,-,-,-,-,-
2026-06-21,06:30~20:30,總停等延滯,2255984.0,107753.0,64734.0,43019.0,30199.0,16692.0,13507.0,219536.0,167898.0,17286.0,34352.0,1101238.0,128074.0,536462.0,215386.0,221316.0,137897.0,7833.0,130064.0,30006.0,30006.0,473277.0,157185.0,138293.0,28267.0,149532.0,97422.0,15732.0,81690.0,58656.0,58656.0,nan,nan,195.3,187.2,-,-,-,-,-,-,51.8,21.9,24.6,81.9,-,105.4,140.1,33.3
2026-06-21,06:30~20:30,通過量,30859.0,10452.0,1576.0,8876.0,17375.0,8591.0,8784.0,50158.0,18262.0,16463.0,15433.0,35889.0,1999.0,17261.0,8498.0,8131.0,15623.0,8028.0,7595.0,7933.0,7933.0,18671.0,3053.0,8082.0,1585.0,5951.0,16833.0,8729.0,8104.0,6624.0,6624.0,0.0,0.0,18.5,17.3,-,-,-,-,-,-,-,-,-,-,-,-,-,-
2026-06-21,06:30~20:30,平均停等延滯,73.1,10.3,41.1,4.8,1.7,1.9,1.5,4.4,9.2,1.0,2.2,30.7,64.1,31.1,25.3,27.2,8.8,1.0,17.1,3.8,3.8,25.3,51.5,17.1,17.8,25.1,5.8,1.8,10.1,8.9,8.9,-,-,E,E,-,-,-,-,-,-,-,-,-,-,-,-,-,-
2026-06-21,07:00~21:00,總停等延滯,2314854.0,109865.0,66712.0,43153.0,31011.0,16951.0,14060.0,225413.0,174280.0,17362.0,33771.0,1137018.0,131863.0,558713.0,218077.0,228365.0,139515.0,7913.0,131602.0,31224.0,31224.0,481569.0,161198.0,141087.0,28365.0,150919.0,99599.0,17761.0,81838.0,59640.0,59640.0,nan,nan,193.2,192.4,-,-,-,-,-,-,53.6,22.1,25.1,82.7,-,109.8,138.0,33.1
2026-06-21,07:00~21:00,通過量,31474.0,10604.0,1613.0,8991.0,17704.0,8829.0,8875.0,51289.0,18955.0,16685.0,15649.0,36756.0,2031.0,17816.0,8640.0,8269.0,16029.0,8330.0,7699.0,8054.0,8054.0,19148.0,3093.0,8375.0,1602.0,6078.0,17259.0,9031.0,8228.0,6743.0,6743.0,0.0,0.0,18.7,16.8,-,-,-,-,-,-,-,-,-,-,-,-,-,-
2026-06-21,07:00~21:00,平均停等延滯,73.5,10.4,41.4,4.8,1.8,1.9,1.6,4.4,9.2,1.0,2.2,30.9,64.9,31.4,25.2,27.6,8.7,0.9,17.1,3.9,3.9,25.1,52.1,16.8,17.7,24.8,5.8,2.0,9.9,8.8,8.8,-,-,E,E,-,-,-,-,-,-,-,-,-,-,-,-,-,-
2026-06-21,06:30~08:30,總停等延滯,129903.0,7291.0,2724.0,4567.0,1419.0,1101.0,318.0,12021.0,7197.0,1277.0,3547.0,57889.0,9319.0,16022.0,19898.0,12650.0,5513.0,351.0,5162.0,1387.0,1387.0,32842.0,11457.0,3122.0,2630.0,15633.0,9865.0,698.0,9167.0,1676.0,1676.0,nan,nan,232.3,172.8,-,-,-,-,-,-,38.0,18.4,21.4,67.7,-,105.0,178.9,34.6
2026-06-21,06:30~08:30,通過量,2479.0,889.0,102.0,787.0,1280.0,499.0,781.0,4088.0,1078.0,1554.0,1456.0,2684.0,194.0,979.0,716.0,795.0,1185.0,415.0,770.0,772.0,772.0,1388.0,272.0,429.0,133.0,554.0,1360.0,635.0,725.0,550.0,550.0,0.0,0.0,15.6,18.8,-,-,-,-,-,-,-,-,-,-,-,-,-,-
2026-06-21,06:30~08:30,平均停等延滯,52.4,8.2,26.7,5.8,1.1,2.2,0.4,2.9,6.7,0.8,2.4,21.6,48.0,16.4,27.8,15.9,4.7,0.8,6.7,1.8,1.8,23.7,42.1,7.3,19.8,28.2,7.3,1.1,12.6,3.0,3.0,-,-,E,E,-,-,-,-,-,-,-,-,-,-,-,-,-,-
2026-06-21,06:30~07:30,總停等延滯,54880.0,1656.0,860.0,796.0,430.0,238.0,192.0,5876.0,2975.0,626.0,2275.0,23657.0,3474.0,6268.0,7962.0,5953.0,2623.0,64.0,2559.0,558.0,558.0,15751.0,5388.0,1718.0,1228.0,7417.0,3794.0,115.0,3679.0,535.0,535.0,nan,nan,226.3,162.4,-,-,-,-,-,-,36.5,19.8,21.0,68.0,-,94.4,170.2,36.3
2026-06-21,06:30~07:30,通過量,1134.0,390.0,34.0,356.0,614.0,247.0,367.0,1915.0,489.0,723.0,703.0,1221.0,87.0,415.0,312.0,407.0,563.0,176.0,387.0,370.0,370.0,648.0,136.0,188.0,56.0,268.0,581.0,275.0,306.0,233.0,233.0,0.0,0.0,16.0,20.0,-,-,-,-,-,-,-,-,-,-,-,-,-,-
2026-06-21,06:30~07:30,平均停等延滯,48.4,4.2,25.3,2.2,0.7,1.0,0.5,3.1,6.1,0.9,3.2,19.4,39.9,15.1,25.5,14.6,4.7,0.4,6.6,1.5,1.5,24.3,39.6,9.1,21.9,27.7,6.5,0.4,12.0,2.3,2.3,-,-,E,D,-,-,-,-,-,-,-,-,-,-,-,-,-,-
2026-06-21,07:30~08:30,總停等延滯,75023.0,5635.0,1864.0,3771.0,989.0,863.0,126.0,6145.0,4222.0,651.0,1272.0,34232.0,5845.0,9754.0,11936.0,6697.0,2890.0,287.0,2603.0,829.0,829.0,17091.0,6069.0,1404.0,1402.0,8216.0,6071.0,583.0,5488.0,1141.0,1141.0,nan,nan,238.6,183.1,-,-,-,-,-,-,39.8,17.0,21.9,67.5,-,115.7,187.7,32.9
2026-06-21,07:30~08:30,通過量,1345.0,499.0,68.0,431.0,666.0,252.0,414.0,2173.0,589.0,831.0,753.0,1463.0,107.0,564.0,404.0,388.0,622.0,239.0,383.0,402.0,402.0,740.0,136.0,241.0,77.0,286.0,779.0,360.0,419.0,317.0,317.0,0.0,0.0,15.2,17.7,-,-,-,-,-,-,-,-,-,-,-,-,-,-
2026-06-21,07:30~08:30,平均停等延滯,55.8,11.3,27.4,8.7,1.5,3.4,0.3,2.8,7.2,0.8,1.7,23.4,54.6,17.3,29.5,17.3,4.6,1.2,6.8,2.1,2.1,23.1,44.6,5.8,18.2,28.7,7.8,1.6,13.1,3.6,3.6,-,-,E,E,-,-,-,-,-,-,-,-,-,-,-,-,-,-
2026-06-21,07:00~09:00,總停等延滯,156053.0,10628.0,4381.0,6247.0,2305.0,1937.0,368.0,14144.0,8290.0,1873.0,3981.0,73991.0,11524.0,21283.0,24976.0,16208.0,6318.0,594.0,5724.0,1819.0,1819.0,34914.0,13182.0,2873.0,2896.0,15963.0,10010.0,905.0,9105.0,1924.0,1924.0,nan,nan,255.9,167.0,-,-,-,-,-,-,36.5,17.6,21.8,64.9,-,102.1,203.8,33.7
2026-06-21,07:00~09:00,通過量,2871.0,1008.0,130.0,878.0,1449.0,588.0,861.0,4609.0,1228.0,1752.0,1629.0,3058.0,213.0,1124.0,845.0,876.0,1328.0,494.0,834.0,865.0,865.0,1618.0,306.0,506.0,166.0,640.0,1559.0,731.0,828.0,659.0,659.0,0.0,0.0,14.1,19.4,-,-,-,-,-,-,-,-,-,-,-,-,-,-
2026-06-21,07:00~09:00,平均停等延滯,54.4,10.5,33.7,7.1,1.6,3.3,0.4,3.1,6.8,1.1,2.4,24.2,54.1,18.9,29.6,18.5,4.8,1.2,6.9,2.1,2.1,21.6,43.1,5.7,17.4,24.9,6.4,1.2,11.0,2.9,2.9,-,-,E,E,-,-,-,-,-,-,-,-,-,-,-,-,-,-
2026-06-21,10:00~12:00,總停等延滯,354466.0,19157.0,12423.0,6734.0,5454.0,2986.0,2468.0,33982.0,24684.0,2499.0,6799.0,156074.0,15511.0,71249.0,32597.0,36717.0,26263.0,1360.0,24903.0,4872.0,4872.0,78366.0,22661.0,20504.0,7074.0,28127.0,17960.0,2609.0,15351.0,12338.0,12338.0,nan,nan,179.5,191.8,-,-,-,-,-,-,49.6,21.0,22.7,76.5,-,115.2,126.7,31.9
2026-06-21,10:00~12:00,通過量,4679.0,1695.0,283.0,1412.0,2434.0,1077.0,1357.0,7623.0,2494.0,2642.0,2487.0,5368.0,300.0,2379.0,1319.0,1370.0,2392.0,1119.0,1273.0,1285.0,1285.0,2791.0,450.0,1069.0,270.0,1002.0,2494.0,1197.0,1297.0,1023.0,1023.0,0.0,0.0,20.2,16.9,-,-,-,-,-,-,-,-,-,-,-,-,-,-
2026-06-21,10:00~12:00,平均停等延滯,75.8,11.3,43.9,4.8,2.2,2.8,1.8,4.5,9.9,0.9,2.7,29.1,51.7,29.9,24.7,26.8,11.0,1.2,19.6,3.8,3.8,28.1,50.4,19.2,26.2,28.1,7.2,2.2,11.8,12.1,12.1,-,-,D,E,-,-,-,-,-,-,-,-,-,-,-,-,-,-
2026-06-21,11:00~12:00,總停等延滯,182951.0,8378.0,5675.0,2703.0,2689.0,1523.0,1166.0,18803.0,14885.0,1057.0,2861.0,74081.0,8355.0,35752.0,11126.0,18848.0,17526.0,533.0,16993.0,2186.0,2186.0,42365.0,10357.0,16097.0,2408.0,13503.0,9066.0,1622.0,7444.0,7857.0,7857.0,nan,nan,145.3,178.6,-,-,-,-,-,-,43.5,21.9,23.4,76.5,-,102.0,94.3,29.1
2026-06-21,11:00~12:00,通過量,2356.0,860.0,148.0,712.0,1283.0,591.0,692.0,3866.0,1343.0,1305.0,1218.0,2696.0,122.0,1272.0,640.0,662.0,1237.0,611.0,626.0,638.0,638.0,1432.0,219.0,588.0,130.0,495.0,1284.0,633.0,651.0,510.0,510.0,0.0,0.0,24.9,18.1,-,-,-,-,-,-,-,-,-,-,-,-,-,-
2026-06-21,11:00~12:00,平均停等延滯,77.7,9.7,38.3,3.8,2.1,2.6,1.7,4.9,11.1,0.8,2.3,27.5,68.5,28.1,17.4,28.5,14.2,0.9,27.1,3.4,3.4,29.6,47.3,27.4,18.5,27.3,7.1,2.6,11.4,15.4,15.4,-,-,D,E,-,-,-,-,-,-,-,-,-,-,-,-,-,-
2026-06-21,12:00~14:00,總停等延滯,341475.0,14683.0,7993.0,6690.0,4642.0,2170.0,2472.0,36009.0,28395.0,2193.0,5421.0,140672.0,19310.0,71526.0,17668.0,32168.0,33506.0,822.0,32684.0,4486.0,4486.0,78795.0,22280.0,28736.0,3846.0,23933.0,11404.0,1950.0,9454.0,17278.0,17278.0,nan,nan,175.5,176.0,-,-,-,-,-,-,32.9,23.9,25.1,76.5,-,99.6,117.9,33.7
2026-06-21,12:00~14:00,通過量,4608.0,1652.0,248.0,1404.0,2663.0,1246.0,1417.0,7627.0,2759.0,2507.0,2361.0,5375.0,320.0,2553.0,1216.0,1286.0,2321.0,1173.0,1148.0,1184.0,1184.0,2830.0,485.0,1234.0,198.0,913.0,2492.0,1294.0,1198.0,1011.0,1011.0,0.0,0.0,20.6,18.4,-,-,-,-,-,-,-,-,-,-,-,-,-,-
2026-06-21,12:00~14:00,平均停等延滯,74.1,8.9,32.2,4.8,1.7,1.7,1.7,4.7,10.3,0.9,2.3,26.2,60.3,28.0,14.5,25.0,14.4,0.7,28.5,3.8,3.8,27.8,45.9,23.3,19.4,26.2,4.6,1.5,7.9,17.1,17.1,-,-,D,E,-,-,-,-,-,-,-,-,-,-,-,-,-,-
2026-06-21,16:30~18:30,總停等延滯,401574.0,18812.0,11199.0,7613.0,4854.0,3207.0,1647.0,39133.0,32768.0,2911.0,3454.0,218776.0,21964.0,127383.0,36002.0,33427.0,16729.0,1254.0,15475.0,2637.0,2637.0,82062.0,29193.0,29987.0,3842.0,19040.0,16495.0,3346.0,13149.0,2076.0,2076.0,nan,nan,189.2,194.6,-,-,-,-,-,-,84.0,22.4,24.6,101.0,-,94.0,131.7,35.1
2026-06-21,16:30~18:30,通過量,4861.0,1537.0,238.0,1299.0,2937.0,1660.0,1277.0,7961.0,3508.0,2345.0,2108.0,5883.0,277.0,3292.0,1225.0,1089.0,2621.0,1564.0,1057.0,1095.0,1095.0,3196.0,493.0,1605.0,279.0,819.0,2642.0,1547.0,1095.0,918.0,918.0,0.0,0.0,19.1,16.6,-,-,-,-,-,-,-,-,-,-,-,-,-,-
2026-06-21,16:30~18:30,平均停等延滯,82.6,12.2,47.1,5.9,1.7,1.9,1.3,4.9,9.3,1.2,1.6,37.2,79.3,38.7,29.4,30.7,6.4,0.8,14.6,2.4,2.4,25.7,59.2,18.7,13.8,23.2,6.2,2.2,12.0,2.3,2.3,-,-,E,E,-,-,-,-,-,-,-,-,-,-,-,-,-,-
2026-06-21,17:00~19:00,總停等延滯,388184.0,19004.0,11974.0,7030.0,3807.0,2212.0,1595.0,38289.0,32492.0,2663.0,3134.0,213827.0,20791.0,128644.0,34522.0,29870.0,13989.0,1270.0,12719.0,2639.0,2639.0,80991.0,26211.0,31939.0,3403.0,19438.0,13928.0,2676.0,11252.0,1710.0,1710.0,nan,nan,188.4,223.3,-,-,-,-,-,-,83.8,23.1,25.2,103.3,-,120.3,129.0,36.3
2026-06-21,17:00~19:00,通過量,4605.0,1479.0,248.0,1231.0,2749.0,1545.0,1204.0,7693.0,3466.0,2234.0,1993.0,5702.0,257.0,3246.0,1152.0,1047.0,2527.0,1540.0,987.0,1047.0,1047.0,3150.0,474.0,1612.0,261.0,803.0,2538.0,1521.0,1017.0,859.0,859.0,0.0,0.0,19.2,14.5,-,-,-,-,-,-,-,-,-,-,-,-,-,-
2026-06-21,17:00~19:00,平均停等延滯,84.3,12.8,48.3,5.7,1.4,1.4,1.3,5.0,9.4,1.2,1.6,37.5,80.9,39.6,30.0,28.5,5.5,0.8,12.9,2.5,2.5,25.7,55.3,19.8,13.0,24.2,5.5,1.8,11.1,2.0,2.0,-,-,E,E,-,-,-,-,-,-,-,-,-,-,-,-,-,-
2026-06-21,16:30~17:30,總停等延滯,208737.0,10222.0,5673.0,4549.0,2998.0,2004.0,994.0,19803.0,16146.0,1630.0,2027.0,111625.0,12332.0,60686.0,19282.0,19325.0,9754.0,629.0,9125.0,1643.0,1643.0,41513.0,15573.0,13115.0,1565.0,11260.0,9858.0,1734.0,8124.0,1321.0,1321.0,nan,nan,191.8,203.2,-,-,-,-,-,-,59.6,17.1,24.5,99.0,-,104.2,141.0,33.7
2026-06-21,16:30~17:30,通過量,2580.0,846.0,129.0,717.0,1541.0,828.0,713.0,4172.0,1706.0,1291.0,1175.0,3113.0,153.0,1658.0,668.0,634.0,1444.0,831.0,613.0,609.0,609.0,1668.0,262.0,806.0,150.0,450.0,1383.0,775.0,608.0,510.0,510.0,0.0,0.0,18.9,15.9,-,-,-,-,-,-,-,-,-,-,-,-,-,-
2026-06-21,16:30~17:30,平均停等延滯,80.9,12.1,44.0,6.3,1.9,2.4,1.4,4.7,9.5,1.3,1.7,35.9,80.6,36.6,28.9,30.5,6.8,0.8,14.9,2.7,2.7,24.9,59.4,16.3,10.4,25.0,7.1,2.2,13.4,2.6,2.6,-,-,E,E,-,-,-,-,-,-,-,-,-,-,-,-,-,-
2026-06-21,17:30~18:30,總停等延滯,192837.0,8590.0,5526.0,3064.0,1856.0,1203.0,653.0,19330.0,16622.0,1281.0,1427.0,107151.0,9632.0,66697.0,16720.0,14102.0,6975.0,625.0,6350.0,994.0,994.0,40549.0,13620.0,16872.0,2277.0,7780.0,6637.0,1612.0,5025.0,755.0,755.0,nan,nan,186.7,185.8,-,-,-,-,-,-,108.8,27.8,24.8,102.9,-,83.6,122.4,36.5
2026-06-21,17:30~18:30,通過量,2281.0,691.0,109.0,582.0,1396.0,832.0,564.0,3789.0,1802.0,1054.0,933.0,2770.0,124.0,1634.0,557.0,455.0,1177.0,733.0,444.0,486.0,486.0,1528.0,231.0,799.0,129.0,369.0,1259.0,772.0,487.0,408.0,408.0,0.0,0.0,19.4,17.4,-,-,-,-,-,-,-,-,-,-,-,-,-,-
2026-06-21,17:30~18:30,平均停等延滯,84.5,12.4,50.7,5.3,1.3,1.4,1.2,5.1,9.2,1.2,1.5,38.7,77.7,40.8,30.0,31.0,5.9,0.9,14.3,2.0,2.0,26.5,59.0,21.1,17.7,21.1,5.3,2.1,10.3,1.9,1.9,-,-,E,E,-,-,-,-,-,-,-,-,-,-,-,-,-,-
2026-06-22,06:30~20:30,總停等延滯,3919202.0,180555.0,106419.0,74136.0,146366.0,102386.0,43980.0,450422.0,235343.0,70698.0,144381.0,1689876.0,187183.0,847561.0,372007.0,283125.0,230314.0,19334.0,210980.0,122329.0,122329.0,827825.0,248039.0,324042.0,71861.0,183883.0,195366.0,83135.0,112231.0,76149.0,76149.0,nan,nan,298.5,253.7,-,-,-,-,-,-,98.9,32.8,36.2,107.4,-,146.3,219.6,46.3
2026-06-22,06:30~20:30,通過量,41326.0,13054.0,1916.0,11138.0,23340.0,11823.0,11517.0,68403.0,25327.0,22543.0,20533.0,49020.0,3218.0,23590.0,11829.0,10383.0,20049.0,10836.0,9213.0,9516.0,9516.0,24567.0,4357.0,10903.0,2331.0,6976.0,23008.0,12303.0,10705.0,8429.0,8429.0,0.0,0.0,12.1,12.8,-,-,-,-,-,-,-,-,-,-,-,-,-,-
2026-06-22,06:30~20:30,平均停等延滯,94.8,13.8,55.5,6.7,6.3,8.7,3.8,6.6,9.3,3.1,7.0,34.5,58.2,35.9,31.4,27.3,11.5,1.8,22.9,12.9,12.9,33.7,56.9,29.7,30.8,26.4,8.5,6.8,10.5,9.0,9.0,-,-,E,E,-,-,-,-,-,-,-,-,-,-,-,-,-,-
2026-06-22,07:00~21:00,總停等延滯,3778530.0,177054.0,106909.0,70145.0,141753.0,101852.0,39901.0,429481.0,236228.0,65058.0,128195.0,1648640.0,181490.0,837121.0,357295.0,272734.0,213970.0,19257.0,194713.0,106017.0,106017.0,808896.0,243645.0,323512.0,69103.0,172636.0,181359.0,79366.0,101993.0,71360.0,71360.0,nan,nan,291.7,249.7,-,-,-,-,-,-,98.3,32.2,36.4,104.9,-,144.8,214.5,45.1
2026-06-22,07:00~21:00,通過量,40624.0,12746.0,1940.0,10806.0,22967.0,11801.0,11166.0,66964.0,25408.0,21747.0,19809.0,48303.0,3130.0,23567.0,11602.0,10004.0,19830.0,10979.0,8851.0,9164.0,9164.0,24345.0,4326.0,11048.0,2248.0,6723.0,22798.0,12342.0,10456.0,8290.0,8290.0,0.0,0.0,12.4,13.0,-,-,-,-,-,-,-,-,-,-,-,-,-,-
2026-06-22,07:00~21:00,平均停等延滯,93.0,13.9,55.1,6.5,6.2,8.6,3.6,6.4,9.3,3.0,6.5,34.1,58.0,35.5,30.8,27.3,10.8,1.8,22.0,11.6,11.6,33.2,56.3,29.3,30.7,25.7,8.0,6.4,9.8,8.6,8.6,-,-,E,E,-,-,-,-,-,-,-,-,-,-,-,-,-,-
2026-06-22,06:30~08:30,總停等延滯,783494.0,34585.0,6527.0,28058.0,28463.0,3636.0,24827.0,120262.0,29688.0,26391.0,64183.0,285867.0,38538.0,116438.0,65256.0,65635.0,73033.0,2448.0,70585.0,57423.0,57423.0,133626.0,41904.0,32312.0,14610.0,44800.0,37189.0,14641.0,22548.0,13046.0,13046.0,nan,nan,350.1,243.0,-,-,-,-,-,-,99.4,57.8,28.1,113.1,-,129.9,210.6,80.8
2026-06-22,06:30~08:30,通過量,5939.0,1869.0,140.0,1729.0,3297.0,1449.0,1848.0,10727.0,2999.0,4076.0,3652.0,6983.0,495.0,2851.0,1651.0,1986.0,2864.0,1072.0,1792.0,1770.0,1770.0,3360.0,593.0,1044.0,481.0,1242.0,2988.0,1449.0,1539.0,1254.0,1254.0,0.0,0.0,10.3,13.3,-,-,-,-,-,-,-,-,-,-,-,-,-,-
2026-06-22,06:30~08:30,平均停等延滯,131.9,18.5,46.6,16.2,8.6,2.5,13.4,11.2,9.9,6.5,17.6,40.9,77.9,40.8,39.5,33.0,25.5,2.3,39.4,32.4,32.4,39.8,70.7,31.0,30.4,36.1,12.4,10.1,14.7,10.4,10.4,-,-,E,E,-,-,-,-,-,-,-,-,-,-,-,-,-,-
2026-06-22,06:30~07:30,總停等延滯,390819.0,9619.0,1937.0,7682.0,8120.0,1690.0,6430.0,56027.0,13294.0,10570.0,32163.0,144124.0,21381.0,52379.0,37440.0,32924.0,36023.0,490.0,35533.0,36964.0,36964.0,68910.0,22795.0,9724.0,8323.0,28068.0,24409.0,8618.0,15791.0,6623.0,6623.0,nan,nan,329.7,256.6,-,-,-,-,-,-,57.0,32.7,24.8,128.1,-,128.5,230.1,67.4
2026-06-22,06:30~07:30,通過量,2986.0,1042.0,58.0,984.0,1646.0,627.0,1019.0,5561.0,1275.0,2248.0,2038.0,3597.0,271.0,1390.0,883.0,1053.0,1385.0,400.0,985.0,963.0,963.0,1581.0,282.0,378.0,258.0,663.0,1511.0,684.0,827.0,591.0,591.0,0.0,0.0,11.0,12.6,-,-,-,-,-,-,-,-,-,-,-,-,-,-
2026-06-22,06:30~07:30,平均停等延滯,130.9,9.2,33.4,7.8,4.9,2.7,6.3,10.1,10.4,4.7,15.8,40.1,78.9,37.7,42.4,31.3,26.0,1.2,36.1,38.4,38.4,43.6,80.8,25.7,32.3,42.3,16.2,12.6,19.1,11.2,11.2,-,-,E,E,-,-,-,-,-,-,-,-,-,-,-,-,-,-
2026-06-22,07:30~08:30,總停等延滯,392675.0,24966.0,4590.0,20376.0,20343.0,1946.0,18397.0,64235.0,16394.0,15821.0,32020.0,141743.0,17157.0,64059.0,27816.0,32711.0,37010.0,1958.0,35052.0,20459.0,20459.0,64716.0,19109.0,22588.0,6287.0,16732.0,12780.0,6023.0,6757.0,6423.0,6423.0,nan,nan,370.3,229.5,-,-,-,-,-,-,141.9,82.8,31.2,98.1,-,131.4,191.4,94.2
2026-06-22,07:30~08:30,通過量,2953.0,827.0,82.0,745.0,1651.0,822.0,829.0,5166.0,1724.0,1828.0,1614.0,3386.0,224.0,1461.0,768.0,933.0,1479.0,672.0,807.0,807.0,807.0,1779.0,311.0,666.0,223.0,579.0,1477.0,765.0,712.0,663.0,663.0,0.0,0.0,9.8,14.1,-,-,-,-,-,-,-,-,-,-,-,-,-,-
2026-06-22,07:30~08:30,平均停等延滯,133.0,30.2,56.0,27.4,12.3,2.4,22.2,12.4,9.5,8.7,19.8,41.9,76.6,43.8,36.2,35.1,25.0,2.9,43.4,25.4,25.4,36.4,61.4,33.9,28.2,28.9,8.7,7.9,9.5,9.7,9.7,-,-,F,E,-,-,-,-,-,-,-,-,-,-,-,-,-,-
2026-06-22,07:00~09:00,總停等延滯,766818.0,37550.0,8489.0,29061.0,26729.0,3399.0,23330.0,115376.0,33486.0,24466.0,57424.0,287308.0,38531.0,126670.0,60066.0,62041.0,71189.0,2728.0,68461.0,48021.0,48021.0,139416.0,42520.0,43871.0,13411.0,39614.0,29173.0,14668.0,14505.0,12056.0,12056.0,nan,nan,341.9,265.7,-,-,-,-,-,-,126.3,57.6,30.3,120.7,-,145.0,201.6,82.1
2026-06-22,07:00~09:00,通過量,5918.0,1900.0,163.0,1737.0,3380.0,1543.0,1837.0,10580.0,3237.0,3907.0,3436.0,7012.0,502.0,2958.0,1646.0,1906.0,2936.0,1226.0,1710.0,1661.0,1661.0,3449.0,634.0,1242.0,472.0,1101.0,3102.0,1599.0,1503.0,1336.0,1336.0,0.0,0.0,10.6,12.2,-,-,-,-,-,-,-,-,-,-,-,-,-,-
2026-06-22,07:00~09:00,平均停等延滯,129.6,19.8,52.1,16.7,7.9,2.2,12.7,10.9,10.3,6.3,16.7,41.0,76.8,42.8,36.5,32.6,24.2,2.2,40.0,28.9,28.9,40.4,67.1,35.3,28.4,36.0,9.4,9.2,9.7,9.0,9.0,-,-,E,E,-,-,-,-,-,-,-,-,-,-,-,-,-,-
2026-06-22,10:00~12:00,總停等延滯,480023.0,28468.0,20568.0,7900.0,7601.0,4543.0,3058.0,44221.0,22992.0,7383.0,13846.0,214078.0,23419.0,102829.0,52847.0,34983.0,24081.0,1844.0,22237.0,10303.0,10303.0,111029.0,33632.0,41192.0,9677.0,26528.0,25949.0,10718.0,15231.0,14293.0,14293.0,nan,nan,278.9,256.8,-,-,-,-,-,-,160.6,26.7,26.8,93.4,-,163.5,214.4,38.3
2026-06-22,10:00~12:00,通過量,6038.0,2106.0,367.0,1739.0,3371.0,1536.0,1835.0,9627.0,3246.0,3309.0,3072.0,7063.0,500.0,3183.0,1811.0,1569.0,2813.0,1427.0,1386.0,1390.0,1390.0,3407.0,641.0,1396.0,308.0,1062.0,3358.0,1734.0,1624.0,1209.0,1209.0,0.0,0.0,13.0,12.6,-,-,-,-,-,-,-,-,-,-,-,-,-,-
2026-06-22,10:00~12:00,平均停等延滯,79.5,13.5,56.0,4.5,2.3,3.0,1.7,4.6,7.1,2.2,4.5,30.3,46.8,32.3,29.2,22.3,8.6,1.3,16.0,7.4,7.4,32.6,52.5,29.5,31.4,25.0,7.7,6.2,9.4,11.8,11.8,-,-,E,E,-,-,-,-,-,-,-,-,-,-,-,-,-,-
2026-06-22,11:00~12:00,總停等延滯,237114.0,14804.0,10361.0,4443.0,4139.0,2694.0,1445.0,21322.0,12586.0,3365.0,5371.0,109476.0,13003.0,54569.0,24546.0,17358.0,11618.0,991.0,10627.0,4216.0,4216.0,52721.0,17345.0,20823.0,4363.0,10190.0,12924.0,5077.0,7847.0,5894.0,5894.0,nan,nan,309.9,257.3,-,-,-,-,-,-,243.6,18.9,25.5,88.7,-,168.6,252.8,38.1
2026-06-22,11:00~12:00,通過量,2982.0,1018.0,198.0,820.0,1654.0,777.0,877.0,4673.0,1665.0,1569.0,1439.0,3530.0,277.0,1654.0,869.0,730.0,1394.0,715.0,679.0,686.0,686.0,1652.0,307.0,686.0,141.0,518.0,1673.0,909.0,764.0,603.0,603.0,0.0,0.0,11.7,12.6,-,-,-,-,-,-,-,-,-,-,-,-,-,-
2026-06-22,11:00~12:00,平均停等延滯,79.5,14.5,52.3,5.4,2.5,3.5,1.6,4.6,7.6,2.1,3.7,31.0,46.9,33.0,28.2,23.8,8.3,1.4,15.7,6.1,6.1,31.9,56.5,30.4,30.9,19.7,7.7,5.6,10.3,9.8,9.8,-,-,E,E,-,-,-,-,-,-,-,-,-,-,-,-,-,-
2026-06-22,12:00~14:00,總停等延滯,447247.0,22875.0,15601.0,7274.0,8344.0,5354.0,2990.0,52184.0,32660.0,7101.0,12423.0,206436.0,17747.0,107501.0,50413.0,30775.0,18498.0,1809.0,16689.0,10483.0,10483.0,95988.0,27975.0,39275.0,7761.0,20977.0,22776.0,7537.0,15239.0,9663.0,9663.0,nan,nan,375.2,242.2,-,-,-,-,-,-,80.0,43.9,58.1,106.9,-,135.3,281.4,49.8
2026-06-22,12:00~14:00,通過量,5725.0,1823.0,282.0,1541.0,3245.0,1644.0,1601.0,9105.0,3257.0,3040.0,2808.0,6809.0,383.0,3310.0,1742.0,1374.0,2649.0,1421.0,1228.0,1254.0,1254.0,3227.0,540.0,1385.0,289.0,1013.0,3194.0,1620.0,1574.0,1309.0,1309.0,0.0,0.0,9.6,13.4,-,-,-,-,-,-,-,-,-,-,-,-,-,-
2026-06-22,12:00~14:00,平均停等延滯,78.1,12.5,55.3,4.7,2.6,3.3,1.9,5.7,10.0,2.3,4.4,30.3,46.3,32.5,28.9,22.4,7.0,1.3,13.6,8.4,8.4,29.7,51.8,28.4,26.9,20.7,7.1,4.7,9.7,7.4,7.4,-,-,F,E,-,-,-,-,-,-,-,-,-,-,-,-,-,-
2026-06-22,16:30~18:30,總停等延滯,718662.0,26431.0,18275.0,8156.0,55751.0,53279.0,2472.0,77892.0,51651.0,9654.0,16587.0,302314.0,38190.0,159997.0,57362.0,46765.0,37609.0,6724.0,30885.0,12335.0,12335.0,162298.0,47352.0,75898.0,14314.0,24734.0,34427.0,15952.0,18475.0,9605.0,9605.0,nan,nan,290.0,265.9,-,-,-,-,-,-,48.6,23.9,52.7,106.3,-,159.6,230.5,35.6
2026-06-22,16:30~18:30,通過量,6207.0,1877.0,291.0,1586.0,3482.0,1883.0,1599.0,10564.0,4473.0,3239.0,2852.0,7712.0,553.0,4034.0,1753.0,1372.0,3351.0,2174.0,1177.0,1258.0,1258.0,4019.0,709.0,2098.0,358.0,854.0,3565.0,2006.0,1559.0,1169.0,1169.0,0.0,0.0,12.5,12.2,-,-,-,-,-,-,-,-,-,-,-,-,-,-
2026-06-22,16:30~18:30,平均停等延滯,115.8,14.1,62.8,5.1,16.0,28.3,1.5,7.4,11.5,3.0,5.8,39.2,69.1,39.7,32.7,34.1,11.2,3.1,26.2,9.8,9.8,40.4,66.8,36.2,40.0,29.0,9.7,8.0,11.9,8.2,8.2,-,-,E,E,-,-,-,-,-,-,-,-,-,-,-,-,-,-
2026-06-22,17:00~19:00,總停等延滯,685596.0,24299.0,16896.0,7403.0,57308.0,55323.0,1985.0,75138.0,52988.0,8907.0,13243.0,293998.0,33779.0,162244.0,54626.0,43349.0,31615.0,5415.0,26200.0,10178.0,10178.0,155831.0,45896.0,75789.0,12839.0,21307.0,29438.0,12353.0,17085.0,7791.0,7791.0,nan,nan,281.9,230.2,-,-,-,-,-,-,44.8,19.5,52.1,102.8,-,127.4,228.7,33.7
2026-06-22,17:00~19:00,通過量,5869.0,1697.0,270.0,1427.0,3330.0,1893.0,1437.0,10065.0,4501.0,2979.0,2585.0,7276.0,496.0,3990.0,1558.0,1232.0,3131.0,2074.0,1057.0,1143.0,1143.0,3914.0,712.0,2098.0,321.0,783.0,3423.0,2029.0,1394.0,1037.0,1037.0,0.0,0.0,12.8,14.1,-,-,-,-,-,-,-,-,-,-,-,-,-,-
2026-06-22,17:00~19:00,平均停等延滯,116.8,14.3,62.6,5.2,17.2,29.2,1.4,7.5,11.8,3.0,5.1,40.4,68.1,40.7,35.1,35.2,10.1,2.6,24.8,8.9,8.9,39.8,64.5,36.1,40.0,27.2,8.6,6.1,12.3,7.5,7.5,-,-,E,E,-,-,-,-,-,-,-,-,-,-,-,-,-,-
2026-06-22,16:30~17:30,總停等延滯,358987.0,13149.0,8858.0,4291.0,25476.0,24466.0,1010.0,38059.0,23860.0,4486.0,9713.0,147425.0,18136.0,76583.0,31174.0,21532.0,19352.0,3465.0,15887.0,6758.0,6758.0,83745.0,23309.0,38626.0,7640.0,14170.0,17935.0,9545.0,8390.0,7088.0,7088.0,nan,nan,249.8,297.6,-,-,-,-,-,-,51.1,28.1,58.8,104.2,-,193.4,186.6,35.2
2026-06-22,16:30~17:30,通過量,3286.0,989.0,141.0,848.0,1833.0,991.0,842.0,5469.0,2260.0,1667.0,1542.0,3958.0,281.0,1978.0,959.0,740.0,1707.0,1065.0,642.0,670.0,670.0,2021.0,360.0,1006.0,192.0,463.0,1845.0,987.0,858.0,664.0,664.0,0.0,0.0,14.5,10.9,-,-,-,-,-,-,-,-,-,-,-,-,-,-
2026-06-22,16:30~17:30,平均停等延滯,109.2,13.3,62.8,5.1,13.9,24.7,1.2,7.0,10.6,2.7,6.3,37.2,64.5,38.7,32.5,29.1,11.3,3.3,24.7,10.1,10.1,41.4,64.7,38.4,39.8,30.6,9.7,9.7,9.8,10.7,10.7,-,-,E,E,-,-,-,-,-,-,-,-,-,-,-,-,-,-
2026-06-22,17:30~18:30,總停等延滯,359675.0,13282.0,9417.0,3865.0,30275.0,28813.0,1462.0,39833.0,27791.0,5168.0,6874.0,154889.0,20054.0,83414.0,26188.0,25233.0,18257.0,3259.0,14998.0,5577.0,5577.0,78553.0,24043.0,37272.0,6674.0,10564.0,16492.0,6407.0,10085.0,2517.0,2517.0,nan,nan,330.1,234.2,-,-,-,-,-,-,46.1,19.6,46.5,108.3,-,125.8,274.5,36.0
2026-06-22,17:30~18:30,通過量,2921.0,888.0,150.0,738.0,1649.0,892.0,757.0,5095.0,2213.0,1572.0,1310.0,3754.0,272.0,2056.0,794.0,632.0,1644.0,1109.0,535.0,588.0,588.0,1998.0,349.0,1092.0,166.0,391.0,1720.0,1019.0,701.0,505.0,505.0,0.0,0.0,11.0,13.8,-,-,-,-,-,-,-,-,-,-,-,-,-,-
2026-06-22,17:30~18:30,平均停等延滯,123.1,15.0,62.8,5.2,18.4,32.3,1.9,7.8,12.6,3.3,5.2,41.3,73.7,40.6,33.0,39.9,11.1,2.9,28.0,9.5,9.5,39.3,68.9,34.1,40.2,27.0,9.6,6.3,14.4,5.0,5.0,-,-,E,E,-,-,-,-,-,-,-,-,-,-,-,-,-,-
2026-06-23,06:30~20:30,總停等延滯,3893967.0,165435.0,103443.0,61992.0,117166.0,97496.0,19670.0,434615.0,240922.0,59687.0,134006.0,1724328.0,190967.0,858726.0,406150.0,268485.0,211025.0,16504.0,194521.0,132990.0,132990.0,793230.0,276626.0,257222.0,88384.0,170998.0,229518.0,94531.0,134987.0,85660.0,85660.0,nan,nan,259.9,246.0,-,-,-,-,-,-,107.0,23.8,40.9,106.3,-,139.7,198.4,39.9
2026-06-23,06:30~20:30,通過量,42115.0,13155.0,1883.0,11272.0,23515.0,11998.0,11517.0,69695.0,25542.0,22991.0,21162.0,49293.0,3338.0,23104.0,12265.0,10586.0,20516.0,11031.0,9485.0,9541.0,9541.0,24765.0,4636.0,10753.0,2432.0,6944.0,23117.0,12233.0,10884.0,8578.0,8578.0,0.0,0.0,13.9,13.2,-,-,-,-,-,-,-,-,-,-,-,-,-,-
2026-06-23,06:30~20:30,平均停等延滯,92.5,12.6,54.9,5.5,5.0,8.1,1.7,6.2,9.4,2.6,6.3,35.0,57.2,37.2,33.1,25.4,10.3,1.5,20.5,13.9,13.9,32.0,59.7,23.9,36.3,24.6,9.9,7.7,12.4,10.0,10.0,-,-,E,E,-,-,-,-,-,-,-,-,-,-,-,-,-,-
2026-06-23,07:00~21:00,總停等延滯,3758984.0,163538.0,104534.0,59004.0,112633.0,96969.0,15664.0,419750.0,243544.0,53989.0,122217.0,1692106.0,184470.0,857808.0,391466.0,258362.0,194149.0,16211.0,177938.0,113744.0,113744.0,763439.0,271627.0,255747.0,82710.0,153355.0,218687.0,91391.0,127296.0,80938.0,80938.0,nan,nan,253.4,241.5,-,-,-,-,-,-,109.9,23.3,40.9,106.3,-,135.2,194.5,38.4
2026-06-23,07:00~21:00,通過量,41452.0,12818.0,1919.0,10899.0,23232.0,12073.0,11159.0,68317.0,25622.0,22173.0,20522.0,48738.0,3263.0,23360.0,12036.0,10079.0,20224.0,11155.0,9069.0,9243.0,9243.0,24478.0,4611.0,10881.0,2344.0,6642.0,22876.0,12276.0,10600.0,8388.0,8388.0,0.0,0.0,14.3,13.4,-,-,-,-,-,-,-,-,-,-,-,-,-,-
2026-06-23,07:00~21:00,平均停等延滯,90.7,12.8,54.5,5.4,4.8,8.0,1.4,6.1,9.5,2.4,6.0,34.7,56.5,36.7,32.5,25.6,9.6,1.5,19.6,12.3,12.3,31.2,58.9,23.5,35.3,23.1,9.6,7.4,12.0,9.6,9.6,-,-,E,E,-,-,-,-,-,-,-,-,-,-,-,-,-,-
2026-06-23,06:30~08:30,總停等延滯,775257.0,20641.0,7117.0,13524.0,11371.0,4339.0,7032.0,101031.0,27106.0,24043.0,49882.0,283680.0,38769.0,109930.0,76026.0,58955.0,70785.0,1728.0,69057.0,68239.0,68239.0,142866.0,48284.0,21704.0,21852.0,51026.0,59007.0,16987.0,42020.0,17637.0,17637.0,nan,nan,435.4,255.4,-,-,-,-,-,-,59.9,32.3,28.8,112.8,-,142.6,317.9,73.7
2026-06-23,06:30~08:30,通過量,6286.0,2135.0,123.0,2012.0,3529.0,1532.0,1997.0,11204.0,2966.0,4378.0,3860.0,7035.0,516.0,2519.0,1697.0,2303.0,3097.0,1078.0,2019.0,1814.0,1814.0,3577.0,606.0,1066.0,527.0,1378.0,3086.0,1482.0,1604.0,1317.0,1317.0,0.0,0.0,8.3,12.7,-,-,-,-,-,-,-,-,-,-,-,-,-,-
2026-06-23,06:30~08:30,平均停等延滯,123.3,9.7,57.9,6.7,3.2,2.8,3.5,9.0,9.1,5.5,12.9,40.3,75.1,43.6,44.8,25.6,22.9,1.6,34.2,37.6,37.6,39.9,79.7,20.4,41.5,37.0,19.1,11.5,26.2,13.4,13.4,-,-,F,E,-,-,-,-,-,-,-,-,-,-,-,-,-,-
2026-06-23,06:30~07:30,總停等延滯,403332.0,7857.0,2456.0,5401.0,7782.0,2725.0,5057.0,54886.0,11469.0,14625.0,28792.0,145621.0,21511.0,51201.0,41063.0,31846.0,37160.0,536.0,36624.0,40295.0,40295.0,69620.0,23710.0,4676.0,13193.0,28041.0,30906.0,7079.0,23827.0,9205.0,9205.0,nan,nan,402.7,270.6,-,-,-,-,-,-,61.8,38.5,25.3,113.5,-,157.1,298.4,66.7
2026-06-23,06:30~07:30,通過量,3095.0,1146.0,48.0,1098.0,1703.0,654.0,1049.0,5690.0,1321.0,2301.0,2068.0,3505.0,261.0,1108.0,866.0,1270.0,1491.0,404.0,1087.0,948.0,948.0,1721.0,273.0,425.0,283.0,740.0,1517.0,681.0,836.0,632.0,632.0,0.0,0.0,9.0,12.0,-,-,-,-,-,-,-,-,-,-,-,-,-,-
2026-06-23,06:30~07:30,平均停等延滯,130.3,6.9,51.2,4.9,4.6,4.2,4.8,9.6,8.7,6.4,13.9,41.5,82.4,46.2,47.4,25.1,24.9,1.3,33.7,42.5,42.5,40.5,86.8,11.0,46.6,37.9,20.4,10.4,28.5,14.6,14.6,-,-,F,E,-,-,-,-,-,-,-,-,-,-,-,-,-,-
2026-06-23,07:30~08:30,總停等延滯,371925.0,12784.0,4661.0,8123.0,3589.0,1614.0,1975.0,46145.0,15637.0,9418.0,21090.0,138059.0,17258.0,58729.0,34963.0,27109.0,33625.0,1192.0,32433.0,27944.0,27944.0,73246.0,24574.0,17028.0,8659.0,22985.0,28101.0,9908.0,18193.0,8432.0,8432.0,nan,nan,479.3,240.2,-,-,-,-,-,-,57.2,24.1,31.9,112.1,-,128.1,337.1,83.2
2026-06-23,07:30~08:30,通過量,3191.0,989.0,75.0,914.0,1826.0,878.0,948.0,5514.0,1645.0,2077.0,1792.0,3530.0,255.0,1411.0,831.0,1033.0,1606.0,674.0,932.0,866.0,866.0,1856.0,333.0,641.0,244.0,638.0,1569.0,801.0,768.0,685.0,685.0,0.0,0.0,7.5,13.5,-,-,-,-,-,-,-,-,-,-,-,-,-,-
2026-06-23,07:30~08:30,平均停等延滯,116.6,12.9,62.1,8.9,2.0,1.8,2.1,8.4,9.5,4.5,11.8,39.1,67.7,41.6,42.1,26.2,20.9,1.8,34.8,32.3,32.3,39.5,73.8,26.6,35.5,36.0,17.9,12.4,23.7,12.3,12.3,-,-,F,E,-,-,-,-,-,-,-,-,-,-,-,-,-,-
2026-06-23,07:00~09:00,總停等延滯,730467.0,22715.0,9454.0,13261.0,8674.0,4483.0,4191.0,94485.0,30276.0,20594.0,43615.0,284459.0,37058.0,121073.0,70139.0,56189.0,64788.0,1712.0,63076.0,52328.0,52328.0,133531.0,49890.0,25568.0,20865.0,37208.0,52017.0,15915.0,36102.0,17470.0,17470.0,nan,nan,481.4,257.5,-,-,-,-,-,-,63.3,24.2,29.9,114.0,-,143.5,308.5,81.5
2026-06-23,07:00~09:00,通過量,6315.0,2031.0,149.0,1882.0,3623.0,1738.0,1885.0,10948.0,3224.0,4096.0,3628.0,7082.0,527.0,2819.0,1658.0,2078.0,3141.0,1266.0,1875.0,1761.0,1761.0,3641.0,679.0,1219.0,542.0,1201.0,3023.0,1544.0,1479.0,1335.0,1335.0,0.0,0.0,7.5,12.6,-,-,-,-,-,-,-,-,-,-,-,-,-,-
2026-06-23,07:00~09:00,平均停等延滯,115.7,11.2,63.4,7.0,2.4,2.6,2.2,8.6,9.4,5.0,12.0,40.2,70.3,42.9,42.3,27.0,20.6,1.4,33.6,29.7,29.7,36.7,73.5,21.0,38.5,31.0,17.2,10.3,24.4,13.1,13.1,-,-,F,E,-,-,-,-,-,-,-,-,-,-,-,-,-,-
2026-06-23,10:00~12:00,總停等延滯,464209.0,25736.0,17377.0,8359.0,9086.0,5745.0,3341.0,48843.0,26646.0,7316.0,14881.0,212217.0,21733.0,106745.0,51095.0,32644.0,24399.0,2072.0,22327.0,9125.0,9125.0,95630.0,32020.0,27902.0,12896.0,22812.0,28103.0,12261.0,15842.0,11070.0,11070.0,nan,nan,285.5,238.4,-,-,-,-,-,-,140.8,21.1,28.2,94.5,-,143.9,239.4,35.3
2026-06-23,10:00~12:00,通過量,6012.0,1911.0,319.0,1592.0,3331.0,1625.0,1706.0,9597.0,3286.0,3253.0,3058.0,6603.0,467.0,2875.0,1790.0,1471.0,2773.0,1434.0,1339.0,1375.0,1375.0,3349.0,609.0,1372.0,374.0,994.0,3235.0,1611.0,1624.0,1237.0,1237.0,0.0,0.0,12.7,13.6,-,-,-,-,-,-,-,-,-,-,-,-,-,-
2026-06-23,10:00~12:00,平均停等延滯,77.2,13.5,54.5,5.3,2.7,3.5,2.0,5.1,8.1,2.2,4.9,32.1,46.5,37.1,28.5,22.2,8.8,1.4,16.7,6.6,6.6,28.6,52.6,20.3,34.5,22.9,8.7,7.6,9.8,8.9,8.9,-,-,E,E,-,-,-,-,-,-,-,-,-,-,-,-,-,-
2026-06-23,11:00~12:00,總停等延滯,234073.0,14692.0,10403.0,4289.0,5061.0,3480.0,1581.0,23922.0,13657.0,3003.0,7262.0,109673.0,13341.0,52250.0,26496.0,17586.0,13426.0,907.0,12519.0,3865.0,3865.0,45696.0,16005.0,14259.0,6048.0,9384.0,13681.0,5885.0,7796.0,4057.0,4057.0,nan,nan,293.6,215.9,-,-,-,-,-,-,151.7,21.5,27.9,95.4,-,120.5,236.5,35.2
2026-06-23,11:00~12:00,通過量,3052.0,993.0,187.0,806.0,1696.0,829.0,867.0,4909.0,1709.0,1652.0,1548.0,3450.0,243.0,1512.0,918.0,777.0,1401.0,733.0,668.0,684.0,684.0,1667.0,301.0,705.0,169.0,492.0,1707.0,876.0,831.0,613.0,613.0,0.0,0.0,12.3,15.0,-,-,-,-,-,-,-,-,-,-,-,-,-,-
2026-06-23,11:00~12:00,平均停等延滯,76.7,14.8,55.6,5.3,3.0,4.2,1.8,4.9,8.0,1.8,4.7,31.8,54.9,34.6,28.9,22.6,9.6,1.2,18.7,5.7,5.7,27.4,53.2,20.2,35.8,19.1,8.0,6.7,9.4,6.6,6.6,-,-,E,E,-,-,-,-,-,-,-,-,-,-,-,-,-,-
2026-06-23,12:00~14:00,總停等延滯,460929.0,26441.0,17478.0,8963.0,7000.0,4489.0,2511.0,45356.0,29670.0,3511.0,12175.0,226738.0,21682.0,117509.0,56420.0,31127.0,19398.0,2407.0,16991.0,9581.0,9581.0,91400.0,32996.0,32989.0,7731.0,17684.0,25911.0,11963.0,13948.0,9104.0,9104.0,nan,nan,233.0,280.8,-,-,-,-,-,-,96.0,19.7,83.7,110.2,-,170.6,178.6,34.7
2026-06-23,12:00~14:00,通過量,5906.0,1916.0,316.0,1600.0,3266.0,1671.0,1595.0,9556.0,3431.0,3099.0,3026.0,6994.0,476.0,3257.0,1862.0,1399.0,2784.0,1503.0,1281.0,1304.0,1304.0,3291.0,583.0,1450.0,261.0,997.0,3265.0,1663.0,1602.0,1294.0,1294.0,0.0,0.0,15.5,11.5,-,-,-,-,-,-,-,-,-,-,-,-,-,-
2026-06-23,12:00~14:00,平均停等延滯,78.0,13.8,55.3,5.6,2.1,2.7,1.6,4.7,8.6,1.1,4.0,32.4,45.6,36.1,30.3,22.2,7.0,1.6,13.3,7.3,7.3,27.8,56.6,22.8,29.6,17.7,7.9,7.2,8.7,7.0,7.0,-,-,E,E,-,-,-,-,-,-,-,-,-,-,-,-,-,-
2026-06-23,16:30~18:30,總停等延滯,719746.0,27566.0,17243.0,10323.0,52526.0,50550.0,1976.0,79112.0,53359.0,9353.0,16400.0,307862.0,35828.0,162223.0,65344.0,44467.0,30297.0,4158.0,26139.0,13281.0,13281.0,159101.0,48097.0,75853.0,13352.0,21799.0,37749.0,18326.0,19423.0,12252.0,12252.0,nan,nan,193.1,220.7,-,-,-,-,-,-,-,21.3,39.6,109.7,-,111.0,135.1,36.6
2026-06-23,16:30~18:30,通過量,6298.0,1870.0,295.0,1575.0,3524.0,1890.0,1634.0,10723.0,4574.0,3274.0,2875.0,7723.0,541.0,4099.0,1799.0,1284.0,3328.0,2170.0,1158.0,1253.0,1253.0,3996.0,818.0,1995.0,338.0,845.0,3625.0,2054.0,1571.0,1058.0,1058.0,0.0,0.0,18.7,14.7,-,-,-,-,-,-,-,-,-,-,-,-,-,-
2026-06-23,16:30~18:30,平均停等延滯,114.3,14.7,58.5,6.6,14.9,26.7,1.2,7.4,11.7,2.9,5.7,39.9,66.2,39.6,36.3,34.6,9.1,1.9,22.6,10.6,10.6,39.8,58.8,38.0,39.5,25.8,10.4,8.9,12.4,11.6,11.6,-,-,E,E,-,-,-,-,-,-,-,-,-,-,-,-,-,-
2026-06-23,17:00~19:00,總停等延滯,704123.0,26909.0,16467.0,10442.0,55601.0,53668.0,1933.0,78912.0,54629.0,9134.0,15149.0,299221.0,32785.0,163123.0,59386.0,43927.0,27507.0,4286.0,23221.0,12953.0,12953.0,161591.0,47490.0,80340.0,12873.0,20888.0,30113.0,13880.0,16233.0,11316.0,11316.0,nan,nan,203.8,227.6,-,-,-,-,-,-,40.4,20.4,40.2,105.0,-,122.6,147.2,36.1
2026-06-23,17:00~19:00,通過量,5899.0,1742.0,274.0,1468.0,3361.0,1868.0,1493.0,10170.0,4509.0,3046.0,2615.0,7393.0,485.0,4099.0,1594.0,1215.0,3294.0,2177.0,1117.0,1186.0,1186.0,3922.0,763.0,2076.0,320.0,763.0,3534.0,2108.0,1426.0,986.0,986.0,0.0,0.0,17.8,14.2,-,-,-,-,-,-,-,-,-,-,-,-,-,-
2026-06-23,17:00~19:00,平均停等延滯,119.4,15.4,60.1,7.1,16.5,28.7,1.3,7.8,12.1,3.0,5.8,40.5,67.6,39.8,37.3,36.2,8.4,2.0,20.8,10.9,10.9,41.2,62.2,38.7,40.2,27.4,8.5,6.6,11.4,11.5,11.5,-,-,E,E,-,-,-,-,-,-,-,-,-,-,-,-,-,-
2026-06-23,16:30~17:30,總停等延滯,349946.0,13730.0,7856.0,5874.0,21526.0,20468.0,1058.0,35926.0,24469.0,4397.0,7060.0,148376.0,14943.0,76213.0,33802.0,23418.0,17236.0,1626.0,15610.0,6083.0,6083.0,79523.0,23154.0,36944.0,7430.0,11995.0,19537.0,10546.0,8991.0,8009.0,8009.0,nan,nan,201.0,225.7,-,-,-,-,-,-,-,22.8,34.1,109.1,-,116.6,138.8,39.5
2026-06-23,16:30~17:30,通過量,3268.0,971.0,147.0,824.0,1850.0,982.0,868.0,5465.0,2323.0,1652.0,1490.0,3988.0,238.0,2075.0,973.0,702.0,1683.0,1069.0,614.0,665.0,665.0,2057.0,405.0,1013.0,186.0,453.0,1899.0,1042.0,857.0,591.0,591.0,0.0,0.0,18.0,14.4,-,-,-,-,-,-,-,-,-,-,-,-,-,-
2026-06-23,16:30~17:30,平均停等延滯,107.1,14.1,53.4,7.1,11.6,20.8,1.2,6.6,10.5,2.7,4.7,37.2,62.8,36.7,34.7,33.4,10.2,1.5,25.4,9.1,9.1,38.7,57.2,36.5,39.9,26.5,10.3,10.1,10.5,13.6,13.6,-,-,E,E,-,-,-,-,-,-,-,-,-,-,-,-,-,-
2026-06-23,17:30~18:30,總停等延滯,369800.0,13836.0,9387.0,4449.0,31000.0,30082.0,918.0,43186.0,28890.0,4956.0,9340.0,159486.0,20885.0,86010.0,31542.0,21049.0,13061.0,2532.0,10529.0,7198.0,7198.0,79578.0,24943.0,38909.0,5922.0,9804.0,18212.0,7780.0,10432.0,4243.0,4243.0,nan,nan,185.1,215.6,-,-,-,-,-,-,-,19.8,45.3,110.4,-,105.3,131.3,33.8
2026-06-23,17:30~18:30,通過量,3030.0,899.0,148.0,751.0,1674.0,908.0,766.0,5258.0,2251.0,1622.0,1385.0,3735.0,303.0,2024.0,826.0,582.0,1645.0,1101.0,544.0,588.0,588.0,1939.0,413.0,982.0,152.0,392.0,1726.0,1012.0,714.0,467.0,467.0,0.0,0.0,19.5,15.0,-,-,-,-,-,-,-,-,-,-,-,-,-,-
2026-06-23,17:30~18:30,平均停等延滯,122.0,15.4,63.4,5.9,18.5,33.1,1.2,8.2,12.8,3.1,6.7,42.7,68.9,42.5,38.2,36.2,7.9,2.3,19.4,12.2,12.2,41.0,60.4,39.6,39.0,25.0,10.6,7.7,14.6,9.1,9.1,-,-,E,E,-,-,-,-,-,-,-,-,-,-,-,-,-,-
2026-06-24,06:30~20:30,總停等延滯,3728711.0,129096.0,84032.0,45064.0,112648.0,90958.0,21690.0,406622.0,224476.0,55695.0,126451.0,1709265.0,189482.0,850000.0,391538.0,278245.0,206063.0,14080.0,191983.0,119070.0,119070.0,753045.0,272933.0,241140.0,81185.0,157787.0,226731.0,88453.0,138278.0,66171.0,66171.0,nan,nan,256.6,246.9,-,-,-,-,-,-,79.9,27.4,39.1,103.3,-,143.6,183.6,39.6
2026-06-24,06:30~20:30,通過量,42589.0,13209.0,1846.0,11363.0,23732.0,12086.0,11646.0,70523.0,25938.0,23306.0,21279.0,49603.0,3267.0,23811.0,12132.0,10393.0,20549.0,11034.0,9515.0,9846.0,9846.0,25190.0,4374.0,10980.0,2483.0,7353.0,23562.0,12382.0,11180.0,8735.0,8735.0,0.0,0.0,14.1,13.1,-,-,-,-,-,-,-,-,-,-,-,-,-,-
2026-06-24,06:30~20:30,平均停等延滯,87.6,9.8,45.5,4.0,4.7,7.5,1.9,5.8,8.7,2.4,5.9,34.5,58.0,35.7,32.3,26.8,10.0,1.3,20.2,12.1,12.1,29.9,62.4,22.0,32.7,21.5,9.6,7.1,12.4,7.6,7.6,-,-,E,E,-,-,-,-,-,-,-,-,-,-,-,-,-,-
2026-06-24,07:00~21:00,總停等延滯,3602697.0,128124.0,84382.0,43742.0,111186.0,91031.0,20155.0,390716.0,226789.0,51929.0,111998.0,1679481.0,185975.0,847371.0,376692.0,269443.0,188498.0,13594.0,174904.0,100203.0,100203.0,723890.0,266648.0,241705.0,74464.0,141073.0,217935.0,85747.0,132188.0,62664.0,62664.0,nan,nan,250.2,246.7,-,-,-,-,-,-,82.9,27.1,39.4,102.5,-,144.2,180.0,38.0
2026-06-24,07:00~21:00,通過量,41895.0,12899.0,1871.0,11028.0,23431.0,12110.0,11321.0,69169.0,26076.0,22538.0,20555.0,49162.0,3192.0,24046.0,11900.0,10024.0,20321.0,11168.0,9153.0,9529.0,9529.0,24918.0,4343.0,11122.0,2388.0,7065.0,23346.0,12420.0,10926.0,8580.0,8580.0,0.0,0.0,14.5,13.1,-,-,-,-,-,-,-,-,-,-,-,-,-,-
2026-06-24,07:00~21:00,平均停等延滯,86.0,9.9,45.1,4.0,4.7,7.5,1.8,5.6,8.7,2.3,5.4,34.2,58.3,35.2,31.7,26.9,9.3,1.2,19.1,10.5,10.5,29.1,61.4,21.7,31.2,20.0,9.3,6.9,12.1,7.3,7.3,-,-,E,E,-,-,-,-,-,-,-,-,-,-,-,-,-,-
2026-06-24,06:30~08:30,總停等延滯,683731.0,17462.0,8048.0,9414.0,8596.0,3624.0,4972.0,85926.0,24821.0,16849.0,44256.0,274761.0,33397.0,118350.0,65265.0,57749.0,66458.0,1763.0,64695.0,54018.0,54018.0,129453.0,43330.0,21491.0,21509.0,43123.0,31346.0,12445.0,18901.0,15711.0,15711.0,nan,nan,292.9,247.6,-,-,-,-,-,-,51.8,38.0,25.5,113.3,-,134.4,199.6,55.3
2026-06-24,06:30~08:30,通過量,6252.0,2118.0,136.0,1982.0,3490.0,1502.0,1988.0,11294.0,3053.0,4380.0,3861.0,6808.0,488.0,2499.0,1733.0,2088.0,3024.0,1090.0,1934.0,1862.0,1862.0,3628.0,624.0,1112.0,555.0,1337.0,3147.0,1537.0,1610.0,1311.0,1311.0,0.0,0.0,12.4,13.1,-,-,-,-,-,-,-,-,-,-,-,-,-,-
2026-06-24,06:30~08:30,平均停等延滯,109.4,8.2,59.2,4.7,2.5,2.4,2.5,7.6,8.1,3.8,11.5,40.4,68.4,47.4,37.7,27.7,22.0,1.6,33.5,29.0,29.0,35.7,69.4,19.3,38.8,32.3,10.0,8.1,11.7,12.0,12.0,-,-,E,E,-,-,-,-,-,-,-,-,-,-,-,-,-,-
2026-06-24,06:30~07:30,總停等延滯,365239.0,8965.0,3469.0,5496.0,4996.0,1498.0,3498.0,48594.0,9388.0,9837.0,29369.0,137364.0,19261.0,51488.0,38167.0,28448.0,34433.0,783.0,33650.0,34804.0,34804.0,70360.0,20855.0,6914.0,12393.0,30198.0,18357.0,6638.0,11719.0,7366.0,7366.0,nan,nan,346.9,259.6,-,-,-,-,-,-,46.8,44.2,25.5,118.4,-,141.2,239.2,63.6
2026-06-24,06:30~07:30,通過量,3149.0,1134.0,62.0,1072.0,1735.0,659.0,1076.0,5843.0,1319.0,2396.0,2128.0,3273.0,272.0,1030.0,877.0,1094.0,1505.0,446.0,1059.0,1055.0,1055.0,1731.0,276.0,415.0,297.0,743.0,1543.0,703.0,840.0,637.0,637.0,0.0,0.0,10.4,12.5,-,-,-,-,-,-,-,-,-,-,-,-,-,-
2026-06-24,06:30~07:30,平均停等延滯,116.0,7.9,56.0,5.1,2.9,2.3,3.3,8.3,7.1,4.1,13.8,42.0,70.8,50.0,43.5,26.0,22.9,1.8,31.8,33.0,33.0,40.6,75.6,16.7,41.7,40.6,11.9,9.4,14.0,11.6,11.6,-,-,E,E,-,-,-,-,-,-,-,-,-,-,-,-,-,-
2026-06-24,07:30~08:30,總停等延滯,318492.0,8497.0,4579.0,3918.0,3600.0,2126.0,1474.0,37332.0,15433.0,7012.0,14887.0,137397.0,14136.0,66862.0,27098.0,29301.0,32025.0,980.0,31045.0,19214.0,19214.0,59093.0,22475.0,14577.0,9116.0,12925.0,12989.0,5807.0,7182.0,8345.0,8345.0,nan,nan,238.8,235.6,-,-,-,-,-,-,56.8,31.8,25.4,108.1,-,127.5,160.1,47.0
2026-06-24,07:30~08:30,通過量,3103.0,984.0,74.0,910.0,1755.0,843.0,912.0,5451.0,1734.0,1984.0,1733.0,3535.0,216.0,1469.0,856.0,994.0,1519.0,644.0,875.0,807.0,807.0,1897.0,348.0,697.0,258.0,594.0,1604.0,834.0,770.0,674.0,674.0,0.0,0.0,15.2,13.8,-,-,-,-,-,-,-,-,-,-,-,-,-,-
2026-06-24,07:30~08:30,平均停等延滯,102.6,8.6,61.9,4.3,2.1,2.5,1.6,6.8,8.9,3.5,8.6,38.9,65.4,45.5,31.7,29.5,21.1,1.5,35.5,23.8,23.8,31.2,64.6,20.9,35.3,21.8,8.1,7.0,9.3,12.4,12.4,-,-,E,E,-,-,-,-,-,-,-,-,-,-,-,-,-,-
2026-06-24,07:00~09:00,總停等延滯,652352.0,20456.0,9491.0,10965.0,8241.0,3851.0,4390.0,80664.0,27556.0,15996.0,37112.0,281225.0,31430.0,132349.0,61887.0,55559.0,57732.0,1309.0,56423.0,38078.0,38078.0,122340.0,44377.0,26278.0,19444.0,32241.0,27207.0,11638.0,15569.0,16409.0,16409.0,nan,nan,285.8,270.9,-,-,-,-,-,-,58.0,36.8,26.7,123.8,-,147.1,199.1,49.9
2026-06-24,07:00~09:00,通過量,6211.0,2000.0,155.0,1845.0,3538.0,1629.0,1909.0,11133.0,3318.0,4191.0,3624.0,7099.0,458.0,2912.0,1679.0,2050.0,3087.0,1238.0,1849.0,1802.0,1802.0,3747.0,657.0,1313.0,546.0,1231.0,3141.0,1606.0,1535.0,1357.0,1357.0,0.0,0.0,12.7,12.0,-,-,-,-,-,-,-,-,-,-,-,-,-,-
2026-06-24,07:00~09:00,平均停等延滯,105.0,10.2,61.2,5.9,2.3,2.4,2.3,7.2,8.3,3.8,10.2,39.6,68.6,45.4,36.9,27.1,18.7,1.1,30.5,21.1,21.1,32.7,67.5,20.0,35.6,26.2,8.7,7.2,10.1,12.1,12.1,-,-,E,E,-,-,-,-,-,-,-,-,-,-,-,-,-,-
2026-06-24,10:00~12:00,總停等延滯,486045.0,25775.0,16442.0,9333.0,8441.0,6993.0,1448.0,47968.0,26804.0,7276.0,13888.0,225269.0,25119.0,106491.0,57421.0,36238.0,24501.0,2661.0,21840.0,10005.0,10005.0,103069.0,33072.0,38512.0,9526.0,21959.0,28788.0,12810.0,15978.0,12229.0,12229.0,nan,nan,291.8,280.5,-,-,-,-,-,-,56.8,15.6,76.9,91.7,-,188.8,234.8,41.5
2026-06-24,10:00~12:00,通過量,6282.0,1929.0,340.0,1589.0,3392.0,1714.0,1678.0,9871.0,3518.0,3315.0,3038.0,7185.0,534.0,3384.0,1910.0,1357.0,2817.0,1526.0,1291.0,1367.0,1367.0,3564.0,596.0,1560.0,330.0,1078.0,3399.0,1709.0,1690.0,1300.0,1300.0,0.0,0.0,12.4,11.6,-,-,-,-,-,-,-,-,-,-,-,-,-,-
2026-06-24,10:00~12:00,平均停等延滯,77.4,13.4,48.4,5.9,2.5,4.1,0.9,4.9,7.6,2.2,4.6,31.4,47.0,31.5,30.1,26.7,8.7,1.7,16.9,7.3,7.3,28.9,55.5,24.7,28.9,20.4,8.5,7.5,9.5,9.4,9.4,-,-,E,E,-,-,-,-,-,-,-,-,-,-,-,-,-,-
2026-06-24,11:00~12:00,總停等延滯,239184.0,13724.0,9092.0,4632.0,3957.0,3242.0,715.0,22928.0,13607.0,3413.0,5908.0,112650.0,12433.0,54867.0,27663.0,17687.0,10069.0,1577.0,8492.0,4508.0,4508.0,52265.0,17578.0,21216.0,4154.0,9317.0,13421.0,5943.0,7478.0,5662.0,5662.0,nan,nan,359.3,228.0,-,-,-,-,-,-,53.5,16.1,124.1,90.2,-,137.7,298.2,45.0
2026-06-24,11:00~12:00,通過量,3171.0,995.0,206.0,789.0,1704.0,878.0,826.0,4965.0,1892.0,1614.0,1459.0,3623.0,272.0,1756.0,936.0,659.0,1435.0,813.0,622.0,664.0,664.0,1847.0,310.0,839.0,164.0,534.0,1669.0,862.0,807.0,642.0,642.0,0.0,0.0,10.1,14.2,-,-,-,-,-,-,-,-,-,-,-,-,-,-
2026-06-24,11:00~12:00,平均停等延滯,75.4,13.8,44.1,5.9,2.3,3.7,0.9,4.6,7.2,2.1,4.0,31.1,45.7,31.2,29.6,26.8,7.0,1.9,13.7,6.8,6.8,28.3,56.7,25.3,25.3,17.4,8.0,6.9,9.3,8.8,8.8,-,-,E,E,-,-,-,-,-,-,-,-,-,-,-,-,-,-
2026-06-24,12:00~14:00,總停等延滯,470477.0,24543.0,15189.0,9354.0,7168.0,4385.0,2783.0,47506.0,25308.0,6429.0,15769.0,221739.0,21661.0,108273.0,55983.0,35822.0,23282.0,2382.0,20900.0,10657.0,10657.0,96319.0,32519.0,31820.0,10270.0,21710.0,23174.0,8015.0,15159.0,16089.0,16089.0,nan,nan,243.0,266.1,-,-,-,-,-,-,140.2,24.1,25.6,96.9,-,169.3,186.0,32.9
2026-06-24,12:00~14:00,通過量,6026.0,1919.0,295.0,1624.0,3320.0,1678.0,1642.0,9566.0,3438.0,3172.0,2956.0,6762.0,425.0,3109.0,1739.0,1489.0,2791.0,1471.0,1320.0,1337.0,1337.0,3409.0,563.0,1418.0,278.0,1150.0,3271.0,1634.0,1637.0,1361.0,1361.0,0.0,0.0,14.9,12.2,-,-,-,-,-,-,-,-,-,-,-,-,-,-
2026-06-24,12:00~14:00,平均停等延滯,78.1,12.8,51.5,5.8,2.2,2.6,1.7,5.0,7.4,2.0,5.3,32.8,51.0,34.8,32.2,24.1,8.3,1.6,15.8,8.0,8.0,28.3,57.8,22.4,36.9,18.9,7.1,4.9,9.3,11.8,11.8,-,-,E,E,-,-,-,-,-,-,-,-,-,-,-,-,-,-
2026-06-24,16:30~18:30,總停等延滯,670662.0,14724.0,13369.0,1355.0,53260.0,50410.0,2850.0,68926.0,48858.0,7625.0,12443.0,298741.0,36029.0,157022.0,63351.0,42339.0,18976.0,2433.0,16543.0,11393.0,11393.0,150514.0,55468.0,63156.0,13479.0,18411.0,50749.0,18686.0,32063.0,3379.0,3379.0,nan,nan,165.4,224.9,-,-,-,-,-,-,33.8,15.8,43.6,104.6,-,120.2,146.5,32.2
2026-06-24,16:30~18:30,通過量,6300.0,1904.0,283.0,1621.0,3484.0,1841.0,1643.0,10831.0,4529.0,3336.0,2966.0,7860.0,523.0,4122.0,1841.0,1374.0,3179.0,1993.0,1186.0,1293.0,1293.0,4069.0,756.0,2042.0,383.0,888.0,3660.0,2034.0,1626.0,1185.0,1185.0,0.0,0.0,21.9,14.4,-,-,-,-,-,-,-,-,-,-,-,-,-,-
2026-06-24,16:30~18:30,平均停等延滯,106.5,7.7,47.2,0.8,15.3,27.4,1.7,6.4,10.8,2.3,4.2,38.0,68.9,38.1,34.4,30.8,6.0,1.2,13.9,8.8,8.8,37.0,73.4,30.9,35.2,20.7,13.9,9.2,19.7,2.9,2.9,-,-,D,E,-,-,-,-,-,-,-,-,-,-,-,-,-,-
2026-06-24,17:00~19:00,總停等延滯,617331.0,14020.0,12698.0,1322.0,45412.0,43350.0,2062.0,65949.0,49458.0,6723.0,9768.0,290774.0,34607.0,158696.0,60115.0,37356.0,13442.0,2668.0,10774.0,10662.0,10662.0,132548.0,52299.0,53370.0,10360.0,16519.0,42331.0,16034.0,26297.0,2193.0,2193.0,nan,nan,189.7,225.4,-,-,-,-,-,-,60.8,29.8,42.9,99.9,-,125.5,146.7,31.7
2026-06-24,17:00~19:00,通過量,5912.0,1744.0,256.0,1488.0,3338.0,1821.0,1517.0,10206.0,4477.0,3042.0,2687.0,7371.0,492.0,4019.0,1655.0,1205.0,3063.0,1984.0,1079.0,1187.0,1187.0,3815.0,740.0,1932.0,358.0,785.0,3552.0,2092.0,1460.0,994.0,994.0,0.0,0.0,19.1,14.4,-,-,-,-,-,-,-,-,-,-,-,-,-,-
2026-06-24,17:00~19:00,平均停等延滯,104.4,8.0,49.6,0.9,13.6,23.8,1.4,6.5,11.0,2.2,3.6,39.4,70.3,39.5,36.3,31.0,4.4,1.3,10.0,9.0,9.0,34.7,70.7,27.6,28.9,21.0,11.9,7.7,18.0,2.2,2.2,-,-,E,E,-,-,-,-,-,-,-,-,-,-,-,-,-,-
2026-06-24,16:30~17:30,總停等延滯,339596.0,8279.0,7882.0,397.0,28359.0,26482.0,1877.0,33548.0,22662.0,3860.0,7026.0,142624.0,17030.0,70853.0,31305.0,23436.0,12048.0,1167.0,10881.0,6067.0,6067.0,77471.0,27506.0,32801.0,8270.0,8894.0,29012.0,11708.0,17304.0,2188.0,2188.0,nan,nan,nan,239.0,-,-,-,-,-,-,-,-,45.7,110.2,-,128.8,154.2,-
2026-06-24,16:30~17:30,通過量,3211.0,986.0,162.0,824.0,1737.0,874.0,863.0,5585.0,2287.0,1731.0,1567.0,4090.0,253.0,2137.0,962.0,738.0,1603.0,971.0,632.0,677.0,677.0,2081.0,383.0,1006.0,208.0,484.0,1833.0,986.0,847.0,689.0,689.0,0.0,0.0,0.0,13.6,-,-,-,-,-,-,-,-,-,-,-,-,-,-
2026-06-24,16:30~17:30,平均停等延滯,105.8,8.4,48.7,0.5,16.3,30.3,2.2,6.0,9.9,2.2,4.5,34.9,67.3,33.2,32.5,31.8,7.5,1.2,17.2,9.0,9.0,37.2,71.8,32.6,39.8,18.4,15.8,11.9,20.4,3.2,3.2,-,-,-,E,-,-,-,-,-,-,-,-,-,-,-,-,-,-
2026-06-24,17:30~18:30,總停等延滯,331066.0,6445.0,5487.0,958.0,24901.0,23928.0,973.0,35378.0,26196.0,3765.0,5417.0,156117.0,18999.0,86169.0,32046.0,18903.0,6928.0,1266.0,5662.0,5326.0,5326.0,73043.0,27962.0,30355.0,5209.0,9517.0,21737.0,6978.0,14759.0,1191.0,1191.0,nan,nan,165.4,210.7,-,-,-,-,-,-,33.8,15.8,41.5,99.0,-,111.6,138.8,32.2
2026-06-24,17:30~18:30,通過量,3089.0,918.0,121.0,797.0,1747.0,967.0,780.0,5246.0,2242.0,1605.0,1399.0,3770.0,270.0,1985.0,879.0,636.0,1576.0,1022.0,554.0,616.0,616.0,1988.0,373.0,1036.0,175.0,404.0,1827.0,1048.0,779.0,496.0,496.0,0.0,0.0,21.9,15.4,-,-,-,-,-,-,-,-,-,-,-,-,-,-
2026-06-24,17:30~18:30,平均停等延滯,107.2,7.0,45.3,1.2,14.3,24.7,1.2,6.7,11.7,2.3,3.9,41.4,70.4,43.4,36.5,29.7,4.4,1.2,10.2,8.6,8.6,36.7,75.0,29.3,29.8,23.6,11.9,6.7,18.9,2.4,2.4,-,-,D,E,-,-,-,-,-,-,-,-,-,-,-,-,-,-
2026-06-25,06:30~20:30,總停等延滯,3658907.0,135498.0,61527.0,73971.0,140033.0,90954.0,49079.0,482335.0,242635.0,68822.0,170878.0,1663716.0,209174.0,792600.0,384157.0,277785.0,188262.0,11124.0,177138.0,107771.0,107771.0,693789.0,300519.0,177323.0,88170.0,127777.0,206818.0,89422.0,117396.0,40685.0,40685.0,nan,nan,266.0,235.0,-,-,-,-,-,-,98.8,26.3,53.1,108.7,-,126.3,196.1,43.4
2026-06-25,06:30~20:30,通過量,40911.0,12216.0,1862.0,10354.0,21629.0,10341.0,11288.0,68936.0,24613.0,22998.0,21325.0,49692.0,3485.0,23378.0,12191.0,10638.0,20402.0,10894.0,9508.0,4448.0,4448.0,25075.0,4633.0,10812.0,2545.0,7085.0,22864.0,11904.0,10960.0,8105.0,8105.0,0.0,0.0,13.6,13.8,-,-,-,-,-,-,-,-,-,-,-,-,-,-
2026-06-25,06:30~20:30,平均停等延滯,89.4,11.1,33.0,7.1,6.5,8.8,4.3,7.0,9.9,3.0,8.0,33.5,60.0,33.9,31.5,26.1,9.2,1.0,18.6,24.2,24.2,27.7,64.9,16.4,34.6,18.0,9.0,7.5,10.7,5.0,5.0,-,-,E,E,-,-,-,-,-,-,-,-,-,-,-,-,-,-
2026-06-25,07:00~21:00,總停等延滯,3548672.0,131953.0,61950.0,70003.0,135846.0,91120.0,44726.0,461939.0,241953.0,63711.0,156275.0,1624042.0,202990.0,787994.0,365873.0,267185.0,172998.0,10942.0,162056.0,108979.0,108979.0,672163.0,291816.0,178227.0,83594.0,118526.0,201400.0,88520.0,112880.0,39352.0,39352.0,nan,nan,260.9,233.7,-,-,-,-,-,-,99.3,26.1,53.1,108.6,-,125.2,192.2,42.5
2026-06-25,07:00~21:00,通過量,40088.0,11634.0,1888.0,9746.0,21092.0,10193.0,10899.0,67474.0,24778.0,22136.0,20560.0,49117.0,3400.0,23557.0,11986.0,10174.0,20107.0,11016.0,9091.0,4617.0,4617.0,24818.0,4602.0,10942.0,2456.0,6818.0,22689.0,11958.0,10731.0,7967.0,7967.0,0.0,0.0,13.9,13.9,-,-,-,-,-,-,-,-,-,-,-,-,-,-
2026-06-25,07:00~21:00,平均停等延滯,88.5,11.3,32.8,7.2,6.4,8.9,4.1,6.8,9.8,2.9,7.6,33.1,59.7,33.5,30.5,26.3,8.6,1.0,17.8,23.6,23.6,27.1,63.4,16.3,34.0,17.4,8.9,7.4,10.5,4.9,4.9,-,-,E,E,-,-,-,-,-,-,-,-,-,-,-,-,-,-
2026-06-25,06:30~08:30,總停等延滯,767064.0,37383.0,3989.0,33394.0,46259.0,19836.0,26423.0,149188.0,47246.0,29789.0,72153.0,323738.0,43420.0,137277.0,82137.0,60904.0,47039.0,1043.0,45996.0,0.0,0.0,127249.0,64346.0,13122.0,21385.0,28396.0,30584.0,9911.0,20673.0,5624.0,5624.0,nan,nan,402.5,282.5,-,-,-,-,-,-,90.7,64.4,32.9,179.9,-,102.6,250.6,87.6
2026-06-25,06:30~08:30,通過量,6108.0,2008.0,137.0,1871.0,3252.0,1361.0,1891.0,11254.0,2970.0,4382.0,3902.0,7126.0,576.0,2670.0,1648.0,2232.0,3195.0,1150.0,2045.0,0.0,0.0,3585.0,658.0,1096.0,580.0,1251.0,2992.0,1447.0,1545.0,1299.0,1299.0,0.0,0.0,9.0,11.5,-,-,-,-,-,-,-,-,-,-,-,-,-,-
2026-06-25,06:30~08:30,平均停等延滯,125.6,18.6,29.1,17.8,14.2,14.6,14.0,13.3,15.9,6.8,18.5,45.4,75.4,51.4,49.8,27.3,14.7,0.9,22.5,0.0,0.0,35.5,97.8,12.0,36.9,22.7,10.2,6.8,13.4,4.3,4.3,-,-,F,E,-,-,-,-,-,-,-,-,-,-,-,-,-,-
2026-06-25,06:30~07:30,總停等延滯,350740.0,13287.0,1312.0,11975.0,11302.0,3710.0,7592.0,59292.0,15559.0,11832.0,31901.0,155010.0,21612.0,52859.0,46745.0,33794.0,30574.0,484.0,30090.0,0.0,0.0,60510.0,28811.0,2807.0,11133.0,17759.0,18495.0,4158.0,14337.0,2270.0,2270.0,nan,nan,379.1,209.6,-,-,-,-,-,-,58.6,27.1,31.4,134.5,-,75.2,283.2,68.7
2026-06-25,06:30~07:30,通過量,3061.0,1125.0,57.0,1068.0,1674.0,629.0,1045.0,5741.0,1276.0,2394.0,2071.0,3483.0,289.0,1111.0,841.0,1242.0,1550.0,427.0,1123.0,0.0,0.0,1686.0,306.0,383.0,298.0,699.0,1399.0,616.0,783.0,592.0,592.0,0.0,0.0,9.5,15.5,-,-,-,-,-,-,-,-,-,-,-,-,-,-
2026-06-25,06:30~07:30,平均停等延滯,114.6,11.8,23.0,11.2,6.8,5.9,7.3,10.3,12.2,4.9,15.4,44.5,74.8,47.6,55.6,27.2,19.7,1.1,26.8,0.0,0.0,35.9,94.2,7.3,37.4,25.4,13.2,6.8,18.3,3.8,3.8,-,-,F,E,-,-,-,-,-,-,-,-,-,-,-,-,-,-
2026-06-25,07:30~08:30,總停等延滯,416324.0,24096.0,2677.0,21419.0,34957.0,16126.0,18831.0,89896.0,31687.0,17957.0,40252.0,168728.0,21808.0,84418.0,35392.0,27110.0,16465.0,559.0,15906.0,0.0,0.0,66739.0,35535.0,10315.0,10252.0,10637.0,12089.0,5753.0,6336.0,3354.0,3354.0,nan,nan,426.0,355.4,-,-,-,-,-,-,122.7,101.6,34.3,225.4,-,130.0,217.9,106.5
2026-06-25,07:30~08:30,通過量,3047.0,883.0,80.0,803.0,1578.0,732.0,846.0,5513.0,1694.0,1988.0,1831.0,3643.0,287.0,1559.0,807.0,990.0,1645.0,723.0,922.0,0.0,0.0,1899.0,352.0,713.0,282.0,552.0,1593.0,831.0,762.0,707.0,707.0,0.0,0.0,8.5,9.1,-,-,-,-,-,-,-,-,-,-,-,-,-,-
2026-06-25,07:30~08:30,平均停等延滯,136.6,27.3,33.5,26.7,22.2,22.0,22.3,16.3,18.7,9.0,22.0,46.3,76.0,54.1,43.9,27.4,10.0,0.8,17.3,0.0,0.0,35.1,101.0,14.5,36.4,19.3,7.6,6.9,8.3,4.7,4.7,-,-,F,F,-,-,-,-,-,-,-,-,-,-,-,-,-,-
2026-06-25,07:00~09:00,總停等延滯,761558.0,38081.0,6390.0,31691.0,45277.0,20780.0,24497.0,146232.0,48711.0,28182.0,69339.0,329540.0,41205.0,146383.0,79807.0,62145.0,42321.0,1317.0,41004.0,0.0,0.0,125832.0,67012.0,15149.0,21675.0,21996.0,29052.0,10435.0,18617.0,5223.0,5223.0,nan,nan,397.1,306.8,-,-,-,-,-,-,93.5,65.4,35.1,176.9,-,129.9,244.4,87.3
2026-06-25,07:00~09:00,通過量,6263.0,1940.0,173.0,1767.0,3300.0,1537.0,1763.0,11087.0,3240.0,4126.0,3721.0,7299.0,553.0,3014.0,1656.0,2076.0,3127.0,1251.0,1876.0,0.0,0.0,3764.0,744.0,1268.0,574.0,1178.0,3064.0,1560.0,1504.0,1323.0,1323.0,0.0,0.0,9.1,10.6,-,-,-,-,-,-,-,-,-,-,-,-,-,-
2026-06-25,07:00~09:00,平均停等延滯,121.6,19.6,36.9,17.9,13.7,13.5,13.9,13.2,15.0,6.8,18.6,45.1,74.5,48.6,48.2,29.9,13.5,1.1,21.9,0.0,0.0,33.4,90.1,11.9,37.8,18.7,9.5,6.7,12.4,3.9,3.9,-,-,F,E,-,-,-,-,-,-,-,-,-,-,-,-,-,-
2026-06-25,10:00~12:00,總停等延滯,425003.0,16603.0,8221.0,8382.0,9364.0,4468.0,4896.0,49379.0,25644.0,5525.0,18210.0,214407.0,29194.0,89979.0,60568.0,34666.0,19342.0,1738.0,17604.0,0.0,0.0,82507.0,38249.0,17738.0,11442.0,15078.0,30352.0,13790.0,16562.0,3049.0,3049.0,nan,nan,226.0,188.1,-,-,-,-,-,-,92.3,22.0,111.7,75.1,-,113.0,170.4,32.9
2026-06-25,10:00~12:00,通過量,6161.0,1975.0,329.0,1646.0,3372.0,1678.0,1694.0,9931.0,3433.0,3350.0,3148.0,7143.0,527.0,3168.0,1872.0,1576.0,2959.0,1574.0,1385.0,0.0,0.0,3360.0,602.0,1442.0,304.0,1012.0,3408.0,1699.0,1709.0,1242.0,1242.0,0.0,0.0,16.0,17.2,-,-,-,-,-,-,-,-,-,-,-,-,-,-
2026-06-25,10:00~12:00,平均停等延滯,69.0,8.4,25.0,5.1,2.8,2.7,2.9,5.0,7.5,1.6,5.8,30.0,55.4,28.4,32.4,22.0,6.5,1.1,12.7,0.0,0.0,24.6,63.5,12.3,37.6,14.9,8.9,8.1,9.7,2.5,2.5,-,-,E,E,-,-,-,-,-,-,-,-,-,-,-,-,-,-
2026-06-25,11:00~12:00,總停等延滯,222796.0,9459.0,2663.0,6796.0,5324.0,2389.0,2935.0,22982.0,13045.0,2038.0,7899.0,117219.0,14051.0,56500.0,30856.0,15812.0,7882.0,731.0,7151.0,0.0,0.0,43445.0,22388.0,8992.0,6025.0,6040.0,15044.0,6249.0,8795.0,1441.0,1441.0,nan,nan,215.0,212.8,-,-,-,-,-,-,124.3,22.0,155.2,90.1,-,122.7,159.4,33.5
2026-06-25,11:00~12:00,通過量,3095.0,984.0,147.0,837.0,1711.0,834.0,877.0,4862.0,1713.0,1626.0,1523.0,3562.0,265.0,1599.0,932.0,766.0,1538.0,825.0,713.0,0.0,0.0,1770.0,326.0,765.0,160.0,519.0,1712.0,868.0,844.0,641.0,641.0,0.0,0.0,16.8,15.2,-,-,-,-,-,-,-,-,-,-,-,-,-,-
2026-06-25,11:00~12:00,平均停等延滯,72.0,9.6,18.1,8.1,3.1,2.9,3.3,4.7,7.6,1.3,5.2,32.9,53.0,35.3,33.1,20.6,5.1,0.9,10.0,0.0,0.0,24.5,68.7,11.8,37.7,11.6,8.8,7.2,10.4,2.2,2.2,-,-,E,E,-,-,-,-,-,-,-,-,-,-,-,-,-,-
2026-06-25,12:00~14:00,總停等延滯,472995.0,12306.0,4091.0,8215.0,8875.0,3331.0,5544.0,45904.0,29573.0,4540.0,11791.0,219902.0,23197.0,117989.0,49935.0,28781.0,16152.0,1514.0,14638.0,64334.0,64334.0,75186.0,39905.0,16251.0,10889.0,8141.0,27467.0,10711.0,16756.0,2869.0,2869.0,nan,nan,217.6,258.3,-,-,-,-,-,-,162.8,20.4,42.1,107.5,-,150.8,162.7,34.5
2026-06-25,12:00~14:00,通過量,5790.0,1875.0,254.0,1621.0,3362.0,1717.0,1645.0,9562.0,3471.0,3148.0,2943.0,7206.0,454.0,3565.0,1777.0,1410.0,2671.0,1407.0,1264.0,618.0,618.0,3299.0,560.0,1496.0,271.0,972.0,3195.0,1633.0,1562.0,1250.0,1250.0,0.0,0.0,16.6,12.5,-,-,-,-,-,-,-,-,-,-,-,-,-,-
2026-06-25,12:00~14:00,平均停等延滯,81.7,6.6,16.1,5.1,2.6,1.9,3.4,4.8,8.5,1.4,4.0,30.5,51.1,33.1,28.1,20.4,6.0,1.1,11.6,104.1,104.1,22.8,71.3,10.9,40.2,8.4,8.6,6.6,10.7,2.3,2.3,-,-,E,E,-,-,-,-,-,-,-,-,-,-,-,-,-,-
2026-06-25,16:30~18:30,總停等延滯,647243.0,24044.0,14956.0,9088.0,46474.0,43769.0,2705.0,75535.0,47837.0,10380.0,17318.0,273023.0,35859.0,143873.0,55949.0,37342.0,18760.0,2207.0,16553.0,16377.0,16377.0,141547.0,52289.0,51335.0,16094.0,21829.0,37970.0,17000.0,20970.0,13513.0,13513.0,nan,nan,248.7,205.7,-,-,-,-,-,-,65.3,18.7,34.0,102.4,-,103.3,196.4,33.8
2026-06-25,16:30~18:30,通過量,6410.0,1912.0,284.0,1628.0,3498.0,1841.0,1657.0,10404.0,4091.0,3348.0,2965.0,7559.0,580.0,3863.0,1871.0,1245.0,3213.0,2039.0,1174.0,1268.0,1268.0,4037.0,750.0,2021.0,406.0,860.0,3628.0,1939.0,1689.0,1224.0,1224.0,0.0,0.0,14.5,15.8,-,-,-,-,-,-,-,-,-,-,-,-,-,-
2026-06-25,16:30~18:30,平均停等延滯,101.0,12.6,52.7,5.6,13.3,23.8,1.6,7.3,11.7,3.1,5.8,36.1,61.8,37.2,29.9,30.0,5.8,1.1,14.1,12.9,12.9,35.1,69.7,25.4,39.6,25.4,10.5,8.8,12.4,11.0,11.0,-,-,E,E,-,-,-,-,-,-,-,-,-,-,-,-,-,-
2026-06-25,17:00~19:00,總停等延滯,588336.0,22671.0,14200.0,8471.0,40237.0,37251.0,2986.0,68272.0,46417.0,8794.0,13061.0,254280.0,35145.0,135095.0,47629.0,36411.0,17654.0,2002.0,15652.0,14414.0,14414.0,128064.0,47591.0,50479.0,13223.0,16771.0,33444.0,14865.0,18579.0,9300.0,9300.0,nan,nan,231.5,195.9,-,-,-,-,-,-,58.8,19.1,82.1,96.2,-,99.7,179.0,33.5
2026-06-25,17:00~19:00,通過量,5897.0,1712.0,272.0,1440.0,3140.0,1656.0,1484.0,9766.0,4110.0,3033.0,2623.0,7229.0,524.0,3903.0,1663.0,1139.0,3043.0,1998.0,1045.0,1121.0,1121.0,3922.0,793.0,1981.0,359.0,789.0,3456.0,1952.0,1504.0,1031.0,1031.0,0.0,0.0,15.6,16.5,-,-,-,-,-,-,-,-,-,-,-,-,-,-
2026-06-25,17:00~19:00,平均停等延滯,99.8,13.2,52.2,5.9,12.8,22.5,2.0,7.0,11.3,2.9,5.0,35.2,67.1,34.6,28.6,32.0,5.8,1.0,15.0,12.9,12.9,32.7,60.0,25.5,36.8,21.3,9.7,7.6,12.4,9.0,9.0,-,-,E,E,-,-,-,-,-,-,-,-,-,-,-,-,-,-
2026-06-25,16:30~17:30,總停等延滯,337069.0,12212.0,7735.0,4477.0,19628.0,18748.0,880.0,39671.0,23168.0,5639.0,10864.0,144155.0,16354.0,74530.0,33384.0,19887.0,12081.0,1052.0,11029.0,8829.0,8829.0,71581.0,28049.0,23718.0,7992.0,11822.0,20323.0,9470.0,10853.0,8589.0,8589.0,nan,nan,213.2,220.3,-,-,-,-,-,-,75.4,18.7,34.3,113.2,-,107.1,159.3,35.2
2026-06-25,16:30~17:30,通過量,3302.0,1001.0,157.0,844.0,1785.0,932.0,853.0,5337.0,1971.0,1765.0,1601.0,3867.0,279.0,1921.0,986.0,681.0,1621.0,986.0,635.0,672.0,672.0,2093.0,401.0,1028.0,207.0,457.0,1819.0,950.0,869.0,675.0,675.0,0.0,0.0,17.0,14.7,-,-,-,-,-,-,-,-,-,-,-,-,-,-
2026-06-25,16:30~17:30,平均停等延滯,102.1,12.2,49.3,5.3,11.0,20.1,1.0,7.4,11.8,3.2,6.8,37.3,58.6,38.8,33.9,29.2,7.5,1.1,17.4,13.1,13.1,34.2,69.9,23.1,38.6,25.9,11.2,10.0,12.5,12.7,12.7,-,-,E,E,-,-,-,-,-,-,-,-,-,-,-,-,-,-
2026-06-25,17:30~18:30,總停等延滯,310174.0,11832.0,7221.0,4611.0,26846.0,25021.0,1825.0,35864.0,24669.0,4741.0,6454.0,128868.0,19505.0,69343.0,22565.0,17455.0,6679.0,1155.0,5524.0,7548.0,7548.0,69966.0,24240.0,27617.0,8102.0,10007.0,17647.0,7530.0,10117.0,4924.0,4924.0,nan,nan,284.9,191.0,-,-,-,-,-,-,55.1,18.7,33.8,91.7,-,99.4,234.1,32.4
2026-06-25,17:30~18:30,通過量,3108.0,911.0,127.0,784.0,1713.0,909.0,804.0,5067.0,2120.0,1583.0,1364.0,3692.0,301.0,1942.0,885.0,564.0,1592.0,1053.0,539.0,596.0,596.0,1944.0,349.0,993.0,199.0,403.0,1809.0,989.0,820.0,549.0,549.0,0.0,0.0,12.7,17.0,-,-,-,-,-,-,-,-,-,-,-,-,-,-
2026-06-25,17:30~18:30,平均停等延滯,99.8,13.0,56.9,5.9,15.7,27.5,2.3,7.1,11.6,3.0,4.7,34.9,64.8,35.7,25.5,30.9,4.2,1.1,10.2,12.7,12.7,36.0,69.5,27.8,40.7,24.8,9.8,7.6,12.3,9.0,9.0,-,-,E,E,-,-,-,-,-,-,-,-,-,-,-,-,-,-
2026-06-26,06:30~20:30,總停等延滯,3977245.0,178929.0,96305.0,82624.0,137583.0,76617.0,60966.0,534678.0,253518.0,89053.0,192107.0,1660730.0,201628.0,796775.0,368723.0,293604.0,217663.0,16104.0,201559.0,149560.0,149560.0,783161.0,314686.0,196828.0,103523.0,168124.0,234712.0,105384.0,129328.0,80229.0,80229.0,nan,nan,271.1,250.2,-,-,-,-,-,-,84.1,37.5,43.4,110.6,-,139.8,179.4,53.9
2026-06-26,06:30~20:30,通過量,41714.0,13019.0,1989.0,11030.0,22417.0,10968.0,11449.0,68047.0,24277.0,23005.0,20765.0,48153.0,3607.0,22001.0,12363.0,10182.0,20303.0,10860.0,9443.0,9707.0,9707.0,25013.0,4642.0,10607.0,2721.0,7043.0,22628.0,11884.0,10744.0,8853.0,8853.0,0.0,0.0,13.3,12.9,-,-,-,-,-,-,-,-,-,-,-,-,-,-
2026-06-26,06:30~20:30,平均停等延滯,95.3,13.7,48.4,7.5,6.1,7.0,5.3,7.9,10.4,3.9,9.3,34.5,55.9,36.2,29.8,28.8,10.7,1.5,21.3,15.4,15.4,31.3,67.8,18.6,38.0,23.9,10.4,8.9,12.0,9.1,9.1,-,-,E,E,-,-,-,-,-,-,-,-,-,-,-,-,-,-
2026-06-26,07:00~21:00,總停等延滯,3877980.0,178615.0,97372.0,81243.0,134297.0,76212.0,58085.0,518280.0,254629.0,83669.0,179982.0,1635452.0,199204.0,790922.0,359157.0,286169.0,204892.0,15976.0,188916.0,141253.0,141253.0,754999.0,306563.0,199289.0,97567.0,151580.0,234153.0,104193.0,129960.0,76039.0,76039.0,nan,nan,266.2,249.8,-,-,-,-,-,-,84.4,37.1,43.8,110.0,-,140.1,175.8,53.0
2026-06-26,07:00~21:00,通過量,41429.0,12551.0,2012.0,10539.0,22055.0,10904.0,11151.0,67114.0,24575.0,22349.0,20190.0,47695.0,3551.0,22189.0,12143.0,9812.0,20096.0,11026.0,9070.0,9398.0,9398.0,24955.0,4634.0,10798.0,2641.0,6882.0,22806.0,12001.0,10805.0,8712.0,8712.0,0.0,0.0,13.6,13.0,-,-,-,-,-,-,-,-,-,-,-,-,-,-
2026-06-26,07:00~21:00,平均停等延滯,93.6,14.2,48.4,7.7,6.1,7.0,5.2,7.7,10.4,3.7,8.9,34.3,56.1,35.6,29.6,29.2,10.2,1.4,20.8,15.0,15.0,30.3,66.2,18.5,36.9,22.0,10.3,8.7,12.0,8.7,8.7,-,-,E,E,-,-,-,-,-,-,-,-,-,-,-,-,-,-
2026-06-26,06:30~08:30,總停等延滯,825942.0,36804.0,7241.0,29563.0,36349.0,2540.0,33809.0,137187.0,25159.0,34808.0,77220.0,306974.0,50200.0,117539.0,71528.0,67707.0,67470.0,1652.0,65818.0,44761.0,44761.0,151803.0,70066.0,9177.0,28866.0,43694.0,26437.0,12347.0,14090.0,18157.0,18157.0,nan,nan,490.0,274.6,-,-,-,-,-,-,135.9,95.6,31.3,136.6,-,139.3,260.1,134.3
2026-06-26,06:30~08:30,通過量,5566.0,1930.0,206.0,1724.0,3028.0,1282.0,1746.0,10253.0,2706.0,4000.0,3547.0,6666.0,606.0,2509.0,1593.0,1958.0,2876.0,1043.0,1833.0,1770.0,1770.0,3474.0,638.0,1070.0,558.0,1208.0,2383.0,1315.0,1068.0,1399.0,1399.0,0.0,0.0,7.4,11.8,-,-,-,-,-,-,-,-,-,-,-,-,-,-
2026-06-26,06:30~08:30,平均停等延滯,148.4,19.1,35.2,17.1,12.0,2.0,19.4,13.4,9.3,8.7,21.8,46.1,82.8,46.8,44.9,34.6,23.5,1.6,35.9,25.3,25.3,43.7,109.8,8.6,51.7,36.2,11.1,9.4,13.2,13.0,13.0,-,-,F,E,-,-,-,-,-,-,-,-,-,-,-,-,-,-
2026-06-26,06:30~07:30,總停等延滯,373206.0,14686.0,3948.0,10738.0,14365.0,975.0,13390.0,61421.0,8966.0,17242.0,35213.0,132936.0,22900.0,45047.0,33484.0,31505.0,33062.0,583.0,32479.0,22289.0,22289.0,78031.0,32289.0,1633.0,13521.0,30588.0,8729.0,5040.0,3689.0,7687.0,7687.0,nan,nan,389.8,216.3,-,-,-,-,-,-,90.0,59.4,23.9,113.9,-,102.5,244.3,86.2
2026-06-26,06:30~07:30,通過量,2574.0,1054.0,112.0,942.0,1566.0,578.0,988.0,5296.0,1147.0,2196.0,1953.0,3307.0,259.0,1031.0,898.0,1119.0,1406.0,376.0,1030.0,1001.0,1001.0,1645.0,304.0,367.0,309.0,665.0,939.0,592.0,347.0,659.0,659.0,0.0,0.0,9.3,15.0,-,-,-,-,-,-,-,-,-,-,-,-,-,-
2026-06-26,06:30~07:30,平均停等延滯,145.0,13.9,35.2,11.4,9.2,1.7,13.6,11.6,7.8,7.9,18.0,40.2,88.4,43.7,37.3,28.2,23.5,1.6,31.5,22.3,22.3,47.4,106.2,4.4,43.8,46.0,9.3,8.5,10.6,11.7,11.7,-,-,F,E,-,-,-,-,-,-,-,-,-,-,-,-,-,-
2026-06-26,07:30~08:30,總停等延滯,452736.0,22118.0,3293.0,18825.0,21984.0,1565.0,20419.0,75766.0,16193.0,17566.0,42007.0,174038.0,27300.0,72492.0,38044.0,36202.0,34408.0,1069.0,33339.0,22472.0,22472.0,73772.0,37777.0,7544.0,15345.0,13106.0,17708.0,7307.0,10401.0,10470.0,10470.0,nan,nan,590.2,333.9,-,-,-,-,-,-,181.7,131.9,38.6,159.3,-,176.7,275.9,182.4
2026-06-26,07:30~08:30,通過量,2992.0,876.0,94.0,782.0,1462.0,704.0,758.0,4957.0,1559.0,1804.0,1594.0,3359.0,347.0,1478.0,695.0,839.0,1470.0,667.0,803.0,769.0,769.0,1829.0,334.0,703.0,249.0,543.0,1444.0,723.0,721.0,740.0,740.0,0.0,0.0,6.1,9.7,-,-,-,-,-,-,-,-,-,-,-,-,-,-
2026-06-26,07:30~08:30,平均停等延滯,151.3,25.2,35.0,24.1,15.0,2.2,26.9,15.3,10.4,9.7,26.4,51.8,78.7,49.0,54.7,43.1,23.4,1.6,41.5,29.2,29.2,40.3,113.1,10.7,61.6,24.1,12.3,10.1,14.4,14.1,14.1,-,-,F,F,-,-,-,-,-,-,-,-,-,-,-,-,-,-
2026-06-26,07:00~09:00,總停等延滯,853396.0,46168.0,9588.0,36580.0,40653.0,2899.0,37754.0,148027.0,28312.0,36872.0,82843.0,321653.0,52218.0,129258.0,72792.0,67385.0,64693.0,1842.0,62851.0,42476.0,42476.0,143122.0,70544.0,14319.0,28464.0,29795.0,29674.0,12515.0,17159.0,16930.0,16930.0,nan,nan,507.4,287.2,-,-,-,-,-,-,156.9,109.1,32.4,142.8,-,145.6,252.0,146.3
2026-06-26,07:00~09:00,通過量,5828.0,1888.0,247.0,1641.0,3026.0,1341.0,1685.0,10090.0,2972.0,3796.0,3322.0,6849.0,619.0,2905.0,1539.0,1786.0,2880.0,1247.0,1633.0,1697.0,1697.0,3616.0,671.0,1253.0,552.0,1140.0,2668.0,1410.0,1258.0,1359.0,1359.0,0.0,0.0,7.1,11.3,-,-,-,-,-,-,-,-,-,-,-,-,-,-
2026-06-26,07:00~09:00,平均停等延滯,146.4,24.5,38.8,22.3,13.4,2.2,22.4,14.7,9.5,9.7,24.9,47.0,84.4,44.5,47.3,37.7,22.5,1.5,38.5,25.0,25.0,39.6,105.1,11.4,51.6,26.1,11.1,8.9,13.6,12.5,12.5,-,-,F,E,-,-,-,-,-,-,-,-,-,-,-,-,-,-
2026-06-26,10:00~12:00,總停等延滯,440329.0,24350.0,15246.0,9104.0,7913.0,4479.0,3434.0,52082.0,31001.0,6632.0,14449.0,188285.0,21128.0,90192.0,46303.0,30662.0,19997.0,2013.0,17984.0,15028.0,15028.0,91653.0,37423.0,20699.0,11064.0,22467.0,32479.0,13591.0,18888.0,8542.0,8542.0,nan,nan,253.8,230.0,-,-,-,-,-,-,78.5,32.1,27.6,92.1,-,138.0,189.0,32.0
2026-06-26,10:00~12:00,通過量,6022.0,1807.0,281.0,1526.0,3174.0,1676.0,1498.0,9283.0,3374.0,3062.0,2847.0,6581.0,500.0,2940.0,1803.0,1338.0,2745.0,1503.0,1242.0,1320.0,1320.0,3423.0,602.0,1499.0,344.0,978.0,3322.0,1681.0,1641.0,1332.0,1332.0,0.0,0.0,14.3,14.1,-,-,-,-,-,-,-,-,-,-,-,-,-,-
2026-06-26,10:00~12:00,平均停等延滯,73.1,13.5,54.3,6.0,2.5,2.7,2.3,5.6,9.2,2.2,5.1,28.6,42.3,30.7,25.7,22.9,7.3,1.3,14.5,11.4,11.4,26.8,62.2,13.8,32.2,23.0,9.8,8.1,11.5,6.4,6.4,-,-,E,E,-,-,-,-,-,-,-,-,-,-,-,-,-,-
2026-06-26,11:00~12:00,總停等延滯,226657.0,13109.0,8257.0,4852.0,4213.0,2698.0,1515.0,24033.0,16596.0,2775.0,4662.0,93284.0,11121.0,48986.0,20815.0,12362.0,7963.0,1099.0,6864.0,8530.0,8530.0,52487.0,21293.0,13300.0,6528.0,11366.0,18107.0,7277.0,10830.0,4931.0,4931.0,nan,nan,251.7,231.1,-,-,-,-,-,-,85.2,31.0,29.4,102.3,-,128.8,191.5,27.7
2026-06-26,11:00~12:00,通過量,3030.0,865.0,138.0,727.0,1583.0,856.0,727.0,4530.0,1764.0,1448.0,1318.0,3380.0,255.0,1599.0,896.0,630.0,1399.0,787.0,612.0,682.0,682.0,1756.0,314.0,761.0,186.0,495.0,1692.0,906.0,786.0,621.0,621.0,0.0,0.0,14.4,14.0,-,-,-,-,-,-,-,-,-,-,-,-,-,-
2026-06-26,11:00~12:00,平均停等延滯,74.8,15.2,59.8,6.7,2.7,3.2,2.1,5.3,9.4,1.9,3.5,27.6,43.6,30.6,23.2,19.6,5.7,1.4,11.2,12.5,12.5,29.9,67.8,17.5,35.1,23.0,10.7,8.0,13.8,7.9,7.9,-,-,E,E,-,-,-,-,-,-,-,-,-,-,-,-,-,-
2026-06-26,12:00~14:00,總停等延滯,482567.0,23500.0,15956.0,7544.0,10925.0,7360.0,3565.0,56998.0,36170.0,6872.0,13956.0,211550.0,21489.0,107448.0,48923.0,33690.0,23847.0,2079.0,21768.0,17639.0,17639.0,87886.0,36762.0,23493.0,9557.0,18074.0,39246.0,17488.0,21758.0,10976.0,10976.0,nan,nan,262.4,275.8,-,-,-,-,-,-,57.4,22.2,80.2,123.2,-,152.6,200.9,37.8
2026-06-26,12:00~14:00,通過量,6138.0,1981.0,306.0,1675.0,3387.0,1663.0,1724.0,9577.0,3376.0,3229.0,2972.0,6580.0,485.0,2786.0,1912.0,1397.0,2749.0,1456.0,1293.0,1425.0,1425.0,3424.0,622.0,1460.0,320.0,1022.0,3419.0,1699.0,1720.0,1283.0,1283.0,0.0,0.0,13.8,11.7,-,-,-,-,-,-,-,-,-,-,-,-,-,-
2026-06-26,12:00~14:00,平均停等延滯,78.6,11.9,52.1,4.5,3.2,4.4,2.1,6.0,10.7,2.1,4.7,32.2,44.3,38.6,25.6,24.1,8.7,1.4,16.8,12.4,12.4,25.7,59.1,16.1,29.9,17.7,11.5,10.3,12.6,8.6,8.6,-,-,E,E,-,-,-,-,-,-,-,-,-,-,-,-,-,-
2026-06-26,16:30~18:30,總停等延滯,730080.0,30383.0,18409.0,11974.0,38325.0,33166.0,5159.0,90036.0,48750.0,13401.0,27885.0,304464.0,36978.0,153432.0,66048.0,48006.0,35352.0,3396.0,31956.0,20180.0,20180.0,159400.0,64039.0,51530.0,21080.0,22751.0,37877.0,15348.0,22529.0,14063.0,14063.0,nan,nan,219.2,265.2,-,-,-,-,-,-,54.2,24.1,33.6,105.4,-,159.8,150.2,44.9
2026-06-26,16:30~18:30,通過量,6925.0,2074.0,314.0,1760.0,3806.0,1981.0,1825.0,10761.0,4171.0,3511.0,3079.0,7751.0,576.0,3829.0,1952.0,1394.0,3368.0,2094.0,1274.0,1343.0,1343.0,4345.0,902.0,2055.0,465.0,923.0,3718.0,1954.0,1764.0,1309.0,1309.0,0.0,0.0,16.5,12.2,-,-,-,-,-,-,-,-,-,-,-,-,-,-
2026-06-26,16:30~18:30,平均停等延滯,105.4,14.6,58.6,6.8,10.1,16.7,2.8,8.4,11.7,3.8,9.1,39.3,64.2,40.1,33.8,34.4,10.5,1.6,25.1,15.0,15.0,36.7,71.0,25.1,45.3,24.6,10.2,7.9,12.8,10.7,10.7,-,-,E,E,-,-,-,-,-,-,-,-,-,-,-,-,-,-
2026-06-26,17:00~19:00,總停等延滯,673073.0,28653.0,18364.0,10289.0,34761.0,30592.0,4169.0,84798.0,48328.0,11804.0,24666.0,290123.0,35738.0,152489.0,55176.0,46720.0,28829.0,3297.0,25532.0,19025.0,19025.0,138418.0,54742.0,45135.0,18241.0,20300.0,36639.0,14585.0,22054.0,11827.0,11827.0,nan,nan,193.1,216.2,-,-,-,-,-,-,67.7,23.1,33.1,99.6,-,116.6,127.8,42.3
2026-06-26,17:00~19:00,通過量,6387.0,1949.0,297.0,1652.0,3673.0,1975.0,1698.0,10287.0,4241.0,3236.0,2810.0,7482.0,538.0,3868.0,1724.0,1352.0,3267.0,2047.0,1220.0,1303.0,1303.0,3823.0,769.0,1822.0,410.0,822.0,3516.0,1940.0,1576.0,1156.0,1156.0,0.0,0.0,18.7,15.0,-,-,-,-,-,-,-,-,-,-,-,-,-,-
2026-06-26,17:00~19:00,平均停等延滯,105.4,14.7,61.8,6.2,9.5,15.5,2.5,8.2,11.4,3.6,8.8,38.8,66.4,39.4,32.0,34.6,8.8,1.6,20.9,14.6,14.6,36.2,71.2,24.8,44.5,24.7,10.4,7.5,14.0,10.2,10.2,-,-,E,E,-,-,-,-,-,-,-,-,-,-,-,-,-,-
2026-06-26,16:30~17:30,總停等延滯,361539.0,15924.0,9036.0,6888.0,22113.0,19037.0,3076.0,42870.0,23975.0,5765.0,13130.0,150009.0,17828.0,71636.0,36402.0,24143.0,18285.0,1907.0,16378.0,9833.0,9833.0,75594.0,29749.0,23196.0,10253.0,12396.0,19454.0,8522.0,10932.0,7457.0,7457.0,nan,nan,251.0,328.4,-,-,-,-,-,-,56.3,23.6,32.3,101.7,-,226.7,177.9,49.5
2026-06-26,16:30~17:30,通過量,3579.0,1108.0,174.0,934.0,1975.0,1016.0,959.0,5576.0,2060.0,1862.0,1654.0,3897.0,291.0,1754.0,1093.0,759.0,1715.0,1024.0,691.0,688.0,688.0,2159.0,403.0,1000.0,239.0,517.0,1892.0,953.0,939.0,716.0,716.0,0.0,0.0,14.4,9.9,-,-,-,-,-,-,-,-,-,-,-,-,-,-
2026-06-26,16:30~17:30,平均停等延滯,101.0,14.4,51.9,7.4,11.2,18.7,3.2,7.7,11.6,3.1,7.9,38.5,61.3,40.8,33.3,31.8,10.7,1.9,23.7,14.3,14.3,35.0,73.8,23.2,42.9,24.0,10.3,8.9,11.6,10.4,10.4,-,-,E,F,-,-,-,-,-,-,-,-,-,-,-,-,-,-
2026-06-26,17:30~18:30,總停等延滯,368541.0,14459.0,9373.0,5086.0,16212.0,14129.0,2083.0,47166.0,24775.0,7636.0,14755.0,154455.0,19150.0,81796.0,29646.0,23863.0,17067.0,1489.0,15578.0,10347.0,10347.0,83806.0,34290.0,28334.0,10827.0,10355.0,18423.0,6826.0,11597.0,6606.0,6606.0,nan,nan,187.3,202.1,-,-,-,-,-,-,52.1,24.5,35.0,109.2,-,92.9,122.5,40.4
2026-06-26,17:30~18:30,通過量,3346.0,966.0,140.0,826.0,1831.0,965.0,866.0,5185.0,2111.0,1649.0,1425.0,3854.0,285.0,2075.0,859.0,635.0,1653.0,1070.0,583.0,655.0,655.0,2186.0,499.0,1055.0,226.0,406.0,1826.0,1001.0,825.0,593.0,593.0,0.0,0.0,19.3,16.0,-,-,-,-,-,-,-,-,-,-,-,-,-,-
2026-06-26,17:30~18:30,平均停等延滯,110.1,15.0,67.0,6.2,8.9,14.6,2.4,9.1,11.7,4.6,10.4,40.1,67.2,39.4,34.5,37.6,10.3,1.4,26.7,15.8,15.8,38.3,68.7,26.9,47.9,25.5,10.1,6.8,14.1,11.1,11.1,-,-,E,E,-,-,-,-,-,-,-,-,-,-,-,-,-,-
2026-06-27,06:30~20:30,總停等延滯,3200637.0,138709.0,89016.0,49693.0,71793.0,46419.0,25374.0,372973.0,233375.0,42992.0,96606.0,1444191.0,131180.0,693921.0,297147.0,321943.0,183910.0,11328.0,172582.0,93320.0,93320.0,605672.0,220585.0,174378.0,63973.0,146736.0,218284.0,92770.0,125514.0,71785.0,71785.0,nan,nan,210.2,208.2,-,-,-,-,-,-,90.6,25.4,42.7,85.1,-,123.0,141.5,43.3
2026-06-27,06:30~20:30,通過量,39303.0,12183.0,1985.0,10198.0,21890.0,10675.0,11215.0,61816.0,21839.0,20736.0,19241.0,44051.0,2590.0,20411.0,11368.0,9682.0,19030.0,10035.0,8995.0,9130.0,9130.0,23343.0,4007.0,10056.0,2112.0,7168.0,21887.0,11121.0,10766.0,8674.0,8674.0,0.0,0.0,17.2,15.6,-,-,-,-,-,-,-,-,-,-,-,-,-,-
2026-06-27,06:30~20:30,平均停等延滯,81.4,11.4,44.8,4.9,3.3,4.3,2.3,6.0,10.7,2.1,5.0,32.8,50.6,34.0,26.1,33.3,9.7,1.1,19.2,10.2,10.2,25.9,55.0,17.3,30.3,20.5,10.0,8.3,11.7,8.3,8.3,-,-,E,E,-,-,-,-,-,-,-,-,-,-,-,-,-,-
2026-06-27,07:00~21:00,總停等延滯,3216367.0,139973.0,90666.0,49307.0,71901.0,46475.0,25426.0,373084.0,235870.0,42233.0,94981.0,1450455.0,130875.0,700769.0,295286.0,323525.0,184719.0,11226.0,173493.0,91388.0,91388.0,612547.0,223023.0,179123.0,63815.0,146586.0,221075.0,96691.0,124384.0,71225.0,71225.0,nan,nan,209.1,209.8,-,-,-,-,-,-,93.3,25.2,42.8,85.7,-,124.0,140.4,43.5
2026-06-27,07:00~21:00,通過量,39337.0,12126.0,2012.0,10114.0,21878.0,10681.0,11197.0,62027.0,22141.0,20701.0,19185.0,44272.0,2573.0,20670.0,11337.0,9692.0,19193.0,10196.0,8997.0,9114.0,9114.0,23479.0,4049.0,10173.0,2106.0,7151.0,22004.0,11239.0,10765.0,8686.0,8686.0,0.0,0.0,17.3,15.4,-,-,-,-,-,-,-,-,-,-,-,-,-,-
2026-06-27,07:00~21:00,平均停等延滯,81.8,11.5,45.1,4.9,3.3,4.4,2.3,6.0,10.7,2.0,5.0,32.8,50.9,33.9,26.0,33.4,9.6,1.1,19.3,10.0,10.0,26.1,55.1,17.6,30.3,20.5,10.0,8.6,11.6,8.2,8.2,-,-,E,E,-,-,-,-,-,-,-,-,-,-,-,-,-,-
2026-06-27,06:30~08:30,總停等延滯,279360.0,9668.0,5124.0,4544.0,3357.0,1542.0,1815.0,39535.0,19996.0,6015.0,13524.0,109897.0,13091.0,32724.0,26796.0,37286.0,16217.0,811.0,15406.0,12788.0,12788.0,55000.0,20914.0,8967.0,5484.0,19635.0,24170.0,8571.0,15599.0,8728.0,8728.0,nan,nan,204.0,171.8,-,-,-,-,-,-,58.3,24.0,23.0,63.8,-,107.6,147.4,32.7
2026-06-27,06:30~08:30,通過量,4318.0,1550.0,186.0,1364.0,2351.0,945.0,1406.0,7154.0,1980.0,2681.0,2493.0,4783.0,318.0,1861.0,1370.0,1234.0,1999.0,783.0,1216.0,1229.0,1229.0,2407.0,419.0,797.0,234.0,957.0,2365.0,1106.0,1259.0,1071.0,1071.0,0.0,0.0,17.7,18.9,-,-,-,-,-,-,-,-,-,-,-,-,-,-
2026-06-27,06:30~08:30,平均停等延滯,64.7,6.2,27.5,3.3,1.4,1.6,1.3,5.5,10.1,2.2,5.4,23.0,41.2,17.6,19.6,30.2,8.1,1.0,12.7,10.4,10.4,22.9,49.9,11.3,23.4,20.5,10.2,7.7,12.4,8.1,8.1,-,-,E,E,-,-,-,-,-,-,-,-,-,-,-,-,-,-
2026-06-27,06:30~07:30,總停等延滯,114414.0,3948.0,1844.0,2104.0,1966.0,835.0,1131.0,15368.0,8308.0,2542.0,4518.0,42875.0,4483.0,12334.0,10713.0,15345.0,2962.0,321.0,2641.0,6475.0,6475.0,25935.0,8627.0,3644.0,2663.0,11001.0,10229.0,3682.0,6547.0,4656.0,4656.0,nan,nan,203.2,185.7,-,-,-,-,-,-,53.2,24.3,23.5,60.8,-,124.9,148.5,30.4
2026-06-27,06:30~07:30,通過量,1960.0,711.0,80.0,631.0,1049.0,409.0,640.0,3233.0,870.0,1207.0,1156.0,2200.0,149.0,834.0,623.0,594.0,887.0,304.0,583.0,586.0,586.0,1053.0,181.0,309.0,105.0,458.0,1107.0,529.0,578.0,512.0,512.0,0.0,0.0,17.8,17.4,-,-,-,-,-,-,-,-,-,-,-,-,-,-
2026-06-27,06:30~07:30,平均停等延滯,58.4,5.6,23.0,3.3,1.9,2.0,1.8,4.8,9.5,2.1,3.9,19.5,30.1,14.8,17.2,25.8,3.3,1.1,4.5,11.0,11.0,24.6,47.7,11.8,25.4,24.0,9.2,7.0,11.3,9.1,9.1,-,-,E,E,-,-,-,-,-,-,-,-,-,-,-,-,-,-
2026-06-27,07:30~08:30,總停等延滯,164946.0,5720.0,3280.0,2440.0,1391.0,707.0,684.0,24167.0,11688.0,3473.0,9006.0,67022.0,8608.0,20390.0,16083.0,21941.0,13255.0,490.0,12765.0,6313.0,6313.0,29065.0,12287.0,5323.0,2821.0,8634.0,13941.0,4889.0,9052.0,4072.0,4072.0,nan,nan,204.9,157.7,-,-,-,-,-,-,63.1,23.7,22.6,66.9,-,90.4,146.2,35.0
2026-06-27,07:30~08:30,通過量,2358.0,839.0,106.0,733.0,1302.0,536.0,766.0,3921.0,1110.0,1474.0,1337.0,2583.0,169.0,1027.0,747.0,640.0,1112.0,479.0,633.0,643.0,643.0,1354.0,238.0,488.0,129.0,499.0,1258.0,577.0,681.0,559.0,559.0,0.0,0.0,17.7,20.5,-,-,-,-,-,-,-,-,-,-,-,-,-,-
2026-06-27,07:30~08:30,平均停等延滯,70.0,6.8,30.9,3.3,1.1,1.3,0.9,6.2,10.5,2.4,6.7,25.9,50.9,19.9,21.5,34.3,11.9,1.0,20.2,9.8,9.8,21.5,51.6,10.9,21.9,17.3,11.1,8.5,13.3,7.3,7.3,-,-,E,D,-,-,-,-,-,-,-,-,-,-,-,-,-,-
2026-06-27,07:00~09:00,總停等延滯,334000.0,12094.0,6605.0,5489.0,4746.0,1778.0,2968.0,43669.0,21854.0,6710.0,15105.0,138787.0,13640.0,50312.0,35124.0,39711.0,19263.0,883.0,18380.0,13475.0,13475.0,67147.0,25607.0,11699.0,7131.0,22710.0,23753.0,7686.0,16067.0,11066.0,11066.0,nan,nan,205.7,183.3,-,-,-,-,-,-,78.1,23.4,22.6,71.5,-,111.4,145.6,36.6
2026-06-27,07:00~09:00,通過量,4741.0,1689.0,211.0,1478.0,2530.0,1046.0,1484.0,7653.0,2159.0,2835.0,2659.0,5193.0,326.0,2087.0,1471.0,1309.0,2202.0,944.0,1258.0,1300.0,1300.0,2742.0,511.0,963.0,257.0,1011.0,2553.0,1174.0,1379.0,1153.0,1153.0,0.0,0.0,17.6,17.7,-,-,-,-,-,-,-,-,-,-,-,-,-,-
2026-06-27,07:00~09:00,平均停等延滯,70.4,7.2,31.3,3.7,1.9,1.7,2.0,5.7,10.1,2.4,5.7,26.7,41.8,24.1,23.9,30.3,8.7,0.9,14.6,10.4,10.4,24.5,50.1,12.1,27.7,22.5,9.3,6.5,11.7,9.6,9.6,-,-,E,E,-,-,-,-,-,-,-,-,-,-,-,-,-,-
2026-06-27,10:00~12:00,總停等延滯,539876.0,25854.0,14701.0,11153.0,8181.0,3358.0,4823.0,66495.0,34731.0,7416.0,24348.0,243454.0,24882.0,110710.0,55887.0,51975.0,36589.0,1793.0,34796.0,16126.0,16126.0,97921.0,40052.0,26710.0,10325.0,20834.0,35897.0,12809.0,23088.0,9359.0,9359.0,nan,nan,204.3,206.8,-,-,-,-,-,-,91.2,20.3,117.0,99.3,-,107.5,144.7,39.3
2026-06-27,10:00~12:00,通過量,5974.0,2069.0,311.0,1758.0,3235.0,1466.0,1769.0,9653.0,3136.0,3408.0,3109.0,6756.0,408.0,2871.0,1890.0,1587.0,2977.0,1508.0,1469.0,1516.0,1516.0,3576.0,637.0,1496.0,343.0,1100.0,3273.0,1564.0,1709.0,1276.0,1276.0,0.0,0.0,17.7,15.7,-,-,-,-,-,-,-,-,-,-,-,-,-,-
2026-06-27,10:00~12:00,平均停等延滯,90.4,12.5,47.3,6.3,2.5,2.3,2.7,6.9,11.1,2.2,7.8,36.0,61.0,38.6,29.6,32.8,12.3,1.2,23.7,10.6,10.6,27.4,62.9,17.9,30.1,18.9,11.0,8.2,13.5,7.3,7.3,-,-,E,E,-,-,-,-,-,-,-,-,-,-,-,-,-,-
2026-06-27,11:00~12:00,總停等延滯,265746.0,11856.0,6928.0,4928.0,4797.0,1921.0,2876.0,33526.0,18063.0,4030.0,11433.0,117714.0,10090.0,54007.0,29058.0,24559.0,15488.0,1160.0,14328.0,7832.0,7832.0,52186.0,21712.0,14894.0,4949.0,10631.0,17021.0,6998.0,10023.0,5326.0,5326.0,nan,nan,207.0,180.3,-,-,-,-,-,-,113.6,19.5,187.9,92.2,-,88.1,145.0,42.5
2026-06-27,11:00~12:00,通過量,2920.0,1048.0,144.0,904.0,1619.0,730.0,889.0,4738.0,1591.0,1639.0,1508.0,3383.0,193.0,1466.0,959.0,765.0,1531.0,819.0,712.0,767.0,767.0,1847.0,329.0,816.0,157.0,545.0,1600.0,778.0,822.0,608.0,608.0,0.0,0.0,17.5,18.0,-,-,-,-,-,-,-,-,-,-,-,-,-,-
2026-06-27,11:00~12:00,平均停等延滯,91.0,11.3,48.1,5.5,3.0,2.6,3.2,7.1,11.4,2.5,7.6,34.8,52.3,36.8,30.3,32.1,10.1,1.4,20.1,10.2,10.2,28.3,66.0,18.3,31.5,19.5,10.6,9.0,12.2,8.8,8.8,-,-,E,E,-,-,-,-,-,-,-,-,-,-,-,-,-,-
2026-06-27,12:00~14:00,總停等延滯,473342.0,23149.0,13452.0,9697.0,9736.0,5136.0,4600.0,50927.0,34348.0,5716.0,10863.0,227971.0,16111.0,117714.0,48096.0,46050.0,22097.0,1492.0,20605.0,14246.0,14246.0,85818.0,35911.0,16624.0,11625.0,21658.0,26053.0,10548.0,15505.0,13345.0,13345.0,nan,nan,181.4,234.2,-,-,-,-,-,-,127.8,20.1,26.2,91.9,-,142.2,123.5,37.9
2026-06-27,12:00~14:00,通過量,6143.0,1974.0,296.0,1678.0,3458.0,1734.0,1724.0,9266.0,3286.0,3071.0,2909.0,6642.0,394.0,3067.0,1688.0,1493.0,2860.0,1478.0,1382.0,1364.0,1364.0,3487.0,641.0,1438.0,314.0,1094.0,3470.0,1800.0,1670.0,1363.0,1363.0,0.0,0.0,19.9,13.8,-,-,-,-,-,-,-,-,-,-,-,-,-,-
2026-06-27,12:00~14:00,平均停等延滯,77.1,11.7,45.4,5.8,2.8,3.0,2.7,5.5,10.5,1.9,3.7,34.3,40.9,38.4,28.5,30.8,7.7,1.0,14.9,10.4,10.4,24.6,56.0,11.6,37.0,19.8,7.5,5.9,9.3,9.8,9.8,-,-,E,E,-,-,-,-,-,-,-,-,-,-,-,-,-,-
2026-06-27,16:30~18:30,總停等延滯,580433.0,24298.0,17462.0,6836.0,23004.0,17672.0,5332.0,68111.0,44452.0,8825.0,14834.0,273055.0,25877.0,145708.0,47472.0,53998.0,27564.0,2236.0,25328.0,12004.0,12004.0,104206.0,37564.0,38345.0,10952.0,17345.0,41290.0,19543.0,21747.0,6901.0,6901.0,nan,nan,288.8,200.1,-,-,-,-,-,-,113.5,22.3,28.6,91.9,-,108.2,204.3,62.2
2026-06-27,16:30~18:30,通過量,6404.0,1415.0,320.0,1095.0,3775.0,2033.0,1742.0,9760.0,3911.0,3058.0,2791.0,7194.0,406.0,3711.0,1718.0,1359.0,3166.0,1939.0,1227.0,1256.0,1256.0,3824.0,628.0,1866.0,383.0,947.0,3594.0,1907.0,1687.0,1254.0,1254.0,0.0,0.0,12.5,16.2,-,-,-,-,-,-,-,-,-,-,-,-,-,-
2026-06-27,16:30~18:30,平均停等延滯,90.6,17.2,54.6,6.2,6.1,8.7,3.1,7.0,11.4,2.9,5.3,38.0,63.7,39.3,27.6,39.7,8.7,1.2,20.6,9.6,9.6,27.3,59.8,20.5,28.6,18.3,11.5,10.2,12.9,5.5,5.5,-,-,E,E,-,-,-,-,-,-,-,-,-,-,-,-,-,-
2026-06-27,17:00~19:00,總停等延滯,527153.0,21435.0,14510.0,6925.0,20175.0,15879.0,4296.0,60788.0,43143.0,5574.0,12071.0,245327.0,20984.0,136400.0,38619.0,49324.0,25167.0,1817.0,23350.0,11639.0,11639.0,99459.0,34620.0,34492.0,10748.0,19599.0,35576.0,17681.0,17895.0,7587.0,7587.0,nan,nan,277.9,196.3,-,-,-,-,-,-,118.8,19.9,26.8,88.8,-,107.5,197.6,60.4
2026-06-27,17:00~19:00,通過量,5909.0,1618.0,285.0,1333.0,3528.0,1947.0,1581.0,9146.0,3794.0,2780.0,2572.0,6839.0,357.0,3651.0,1510.0,1321.0,2958.0,1795.0,1163.0,1186.0,1186.0,3595.0,610.0,1742.0,315.0,928.0,3310.0,1843.0,1467.0,1107.0,1107.0,0.0,0.0,13.0,16.5,-,-,-,-,-,-,-,-,-,-,-,-,-,-
2026-06-27,17:00~19:00,平均停等延滯,89.2,13.2,50.9,5.2,5.7,8.2,2.7,6.6,11.4,2.0,4.7,35.9,58.8,37.4,25.6,37.3,8.5,1.0,20.1,9.8,9.8,27.7,56.8,19.8,34.1,21.1,10.7,9.6,12.2,6.9,6.9,-,-,E,E,-,-,-,-,-,-,-,-,-,-,-,-,-,-
2026-06-27,16:30~17:30,總停等延滯,316061.0,12207.0,9424.0,2783.0,10694.0,7877.0,2817.0,37142.0,22770.0,6135.0,8237.0,145220.0,16210.0,73867.0,28227.0,26916.0,16927.0,1356.0,15571.0,7585.0,7585.0,58315.0,20529.0,22582.0,6160.0,9044.0,22692.0,9119.0,13573.0,5279.0,5279.0,nan,nan,311.2,201.2,-,-,-,-,-,-,61.4,24.3,31.1,90.0,-,111.2,251.6,35.3
2026-06-27,16:30~17:30,通過量,3416.0,521.0,170.0,351.0,1959.0,1033.0,926.0,5180.0,2025.0,1662.0,1493.0,3771.0,224.0,1893.0,953.0,701.0,1655.0,1002.0,653.0,670.0,670.0,2034.0,352.0,980.0,212.0,490.0,1903.0,968.0,935.0,679.0,679.0,0.0,0.0,11.6,16.1,-,-,-,-,-,-,-,-,-,-,-,-,-,-
2026-06-27,16:30~17:30,平均停等延滯,92.5,23.4,55.4,7.9,5.5,7.6,3.0,7.2,11.2,3.7,5.5,38.5,72.4,39.0,29.6,38.4,10.2,1.4,23.8,11.3,11.3,28.7,58.3,23.0,29.1,18.5,11.9,9.4,14.5,7.8,7.8,-,-,E,E,-,-,-,-,-,-,-,-,-,-,-,-,-,-
2026-06-27,17:30~18:30,總停等延滯,264372.0,12091.0,8038.0,4053.0,12310.0,9795.0,2515.0,30969.0,21682.0,2690.0,6597.0,127835.0,9667.0,71841.0,19245.0,27082.0,10637.0,880.0,9757.0,4419.0,4419.0,45891.0,17035.0,15763.0,4792.0,8301.0,18598.0,10424.0,8174.0,1622.0,1622.0,nan,nan,266.4,199.0,-,-,-,-,-,-,165.6,20.2,26.3,93.8,-,105.2,157.1,89.1
2026-06-27,17:30~18:30,通過量,2988.0,894.0,150.0,744.0,1816.0,1000.0,816.0,4580.0,1886.0,1396.0,1298.0,3423.0,182.0,1818.0,765.0,658.0,1511.0,937.0,574.0,586.0,586.0,1790.0,276.0,886.0,171.0,457.0,1691.0,939.0,752.0,575.0,575.0,0.0,0.0,13.6,16.3,-,-,-,-,-,-,-,-,-,-,-,-,-,-
2026-06-27,17:30~18:30,平均停等延滯,88.5,13.5,53.6,5.4,6.8,9.8,3.1,6.8,11.5,1.9,5.1,37.3,53.1,39.5,25.2,41.2,7.0,0.9,17.0,7.5,7.5,25.6,61.7,17.8,28.0,18.2,11.0,11.1,10.9,2.8,2.8,-,-,E,E,-,-,-,-,-,-,-,-,-,-,-,-,-,-
2026-06-28,06:30~20:30,總停等延滯,2455791.0,105950.0,68705.0,37245.0,38493.0,18606.0,19887.0,295143.0,216619.0,27001.0,51523.0,1087651.0,85649.0,540856.0,203609.0,257537.0,90181.0,10216.0,79965.0,89844.0,89844.0,510820.0,168073.0,144301.0,52223.0,146223.0,167240.0,70269.0,96971.0,70469.0,70469.0,nan,nan,194.3,199.1,-,-,-,-,-,-,81.9,19.4,37.9,75.0,-,124.0,127.7,47.1
2026-06-28,06:30~20:30,通過量,33244.0,11280.0,1736.0,9544.0,18698.0,9203.0,9495.0,54079.0,19532.0,17976.0,16571.0,38386.0,2012.0,18330.0,9333.0,8711.0,16698.0,8681.0,8017.0,8402.0,8402.0,20032.0,3201.0,8680.0,1694.0,6457.0,18447.0,9506.0,8941.0,7363.0,7363.0,0.0,0.0,18.6,16.3,-,-,-,-,-,-,-,-,-,-,-,-,-,-
2026-06-28,06:30~20:30,平均停等延滯,73.9,9.4,39.6,3.9,2.1,2.0,2.1,5.5,11.1,1.5,3.1,28.3,42.6,29.5,21.8,29.6,5.4,1.2,10.0,10.7,10.7,25.5,52.5,16.6,30.8,22.6,9.1,7.4,10.8,9.6,9.6,-,-,E,E,-,-,-,-,-,-,-,-,-,-,-,-,-,-
2026-06-28,07:00~21:00,總停等延滯,2501573.0,107252.0,69433.0,37819.0,39405.0,19272.0,20133.0,300863.0,222476.0,26609.0,51778.0,1107168.0,85931.0,554992.0,205732.0,260513.0,91545.0,10619.0,80926.0,90657.0,90657.0,520875.0,171434.0,150228.0,51986.0,147227.0,171808.0,73050.0,98758.0,72000.0,72000.0,nan,nan,193.8,200.2,-,-,-,-,-,-,85.9,19.6,38.1,76.0,-,124.3,128.3,45.9
2026-06-28,07:00~21:00,通過量,33668.0,11318.0,1755.0,9563.0,18933.0,9390.0,9543.0,54743.0,20002.0,18071.0,16670.0,39061.0,2012.0,18842.0,9441.0,8766.0,16963.0,8904.0,8059.0,8466.0,8466.0,20378.0,3262.0,8921.0,1685.0,6510.0,18759.0,9705.0,9054.0,7495.0,7495.0,0.0,0.0,18.7,16.2,-,-,-,-,-,-,-,-,-,-,-,-,-,-
2026-06-28,07:00~21:00,平均停等延滯,74.3,9.5,39.6,4.0,2.1,2.1,2.1,5.5,11.1,1.5,3.1,28.3,42.7,29.5,21.8,29.7,5.4,1.2,10.0,10.7,10.7,25.6,52.6,16.8,30.9,22.6,9.2,7.5,10.9,9.6,9.6,-,-,E,E,-,-,-,-,-,-,-,-,-,-,-,-,-,-
2026-06-28,06:30~08:30,總停等延滯,144786.0,3614.0,2886.0,728.0,1377.0,737.0,640.0,19691.0,12126.0,2558.0,5007.0,48529.0,8654.0,13604.0,8635.0,17636.0,3216.0,643.0,2573.0,10038.0,10038.0,40342.0,11782.0,9555.0,2842.0,16163.0,14612.0,6935.0,7677.0,3367.0,3367.0,nan,nan,219.3,157.9,-,-,-,-,-,-,60.9,17.0,20.4,53.9,-,104.1,166.6,35.7
2026-06-28,06:30~08:30,通過量,2877.0,1095.0,136.0,959.0,1553.0,637.0,916.0,4929.0,1376.0,1875.0,1678.0,3305.0,243.0,1298.0,833.0,931.0,1458.0,592.0,866.0,916.0,916.0,1638.0,278.0,552.0,118.0,690.0,1517.0,742.0,775.0,609.0,609.0,0.0,0.0,16.5,20.5,-,-,-,-,-,-,-,-,-,-,-,-,-,-
2026-06-28,06:30~08:30,平均停等延滯,50.3,3.3,21.2,0.8,0.9,1.2,0.7,4.0,8.8,1.4,3.0,14.7,35.6,10.5,10.4,18.9,2.2,1.1,3.0,11.0,11.0,24.6,42.4,17.3,24.1,23.4,9.6,9.3,9.9,5.5,5.5,-,-,E,D,-,-,-,-,-,-,-,-,-,-,-,-,-,-
2026-06-28,06:30~07:30,總停等延滯,64033.0,1805.0,1309.0,496.0,816.0,501.0,315.0,8170.0,4413.0,1880.0,1877.0,21404.0,4195.0,5898.0,3758.0,7553.0,1224.0,230.0,994.0,4234.0,4234.0,17044.0,5074.0,3130.0,1547.0,7293.0,7615.0,3925.0,3690.0,1721.0,1721.0,nan,nan,192.7,166.3,-,-,-,-,-,-,63.3,16.4,20.7,55.0,-,111.3,131.8,44.4
2026-06-28,06:30~07:30,通過量,1328.0,545.0,59.0,486.0,743.0,276.0,467.0,2315.0,580.0,904.0,831.0,1522.0,113.0,564.0,413.0,432.0,654.0,239.0,415.0,435.0,435.0,741.0,116.0,229.0,63.0,333.0,706.0,338.0,368.0,296.0,296.0,0.0,0.0,18.8,19.5,-,-,-,-,-,-,-,-,-,-,-,-,-,-
2026-06-28,06:30~07:30,平均停等延滯,48.2,3.3,22.2,1.0,1.1,1.8,0.7,3.5,7.6,2.1,2.3,14.1,37.1,10.5,9.1,17.5,1.9,1.0,2.4,9.7,9.7,23.0,43.7,13.7,24.6,21.9,10.8,11.6,10.0,5.8,5.8,-,-,E,E,-,-,-,-,-,-,-,-,-,-,-,-,-,-
2026-06-28,07:30~08:30,總停等延滯,80753.0,1809.0,1577.0,232.0,561.0,236.0,325.0,11521.0,7713.0,678.0,3130.0,27125.0,4459.0,7706.0,4877.0,10083.0,1992.0,413.0,1579.0,5804.0,5804.0,23298.0,6708.0,6425.0,1295.0,8870.0,6997.0,3010.0,3987.0,1646.0,1646.0,nan,nan,245.8,149.8,-,-,-,-,-,-,58.6,17.6,20.1,52.8,-,97.0,201.2,27.0
2026-06-28,07:30~08:30,通過量,1549.0,550.0,77.0,473.0,810.0,361.0,449.0,2614.0,796.0,971.0,847.0,1783.0,130.0,734.0,420.0,499.0,804.0,353.0,451.0,481.0,481.0,897.0,162.0,323.0,55.0,357.0,811.0,404.0,407.0,313.0,313.0,0.0,0.0,14.7,21.6,-,-,-,-,-,-,-,-,-,-,-,-,-,-
2026-06-28,07:30~08:30,平均停等延滯,52.1,3.3,20.5,0.5,0.7,0.7,0.7,4.4,9.7,0.7,3.7,15.2,34.3,10.5,11.6,20.2,2.5,1.2,3.5,12.1,12.1,26.0,41.4,19.9,23.5,24.8,8.6,7.5,9.8,5.3,5.3,-,-,E,D,-,-,-,-,-,-,-,-,-,-,-,-,-,-
2026-06-28,07:00~09:00,總停等延滯,178862.0,4366.0,3314.0,1052.0,1797.0,875.0,922.0,24758.0,15086.0,3633.0,6039.0,60241.0,9502.0,17239.0,11066.0,22434.0,5456.0,760.0,4696.0,11026.0,11026.0,47364.0,15417.0,12702.0,2496.0,16749.0,18894.0,7963.0,10931.0,4960.0,4960.0,nan,nan,227.8,167.4,-,-,-,-,-,-,65.1,19.2,20.6,54.0,-,113.4,180.8,27.8
2026-06-28,07:00~09:00,通過量,3169.0,1157.0,150.0,1007.0,1735.0,734.0,1001.0,5408.0,1556.0,2038.0,1814.0,3613.0,242.0,1447.0,909.0,1015.0,1577.0,663.0,914.0,971.0,971.0,1824.0,337.0,649.0,122.0,716.0,1706.0,838.0,868.0,675.0,675.0,0.0,0.0,15.9,19.4,-,-,-,-,-,-,-,-,-,-,-,-,-,-
2026-06-28,07:00~09:00,平均停等延滯,56.4,3.8,22.1,1.0,1.0,1.2,0.9,4.6,9.7,1.8,3.3,16.7,39.3,11.9,12.2,22.1,3.5,1.1,5.1,11.4,11.4,26.0,45.7,19.6,20.5,23.4,11.1,9.5,12.6,7.3,7.3,-,-,E,E,-,-,-,-,-,-,-,-,-,-,-,-,-,-
2026-06-28,10:00~12:00,總停等延滯,379812.0,17255.0,10084.0,7171.0,6763.0,2480.0,4283.0,44593.0,29895.0,4920.0,9778.0,162385.0,14422.0,67224.0,33401.0,47338.0,22417.0,2002.0,20415.0,12837.0,12837.0,78713.0,29052.0,21833.0,7194.0,20634.0,26062.0,8066.0,17996.0,8787.0,8787.0,nan,nan,234.2,165.0,-,-,-,-,-,-,57.7,22.3,64.5,71.7,-,93.2,135.9,76.0
2026-06-28,10:00~12:00,通過量,5005.0,1794.0,251.0,1543.0,2758.0,1227.0,1531.0,8387.0,2731.0,2943.0,2713.0,5696.0,320.0,2500.0,1536.0,1340.0,2551.0,1290.0,1261.0,1255.0,1255.0,3028.0,528.0,1246.0,279.0,975.0,2718.0,1293.0,1425.0,1113.0,1113.0,0.0,0.0,15.4,19.6,-,-,-,-,-,-,-,-,-,-,-,-,-,-
2026-06-28,10:00~12:00,平均停等延滯,75.9,9.6,40.2,4.6,2.5,2.0,2.8,5.3,10.9,1.7,3.6,28.5,45.1,26.9,21.7,35.3,8.8,1.6,16.2,10.2,10.2,26.0,55.0,17.5,25.8,21.2,9.6,6.2,12.6,7.9,7.9,-,-,E,E,-,-,-,-,-,-,-,-,-,-,-,-,-,-
2026-06-28,11:00~12:00,總停等延滯,199175.0,8703.0,5518.0,3185.0,4240.0,1372.0,2868.0,26047.0,18318.0,3309.0,4420.0,82464.0,7538.0,35273.0,16222.0,23431.0,13827.0,1428.0,12399.0,5079.0,5079.0,41215.0,13978.0,14891.0,2982.0,9364.0,14397.0,5317.0,9080.0,3203.0,3203.0,nan,nan,232.8,180.4,-,-,-,-,-,-,53.9,23.6,27.2,74.3,-,106.0,124.7,84.5
2026-06-28,11:00~12:00,通過量,2553.0,915.0,136.0,779.0,1407.0,635.0,772.0,4256.0,1459.0,1449.0,1348.0,2959.0,156.0,1384.0,776.0,643.0,1328.0,702.0,626.0,625.0,625.0,1578.0,253.0,696.0,139.0,490.0,1471.0,727.0,744.0,547.0,547.0,0.0,0.0,15.5,18.0,-,-,-,-,-,-,-,-,-,-,-,-,-,-
2026-06-28,11:00~12:00,平均停等延滯,78.0,9.5,40.6,4.1,3.0,2.2,3.7,6.1,12.6,2.3,3.3,27.9,48.3,25.5,20.9,36.4,10.4,2.0,19.8,8.1,8.1,26.1,55.2,21.4,21.5,19.1,9.8,7.3,12.2,5.9,5.9,-,-,E,E,-,-,-,-,-,-,-,-,-,-,-,-,-,-
2026-06-28,12:00~14:00,總停等延滯,377516.0,19238.0,12492.0,6746.0,6238.0,2747.0,3491.0,41329.0,28797.0,3914.0,8618.0,171959.0,12443.0,78548.0,37610.0,43358.0,18667.0,1672.0,16995.0,12996.0,12996.0,75799.0,26163.0,17957.0,8783.0,22896.0,21398.0,6720.0,14678.0,9892.0,9892.0,nan,nan,175.1,232.7,-,-,-,-,-,-,102.9,21.0,23.2,73.6,-,159.1,116.6,37.5
2026-06-28,12:00~14:00,通過量,5131.0,1776.0,324.0,1452.0,2866.0,1383.0,1483.0,8221.0,2855.0,2780.0,2586.0,5854.0,300.0,2750.0,1424.0,1380.0,2599.0,1309.0,1290.0,1308.0,1308.0,3003.0,486.0,1261.0,239.0,1017.0,2723.0,1341.0,1382.0,1182.0,1182.0,0.0,0.0,20.7,13.9,-,-,-,-,-,-,-,-,-,-,-,-,-,-
2026-06-28,12:00~14:00,平均停等延滯,73.6,10.8,38.6,4.6,2.2,2.0,2.4,5.0,10.1,1.4,3.3,29.4,41.5,28.6,26.4,31.4,7.2,1.3,13.2,9.9,9.9,25.2,53.8,14.2,36.7,22.5,7.9,5.0,10.6,8.4,8.4,-,-,D,E,-,-,-,-,-,-,-,-,-,-,-,-,-,-
2026-06-28,16:30~18:30,總停等延滯,460872.0,21653.0,13608.0,8045.0,8466.0,5208.0,3258.0,57910.0,47250.0,4033.0,6627.0,219633.0,14952.0,133714.0,34458.0,36509.0,11327.0,1749.0,9578.0,12304.0,12304.0,92638.0,28141.0,34203.0,9702.0,20592.0,27983.0,14311.0,13672.0,8958.0,8958.0,nan,nan,154.7,216.8,-,-,-,-,-,-,88.4,19.0,29.0,94.0,-,122.8,104.3,31.4
2026-06-28,16:30~18:30,通過量,5495.0,1736.0,290.0,1446.0,3162.0,1755.0,1407.0,8620.0,3708.0,2553.0,2359.0,6456.0,292.0,3556.0,1414.0,1194.0,2757.0,1663.0,1094.0,1155.0,1155.0,3455.0,525.0,1683.0,342.0,905.0,3142.0,1756.0,1386.0,1132.0,1132.0,0.0,0.0,23.4,14.9,-,-,-,-,-,-,-,-,-,-,-,-,-,-
2026-06-28,16:30~18:30,平均停等延滯,83.9,12.5,46.9,5.6,2.7,3.0,2.3,6.7,12.7,1.6,2.8,34.0,51.2,37.6,24.4,30.6,4.1,1.1,8.8,10.7,10.7,26.8,53.6,20.3,28.4,22.8,8.9,8.1,9.9,7.9,7.9,-,-,D,E,-,-,-,-,-,-,-,-,-,-,-,-,-,-
2026-06-28,17:00~19:00,總停等延滯,415284.0,17640.0,12254.0,5386.0,6945.0,4489.0,2456.0,53995.0,43889.0,3041.0,7065.0,197166.0,14116.0,119351.0,30920.0,32779.0,9097.0,1576.0,7521.0,11956.0,11956.0,83013.0,24754.0,32215.0,7589.0,18455.0,27017.0,13953.0,13064.0,8455.0,8455.0,nan,nan,160.9,232.9,-,-,-,-,-,-,94.1,18.7,29.8,88.7,-,144.2,112.3,29.9
2026-06-28,17:00~19:00,通過量,5087.0,1603.0,266.0,1337.0,2949.0,1684.0,1265.0,8013.0,3500.0,2357.0,2156.0,5800.0,266.0,3139.0,1301.0,1094.0,2562.0,1546.0,1016.0,1092.0,1092.0,3221.0,471.0,1605.0,318.0,827.0,2953.0,1698.0,1255.0,1067.0,1067.0,0.0,0.0,22.5,13.9,-,-,-,-,-,-,-,-,-,-,-,-,-,-
2026-06-28,17:00~19:00,平均停等延滯,81.6,11.0,46.1,4.0,2.4,2.7,1.9,6.7,12.5,1.3,3.3,34.0,53.1,38.0,23.8,30.0,3.6,1.0,7.4,10.9,10.9,25.8,52.6,20.1,23.9,22.3,9.1,8.2,10.4,7.9,7.9,-,-,D,E,-,-,-,-,-,-,-,-,-,-,-,-,-,-
2026-06-28,16:30~17:30,總停等延滯,247954.0,13621.0,7954.0,5667.0,5297.0,3067.0,2230.0,29164.0,23086.0,2640.0,3438.0,121637.0,9048.0,69724.0,20324.0,22541.0,8265.0,1055.0,7210.0,7294.0,7294.0,44460.0,15868.0,13395.0,5142.0,10055.0,14122.0,6431.0,7691.0,4094.0,4094.0,nan,nan,161.0,228.9,-,-,-,-,-,-,110.2,19.6,27.5,94.7,-,134.2,108.2,33.2
2026-06-28,16:30~17:30,通過量,3004.0,982.0,154.0,828.0,1726.0,915.0,811.0,4647.0,1898.0,1431.0,1318.0,3471.0,163.0,1821.0,809.0,678.0,1461.0,858.0,603.0,627.0,627.0,1848.0,278.0,853.0,183.0,534.0,1678.0,901.0,777.0,627.0,627.0,0.0,0.0,22.5,14.2,-,-,-,-,-,-,-,-,-,-,-,-,-,-
2026-06-28,16:30~17:30,平均停等延滯,82.5,13.9,51.6,6.8,3.1,3.4,2.7,6.3,12.2,1.8,2.6,35.0,55.5,38.3,25.1,33.2,5.7,1.2,12.0,11.6,11.6,24.1,57.1,15.7,28.1,18.8,8.4,7.1,9.9,6.5,6.5,-,-,D,E,-,-,-,-,-,-,-,-,-,-,-,-,-,-
2026-06-28,17:30~18:30,總停等延滯,212918.0,8032.0,5654.0,2378.0,3169.0,2141.0,1028.0,28746.0,24164.0,1393.0,3189.0,97996.0,5904.0,63990.0,14134.0,13968.0,3062.0,694.0,2368.0,5010.0,5010.0,48178.0,12273.0,20808.0,4560.0,10537.0,13861.0,7880.0,5981.0,4864.0,4864.0,nan,nan,148.4,204.7,-,-,-,-,-,-,66.6,18.5,30.5,93.2,-,111.5,100.4,29.5
2026-06-28,17:30~18:30,通過量,2491.0,754.0,136.0,618.0,1436.0,840.0,596.0,3973.0,1810.0,1122.0,1041.0,2985.0,129.0,1735.0,605.0,516.0,1296.0,805.0,491.0,528.0,528.0,1607.0,247.0,830.0,159.0,371.0,1464.0,855.0,609.0,505.0,505.0,0.0,0.0,24.4,15.8,-,-,-,-,-,-,-,-,-,-,-,-,-,-
2026-06-28,17:30~18:30,平均停等延滯,85.5,10.7,41.6,3.8,2.2,2.5,1.7,7.2,13.4,1.2,3.1,32.8,45.8,36.9,23.4,27.1,2.4,0.9,4.8,9.5,9.5,30.0,49.7,25.1,28.7,28.4,9.5,9.2,9.8,9.6,9.6,-,-,D,E,-,-,-,-,-,-,-,-,-,-,-,-,-,-
2026-06-29,06:30~20:30,總停等延滯,3955892.0,160272.0,88873.0,71399.0,149478.0,106243.0,43235.0,505201.0,282643.0,74624.0,147934.0,1707092.0,178700.0,861172.0,359735.0,307485.0,197984.0,12429.0,185555.0,146684.0,146684.0,744625.0,293723.0,188215.0,89898.0,172789.0,261860.0,112422.0,149438.0,82696.0,82696.0,nan,nan,271.3,257.4,-,-,-,-,-,-,86.4,28.4,49.6,115.7,-,141.7,183.8,59.1
2026-06-29,06:30~20:30,通過量,41589.0,13252.0,1887.0,11365.0,23382.0,11758.0,11624.0,69222.0,25503.0,22831.0,20888.0,50079.0,3265.0,23958.0,12032.0,10824.0,20981.0,11534.0,9447.0,9646.0,9646.0,25081.0,4424.0,11215.0,2421.0,7021.0,23014.0,12201.0,10813.0,8517.0,8517.0,0.0,0.0,13.3,12.6,-,-,-,-,-,-,-,-,-,-,-,-,-,-
2026-06-29,06:30~20:30,平均停等延滯,95.1,12.1,47.1,6.3,6.4,9.0,3.7,7.3,11.1,3.3,7.1,34.1,54.7,35.9,29.9,28.4,9.4,1.1,19.6,15.2,15.2,29.7,66.4,16.8,37.1,24.6,11.4,9.2,13.8,9.7,9.7,-,-,E,E,-,-,-,-,-,-,-,-,-,-,-,-,-,-
2026-06-29,07:00~21:00,總停等延滯,3815170.0,158583.0,89038.0,69545.0,146614.0,105946.0,40668.0,484033.0,283834.0,68294.0,131905.0,1673729.0,176708.0,857591.0,343826.0,295604.0,180271.0,12318.0,167953.0,126414.0,126414.0,709968.0,286563.0,186371.0,83934.0,153100.0,256080.0,110627.0,145453.0,79478.0,79478.0,nan,nan,266.5,249.4,-,-,-,-,-,-,87.5,27.9,49.8,113.3,-,136.1,180.7,58.0
2026-06-29,07:00~21:00,通過量,41038.0,12867.0,1917.0,10950.0,23066.0,11797.0,11269.0,67896.0,25646.0,22053.0,20197.0,49501.0,3178.0,24158.0,11767.0,10398.0,20753.0,11644.0,9109.0,9388.0,9388.0,24860.0,4374.0,11297.0,2350.0,6839.0,22800.0,12217.0,10583.0,8426.0,8426.0,0.0,0.0,13.6,13.0,-,-,-,-,-,-,-,-,-,-,-,-,-,-
2026-06-29,07:00~21:00,平均停等延滯,93.0,12.3,46.4,6.4,6.4,9.0,3.6,7.1,11.1,3.1,6.5,33.8,55.6,35.5,29.2,28.4,8.7,1.1,18.4,13.5,13.5,28.6,65.5,16.5,35.7,22.4,11.2,9.1,13.7,9.4,9.4,-,-,E,E,-,-,-,-,-,-,-,-,-,-,-,-,-,-
2026-06-29,06:30~08:30,總停等延滯,901813.0,32602.0,5080.0,27522.0,34033.0,10160.0,23873.0,143697.0,44406.0,29885.0,69406.0,335342.0,38523.0,147601.0,85416.0,63802.0,64718.0,1371.0,63347.0,62664.0,62664.0,176656.0,68610.0,16518.0,26261.0,65267.0,39582.0,14860.0,24722.0,12519.0,12519.0,nan,nan,394.8,388.3,-,-,-,-,-,-,77.0,65.4,35.2,197.4,-,191.0,247.8,81.5
2026-06-29,06:30~08:30,通過量,5991.0,1977.0,132.0,1845.0,3137.0,1319.0,1818.0,10802.0,2977.0,4157.0,3668.0,6862.0,546.0,2507.0,1702.0,2107.0,2951.0,1077.0,1874.0,1826.0,1826.0,3500.0,597.0,1088.0,539.0,1276.0,2959.0,1377.0,1582.0,1340.0,1340.0,0.0,0.0,9.2,8.3,-,-,-,-,-,-,-,-,-,-,-,-,-,-
2026-06-29,06:30~08:30,平均停等延滯,150.5,16.5,38.5,14.9,10.8,7.7,13.1,13.3,14.9,7.2,18.9,48.9,70.6,58.9,50.2,30.3,21.9,1.3,33.8,34.3,34.3,50.5,114.9,15.2,48.7,51.1,13.4,10.8,15.6,9.3,9.3,-,-,F,F,-,-,-,-,-,-,-,-,-,-,-,-,-,-
2026-06-29,06:30~07:30,總停等延滯,444639.0,8169.0,2027.0,6142.0,6958.0,2088.0,4870.0,63351.0,14838.0,13714.0,34799.0,155854.0,21209.0,53464.0,46056.0,35125.0,37812.0,510.0,37302.0,38579.0,38579.0,100907.0,31615.0,7374.0,15845.0,46073.0,25108.0,8946.0,16162.0,7901.0,7901.0,nan,nan,372.3,409.7,-,-,-,-,-,-,70.5,30.9,25.8,158.7,-,250.9,253.7,87.7
2026-06-29,06:30~07:30,通過量,2994.0,1111.0,45.0,1066.0,1615.0,603.0,1012.0,5509.0,1301.0,2240.0,1968.0,3338.0,301.0,1097.0,846.0,1094.0,1392.0,421.0,971.0,971.0,971.0,1645.0,272.0,407.0,287.0,679.0,1457.0,650.0,807.0,618.0,618.0,0.0,0.0,9.7,7.9,-,-,-,-,-,-,-,-,-,-,-,-,-,-
2026-06-29,06:30~07:30,平均停等延滯,148.5,7.4,45.0,5.8,4.3,3.5,4.8,11.5,11.4,6.1,17.7,46.7,70.5,48.7,54.4,32.1,27.2,1.2,38.4,39.7,39.7,61.3,116.2,18.1,55.2,67.9,17.2,13.8,20.0,12.8,12.8,-,-,F,F,-,-,-,-,-,-,-,-,-,-,-,-,-,-
2026-06-29,07:30~08:30,總停等延滯,457174.0,24433.0,3053.0,21380.0,27075.0,8072.0,19003.0,80346.0,29568.0,16171.0,34607.0,179488.0,17314.0,94137.0,39360.0,28677.0,26906.0,861.0,26045.0,24085.0,24085.0,75749.0,36995.0,9144.0,10416.0,19194.0,14474.0,5914.0,8560.0,4618.0,4618.0,nan,nan,417.2,367.0,-,-,-,-,-,-,83.5,100.0,44.8,236.0,-,131.0,241.8,75.4
2026-06-29,07:30~08:30,通過量,2997.0,866.0,87.0,779.0,1522.0,716.0,806.0,5293.0,1676.0,1917.0,1700.0,3524.0,245.0,1410.0,856.0,1013.0,1559.0,656.0,903.0,855.0,855.0,1855.0,325.0,681.0,252.0,597.0,1502.0,727.0,775.0,722.0,722.0,0.0,0.0,8.7,8.8,-,-,-,-,-,-,-,-,-,-,-,-,-,-
2026-06-29,07:30~08:30,平均停等延滯,152.5,28.2,35.1,27.4,17.8,11.3,23.6,15.2,17.6,8.4,20.4,50.9,70.7,66.8,46.0,28.3,17.3,1.3,28.8,28.2,28.2,40.8,113.8,13.4,41.3,32.2,9.6,8.1,11.0,6.4,6.4,-,-,F,F,-,-,-,-,-,-,-,-,-,-,-,-,-,-
2026-06-29,07:00~09:00,總停等延滯,892979.0,34365.0,6726.0,27639.0,44922.0,21082.0,23840.0,145053.0,56102.0,26591.0,62360.0,348243.0,39160.0,169017.0,81233.0,58833.0,52560.0,1381.0,51179.0,47146.0,47146.0,164807.0,72026.0,20148.0,24991.0,47642.0,45220.0,17315.0,27905.0,10663.0,10663.0,nan,nan,415.1,397.0,-,-,-,-,-,-,80.5,64.3,45.5,226.3,-,170.8,270.7,80.0
2026-06-29,07:00~09:00,通過量,6056.0,1924.0,171.0,1753.0,3232.0,1446.0,1786.0,10795.0,3297.0,3956.0,3542.0,7016.0,527.0,2790.0,1634.0,2065.0,3153.0,1330.0,1823.0,1833.0,1833.0,3691.0,634.0,1305.0,549.0,1203.0,3026.0,1500.0,1526.0,1380.0,1380.0,0.0,0.0,8.7,8.2,-,-,-,-,-,-,-,-,-,-,-,-,-,-
2026-06-29,07:00~09:00,平均停等延滯,147.5,17.9,39.3,15.8,13.9,14.6,13.3,13.4,17.0,6.7,17.6,49.6,74.3,60.6,49.7,28.5,16.7,1.0,28.1,25.7,25.7,44.7,113.6,15.4,45.5,39.6,14.9,11.5,18.3,7.7,7.7,-,-,F,F,-,-,-,-,-,-,-,-,-,-,-,-,-,-
2026-06-29,10:00~12:00,總停等延滯,461180.0,21404.0,13569.0,7835.0,6421.0,2801.0,3620.0,54963.0,31541.0,8155.0,15267.0,217641.0,23582.0,101183.0,50173.0,42703.0,20582.0,1835.0,18747.0,17090.0,17090.0,79200.0,31292.0,19540.0,8422.0,19946.0,34455.0,13383.0,21072.0,9424.0,9424.0,nan,nan,228.8,230.3,-,-,-,-,-,-,129.9,19.9,80.2,95.0,-,135.3,171.7,37.1
2026-06-29,10:00~12:00,通過量,6145.0,2006.0,328.0,1678.0,3358.0,1627.0,1731.0,9916.0,3387.0,3347.0,3182.0,6914.0,520.0,3047.0,1901.0,1446.0,2768.0,1482.0,1286.0,1360.0,1360.0,3454.0,577.0,1478.0,314.0,1085.0,3358.0,1664.0,1694.0,1274.0,1274.0,0.0,0.0,15.8,14.1,-,-,-,-,-,-,-,-,-,-,-,-,-,-
2026-06-29,10:00~12:00,平均停等延滯,75.0,10.7,41.4,4.7,1.9,1.7,2.1,5.5,9.3,2.4,4.8,31.5,45.4,33.2,26.4,29.5,7.4,1.2,14.6,12.6,12.6,22.9,54.2,13.2,26.8,18.4,10.3,8.0,12.4,7.4,7.4,-,-,E,E,-,-,-,-,-,-,-,-,-,-,-,-,-,-
2026-06-29,11:00~12:00,總停等延滯,230636.0,11060.0,7550.0,3510.0,2543.0,1101.0,1442.0,27619.0,17268.0,4002.0,6349.0,107663.0,10477.0,51265.0,23892.0,22029.0,8236.0,1028.0,7208.0,8803.0,8803.0,42115.0,16616.0,10452.0,5353.0,9694.0,16866.0,5685.0,11181.0,5731.0,5731.0,nan,nan,194.8,223.3,-,-,-,-,-,-,177.0,21.2,130.4,100.2,-,123.2,139.6,34.0
2026-06-29,11:00~12:00,通過量,3064.0,947.0,156.0,791.0,1684.0,857.0,827.0,4907.0,1741.0,1620.0,1546.0,3442.0,258.0,1546.0,890.0,748.0,1319.0,704.0,615.0,681.0,681.0,1705.0,282.0,736.0,150.0,537.0,1699.0,875.0,824.0,599.0,599.0,0.0,0.0,18.6,14.5,-,-,-,-,-,-,-,-,-,-,-,-,-,-
2026-06-29,11:00~12:00,平均停等延滯,75.3,11.7,48.4,4.4,1.5,1.3,1.7,5.6,9.9,2.5,4.1,31.3,40.6,33.2,26.8,29.5,6.2,1.5,11.7,12.9,12.9,24.7,58.9,14.2,35.7,18.1,9.9,6.5,13.6,9.6,9.6,-,-,E,E,-,-,-,-,-,-,-,-,-,-,-,-,-,-
2026-06-29,12:00~14:00,總停等延滯,459431.0,21988.0,15151.0,6837.0,8307.0,5800.0,2507.0,53162.0,34441.0,6957.0,11764.0,197099.0,17144.0,101203.0,38381.0,40371.0,18388.0,1867.0,16521.0,13954.0,13954.0,85118.0,33656.0,20796.0,10745.0,19921.0,41133.0,12511.0,28622.0,20282.0,20282.0,nan,nan,259.0,206.2,-,-,-,-,-,-,63.4,25.0,76.7,91.6,-,114.5,201.2,32.8
2026-06-29,12:00~14:00,通過量,5800.0,1893.0,315.0,1578.0,3352.0,1713.0,1639.0,9348.0,3445.0,3027.0,2876.0,6853.0,399.0,3253.0,1653.0,1548.0,2979.0,1644.0,1335.0,1366.0,1366.0,3429.0,628.0,1490.0,291.0,1020.0,3109.0,1675.0,1434.0,1286.0,1286.0,0.0,0.0,14.0,15.7,-,-,-,-,-,-,-,-,-,-,-,-,-,-
2026-06-29,12:00~14:00,平均停等延滯,79.2,11.6,48.1,4.3,2.5,3.4,1.5,5.7,10.0,2.3,4.1,28.8,43.0,31.1,23.2,26.1,6.2,1.1,12.4,10.2,10.2,24.8,53.6,14.0,36.9,19.5,13.2,7.5,20.0,15.8,15.8,-,-,E,E,-,-,-,-,-,-,-,-,-,-,-,-,-,-
2026-06-29,16:30~18:30,總停等延滯,680168.0,29116.0,19213.0,9903.0,49146.0,46401.0,2745.0,76045.0,51611.0,10323.0,14111.0,291608.0,28230.0,161387.0,55251.0,46740.0,22776.0,2282.0,20494.0,17232.0,17232.0,133423.0,51582.0,47151.0,15573.0,19117.0,45748.0,24472.0,21276.0,15074.0,15074.0,nan,nan,228.9,231.2,-,-,-,-,-,-,48.2,22.1,33.2,110.9,-,120.3,121.0,85.8
2026-06-29,16:30~18:30,通過量,6393.0,1939.0,288.0,1651.0,3639.0,1916.0,1723.0,10806.0,4502.0,3395.0,2909.0,7813.0,480.0,4134.0,1812.0,1387.0,3405.0,2177.0,1228.0,1271.0,1271.0,4203.0,795.0,2168.0,358.0,882.0,3796.0,2122.0,1674.0,1184.0,1184.0,0.0,0.0,15.8,14.0,-,-,-,-,-,-,-,-,-,-,-,-,-,-
2026-06-29,16:30~18:30,平均停等延滯,106.4,15.0,66.7,6.0,13.5,24.2,1.6,7.0,11.5,3.0,4.9,37.3,58.8,39.0,30.5,33.7,6.7,1.0,16.7,13.6,13.6,31.7,64.9,21.7,43.5,21.7,12.1,11.5,12.7,12.7,12.7,-,-,E,E,-,-,-,-,-,-,-,-,-,-,-,-,-,-
2026-06-29,17:00~19:00,總停等延滯,647316.0,27882.0,18512.0,9370.0,47550.0,45182.0,2368.0,74302.0,52731.0,9514.0,12057.0,270698.0,27154.0,155453.0,44742.0,43349.0,19407.0,2413.0,16994.0,16615.0,16615.0,134679.0,49891.0,50035.0,15206.0,19547.0,40568.0,20787.0,19781.0,15615.0,15615.0,nan,nan,204.7,213.9,-,-,-,-,-,-,66.5,22.3,33.9,103.7,-,110.2,113.1,69.2
2026-06-29,17:00~19:00,通過量,6059.0,1781.0,284.0,1497.0,3391.0,1844.0,1547.0,10135.0,4411.0,3097.0,2627.0,7614.0,448.0,4231.0,1649.0,1286.0,3251.0,2139.0,1112.0,1162.0,1162.0,4017.0,780.0,2105.0,334.0,798.0,3679.0,2108.0,1571.0,1053.0,1053.0,0.0,0.0,17.7,15.1,-,-,-,-,-,-,-,-,-,-,-,-,-,-
2026-06-29,17:00~19:00,平均停等延滯,106.8,15.7,65.2,6.3,14.0,24.5,1.5,7.3,12.0,3.1,4.6,35.6,60.6,36.7,27.1,33.7,6.0,1.1,15.3,14.3,14.3,33.5,64.0,23.8,45.5,24.5,11.0,9.9,12.6,14.8,14.8,-,-,E,E,-,-,-,-,-,-,-,-,-,-,-,-,-,-
2026-06-29,16:30~17:30,總停等延滯,348938.0,13873.0,9675.0,4198.0,22129.0,20668.0,1461.0,38736.0,25391.0,5393.0,7952.0,150046.0,12394.0,78969.0,34164.0,24519.0,12905.0,1353.0,11552.0,8151.0,8151.0,65753.0,25182.0,21604.0,9222.0,9745.0,27495.0,15341.0,12154.0,9850.0,9850.0,nan,nan,291.4,240.5,-,-,-,-,-,-,54.1,23.6,31.5,116.7,-,123.8,131.3,136.6
2026-06-29,16:30~17:30,通過量,3265.0,1008.0,152.0,856.0,1844.0,935.0,909.0,5509.0,2220.0,1759.0,1530.0,4010.0,217.0,2069.0,994.0,730.0,1742.0,1092.0,650.0,656.0,656.0,2117.0,382.0,1061.0,202.0,472.0,1929.0,1024.0,905.0,662.0,662.0,0.0,0.0,12.4,13.5,-,-,-,-,-,-,-,-,-,-,-,-,-,-
2026-06-29,16:30~17:30,平均停等延滯,106.9,13.8,63.7,4.9,12.0,22.1,1.6,7.0,11.4,3.1,5.2,37.4,57.1,38.2,34.4,33.6,7.4,1.2,17.8,12.4,12.4,31.1,65.9,20.4,45.7,20.6,14.3,15.0,13.4,14.9,14.9,-,-,E,E,-,-,-,-,-,-,-,-,-,-,-,-,-,-
2026-06-29,17:30~18:30,總停等延滯,331230.0,15243.0,9538.0,5705.0,27017.0,25733.0,1284.0,37309.0,26220.0,4930.0,6159.0,141562.0,15836.0,82418.0,21087.0,22221.0,9871.0,929.0,8942.0,9081.0,9081.0,67670.0,26400.0,25547.0,6351.0,9372.0,18253.0,9131.0,9122.0,5224.0,5224.0,nan,nan,166.3,222.0,-,-,-,-,-,-,42.2,20.6,35.0,105.1,-,116.8,110.7,35.0
2026-06-29,17:30~18:30,通過量,3128.0,931.0,136.0,795.0,1795.0,981.0,814.0,5297.0,2282.0,1636.0,1379.0,3803.0,263.0,2065.0,818.0,657.0,1663.0,1085.0,578.0,615.0,615.0,2086.0,413.0,1107.0,156.0,410.0,1867.0,1098.0,769.0,522.0,522.0,0.0,0.0,21.8,14.6,-,-,-,-,-,-,-,-,-,-,-,-,-,-
2026-06-29,17:30~18:30,平均停等延滯,105.9,16.4,70.1,7.2,15.1,26.2,1.6,7.0,11.5,3.0,4.5,37.2,60.2,39.9,25.8,33.8,5.9,0.9,15.5,14.8,14.8,32.4,63.9,23.1,40.7,22.9,9.8,8.3,11.9,10.0,10.0,-,-,D,E,-,-,-,-,-,-,-,-,-,-,-,-,-,-
2026-06-30,06:30~20:30,總停等延滯,4026465.0,133513.0,81487.0,52026.0,162819.0,132085.0,30734.0,483275.0,279479.0,65420.0,138376.0,1818530.0,210013.0,924451.0,391856.0,292210.0,216850.0,14427.0,202423.0,151615.0,151615.0,763818.0,319593.0,218512.0,82312.0,143401.0,248277.0,104956.0,143321.0,47768.0,47768.0,nan,nan,259.5,311.3,-,-,-,-,-,-,113.4,28.1,43.7,125.5,-,185.7,172.5,59.3
2026-06-30,06:30~20:30,通過量,42838.0,13637.0,2002.0,11635.0,23930.0,11998.0,11932.0,71764.0,26187.0,23770.0,21807.0,50952.0,3402.0,24169.0,12215.0,11166.0,21746.0,11798.0,9948.0,10321.0,10321.0,25990.0,4571.0,11738.0,2408.0,7273.0,23286.0,12102.0,11184.0,8567.0,8567.0,0.0,0.0,13.9,10.4,-,-,-,-,-,-,-,-,-,-,-,-,-,-
2026-06-30,06:30~20:30,平均停等延滯,94.0,9.8,40.7,4.5,6.8,11.0,2.6,6.7,10.7,2.8,6.3,35.7,61.7,38.2,32.1,26.2,10.0,1.2,20.3,14.7,14.7,29.4,69.9,18.6,34.2,19.7,10.7,8.7,12.8,5.6,5.6,-,-,E,E,-,-,-,-,-,-,-,-,-,-,-,-,-,-
2026-06-30,07:00~21:00,總停等延滯,3921162.0,134256.0,82809.0,51447.0,162213.0,132147.0,30066.0,465243.0,281003.0,60346.0,123894.0,1786257.0,207036.0,921991.0,374775.0,282455.0,201630.0,14438.0,187192.0,135535.0,135535.0,747748.0,313844.0,219128.0,79358.0,135418.0,240763.0,105353.0,135410.0,47517.0,47517.0,nan,nan,254.4,313.9,-,-,-,-,-,-,112.7,28.2,49.5,124.3,-,189.6,166.7,61.5
2026-06-30,07:00~21:00,通過量,42386.0,13345.0,2022.0,11323.0,23675.0,12038.0,11637.0,70600.0,26339.0,23090.0,21171.0,50516.0,3347.0,24327.0,12030.0,10812.0,21567.0,11948.0,9619.0,10046.0,10046.0,25842.0,4534.0,11885.0,2314.0,7109.0,23211.0,12189.0,11022.0,8419.0,8419.0,0.0,0.0,14.2,10.3,-,-,-,-,-,-,-,-,-,-,-,-,-,-
2026-06-30,07:00~21:00,平均停等延滯,92.5,10.1,41.0,4.5,6.9,11.0,2.6,6.6,10.7,2.6,5.9,35.4,61.9,37.9,31.2,26.1,9.3,1.2,19.5,13.5,13.5,28.9,69.2,18.4,34.3,19.0,10.4,8.6,12.3,5.6,5.6,-,-,E,E,-,-,-,-,-,-,-,-,-,-,-,-,-,-
2026-06-30,06:30~08:30,總停等延滯,748776.0,22295.0,4847.0,17448.0,29112.0,15767.0,13345.0,125355.0,44361.0,23386.0,57608.0,317477.0,41896.0,138694.0,78883.0,58004.0,46836.0,1388.0,45448.0,41065.0,41065.0,121388.0,56057.0,17796.0,18445.0,29090.0,41827.0,9971.0,31856.0,3421.0,3421.0,nan,nan,391.1,338.8,-,-,-,-,-,-,67.0,36.3,36.9,198.7,-,140.2,292.5,62.3
2026-06-30,06:30~08:30,通過量,6141.0,2162.0,153.0,2009.0,3444.0,1427.0,2017.0,11526.0,3090.0,4421.0,4015.0,7228.0,566.0,2611.0,1709.0,2342.0,3342.0,1232.0,2110.0,1991.0,1991.0,3652.0,663.0,1171.0,563.0,1255.0,2910.0,1396.0,1514.0,1277.0,1277.0,0.0,0.0,9.3,9.6,-,-,-,-,-,-,-,-,-,-,-,-,-,-
2026-06-30,06:30~08:30,平均停等延滯,121.9,10.3,31.7,8.7,8.5,11.0,6.6,10.9,14.4,5.3,14.3,43.9,74.0,53.1,46.2,24.8,14.0,1.1,21.5,20.6,20.6,33.2,84.6,15.2,32.8,23.2,14.4,7.1,21.0,2.7,2.7,-,-,F,F,-,-,-,-,-,-,-,-,-,-,-,-,-,-
2026-06-30,06:30~07:30,總停等延滯,397251.0,10300.0,2154.0,8146.0,7993.0,873.0,7120.0,66354.0,16304.0,13857.0,36193.0,161300.0,22822.0,59834.0,45286.0,33358.0,32170.0,711.0,31459.0,32592.0,32592.0,55595.0,26112.0,3148.0,8916.0,17419.0,29228.0,4631.0,24597.0,1719.0,1719.0,nan,nan,474.1,280.7,-,-,-,-,-,-,60.9,31.4,30.8,183.0,-,97.7,372.7,70.0
2026-06-30,06:30~07:30,通過量,3077.0,1092.0,61.0,1031.0,1682.0,642.0,1040.0,5743.0,1306.0,2334.0,2103.0,3421.0,286.0,1094.0,824.0,1217.0,1620.0,472.0,1148.0,1080.0,1080.0,1719.0,316.0,417.0,287.0,699.0,1397.0,611.0,786.0,607.0,607.0,0.0,0.0,7.6,11.5,-,-,-,-,-,-,-,-,-,-,-,-,-,-
2026-06-30,06:30~07:30,平均停等延滯,129.1,9.4,35.3,7.9,4.8,1.4,6.8,11.6,12.5,5.9,17.2,47.1,79.8,54.7,55.0,27.4,19.9,1.5,27.4,30.2,30.2,32.3,82.6,7.5,31.1,24.9,20.9,7.6,31.3,2.8,2.8,-,-,F,E,-,-,-,-,-,-,-,-,-,-,-,-,-,-
2026-06-30,07:30~08:30,總停等延滯,351525.0,11995.0,2693.0,9302.0,21119.0,14894.0,6225.0,59001.0,28057.0,9529.0,21415.0,156177.0,19074.0,78860.0,33597.0,24646.0,14666.0,677.0,13989.0,8473.0,8473.0,65793.0,29945.0,14648.0,9529.0,11671.0,12599.0,5340.0,7259.0,1702.0,1702.0,nan,nan,308.2,397.0,-,-,-,-,-,-,73.1,41.2,42.6,214.3,-,182.7,212.3,54.6
2026-06-30,07:30~08:30,通過量,3064.0,1070.0,92.0,978.0,1762.0,785.0,977.0,5783.0,1784.0,2087.0,1912.0,3807.0,280.0,1517.0,885.0,1125.0,1722.0,760.0,962.0,911.0,911.0,1933.0,347.0,754.0,276.0,556.0,1513.0,785.0,728.0,670.0,670.0,0.0,0.0,11.7,8.2,-,-,-,-,-,-,-,-,-,-,-,-,-,-
2026-06-30,07:30~08:30,平均停等延滯,114.7,11.2,29.3,9.5,12.0,19.0,6.4,10.2,15.7,4.6,11.2,41.0,68.1,52.0,38.0,21.9,8.5,0.9,14.5,9.3,9.3,34.0,86.3,19.4,34.5,21.0,8.3,6.8,10.0,2.5,2.5,-,-,E,F,-,-,-,-,-,-,-,-,-,-,-,-,-,-
2026-06-30,07:00~09:00,總停等延滯,716101.0,23016.0,5977.0,17039.0,29183.0,15675.0,13508.0,119448.0,48067.0,20721.0,50660.0,315910.0,41549.0,146389.0,72579.0,55393.0,39052.0,1649.0,37403.0,26926.0,26926.0,122782.0,55487.0,25549.0,19676.0,22070.0,34635.0,9762.0,24873.0,5149.0,5149.0,nan,nan,358.6,388.2,-,-,-,-,-,-,67.3,36.7,37.7,195.7,-,192.5,264.9,57.0
2026-06-30,07:00~09:00,通過量,6257.0,2102.0,191.0,1911.0,3530.0,1589.0,1941.0,11496.0,3414.0,4237.0,3845.0,7372.0,549.0,2895.0,1743.0,2185.0,3388.0,1448.0,1940.0,1933.0,1933.0,3829.0,677.0,1409.0,565.0,1178.0,3023.0,1515.0,1508.0,1298.0,1298.0,0.0,0.0,10.1,8.3,-,-,-,-,-,-,-,-,-,-,-,-,-,-
2026-06-30,07:00~09:00,平均停等延滯,114.4,10.9,31.3,8.9,8.3,9.9,7.0,10.4,14.1,4.9,13.2,42.9,75.7,50.6,41.6,25.4,11.5,1.1,19.3,13.9,13.9,32.1,82.0,18.1,34.8,18.7,11.5,6.4,16.5,4.0,4.0,-,-,E,F,-,-,-,-,-,-,-,-,-,-,-,-,-,-
2026-06-30,10:00~12:00,總停等延滯,517637.0,21859.0,16342.0,5517.0,10371.0,8921.0,1450.0,50243.0,30939.0,6647.0,12657.0,239231.0,23555.0,126833.0,57293.0,31550.0,22070.0,2771.0,19299.0,24478.0,24478.0,96009.0,41975.0,18384.0,12723.0,22927.0,38911.0,20414.0,18497.0,14465.0,14465.0,nan,nan,279.9,281.1,-,-,-,-,-,-,187.1,19.3,34.5,122.3,-,158.8,164.8,95.8
2026-06-30,10:00~12:00,通過量,6272.0,2032.0,320.0,1712.0,3497.0,1745.0,1752.0,10312.0,3565.0,3471.0,3276.0,7509.0,489.0,3568.0,1919.0,1533.0,3121.0,1718.0,1403.0,1482.0,1482.0,3794.0,614.0,1736.0,297.0,1147.0,3328.0,1668.0,1660.0,1282.0,1282.0,0.0,0.0,12.9,11.5,-,-,-,-,-,-,-,-,-,-,-,-,-,-
2026-06-30,10:00~12:00,平均停等延滯,82.5,10.8,51.1,3.2,3.0,5.1,0.8,4.9,8.7,1.9,3.9,31.9,48.2,35.5,29.9,20.6,7.1,1.6,13.8,16.5,16.5,25.3,68.4,10.6,42.8,20.0,11.7,12.2,11.1,11.3,11.3,-,-,E,E,-,-,-,-,-,-,-,-,-,-,-,-,-,-
2026-06-30,11:00~12:00,總停等延滯,233956.0,9889.0,6939.0,2950.0,2743.0,2154.0,589.0,21317.0,14022.0,2978.0,4317.0,112192.0,11055.0,59356.0,28512.0,13269.0,6360.0,1481.0,4879.0,8165.0,8165.0,46432.0,22702.0,7747.0,5465.0,10518.0,21195.0,9532.0,11663.0,5663.0,5663.0,nan,nan,229.9,302.1,-,-,-,-,-,-,211.9,18.4,31.6,114.5,-,187.7,153.3,58.2
2026-06-30,11:00~12:00,通過量,3085.0,965.0,142.0,823.0,1723.0,875.0,848.0,4845.0,1683.0,1611.0,1551.0,3589.0,243.0,1602.0,971.0,773.0,1551.0,855.0,696.0,732.0,732.0,1889.0,291.0,887.0,138.0,573.0,1618.0,795.0,823.0,592.0,592.0,0.0,0.0,15.7,10.7,-,-,-,-,-,-,-,-,-,-,-,-,-,-
2026-06-30,11:00~12:00,平均停等延滯,75.8,10.2,48.9,3.6,1.6,2.5,0.7,4.4,8.3,1.8,2.8,31.3,45.5,37.1,29.4,17.2,4.1,1.7,7.0,11.2,11.2,24.6,78.0,8.7,39.6,18.4,13.1,12.0,14.2,9.6,9.6,-,-,E,E,-,-,-,-,-,-,-,-,-,-,-,-,-,-
2026-06-30,12:00~14:00,總停等延滯,468527.0,25452.0,16048.0,9404.0,5753.0,3607.0,2146.0,48507.0,29819.0,5955.0,12733.0,226302.0,21210.0,128714.0,49875.0,26503.0,16629.0,2674.0,13955.0,16953.0,16953.0,92942.0,44335.0,14592.0,13976.0,20039.0,33571.0,13351.0,20220.0,2418.0,2418.0,nan,nan,193.8,331.9,-,-,-,-,-,-,180.4,16.6,52.1,110.9,-,221.0,138.5,38.9
2026-06-30,12:00~14:00,通過量,6191.0,1915.0,310.0,1605.0,3433.0,1714.0,1719.0,9711.0,3459.0,3229.0,3023.0,7270.0,443.0,3445.0,1825.0,1557.0,3040.0,1649.0,1391.0,1423.0,1423.0,3676.0,634.0,1633.0,315.0,1094.0,3409.0,1728.0,1681.0,1255.0,1255.0,0.0,0.0,18.7,9.8,-,-,-,-,-,-,-,-,-,-,-,-,-,-
2026-06-30,12:00~14:00,平均停等延滯,75.7,13.3,51.8,5.9,1.7,2.1,1.2,5.0,8.6,1.8,4.2,31.1,47.9,37.4,27.3,17.0,5.5,1.6,10.0,11.9,11.9,25.3,69.9,8.9,44.4,18.3,9.8,7.7,12.0,1.9,1.9,-,-,E,F,-,-,-,-,-,-,-,-,-,-,-,-,-,-
2026-06-30,16:30~18:30,總停等延滯,731214.0,16354.0,15109.0,1245.0,60012.0,57307.0,2705.0,82431.0,56609.0,9798.0,16024.0,325832.0,39329.0,170496.0,63076.0,52931.0,32870.0,2445.0,30425.0,12826.0,12826.0,156859.0,61339.0,65871.0,11176.0,18473.0,39203.0,14819.0,24384.0,4827.0,4827.0,nan,nan,290.7,349.8,-,-,-,-,-,-,50.3,63.8,52.3,129.9,-,219.9,159.5,71.9
2026-06-30,16:30~18:30,通過量,6610.0,1904.0,268.0,1636.0,3483.0,1811.0,1672.0,11037.0,4481.0,3503.0,3053.0,7890.0,588.0,4072.0,1841.0,1389.0,3338.0,2083.0,1255.0,1306.0,1306.0,4199.0,812.0,2140.0,387.0,860.0,3844.0,1960.0,1884.0,1173.0,1173.0,0.0,0.0,12.4,9.3,-,-,-,-,-,-,-,-,-,-,-,-,-,-
2026-06-30,16:30~18:30,平均停等延滯,110.6,8.6,56.4,0.8,17.2,31.6,1.6,7.5,12.6,2.8,5.2,41.3,66.9,41.9,34.3,38.1,9.8,1.2,24.2,9.8,9.8,37.4,75.5,30.8,28.9,21.5,10.2,7.6,12.9,4.1,4.1,-,-,E,F,-,-,-,-,-,-,-,-,-,-,-,-,-,-
2026-06-30,17:00~19:00,總停等延滯,672395.0,12875.0,12306.0,569.0,59037.0,56615.0,2422.0,76693.0,54890.0,9164.0,12639.0,309469.0,36777.0,166282.0,58446.0,47964.0,24272.0,2329.0,21943.0,12867.0,12867.0,140960.0,56732.0,59849.0,8925.0,15454.0,33822.0,12453.0,21369.0,2400.0,2400.0,nan,nan,256.7,322.7,-,-,-,-,-,-,51.4,55.1,45.6,114.9,-,207.7,136.9,64.7
2026-06-30,17:00~19:00,通過量,6296.0,1781.0,257.0,1524.0,3418.0,1875.0,1543.0,10580.0,4516.0,3269.0,2795.0,7657.0,541.0,4142.0,1732.0,1242.0,3298.0,2137.0,1161.0,1195.0,1195.0,3927.0,763.0,2081.0,339.0,744.0,3841.0,2064.0,1777.0,1077.0,1077.0,0.0,0.0,14.1,10.0,-,-,-,-,-,-,-,-,-,-,-,-,-,-
2026-06-30,17:00~19:00,平均停等延滯,106.8,7.2,47.9,0.4,17.3,30.2,1.6,7.2,12.2,2.8,4.5,40.4,68.0,40.1,33.7,38.6,7.4,1.1,18.9,10.8,10.8,35.9,74.4,28.8,26.3,20.8,8.8,6.0,12.0,2.2,2.2,-,-,E,E,-,-,-,-,-,-,-,-,-,-,-,-,-,-
2026-06-30,16:30~17:30,總停等延滯,393024.0,8852.0,7883.0,969.0,30229.0,28525.0,1704.0,43343.0,28299.0,4849.0,10195.0,169436.0,19923.0,84682.0,34450.0,30381.0,24362.0,1243.0,23119.0,5991.0,5991.0,85256.0,34296.0,34249.0,6324.0,10387.0,21871.0,8114.0,13757.0,3684.0,3684.0,nan,nan,359.7,363.8,-,-,-,-,-,-,58.7,30.1,55.9,149.1,-,214.7,192.6,129.4
2026-06-30,16:30~17:30,通過量,3537.0,987.0,122.0,865.0,1784.0,870.0,914.0,5589.0,2140.0,1832.0,1617.0,4028.0,310.0,1974.0,984.0,760.0,1631.0,968.0,663.0,688.0,688.0,2140.0,416.0,1056.0,208.0,460.0,2079.0,928.0,1151.0,649.0,649.0,0.0,0.0,10.1,8.9,-,-,-,-,-,-,-,-,-,-,-,-,-,-
2026-06-30,16:30~17:30,平均停等延滯,111.1,9.0,64.6,1.1,16.9,32.8,1.9,7.8,13.2,2.6,6.3,42.1,64.3,42.9,35.0,40.0,14.9,1.3,34.9,8.7,8.7,39.8,82.4,32.4,30.4,22.6,10.5,8.7,12.0,5.7,5.7,-,-,E,F,-,-,-,-,-,-,-,-,-,-,-,-,-,-
2026-06-30,17:30~18:30,總停等延滯,338190.0,7502.0,7226.0,276.0,29783.0,28782.0,1001.0,39088.0,28310.0,4949.0,5829.0,156396.0,19406.0,85814.0,28626.0,22550.0,8508.0,1202.0,7306.0,6835.0,6835.0,71603.0,27043.0,31622.0,4852.0,8086.0,17332.0,6705.0,10627.0,1143.0,1143.0,nan,nan,247.0,335.8,-,-,-,-,-,-,45.1,85.2,48.6,110.7,-,225.1,126.5,35.4
2026-06-30,17:30~18:30,通過量,3073.0,917.0,146.0,771.0,1699.0,941.0,758.0,5448.0,2341.0,1671.0,1436.0,3862.0,278.0,2098.0,857.0,629.0,1707.0,1115.0,592.0,618.0,618.0,2059.0,396.0,1084.0,179.0,400.0,1765.0,1032.0,733.0,524.0,524.0,0.0,0.0,14.6,9.6,-,-,-,-,-,-,-,-,-,-,-,-,-,-
2026-06-30,17:30~18:30,平均停等延滯,110.1,8.2,49.5,0.4,17.5,30.6,1.3,7.2,12.1,3.0,4.1,40.5,69.8,40.9,33.4,35.9,5.0,1.1,12.3,11.1,11.1,34.8,68.3,29.2,27.1,20.2,9.8,6.5,14.5,2.2,2.2,-,-,E,F,-,-,-,-,-,-,-,-,-,-,-,-,-,-
2026-07-01,06:30~20:30,總停等延滯,3779788.0,143347.0,79092.0,64255.0,136746.0,98382.0,38364.0,437803.0,248857.0,65870.0,123076.0,1682295.0,190038.0,850204.0,370801.0,271252.0,222870.0,14255.0,208615.0,153862.0,153862.0,719174.0,320643.0,167414.0,92095.0,139022.0,224141.0,84413.0,139728.0,59550.0,59550.0,nan,nan,262.1,254.1,-,-,-,-,-,-,98.0,28.0,39.4,106.3,-,147.8,186.1,48.1
2026-07-01,06:30~20:30,通過量,41921.0,13329.0,1899.0,11430.0,23600.0,12087.0,11513.0,69605.0,25579.0,23056.0,20970.0,48761.0,3123.0,23250.0,11816.0,10572.0,21265.0,11444.0,9821.0,10031.0,10031.0,25437.0,4518.0,11257.0,2346.0,7316.0,21785.0,11153.0,10632.0,8243.0,8243.0,0.0,0.0,13.8,12.8,-,-,-,-,-,-,-,-,-,-,-,-,-,-
2026-07-01,06:30~20:30,平均停等延滯,90.2,10.8,41.6,5.6,5.8,8.1,3.3,6.3,9.7,2.9,5.9,34.5,60.9,36.6,31.4,25.7,10.5,1.2,21.2,15.3,15.3,28.3,71.0,14.9,39.3,19.0,10.3,7.6,13.1,7.2,7.2,-,-,E,E,-,-,-,-,-,-,-,-,-,-,-,-,-,-
2026-07-01,07:00~21:00,總停等延滯,3666388.0,143628.0,79248.0,64380.0,135578.0,98108.0,37470.0,419830.0,251554.0,60378.0,107898.0,1652140.0,188014.0,851377.0,353854.0,258895.0,204861.0,13886.0,190975.0,137075.0,137075.0,696562.0,317456.0,167075.0,87537.0,124494.0,220291.0,83408.0,136883.0,56423.0,56423.0,nan,nan,260.7,259.0,-,-,-,-,-,-,98.4,29.9,39.6,105.7,-,153.3,183.5,47.3
2026-07-01,07:00~21:00,通過量,41452.0,12991.0,1921.0,11070.0,23375.0,12188.0,11187.0,68324.0,25731.0,22247.0,20346.0,48358.0,3080.0,23490.0,11645.0,10143.0,20961.0,11536.0,9425.0,9678.0,9678.0,25252.0,4520.0,11430.0,2267.0,7035.0,21698.0,11257.0,10441.0,8109.0,8109.0,0.0,0.0,13.9,12.5,-,-,-,-,-,-,-,-,-,-,-,-,-,-
2026-07-01,07:00~21:00,平均停等延滯,88.4,11.1,41.3,5.8,5.8,8.0,3.3,6.1,9.8,2.7,5.3,34.2,61.0,36.2,30.4,25.5,9.8,1.2,20.3,14.2,14.2,27.6,70.2,14.6,38.6,17.7,10.2,7.4,13.1,7.0,7.0,-,-,E,E,-,-,-,-,-,-,-,-,-,-,-,-,-,-
2026-07-01,06:30~08:30,總停等延滯,700522.0,27093.0,6264.0,20829.0,20160.0,2656.0,17504.0,106372.0,26790.0,27480.0,52102.0,270071.0,34445.0,109217.0,72409.0,54000.0,50563.0,1434.0,49129.0,45228.0,45228.0,123760.0,48471.0,12499.0,23316.0,39474.0,41247.0,14500.0,26747.0,16028.0,16028.0,nan,nan,342.4,248.0,-,-,-,-,-,-,63.4,62.8,28.3,106.1,-,141.9,208.3,71.0
2026-07-01,06:30~08:30,通過量,5935.0,2117.0,136.0,1981.0,3293.0,1375.0,1918.0,11052.0,3023.0,4264.0,3765.0,6715.0,457.0,2569.0,1634.0,2055.0,3131.0,1200.0,1931.0,1910.0,1910.0,3616.0,561.0,1184.0,525.0,1346.0,2945.0,1410.0,1535.0,1233.0,1233.0,0.0,0.0,10.6,13.1,-,-,-,-,-,-,-,-,-,-,-,-,-,-
2026-07-01,06:30~08:30,平均停等延滯,118.0,12.8,46.1,10.5,6.1,1.9,9.1,9.6,8.9,6.4,13.8,40.2,75.4,42.5,44.3,26.3,16.1,1.2,25.4,23.7,23.7,34.2,86.4,10.6,44.4,29.3,14.0,10.3,17.4,13.0,13.0,-,-,E,E,-,-,-,-,-,-,-,-,-,-,-,-,-,-
2026-07-01,06:30~07:30,總停等延滯,382711.0,6569.0,2670.0,3899.0,3580.0,704.0,2876.0,56789.0,11296.0,12773.0,32720.0,149792.0,20632.0,49861.0,48313.0,30986.0,33899.0,811.0,33088.0,33388.0,33388.0,62702.0,21721.0,3154.0,12239.0,25588.0,27849.0,8472.0,19377.0,8143.0,8143.0,nan,nan,390.7,237.1,-,-,-,-,-,-,61.3,46.5,25.1,113.3,-,124.0,275.8,67.3
2026-07-01,06:30~07:30,通過量,2949.0,1118.0,48.0,1070.0,1657.0,618.0,1039.0,5737.0,1303.0,2347.0,2087.0,3365.0,237.0,1090.0,874.0,1164.0,1529.0,447.0,1082.0,1028.0,1028.0,1662.0,240.0,429.0,229.0,764.0,1464.0,651.0,813.0,587.0,587.0,0.0,0.0,9.3,13.7,-,-,-,-,-,-,-,-,-,-,-,-,-,-
2026-07-01,06:30~07:30,平均停等延滯,129.8,5.9,55.6,3.6,2.2,1.1,2.8,9.9,8.7,5.4,15.7,44.5,87.1,45.7,55.3,26.6,22.2,1.8,30.6,32.5,32.5,37.7,90.5,7.4,53.4,33.5,19.0,13.0,23.8,13.9,13.9,-,-,F,E,-,-,-,-,-,-,-,-,-,-,-,-,-,-
2026-07-01,07:30~08:30,總停等延滯,317811.0,20524.0,3594.0,16930.0,16580.0,1952.0,14628.0,49583.0,15494.0,14707.0,19382.0,120279.0,13813.0,59356.0,24096.0,23014.0,16664.0,623.0,16041.0,11840.0,11840.0,61058.0,26750.0,9345.0,11077.0,13886.0,13398.0,6028.0,7370.0,7885.0,7885.0,nan,nan,295.8,258.7,-,-,-,-,-,-,65.5,79.2,31.2,99.0,-,159.7,141.9,74.7
2026-07-01,07:30~08:30,通過量,2986.0,999.0,88.0,911.0,1636.0,757.0,879.0,5315.0,1720.0,1917.0,1678.0,3350.0,220.0,1479.0,760.0,891.0,1602.0,753.0,849.0,882.0,882.0,1954.0,321.0,755.0,296.0,582.0,1481.0,759.0,722.0,646.0,646.0,0.0,0.0,12.2,12.5,-,-,-,-,-,-,-,-,-,-,-,-,-,-
2026-07-01,07:30~08:30,平均停等延滯,106.4,20.5,40.8,18.6,10.1,2.6,16.6,9.3,9.0,7.7,11.6,35.9,62.8,40.1,31.7,25.8,10.4,0.8,18.9,13.4,13.4,31.2,83.3,12.4,37.4,23.9,9.0,7.9,10.2,12.2,12.2,-,-,E,E,-,-,-,-,-,-,-,-,-,-,-,-,-,-
2026-07-01,07:00~09:00,總停等延滯,672124.0,31776.0,9966.0,21810.0,21084.0,4132.0,16952.0,96769.0,30461.0,24438.0,41870.0,274315.0,34085.0,123615.0,65426.0,51189.0,41607.0,1043.0,40564.0,29862.0,29862.0,119083.0,52170.0,16574.0,22741.0,27598.0,41400.0,15161.0,26239.0,16228.0,16228.0,nan,nan,345.3,258.6,-,-,-,-,-,-,65.9,62.3,30.5,112.6,-,146.1,214.3,68.7
2026-07-01,07:00~09:00,通過量,6133.0,2074.0,177.0,1897.0,3455.0,1594.0,1861.0,10945.0,3361.0,4034.0,3550.0,6775.0,434.0,2796.0,1645.0,1900.0,3155.0,1368.0,1787.0,1788.0,1788.0,3861.0,644.0,1439.0,519.0,1259.0,3082.0,1576.0,1506.0,1308.0,1308.0,0.0,0.0,10.5,12.5,-,-,-,-,-,-,-,-,-,-,-,-,-,-
2026-07-01,07:00~09:00,平均停等延滯,109.6,15.3,56.3,11.5,6.1,2.6,9.1,8.8,9.1,6.1,11.8,40.5,78.5,44.2,39.8,26.9,13.2,0.8,22.7,16.7,16.7,30.8,81.0,11.5,43.8,21.9,13.4,9.6,17.4,12.4,12.4,-,-,E,E,-,-,-,-,-,-,-,-,-,-,-,-,-,-
2026-07-01,10:00~12:00,總停等延滯,485589.0,14876.0,9346.0,5530.0,8984.0,4211.0,4773.0,47724.0,27834.0,6587.0,13303.0,210320.0,24968.0,91066.0,48866.0,45420.0,48805.0,1982.0,46823.0,26649.0,26649.0,89548.0,44606.0,20939.0,9684.0,14319.0,31105.0,10345.0,20760.0,7578.0,7578.0,nan,nan,261.7,242.0,-,-,-,-,-,-,68.6,25.1,35.0,102.9,-,139.0,167.6,69.0
2026-07-01,10:00~12:00,通過量,6079.0,1916.0,333.0,1583.0,3452.0,1730.0,1722.0,9571.0,3369.0,3168.0,3034.0,6881.0,466.0,3109.0,1736.0,1570.0,2900.0,1500.0,1400.0,1415.0,1415.0,3482.0,629.0,1497.0,308.0,1048.0,3235.0,1670.0,1565.0,1146.0,1146.0,0.0,0.0,13.8,13.4,-,-,-,-,-,-,-,-,-,-,-,-,-,-
2026-07-01,10:00~12:00,平均停等延滯,79.9,7.8,28.1,3.5,2.6,2.4,2.8,5.0,8.3,2.1,4.4,30.6,53.6,29.3,28.1,28.9,16.8,1.3,33.4,18.8,18.8,25.7,70.9,14.0,31.4,13.7,9.6,6.2,13.3,6.6,6.6,-,-,E,E,-,-,-,-,-,-,-,-,-,-,-,-,-,-
2026-07-01,11:00~12:00,總停等延滯,214568.0,6601.0,4219.0,2382.0,4571.0,1745.0,2826.0,20935.0,12676.0,2527.0,5732.0,107018.0,13656.0,50305.0,25951.0,17106.0,13389.0,780.0,12609.0,5830.0,5830.0,43159.0,23596.0,8627.0,5030.0,5906.0,12366.0,3475.0,8891.0,699.0,699.0,nan,nan,286.4,267.0,-,-,-,-,-,-,86.6,29.4,32.6,93.1,-,173.9,162.1,95.0
2026-07-01,11:00~12:00,通過量,3055.0,967.0,172.0,795.0,1719.0,855.0,864.0,4868.0,1750.0,1631.0,1487.0,3492.0,254.0,1607.0,868.0,763.0,1476.0,773.0,703.0,728.0,728.0,1716.0,300.0,729.0,154.0,533.0,1649.0,862.0,787.0,547.0,547.0,0.0,0.0,12.6,12.1,-,-,-,-,-,-,-,-,-,-,-,-,-,-
2026-07-01,11:00~12:00,平均停等延滯,70.2,6.8,24.5,3.0,2.7,2.0,3.3,4.3,7.2,1.5,3.9,30.6,53.8,31.3,29.9,22.4,9.1,1.0,17.9,8.0,8.0,25.2,78.7,11.8,32.7,11.1,7.5,4.0,11.3,1.3,1.3,-,-,E,E,-,-,-,-,-,-,-,-,-,-,-,-,-,-
2026-07-01,12:00~14:00,總停等延滯,402684.0,13214.0,5880.0,7334.0,7775.0,3655.0,4120.0,38948.0,24698.0,3978.0,10272.0,201476.0,22622.0,100485.0,50072.0,28297.0,21513.0,1645.0,19868.0,8804.0,8804.0,86876.0,50882.0,14318.0,10408.0,11268.0,23002.0,6210.0,16792.0,1076.0,1076.0,nan,nan,307.8,269.8,-,-,-,-,-,-,107.8,22.6,33.5,93.2,-,176.6,243.3,41.9
2026-07-01,12:00~14:00,通過量,5925.0,1889.0,311.0,1578.0,3323.0,1702.0,1621.0,9328.0,3361.0,3088.0,2879.0,6714.0,409.0,3110.0,1715.0,1480.0,2841.0,1474.0,1367.0,1366.0,1366.0,3435.0,652.0,1477.0,270.0,1036.0,3136.0,1591.0,1545.0,1203.0,1203.0,0.0,0.0,11.8,12.0,-,-,-,-,-,-,-,-,-,-,-,-,-,-
2026-07-01,12:00~14:00,平均停等延滯,68.0,7.0,18.9,4.6,2.3,2.1,2.5,4.2,7.3,1.3,3.6,30.0,55.3,32.3,29.2,19.1,7.6,1.1,14.5,6.4,6.4,25.3,78.0,9.7,38.5,10.9,7.3,3.9,10.9,0.9,0.9,-,-,E,E,-,-,-,-,-,-,-,-,-,-,-,-,-,-
2026-07-01,16:30~18:30,總停等延滯,705122.0,28535.0,20577.0,7958.0,57370.0,54427.0,2943.0,77367.0,54136.0,9678.0,13553.0,304916.0,37673.0,170043.0,57022.0,40178.0,21978.0,3617.0,18361.0,19054.0,19054.0,138440.0,53050.0,47780.0,17053.0,20557.0,44429.0,20447.0,23982.0,13033.0,13033.0,nan,nan,218.1,241.5,-,-,-,-,-,-,183.9,17.7,49.4,113.2,-,128.2,152.2,48.1
2026-07-01,16:30~18:30,通過量,6457.0,1966.0,286.0,1680.0,3553.0,1929.0,1624.0,10916.0,4526.0,3454.0,2936.0,7806.0,530.0,4104.0,1814.0,1358.0,3420.0,2182.0,1238.0,1300.0,1300.0,4181.0,801.0,2107.0,395.0,878.0,3671.0,2033.0,1638.0,1104.0,1104.0,0.0,0.0,16.6,13.4,-,-,-,-,-,-,-,-,-,-,-,-,-,-
2026-07-01,16:30~18:30,平均停等延滯,109.2,14.5,71.9,4.7,16.1,28.2,1.8,7.1,12.0,2.8,4.6,39.1,71.1,41.4,31.4,29.6,6.4,1.7,14.8,14.7,14.7,33.1,66.2,22.7,43.2,23.4,12.1,10.1,14.6,11.8,11.8,-,-,E,E,-,-,-,-,-,-,-,-,-,-,-,-,-,-
2026-07-01,17:00~19:00,總停等延滯,651231.0,27884.0,20374.0,7510.0,53113.0,50599.0,2514.0,71948.0,52207.0,8581.0,11160.0,284448.0,34393.0,164431.0,49542.0,36082.0,15533.0,3044.0,12489.0,18922.0,18922.0,129109.0,51153.0,42596.0,15708.0,19652.0,39127.0,16112.0,23015.0,11147.0,11147.0,nan,nan,216.6,221.2,-,-,-,-,-,-,134.0,17.9,47.9,105.2,-,116.0,152.5,46.2
2026-07-01,17:00~19:00,通過量,6078.0,1837.0,283.0,1554.0,3413.0,1924.0,1489.0,10328.0,4468.0,3165.0,2695.0,7493.0,491.0,4071.0,1663.0,1268.0,3273.0,2125.0,1148.0,1186.0,1186.0,3938.0,816.0,1967.0,365.0,790.0,3068.0,1659.0,1409.0,985.0,985.0,0.0,0.0,16.7,14.6,-,-,-,-,-,-,-,-,-,-,-,-,-,-
2026-07-01,17:00~19:00,平均停等延滯,107.1,15.2,72.0,4.8,15.6,26.3,1.7,7.0,11.7,2.7,4.1,38.0,70.0,40.4,29.8,28.5,4.7,1.4,10.9,16.0,16.0,32.8,62.7,21.7,43.0,24.9,12.8,9.7,16.3,11.3,11.3,-,-,E,E,-,-,-,-,-,-,-,-,-,-,-,-,-,-
2026-07-01,16:30~17:30,總停等延滯,363506.0,13555.0,9396.0,4159.0,28265.0,27179.0,1086.0,39132.0,26065.0,5203.0,7864.0,156748.0,19460.0,84864.0,31560.0,20864.0,15303.0,2024.0,13279.0,9822.0,9822.0,70307.0,28102.0,21531.0,8244.0,12430.0,22571.0,10147.0,12424.0,7803.0,7803.0,nan,nan,243.0,264.9,-,-,-,-,-,-,172.5,17.0,43.1,121.4,-,143.4,164.9,61.1
2026-07-01,16:30~17:30,通過量,3397.0,1011.0,141.0,870.0,1818.0,945.0,873.0,5647.0,2211.0,1843.0,1593.0,4016.0,268.0,2025.0,983.0,740.0,1770.0,1087.0,683.0,702.0,702.0,2130.0,433.0,1012.0,184.0,501.0,1861.0,936.0,925.0,642.0,642.0,0.0,0.0,14.9,12.2,-,-,-,-,-,-,-,-,-,-,-,-,-,-
2026-07-01,16:30~17:30,平均停等延滯,107.0,13.4,66.6,4.8,15.5,28.8,1.2,6.9,11.8,2.8,4.9,39.0,72.6,41.9,32.1,28.2,8.6,1.9,19.4,14.0,14.0,33.0,64.9,21.3,44.8,24.8,12.1,10.8,13.4,12.2,12.2,-,-,E,E,-,-,-,-,-,-,-,-,-,-,-,-,-,-
2026-07-01,17:30~18:30,總停等延滯,341616.0,14980.0,11181.0,3799.0,29105.0,27248.0,1857.0,38235.0,28071.0,4475.0,5689.0,148168.0,18213.0,85179.0,25462.0,19314.0,6675.0,1593.0,5082.0,9232.0,9232.0,68133.0,24948.0,26249.0,8809.0,8127.0,21858.0,10300.0,11558.0,5230.0,5230.0,nan,nan,193.1,218.1,-,-,-,-,-,-,195.5,18.5,55.7,105.1,-,113.0,139.5,35.1
2026-07-01,17:30~18:30,通過量,3060.0,955.0,145.0,810.0,1735.0,984.0,751.0,5269.0,2315.0,1611.0,1343.0,3790.0,262.0,2079.0,831.0,618.0,1650.0,1095.0,555.0,598.0,598.0,2051.0,368.0,1095.0,211.0,377.0,1810.0,1097.0,713.0,462.0,462.0,0.0,0.0,18.7,14.9,-,-,-,-,-,-,-,-,-,-,-,-,-,-
2026-07-01,17:30~18:30,平均停等延滯,111.6,15.7,77.1,4.7,16.8,27.7,2.5,7.3,12.1,2.8,4.2,39.1,69.5,41.0,30.6,31.3,4.0,1.5,9.2,15.4,15.4,33.2,67.8,24.0,41.7,21.6,12.1,9.4,16.2,11.3,11.3,-,-,E,E,-,-,-,-,-,-,-,-,-,-,-,-,-,-
2026-07-02,06:30~20:30,總停等延滯,3693736.0,141989.0,99238.0,42751.0,129339.0,109676.0,19663.0,424438.0,246787.0,62694.0,114957.0,1681430.0,186157.0,871710.0,367886.0,255677.0,181620.0,18215.0,163405.0,130060.0,130060.0,699244.0,302798.0,136223.0,102598.0,157625.0,227271.0,94720.0,132551.0,78345.0,78345.0,nan,nan,236.1,247.6,-,-,-,-,-,-,89.6,30.0,43.2,106.8,-,140.7,171.2,37.5
2026-07-02,06:30~20:30,通過量,41724.0,13259.0,1880.0,11379.0,23357.0,11789.0,11568.0,69581.0,25521.0,23112.0,20948.0,49199.0,3359.0,23262.0,11791.0,10787.0,20868.0,11110.0,9758.0,9810.0,9810.0,25208.0,4490.0,11069.0,2430.0,7219.0,22739.0,12182.0,10557.0,8203.0,8203.0,0.0,0.0,15.3,13.1,-,-,-,-,-,-,-,-,-,-,-,-,-,-
2026-07-02,06:30~20:30,平均停等延滯,88.5,10.7,52.8,3.8,5.5,9.3,1.7,6.1,9.7,2.7,5.5,34.2,55.4,37.5,31.2,23.7,8.7,1.6,16.7,13.3,13.3,27.7,67.4,12.3,42.2,21.8,10.0,7.8,12.6,9.6,9.6,-,-,E,E,-,-,-,-,-,-,-,-,-,-,-,-,-,-
2026-07-02,07:00~21:00,總停等延滯,3578630.0,140846.0,99767.0,41079.0,127150.0,109483.0,17667.0,408102.0,248782.0,57113.0,102207.0,1646126.0,181451.0,870299.0,349715.0,244661.0,166416.0,18001.0,148415.0,112564.0,112564.0,681322.0,298869.0,136931.0,98909.0,146613.0,220776.0,93688.0,127088.0,75328.0,75328.0,nan,nan,230.2,252.1,-,-,-,-,-,-,89.4,29.4,42.9,105.7,-,146.4,167.9,36.4
2026-07-02,07:00~21:00,通過量,41160.0,12884.0,1900.0,10984.0,23017.0,11861.0,11156.0,68264.0,25761.0,22271.0,20232.0,48720.0,3298.0,23538.0,11564.0,10320.0,20662.0,11323.0,9339.0,9472.0,9472.0,25043.0,4442.0,11263.0,2344.0,6994.0,22591.0,12270.0,10321.0,8029.0,8029.0,0.0,0.0,15.7,12.9,-,-,-,-,-,-,-,-,-,-,-,-,-,-
2026-07-02,07:00~21:00,平均停等延滯,86.9,10.9,52.5,3.7,5.5,9.2,1.6,6.0,9.7,2.6,5.1,33.8,55.0,37.0,30.2,23.7,8.1,1.6,15.9,11.9,11.9,27.2,67.3,12.2,42.2,21.0,9.8,7.6,12.3,9.4,9.4,-,-,E,E,-,-,-,-,-,-,-,-,-,-,-,-,-,-
2026-07-02,06:30~08:30,總停等延滯,616347.0,20875.0,6900.0,13975.0,6933.0,3011.0,3922.0,78736.0,24199.0,16971.0,37566.0,264204.0,30002.0,119725.0,65482.0,48995.0,47107.0,1668.0,45439.0,37414.0,37414.0,116586.0,46625.0,12271.0,22505.0,35185.0,30234.0,10158.0,20076.0,14258.0,14258.0,nan,nan,294.8,237.8,-,-,-,-,-,-,44.5,83.6,32.2,108.6,-,129.2,180.8,52.4
2026-07-02,06:30~08:30,通過量,6002.0,2065.0,147.0,1918.0,3414.0,1433.0,1981.0,11105.0,3004.0,4304.0,3797.0,6995.0,499.0,2677.0,1654.0,2165.0,3125.0,1118.0,2007.0,1854.0,1854.0,3511.0,576.0,1129.0,493.0,1313.0,3042.0,1501.0,1541.0,1338.0,1338.0,0.0,0.0,12.3,13.6,-,-,-,-,-,-,-,-,-,-,-,-,-,-
2026-07-02,06:30~08:30,平均停等延滯,102.7,10.1,46.9,7.3,2.0,2.1,2.0,7.1,8.1,3.9,9.9,37.8,60.1,44.7,39.6,22.6,15.1,1.5,22.6,20.2,20.2,33.2,80.9,10.9,45.6,26.8,9.9,6.8,13.0,10.7,10.7,-,-,E,E,-,-,-,-,-,-,-,-,-,-,-,-,-,-
2026-07-02,06:30~07:30,總停等延滯,332068.0,9651.0,1854.0,7797.0,3934.0,1092.0,2842.0,47196.0,10383.0,11125.0,25688.0,137554.0,15358.0,55312.0,39761.0,27123.0,29145.0,734.0,28411.0,27982.0,27982.0,55111.0,18362.0,3548.0,11427.0,21774.0,15157.0,4854.0,10303.0,6338.0,6338.0,nan,nan,294.8,232.1,-,-,-,-,-,-,44.5,83.6,31.2,124.5,-,107.6,194.7,52.4
2026-07-02,06:30~07:30,通過量,2952.0,1109.0,60.0,1049.0,1743.0,637.0,1106.0,5722.0,1285.0,2337.0,2100.0,3397.0,236.0,1140.0,861.0,1160.0,1513.0,423.0,1090.0,1019.0,1019.0,1603.0,271.0,395.0,240.0,697.0,1529.0,718.0,811.0,629.0,629.0,0.0,0.0,12.3,14.0,-,-,-,-,-,-,-,-,-,-,-,-,-,-
2026-07-02,06:30~07:30,平均停等延滯,112.5,8.7,30.9,7.4,2.3,1.7,2.6,8.2,8.1,4.8,12.2,40.5,65.1,48.5,46.2,23.4,19.3,1.7,26.1,27.5,27.5,34.4,67.8,9.0,47.6,31.2,9.9,6.8,12.7,10.1,10.1,-,-,E,E,-,-,-,-,-,-,-,-,-,-,-,-,-,-
2026-07-02,07:30~08:30,總停等延滯,284279.0,11224.0,5046.0,6178.0,2999.0,1919.0,1080.0,31540.0,13816.0,5846.0,11878.0,126650.0,14644.0,64413.0,25721.0,21872.0,17962.0,934.0,17028.0,9432.0,9432.0,61475.0,28263.0,8723.0,11078.0,13411.0,15077.0,5304.0,9773.0,7920.0,7920.0,nan,nan,nan,243.5,-,-,-,-,-,-,-,-,32.9,92.8,-,150.7,167.0,-
2026-07-02,07:30~08:30,通過量,3050.0,956.0,87.0,869.0,1671.0,796.0,875.0,5383.0,1719.0,1967.0,1697.0,3598.0,263.0,1537.0,793.0,1005.0,1612.0,695.0,917.0,835.0,835.0,1908.0,305.0,734.0,253.0,616.0,1513.0,783.0,730.0,709.0,709.0,0.0,0.0,0.0,13.3,-,-,-,-,-,-,-,-,-,-,-,-,-,-
2026-07-02,07:30~08:30,平均停等延滯,93.2,11.7,58.0,7.1,1.8,2.4,1.2,5.9,8.0,3.0,7.0,35.2,55.7,41.9,32.4,21.8,11.1,1.3,18.6,11.3,11.3,32.2,92.7,11.9,43.8,21.8,10.0,6.8,13.4,11.2,11.2,-,-,-,E,-,-,-,-,-,-,-,-,-,-,-,-,-,-
2026-07-02,07:00~09:00,總停等延滯,605139.0,20799.0,7838.0,12961.0,5896.0,3006.0,2890.0,73596.0,27160.0,14279.0,32157.0,271555.0,29782.0,131214.0,63131.0,47428.0,40761.0,1927.0,38834.0,24026.0,24026.0,122324.0,54040.0,16236.0,23984.0,28064.0,30074.0,11096.0,18978.0,16108.0,16108.0,nan,nan,387.1,223.2,-,-,-,-,-,-,50.2,223.2,34.8,105.2,-,118.0,175.2,50.9
2026-07-02,07:00~09:00,通過量,6168.0,1980.0,158.0,1822.0,3514.0,1618.0,1896.0,11089.0,3385.0,4084.0,3620.0,7288.0,501.0,3044.0,1715.0,2028.0,3250.0,1370.0,1880.0,1786.0,1786.0,3707.0,616.0,1324.0,523.0,1244.0,3130.0,1622.0,1508.0,1356.0,1356.0,0.0,0.0,9.3,14.5,-,-,-,-,-,-,-,-,-,-,-,-,-,-
2026-07-02,07:00~09:00,平均停等延滯,98.1,10.5,49.6,7.1,1.7,1.9,1.5,6.6,8.0,3.5,8.9,37.3,59.4,43.1,36.8,23.4,12.5,1.4,20.7,13.5,13.5,33.0,87.7,12.3,45.9,22.6,9.6,6.8,12.6,11.9,11.9,-,-,F,E,-,-,-,-,-,-,-,-,-,-,-,-,-,-
2026-07-02,10:00~12:00,總停等延滯,451995.0,20564.0,15981.0,4583.0,6350.0,3818.0,2532.0,49131.0,29539.0,6788.0,12804.0,211741.0,25372.0,102953.0,49415.0,34001.0,20308.0,2269.0,18039.0,15903.0,15903.0,84422.0,38648.0,12389.0,14479.0,18906.0,32062.0,13632.0,18430.0,11514.0,11514.0,nan,nan,255.1,250.0,-,-,-,-,-,-,42.2,20.4,38.5,97.7,-,152.3,200.9,33.8
2026-07-02,10:00~12:00,通過量,6031.0,1939.0,301.0,1638.0,3360.0,1676.0,1684.0,9827.0,3477.0,3294.0,3056.0,6868.0,525.0,3039.0,1804.0,1500.0,2968.0,1584.0,1384.0,1349.0,1349.0,3513.0,597.0,1523.0,379.0,1014.0,3226.0,1687.0,1539.0,1166.0,1166.0,0.0,0.0,14.2,13.0,-,-,-,-,-,-,-,-,-,-,-,-,-,-
2026-07-02,10:00~12:00,平均停等延滯,74.9,10.6,53.1,2.8,1.9,2.3,1.5,5.0,8.5,2.1,4.2,30.8,48.3,33.9,27.4,22.7,6.8,1.4,13.0,11.8,11.8,24.0,64.7,8.1,38.2,18.6,9.9,8.1,12.0,9.9,9.9,-,-,E,E,-,-,-,-,-,-,-,-,-,-,-,-,-,-
2026-07-02,11:00~12:00,總停等延滯,219932.0,9104.0,6915.0,2189.0,3507.0,1934.0,1573.0,21419.0,13537.0,2739.0,5143.0,104012.0,12656.0,50677.0,23075.0,17604.0,11017.0,1111.0,9906.0,8056.0,8056.0,43252.0,21392.0,6484.0,6696.0,8680.0,14021.0,5598.0,8423.0,5544.0,5544.0,nan,nan,289.7,277.3,-,-,-,-,-,-,43.0,21.3,26.4,97.7,-,179.6,237.6,30.7
2026-07-02,11:00~12:00,通過量,2979.0,933.0,137.0,796.0,1656.0,838.0,818.0,4667.0,1657.0,1547.0,1463.0,3281.0,265.0,1418.0,843.0,755.0,1488.0,799.0,689.0,687.0,687.0,1786.0,296.0,760.0,204.0,526.0,1511.0,798.0,713.0,549.0,549.0,0.0,0.0,12.5,11.7,-,-,-,-,-,-,-,-,-,-,-,-,-,-
2026-07-02,11:00~12:00,平均停等延滯,73.8,9.8,50.5,2.8,2.1,2.3,1.9,4.6,8.2,1.8,3.5,31.7,47.8,35.7,27.4,23.3,7.4,1.4,14.4,11.7,11.7,24.2,72.3,8.5,32.8,16.5,9.3,7.0,11.8,10.1,10.1,-,-,E,E,-,-,-,-,-,-,-,-,-,-,-,-,-,-
2026-07-02,12:00~14:00,總停等延滯,450281.0,17590.0,13868.0,3722.0,7678.0,3935.0,3743.0,46448.0,29628.0,6923.0,9897.0,215521.0,23285.0,103544.0,49256.0,39436.0,25891.0,3163.0,22728.0,15756.0,15756.0,81285.0,40637.0,10288.0,10043.0,20317.0,31800.0,12783.0,19017.0,8312.0,8312.0,nan,nan,245.0,258.2,-,-,-,-,-,-,101.2,34.5,72.1,99.7,-,158.6,172.4,38.0
2026-07-02,12:00~14:00,通過量,5911.0,1946.0,295.0,1651.0,3253.0,1583.0,1670.0,9500.0,3446.0,3182.0,2872.0,6985.0,464.0,3139.0,1738.0,1644.0,2884.0,1503.0,1381.0,1392.0,1392.0,3444.0,598.0,1491.0,220.0,1135.0,3344.0,1728.0,1616.0,1175.0,1175.0,0.0,0.0,14.8,12.5,-,-,-,-,-,-,-,-,-,-,-,-,-,-
2026-07-02,12:00~14:00,平均停等延滯,76.2,9.0,47.0,2.3,2.4,2.5,2.2,4.9,8.6,2.2,3.4,30.9,50.2,33.0,28.3,24.0,9.0,2.1,16.5,11.3,11.3,23.6,68.0,6.9,45.6,17.9,9.5,7.4,11.8,7.1,7.1,-,-,E,E,-,-,-,-,-,-,-,-,-,-,-,-,-,-
2026-07-02,16:30~18:30,總停等延滯,683010.0,26475.0,19965.0,6510.0,52736.0,50754.0,1982.0,77138.0,53955.0,9934.0,13249.0,285170.0,33510.0,157893.0,54901.0,38866.0,25508.0,4712.0,20796.0,15319.0,15319.0,138563.0,53829.0,45942.0,18319.0,20473.0,50542.0,22938.0,27604.0,11559.0,11559.0,nan,nan,224.1,241.1,-,-,-,-,-,-,107.7,23.1,52.4,115.9,-,125.2,160.6,40.4
2026-07-02,16:30~18:30,通過量,6320.0,1990.0,308.0,1682.0,3508.0,1805.0,1703.0,10557.0,4312.0,3338.0,2907.0,7578.0,535.0,4008.0,1805.0,1230.0,3191.0,2039.0,1152.0,1248.0,1248.0,4151.0,800.0,2086.0,401.0,864.0,3537.0,1930.0,1607.0,1120.0,1120.0,0.0,0.0,16.1,13.4,-,-,-,-,-,-,-,-,-,-,-,-,-,-
2026-07-02,16:30~18:30,平均停等延滯,108.1,13.3,64.8,3.9,15.0,28.1,1.2,7.3,12.5,3.0,4.6,37.6,62.6,39.4,30.4,31.6,8.0,2.3,18.1,12.3,12.3,33.4,67.3,22.0,45.7,23.7,14.3,11.9,17.2,10.3,10.3,-,-,E,E,-,-,-,-,-,-,-,-,-,-,-,-,-,-
2026-07-02,17:00~19:00,總停等延滯,640441.0,25291.0,17724.0,7567.0,53260.0,51213.0,2047.0,73800.0,54424.0,9367.0,10009.0,273228.0,31782.0,160642.0,45363.0,35441.0,18381.0,4349.0,14032.0,14076.0,14076.0,130407.0,52960.0,43319.0,16599.0,17529.0,44907.0,19973.0,24934.0,7091.0,7091.0,nan,nan,205.5,212.0,-,-,-,-,-,-,86.6,23.0,42.1,107.9,-,104.1,146.3,36.3
2026-07-02,17:00~19:00,通過量,6002.0,1807.0,311.0,1496.0,3353.0,1825.0,1528.0,10020.0,4341.0,3038.0,2641.0,7159.0,512.0,3891.0,1635.0,1121.0,3095.0,2049.0,1046.0,1132.0,1132.0,3981.0,777.0,2067.0,367.0,770.0,3403.0,1963.0,1440.0,990.0,990.0,0.0,0.0,17.6,15.3,-,-,-,-,-,-,-,-,-,-,-,-,-,-
2026-07-02,17:00~19:00,平均停等延滯,106.7,14.0,57.0,5.1,15.9,28.1,1.3,7.4,12.5,3.1,3.8,38.2,62.1,41.3,27.7,31.6,5.9,2.1,13.4,12.4,12.4,32.8,68.2,21.0,45.2,22.8,13.2,10.2,17.3,7.2,7.2,-,-,E,E,-,-,-,-,-,-,-,-,-,-,-,-,-,-
2026-07-02,16:30~17:30,總停等延滯,346509.0,11561.0,9802.0,1759.0,21431.0,20245.0,1186.0,38853.0,26107.0,4720.0,8026.0,145172.0,16385.0,75148.0,31669.0,21970.0,17096.0,1744.0,15352.0,8579.0,8579.0,70020.0,26703.0,22809.0,8799.0,11709.0,26230.0,12025.0,14205.0,7567.0,7567.0,nan,nan,263.4,258.1,-,-,-,-,-,-,83.3,24.5,64.3,119.5,-,138.7,193.3,45.6
2026-07-02,16:30~17:30,通過量,3272.0,1040.0,140.0,900.0,1839.0,912.0,927.0,5341.0,2116.0,1702.0,1523.0,3881.0,266.0,2030.0,926.0,659.0,1583.0,966.0,617.0,689.0,689.0,2096.0,417.0,998.0,206.0,475.0,1777.0,921.0,856.0,581.0,581.0,0.0,0.0,13.7,12.6,-,-,-,-,-,-,-,-,-,-,-,-,-,-
2026-07-02,16:30~17:30,平均停等延滯,105.9,11.1,70.0,2.0,11.7,22.2,1.3,7.3,12.3,2.8,5.3,37.4,61.6,37.0,34.2,33.3,10.8,1.8,24.9,12.5,12.5,33.4,64.0,22.9,42.7,24.7,14.8,13.1,16.6,13.0,13.0,-,-,E,E,-,-,-,-,-,-,-,-,-,-,-,-,-,-
2026-07-02,17:30~18:30,總停等延滯,336501.0,14914.0,10163.0,4751.0,31305.0,30509.0,796.0,38285.0,27848.0,5214.0,5223.0,139998.0,17125.0,82745.0,23232.0,16896.0,8412.0,2968.0,5444.0,6740.0,6740.0,68543.0,27126.0,23133.0,9520.0,8764.0,24312.0,10913.0,13399.0,3992.0,3992.0,nan,nan,184.8,224.0,-,-,-,-,-,-,132.2,21.8,40.5,112.3,-,111.7,127.9,35.2
2026-07-02,17:30~18:30,通過量,3048.0,950.0,168.0,782.0,1669.0,893.0,776.0,5216.0,2196.0,1636.0,1384.0,3697.0,269.0,1978.0,879.0,571.0,1608.0,1073.0,535.0,559.0,559.0,2055.0,383.0,1088.0,195.0,389.0,1760.0,1009.0,751.0,539.0,539.0,0.0,0.0,19.6,14.5,-,-,-,-,-,-,-,-,-,-,-,-,-,-
2026-07-02,17:30~18:30,平均停等延滯,110.4,15.7,60.5,6.1,18.8,34.2,1.0,7.3,12.7,3.2,3.8,37.9,63.7,41.8,26.4,29.6,5.2,2.8,10.2,12.1,12.1,33.4,70.8,21.3,48.8,22.5,13.8,10.8,17.8,7.4,7.4,-,-,E,E,-,-,-,-,-,-,-,-,-,-,-,-,-,-
2026-07-03,06:30~20:30,總停等延滯,3904925.0,130841.0,99684.0,31157.0,150934.0,125426.0,25508.0,486619.0,272185.0,63054.0,151380.0,1782930.0,199156.0,913007.0,399184.0,271583.0,190753.0,15415.0,175338.0,137530.0,137530.0,715321.0,312297.0,136898.0,103672.0,162454.0,240904.0,97323.0,143581.0,69093.0,69093.0,nan,nan,249.8,270.1,-,-,-,-,-,-,90.6,27.3,63.2,133.7,-,136.4,188.4,43.0
2026-07-03,06:30~20:30,通過量,43425.0,13850.0,1966.0,11884.0,23921.0,11698.0,12223.0,71657.0,25144.0,24312.0,22201.0,50899.0,3432.0,23458.0,12439.0,11570.0,21776.0,11110.0,10666.0,10889.0,10889.0,26338.0,4729.0,11099.0,2642.0,7868.0,23211.0,12121.0,11090.0,8315.0,8315.0,0.0,0.0,14.5,12.0,-,-,-,-,-,-,-,-,-,-,-,-,-,-
2026-07-03,06:30~20:30,平均停等延滯,89.9,9.4,50.7,2.6,6.3,10.7,2.1,6.8,10.8,2.6,6.8,35.0,58.0,38.9,32.1,23.5,8.8,1.4,16.4,12.6,12.6,27.2,66.0,12.3,39.2,20.6,10.4,8.0,12.9,8.3,8.3,-,-,E,E,-,-,-,-,-,-,-,-,-,-,-,-,-,-
2026-07-03,07:00~21:00,總停等延滯,3831300.0,130607.0,101005.0,29602.0,149687.0,125559.0,24128.0,474165.0,275661.0,58811.0,139693.0,1764693.0,194659.0,922320.0,386341.0,261373.0,176377.0,15227.0,161150.0,123453.0,123453.0,706606.0,310120.0,139631.0,100268.0,156587.0,235343.0,96716.0,138627.0,70369.0,70369.0,nan,nan,240.8,271.2,-,-,-,-,-,-,91.2,27.0,63.1,134.1,-,137.0,182.5,41.9
2026-07-03,07:00~21:00,通過量,43122.0,13420.0,2004.0,11416.0,23684.0,11809.0,11875.0,70806.0,25492.0,23660.0,21654.0,50699.0,3416.0,23772.0,12304.0,11207.0,21615.0,11311.0,10304.0,10594.0,10594.0,26308.0,4741.0,11333.0,2563.0,7671.0,23195.0,12277.0,10918.0,8245.0,8245.0,0.0,0.0,15.0,11.9,-,-,-,-,-,-,-,-,-,-,-,-,-,-
2026-07-03,07:00~21:00,平均停等延滯,88.8,9.7,50.4,2.6,6.3,10.6,2.0,6.7,10.8,2.5,6.5,34.8,57.0,38.8,31.4,23.3,8.2,1.3,15.6,11.7,11.7,26.9,65.4,12.3,39.1,20.4,10.1,7.9,12.7,8.5,8.5,-,-,E,E,-,-,-,-,-,-,-,-,-,-,-,-,-,-
2026-07-03,06:30~08:30,總停等延滯,652773.0,11845.0,5150.0,6695.0,30406.0,26227.0,4179.0,109379.0,49514.0,16572.0,43293.0,292485.0,38914.0,136993.0,74020.0,42558.0,32802.0,1594.0,31208.0,30233.0,30233.0,111169.0,52831.0,10782.0,20993.0,26563.0,30817.0,8596.0,22221.0,3637.0,3637.0,nan,nan,310.4,335.4,-,-,-,-,-,-,53.7,27.4,42.9,220.9,-,114.5,226.9,56.1
2026-07-03,06:30~08:30,通過量,5866.0,2124.0,188.0,1936.0,3256.0,1278.0,1978.0,10862.0,2932.0,4207.0,3723.0,6796.0,508.0,2493.0,1671.0,2124.0,3134.0,1099.0,2035.0,1933.0,1933.0,3528.0,631.0,1065.0,552.0,1280.0,2761.0,1332.0,1429.0,1197.0,1197.0,0.0,0.0,11.7,9.7,-,-,-,-,-,-,-,-,-,-,-,-,-,-
2026-07-03,06:30~08:30,平均停等延滯,111.3,5.6,27.4,3.5,9.3,20.5,2.1,10.1,16.9,3.9,11.6,43.0,76.6,55.0,44.3,20.0,10.5,1.5,15.3,15.6,15.6,31.5,83.7,10.1,38.0,20.8,11.2,6.5,15.6,3.0,3.0,-,-,E,F,-,-,-,-,-,-,-,-,-,-,-,-,-,-
2026-07-03,06:30~07:30,總停等延滯,321367.0,4738.0,1747.0,2991.0,4598.0,1804.0,2794.0,53302.0,13239.0,10824.0,29239.0,137583.0,20422.0,47141.0,42079.0,27941.0,26435.0,1052.0,25383.0,23996.0,23996.0,49574.0,22115.0,2897.0,9453.0,15109.0,19801.0,4611.0,15190.0,1340.0,1340.0,nan,nan,377.7,256.9,-,-,-,-,-,-,61.8,27.8,29.5,146.3,-,110.6,283.1,66.8
2026-07-03,06:30~07:30,通過量,2943.0,1125.0,67.0,1058.0,1684.0,617.0,1067.0,5671.0,1314.0,2321.0,2036.0,3370.0,249.0,1097.0,864.0,1160.0,1537.0,425.0,1112.0,1047.0,1047.0,1640.0,304.0,393.0,263.0,680.0,1359.0,596.0,763.0,567.0,567.0,0.0,0.0,9.6,12.6,-,-,-,-,-,-,-,-,-,-,-,-,-,-
2026-07-03,06:30~07:30,平均停等延滯,109.2,4.2,26.1,2.8,2.7,2.9,2.6,9.4,10.1,4.7,14.4,40.8,82.0,43.0,48.7,24.1,17.2,2.5,22.8,22.9,22.9,30.2,72.7,7.4,35.9,22.2,14.6,7.7,19.9,2.4,2.4,-,-,F,E,-,-,-,-,-,-,-,-,-,-,-,-,-,-
2026-07-03,07:30~08:30,總停等延滯,331406.0,7107.0,3403.0,3704.0,25808.0,24423.0,1385.0,56077.0,36275.0,5748.0,14054.0,154902.0,18492.0,89852.0,31941.0,14617.0,6367.0,542.0,5825.0,6237.0,6237.0,61595.0,30716.0,7885.0,11540.0,11454.0,11016.0,3985.0,7031.0,2297.0,2297.0,nan,nan,243.1,413.9,-,-,-,-,-,-,45.6,27.0,55.2,295.5,-,118.4,170.6,45.5
2026-07-03,07:30~08:30,通過量,2923.0,999.0,121.0,878.0,1572.0,661.0,911.0,5191.0,1618.0,1886.0,1687.0,3426.0,259.0,1396.0,807.0,964.0,1597.0,674.0,923.0,886.0,886.0,1888.0,327.0,672.0,289.0,600.0,1402.0,736.0,666.0,630.0,630.0,0.0,0.0,14.9,7.8,-,-,-,-,-,-,-,-,-,-,-,-,-,-
2026-07-03,07:30~08:30,平均停等延滯,113.4,7.1,28.1,4.2,16.4,36.9,1.5,10.8,22.4,3.0,8.3,45.2,71.4,64.4,39.6,15.2,4.0,0.8,6.3,7.0,7.0,32.6,93.9,11.7,39.9,19.1,7.9,5.4,10.6,3.6,3.6,-,-,E,F,-,-,-,-,-,-,-,-,-,-,-,-,-,-
2026-07-03,07:00~09:00,總停等延滯,673790.0,11454.0,6312.0,5142.0,40136.0,37611.0,2525.0,116480.0,64033.0,14477.0,37970.0,315406.0,37707.0,169084.0,72733.0,35882.0,20170.0,1327.0,18843.0,17598.0,17598.0,116281.0,58531.0,13484.0,20970.0,23296.0,30854.0,8891.0,21963.0,5411.0,5411.0,nan,nan,285.4,388.6,-,-,-,-,-,-,52.3,25.8,93.3,268.6,-,120.0,206.5,53.1
2026-07-03,07:00~09:00,通過量,6031.0,2017.0,217.0,1800.0,3230.0,1365.0,1865.0,10720.0,3183.0,3992.0,3545.0,6864.0,537.0,2707.0,1656.0,1964.0,3115.0,1248.0,1867.0,1840.0,1840.0,3699.0,681.0,1232.0,572.0,1214.0,2901.0,1456.0,1445.0,1206.0,1206.0,0.0,0.0,12.7,8.3,-,-,-,-,-,-,-,-,-,-,-,-,-,-
2026-07-03,07:00~09:00,平均停等延滯,111.7,5.7,29.1,2.9,12.4,27.6,1.4,10.9,20.1,3.6,10.7,46.0,70.2,62.5,43.9,18.3,6.5,1.1,10.1,9.6,9.6,31.4,85.9,10.9,36.7,19.2,10.6,6.1,15.2,4.5,4.5,-,-,E,F,-,-,-,-,-,-,-,-,-,-,-,-,-,-
2026-07-03,10:00~12:00,總停等延滯,470606.0,19023.0,16368.0,2655.0,9371.0,6573.0,2798.0,46226.0,26677.0,6811.0,12738.0,222162.0,25140.0,112535.0,49581.0,34906.0,24329.0,2189.0,22140.0,17027.0,17027.0,89709.0,37687.0,14240.0,13175.0,24607.0,32422.0,11986.0,20436.0,10337.0,10337.0,nan,nan,244.0,273.6,-,-,-,-,-,-,132.9,57.1,28.5,110.8,-,162.8,168.8,41.6
2026-07-03,10:00~12:00,通過量,6278.0,1986.0,300.0,1686.0,3523.0,1821.0,1702.0,9848.0,3400.0,3349.0,3099.0,7083.0,505.0,3162.0,1755.0,1661.0,3122.0,1580.0,1542.0,1531.0,1531.0,3657.0,616.0,1540.0,313.0,1188.0,3350.0,1815.0,1535.0,1114.0,1114.0,0.0,0.0,14.8,11.8,-,-,-,-,-,-,-,-,-,-,-,-,-,-
2026-07-03,10:00~12:00,平均停等延滯,75.0,9.6,54.6,1.6,2.7,3.6,1.6,4.7,7.8,2.0,4.1,31.4,49.8,35.6,28.3,21.0,7.8,1.4,14.4,11.1,11.1,24.5,61.2,9.2,42.1,20.7,9.7,6.6,13.3,9.3,9.3,-,-,E,E,-,-,-,-,-,-,-,-,-,-,-,-,-,-
2026-07-03,11:00~12:00,總停等延滯,228091.0,9235.0,8470.0,765.0,5064.0,3548.0,1516.0,20989.0,13121.0,2791.0,5077.0,110821.0,11131.0,56117.0,25662.0,17911.0,11079.0,1054.0,10025.0,8228.0,8228.0,42725.0,19087.0,6920.0,5516.0,11202.0,15457.0,5266.0,10191.0,4493.0,4493.0,nan,nan,273.3,233.2,-,-,-,-,-,-,234.6,112.8,29.4,112.0,-,121.3,168.3,46.7
2026-07-03,11:00~12:00,通過量,3129.0,1002.0,155.0,847.0,1758.0,935.0,823.0,4835.0,1710.0,1616.0,1509.0,3431.0,261.0,1545.0,854.0,771.0,1531.0,811.0,720.0,729.0,729.0,1801.0,302.0,770.0,140.0,589.0,1665.0,918.0,747.0,534.0,534.0,0.0,0.0,13.2,13.9,-,-,-,-,-,-,-,-,-,-,-,-,-,-
2026-07-03,11:00~12:00,平均停等延滯,72.9,9.2,54.6,0.9,2.9,3.8,1.8,4.3,7.7,1.7,3.4,32.3,42.6,36.3,30.0,23.2,7.2,1.3,13.9,11.3,11.3,23.7,63.2,9.0,39.4,19.0,9.3,5.7,13.6,8.4,8.4,-,-,E,E,-,-,-,-,-,-,-,-,-,-,-,-,-,-
2026-07-03,12:00~14:00,總停等延滯,498813.0,20786.0,17210.0,3576.0,8078.0,3880.0,4198.0,52121.0,29712.0,6456.0,15953.0,234547.0,23604.0,114277.0,57099.0,39567.0,29971.0,1966.0,28005.0,18859.0,18859.0,89251.0,42710.0,11528.0,12128.0,22885.0,32565.0,14580.0,17985.0,12635.0,12635.0,nan,nan,nan,260.8,-,-,-,-,-,-,-,-,36.9,98.8,-,162.0,191.4,-
2026-07-03,12:00~14:00,通過量,6216.0,2060.0,321.0,1739.0,3428.0,1662.0,1766.0,10106.0,3480.0,3429.0,3197.0,7212.0,436.0,3274.0,1834.0,1668.0,3107.0,1559.0,1548.0,1604.0,1604.0,3625.0,634.0,1516.0,253.0,1222.0,3420.0,1732.0,1688.0,1290.0,1290.0,0.0,0.0,0.0,12.4,-,-,-,-,-,-,-,-,-,-,-,-,-,-
2026-07-03,12:00~14:00,平均停等延滯,80.2,10.1,53.6,2.1,2.4,2.3,2.4,5.2,8.5,1.9,5.0,32.5,54.1,34.9,31.1,23.7,9.6,1.3,18.1,11.8,11.8,24.6,67.4,7.6,47.9,18.7,9.5,8.4,10.7,9.8,9.8,-,-,-,E,-,-,-,-,-,-,-,-,-,-,-,-,-,-
2026-07-03,16:30~18:30,總停等延滯,664798.0,24061.0,17712.0,6349.0,29686.0,24485.0,5201.0,80379.0,42907.0,11982.0,25490.0,283277.0,34928.0,140042.0,58981.0,49326.0,41521.0,2522.0,38999.0,22740.0,22740.0,132227.0,55671.0,38020.0,16041.0,22495.0,41274.0,18222.0,23052.0,9633.0,9633.0,nan,nan,223.9,232.4,-,-,-,-,-,-,115.8,21.3,180.7,114.8,-,117.6,162.1,40.5
2026-07-03,16:30~18:30,通過量,6735.0,2109.0,331.0,1778.0,3581.0,1761.0,1820.0,10501.0,3789.0,3552.0,3160.0,7666.0,625.0,3613.0,1942.0,1486.0,3152.0,1791.0,1361.0,1463.0,1463.0,4107.0,855.0,1808.0,477.0,967.0,3542.0,1823.0,1719.0,1129.0,1129.0,0.0,0.0,16.2,13.9,-,-,-,-,-,-,-,-,-,-,-,-,-,-
2026-07-03,16:30~18:30,平均停等延滯,98.7,11.4,53.5,3.6,8.3,13.9,2.9,7.7,11.3,3.4,8.1,37.0,55.9,38.8,30.4,33.2,13.2,1.4,28.7,15.5,15.5,32.2,65.1,21.0,33.6,23.3,11.7,10.0,13.4,8.5,8.5,-,-,E,E,-,-,-,-,-,-,-,-,-,-,-,-,-,-
2026-07-03,17:00~19:00,總停等延滯,618122.0,20618.0,14468.0,6150.0,38685.0,32496.0,6189.0,73242.0,44686.0,11306.0,17250.0,264641.0,32741.0,133618.0,48963.0,49319.0,37939.0,2456.0,35483.0,20085.0,20085.0,121180.0,50592.0,34044.0,14848.0,21696.0,31477.0,13980.0,17497.0,10255.0,10255.0,nan,nan,209.6,238.5,-,-,-,-,-,-,83.4,21.3,117.8,109.6,-,128.9,152.1,36.2
2026-07-03,17:00~19:00,通過量,6390.0,2046.0,313.0,1733.0,3540.0,1839.0,1701.0,9915.0,3853.0,3238.0,2824.0,7278.0,585.0,3675.0,1674.0,1344.0,3068.0,1801.0,1267.0,1330.0,1330.0,3984.0,765.0,1872.0,443.0,904.0,3354.0,1813.0,1541.0,1033.0,1033.0,0.0,0.0,17.3,13.6,-,-,-,-,-,-,-,-,-,-,-,-,-,-
2026-07-03,17:00~19:00,平均停等延滯,96.7,10.1,46.2,3.5,10.9,17.7,3.6,7.4,11.6,3.5,6.1,36.4,56.0,36.4,29.2,36.7,12.4,1.4,28.0,15.1,15.1,30.4,66.1,18.2,33.5,24.0,9.4,7.7,11.4,9.9,9.9,-,-,E,E,-,-,-,-,-,-,-,-,-,-,-,-,-,-
2026-07-03,16:30~17:30,總停等延滯,375551.0,13566.0,9915.0,3651.0,13821.0,11431.0,2390.0,46284.0,22733.0,6147.0,17404.0,160429.0,17289.0,79218.0,38348.0,25574.0,25763.0,1412.0,24351.0,12254.0,12254.0,71018.0,28885.0,20234.0,8815.0,13084.0,27931.0,12551.0,15380.0,4485.0,4485.0,nan,nan,264.7,228.0,-,-,-,-,-,-,161.7,20.3,327.0,127.7,-,100.4,198.7,45.7
2026-07-03,16:30~17:30,通過量,3694.0,1100.0,164.0,936.0,1916.0,957.0,959.0,5576.0,1939.0,1895.0,1742.0,4007.0,327.0,1746.0,1106.0,828.0,1657.0,903.0,754.0,779.0,779.0,2180.0,478.0,900.0,255.0,547.0,1907.0,941.0,966.0,607.0,607.0,0.0,0.0,13.7,14.2,-,-,-,-,-,-,-,-,-,-,-,-,-,-
2026-07-03,16:30~17:30,平均停等延滯,101.7,12.3,60.5,3.9,7.2,11.9,2.5,8.3,11.7,3.2,10.0,40.0,52.9,45.4,34.7,30.9,15.5,1.6,32.3,15.7,15.7,32.6,60.4,22.5,34.6,23.9,14.6,13.3,15.9,7.4,7.4,-,-,E,E,-,-,-,-,-,-,-,-,-,-,-,-,-,-
2026-07-03,17:30~18:30,總停等延滯,289247.0,10495.0,7797.0,2698.0,15865.0,13054.0,2811.0,34095.0,20174.0,5835.0,8086.0,122848.0,17639.0,60824.0,20633.0,23752.0,15758.0,1110.0,14648.0,10486.0,10486.0,61209.0,26786.0,17786.0,7226.0,9411.0,13343.0,5671.0,7672.0,5148.0,5148.0,nan,nan,183.2,236.7,-,-,-,-,-,-,69.9,22.4,34.4,101.8,-,134.9,125.5,35.3
2026-07-03,17:30~18:30,通過量,3041.0,1009.0,167.0,842.0,1665.0,804.0,861.0,4925.0,1850.0,1657.0,1418.0,3659.0,298.0,1867.0,836.0,658.0,1495.0,888.0,607.0,684.0,684.0,1927.0,377.0,908.0,222.0,420.0,1635.0,882.0,753.0,522.0,522.0,0.0,0.0,19.7,13.7,-,-,-,-,-,-,-,-,-,-,-,-,-,-
2026-07-03,17:30~18:30,平均停等延滯,95.1,10.4,46.7,3.2,9.5,16.2,3.3,6.9,10.9,3.5,5.7,33.6,59.2,32.6,24.7,36.1,10.5,1.2,24.1,15.3,15.3,31.8,71.1,19.6,32.5,22.4,8.2,6.4,10.2,9.9,9.9,-,-,E,E,-,-,-,-,-,-,-,-,-,-,-,-,-,-
2026-07-04,06:30~20:30,總停等延滯,3164141.0,174242.0,99084.0,75158.0,77829.0,55537.0,22292.0,316678.0,213771.0,33770.0,69137.0,1571760.0,146586.0,829218.0,318618.0,277338.0,174663.0,16488.0,158175.0,106584.0,106584.0,546714.0,236888.0,104377.0,56427.0,149022.0,150258.0,47338.0,102920.0,45413.0,45413.0,nan,nan,218.9,237.7,-,-,-,-,-,-,79.3,24.9,34.7,96.2,-,141.4,150.9,43.1
2026-07-04,06:30~20:30,通過量,38665.0,12653.0,1957.0,10696.0,21593.0,10916.0,10677.0,62835.0,22503.0,20872.0,19460.0,44995.0,2405.0,21473.0,10427.0,10690.0,20105.0,10128.0,9977.0,10387.0,10387.0,23713.0,4040.0,9933.0,1867.0,7873.0,20670.0,11063.0,9607.0,7666.0,7666.0,0.0,0.0,16.5,13.6,-,-,-,-,-,-,-,-,-,-,-,-,-,-
2026-07-04,06:30~20:30,平均停等延滯,81.8,13.8,50.6,7.0,3.6,5.1,2.1,5.0,9.5,1.6,3.6,34.9,61.0,38.6,30.6,25.9,8.7,1.6,15.9,10.3,10.3,23.1,58.6,10.5,30.2,18.9,7.3,4.3,10.7,5.9,5.9,-,-,E,E,-,-,-,-,-,-,-,-,-,-,-,-,-,-
2026-07-04,07:00~21:00,總停等延滯,3186632.0,173466.0,99088.0,74378.0,76878.0,54962.0,21916.0,320244.0,219197.0,33229.0,67818.0,1592976.0,146357.0,850141.0,320549.0,275929.0,174136.0,16579.0,157557.0,106604.0,106604.0,547609.0,238241.0,105161.0,56080.0,148127.0,148498.0,47133.0,101365.0,46221.0,46221.0,nan,nan,214.4,238.0,-,-,-,-,-,-,78.6,25.0,34.5,96.5,-,141.5,148.6,40.7
2026-07-04,07:00~21:00,通過量,38830.0,12581.0,1964.0,10617.0,21661.0,11054.0,10607.0,62983.0,22929.0,20745.0,19309.0,45386.0,2406.0,21902.0,10430.0,10648.0,20279.0,10346.0,9933.0,10300.0,10300.0,23984.0,4065.0,10186.0,1858.0,7875.0,20878.0,11270.0,9608.0,7718.0,7718.0,0.0,0.0,16.9,13.6,-,-,-,-,-,-,-,-,-,-,-,-,-,-
2026-07-04,07:00~21:00,平均停等延滯,82.1,13.8,50.5,7.0,3.5,5.0,2.1,5.1,9.6,1.6,3.5,35.1,60.8,38.8,30.7,25.9,8.6,1.6,15.9,10.3,10.3,22.8,58.6,10.3,30.2,18.8,7.1,4.2,10.6,6.0,6.0,-,-,E,E,-,-,-,-,-,-,-,-,-,-,-,-,-,-
2026-07-04,06:30~08:30,總停等延滯,304035.0,22933.0,10512.0,12421.0,4407.0,1233.0,3174.0,32141.0,14041.0,5995.0,12105.0,135994.0,20460.0,51145.0,30631.0,33758.0,18005.0,1055.0,16950.0,12634.0,12634.0,53583.0,24855.0,4250.0,5011.0,19467.0,21984.0,4804.0,17180.0,2354.0,2354.0,nan,nan,241.8,172.9,-,-,-,-,-,-,62.4,40.8,22.2,81.9,-,91.0,147.4,53.3
2026-07-04,06:30~08:30,通過量,4356.0,1604.0,215.0,1389.0,2289.0,875.0,1414.0,7445.0,1898.0,2886.0,2661.0,4946.0,359.0,1799.0,1318.0,1470.0,2195.0,797.0,1398.0,1467.0,1467.0,2415.0,443.0,773.0,218.0,981.0,2326.0,1061.0,1265.0,926.0,926.0,0.0,0.0,15.0,18.7,-,-,-,-,-,-,-,-,-,-,-,-,-,-
2026-07-04,06:30~08:30,平均停等延滯,69.8,14.3,48.9,8.9,1.9,1.4,2.2,4.3,7.4,2.1,4.5,27.5,57.0,28.4,23.2,23.0,8.2,1.3,12.1,8.6,8.6,22.2,56.1,5.5,23.0,19.8,9.5,4.5,13.6,2.5,2.5,-,-,E,E,-,-,-,-,-,-,-,-,-,-,-,-,-,-
2026-07-04,06:30~07:30,總停等延滯,126291.0,8100.0,4077.0,4023.0,2579.0,877.0,1702.0,14728.0,6431.0,3229.0,5068.0,51410.0,7062.0,16258.0,12791.0,15299.0,6865.0,473.0,6392.0,6025.0,6025.0,26042.0,9941.0,1701.0,2485.0,11915.0,9195.0,2061.0,7134.0,1347.0,1347.0,nan,nan,244.0,154.9,-,-,-,-,-,-,77.6,20.8,21.2,80.8,-,74.1,155.1,67.5
2026-07-04,06:30~07:30,通過量,1946.0,772.0,89.0,683.0,1086.0,387.0,699.0,3483.0,821.0,1394.0,1268.0,2156.0,142.0,734.0,599.0,681.0,999.0,329.0,670.0,724.0,724.0,1100.0,183.0,332.0,104.0,481.0,996.0,436.0,560.0,387.0,387.0,0.0,0.0,14.8,20.9,-,-,-,-,-,-,-,-,-,-,-,-,-,-
2026-07-04,06:30~07:30,平均停等延滯,64.9,10.5,45.8,5.9,2.4,2.3,2.4,4.2,7.8,2.3,4.0,23.8,49.7,22.1,21.4,22.5,6.9,1.4,9.5,8.3,8.3,23.7,54.3,5.1,23.9,24.8,9.2,4.7,12.7,3.5,3.5,-,-,E,D,-,-,-,-,-,-,-,-,-,-,-,-,-,-
2026-07-04,07:30~08:30,總停等延滯,177744.0,14833.0,6435.0,8398.0,1828.0,356.0,1472.0,17413.0,7610.0,2766.0,7037.0,84584.0,13398.0,34887.0,17840.0,18459.0,11140.0,582.0,10558.0,6609.0,6609.0,27541.0,14914.0,2549.0,2526.0,7552.0,12789.0,2743.0,10046.0,1007.0,1007.0,nan,nan,239.6,190.8,-,-,-,-,-,-,47.1,60.8,23.0,83.1,-,107.8,139.8,39.1
2026-07-04,07:30~08:30,通過量,2410.0,832.0,126.0,706.0,1203.0,488.0,715.0,3962.0,1077.0,1492.0,1393.0,2790.0,217.0,1065.0,719.0,789.0,1196.0,468.0,728.0,743.0,743.0,1315.0,260.0,441.0,114.0,500.0,1330.0,625.0,705.0,539.0,539.0,0.0,0.0,15.1,17.0,-,-,-,-,-,-,-,-,-,-,-,-,-,-
2026-07-04,07:30~08:30,平均停等延滯,73.8,17.8,51.1,11.9,1.5,0.7,2.1,4.4,7.1,1.9,5.1,30.3,61.7,32.8,24.8,23.4,9.3,1.2,14.5,8.9,8.9,20.9,57.4,5.8,22.2,15.1,9.6,4.4,14.2,1.9,1.9,-,-,E,E,-,-,-,-,-,-,-,-,-,-,-,-,-,-
2026-07-04,07:00~09:00,總停等延滯,350195.0,23503.0,10859.0,12644.0,3829.0,837.0,2992.0,37677.0,17347.0,6741.0,13589.0,165938.0,24033.0,64238.0,37153.0,40514.0,22351.0,1123.0,21228.0,12912.0,12912.0,57533.0,28844.0,5663.0,5491.0,17535.0,24497.0,5839.0,18658.0,1955.0,1955.0,nan,nan,222.6,177.3,-,-,-,-,-,-,68.9,43.9,22.5,80.5,-,96.8,140.1,38.5
2026-07-04,07:00~09:00,通過量,4902.0,1640.0,225.0,1415.0,2621.0,1136.0,1485.0,7986.0,2205.0,2998.0,2783.0,5552.0,388.0,2140.0,1450.0,1574.0,2384.0,937.0,1447.0,1466.0,1466.0,2669.0,518.0,875.0,233.0,1043.0,2608.0,1249.0,1359.0,1018.0,1018.0,0.0,0.0,16.3,18.3,-,-,-,-,-,-,-,-,-,-,-,-,-,-
2026-07-04,07:00~09:00,平均停等延滯,71.4,14.3,48.3,8.9,1.5,0.7,2.0,4.7,7.9,2.2,4.9,29.9,61.9,30.0,25.6,25.7,9.4,1.2,14.7,8.8,8.8,21.6,55.7,6.5,23.6,16.8,9.4,4.7,13.7,1.9,1.9,-,-,E,E,-,-,-,-,-,-,-,-,-,-,-,-,-,-
2026-07-04,10:00~12:00,總停等延滯,485473.0,25013.0,14201.0,10812.0,7601.0,4184.0,3417.0,44200.0,27133.0,6058.0,11009.0,241496.0,29796.0,116670.0,49142.0,45888.0,34861.0,2776.0,32085.0,20485.0,20485.0,83475.0,35521.0,14055.0,10288.0,23611.0,22837.0,5151.0,17686.0,5505.0,5505.0,nan,nan,278.0,257.0,-,-,-,-,-,-,59.9,23.5,71.7,92.2,-,164.8,193.2,61.3
2026-07-04,10:00~12:00,通過量,5841.0,2038.0,267.0,1771.0,3309.0,1551.0,1758.0,9398.0,3089.0,3254.0,3055.0,6626.0,371.0,3027.0,1550.0,1678.0,3082.0,1463.0,1619.0,1686.0,1686.0,3643.0,604.0,1441.0,301.0,1297.0,2992.0,1542.0,1450.0,1024.0,1024.0,0.0,0.0,13.0,12.6,-,-,-,-,-,-,-,-,-,-,-,-,-,-
2026-07-04,10:00~12:00,平均停等延滯,83.1,12.3,53.2,6.1,2.3,2.7,1.9,4.7,8.8,1.9,3.6,36.4,80.3,38.5,31.7,27.3,11.3,1.9,19.8,12.2,12.2,22.9,58.8,9.8,34.2,18.2,7.6,3.3,12.2,5.4,5.4,-,-,E,E,-,-,-,-,-,-,-,-,-,-,-,-,-,-
2026-07-04,11:00~12:00,總停等延滯,232154.0,12770.0,7611.0,5159.0,3382.0,1154.0,2228.0,17770.0,12098.0,1955.0,3717.0,117273.0,14532.0,58658.0,23122.0,20961.0,14430.0,1390.0,13040.0,9753.0,9753.0,44086.0,19200.0,6733.0,6333.0,11820.0,10285.0,2368.0,7917.0,2405.0,2405.0,nan,nan,301.4,232.8,-,-,-,-,-,-,47.8,23.0,25.1,92.3,-,140.6,194.1,84.3
2026-07-04,11:00~12:00,通過量,2778.0,952.0,128.0,824.0,1545.0,723.0,822.0,4467.0,1490.0,1510.0,1467.0,3247.0,173.0,1496.0,716.0,862.0,1538.0,718.0,820.0,841.0,841.0,1857.0,301.0,745.0,149.0,662.0,1378.0,736.0,642.0,455.0,455.0,0.0,0.0,12.0,13.9,-,-,-,-,-,-,-,-,-,-,-,-,-,-
2026-07-04,11:00~12:00,平均停等延滯,83.6,13.4,59.5,6.3,2.2,1.6,2.7,4.0,8.1,1.3,2.5,36.1,84.0,39.2,32.3,24.3,9.4,1.9,15.9,11.6,11.6,23.7,63.8,9.0,42.5,17.9,7.5,3.2,12.3,5.3,5.3,-,-,E,E,-,-,-,-,-,-,-,-,-,-,-,-,-,-
2026-07-04,12:00~14:00,總停等延滯,472529.0,25099.0,15508.0,9591.0,8035.0,4945.0,3090.0,43997.0,28838.0,4843.0,10316.0,238902.0,19303.0,129023.0,49685.0,40891.0,24755.0,2369.0,22386.0,17861.0,17861.0,84770.0,38466.0,11441.0,10232.0,24631.0,20089.0,6294.0,13795.0,9021.0,9021.0,nan,nan,189.1,243.3,-,-,-,-,-,-,146.5,20.1,24.4,91.6,-,151.7,133.8,35.2
2026-07-04,12:00~14:00,通過量,5782.0,1864.0,294.0,1570.0,3165.0,1589.0,1576.0,9272.0,3262.0,3087.0,2923.0,6579.0,320.0,3044.0,1468.0,1747.0,3108.0,1537.0,1571.0,1613.0,1613.0,3632.0,603.0,1482.0,258.0,1289.0,3016.0,1587.0,1429.0,1120.0,1120.0,0.0,0.0,19.1,13.3,-,-,-,-,-,-,-,-,-,-,-,-,-,-
2026-07-04,12:00~14:00,平均停等延滯,81.7,13.5,52.7,6.1,2.5,3.1,2.0,4.7,8.8,1.6,3.5,36.3,60.3,42.4,33.8,23.4,8.0,1.5,14.2,11.1,11.1,23.3,63.8,7.7,39.7,19.1,6.7,4.0,9.7,8.1,8.1,-,-,E,E,-,-,-,-,-,-,-,-,-,-,-,-,-,-
2026-07-04,16:30~18:30,總停等延滯,587849.0,32448.0,20139.0,12309.0,32935.0,29412.0,3523.0,58618.0,44924.0,4919.0,8775.0,281693.0,23698.0,161125.0,49575.0,47295.0,30169.0,2358.0,27811.0,15211.0,15211.0,103882.0,37217.0,34683.0,10510.0,21472.0,26524.0,10244.0,16280.0,6369.0,6369.0,nan,nan,200.3,243.3,-,-,-,-,-,-,93.2,21.3,29.6,106.9,-,136.4,144.3,34.6
2026-07-04,16:30~18:30,通過量,6057.0,1950.0,328.0,1622.0,3572.0,1966.0,1606.0,9841.0,4117.0,3001.0,2723.0,7247.0,380.0,3897.0,1590.0,1380.0,3221.0,1885.0,1336.0,1406.0,1406.0,3805.0,586.0,1865.0,315.0,1039.0,3428.0,1985.0,1443.0,1125.0,1125.0,0.0,0.0,18.1,13.3,-,-,-,-,-,-,-,-,-,-,-,-,-,-
2026-07-04,16:30~18:30,平均停等延滯,97.1,16.6,61.4,7.6,9.2,15.0,2.2,6.0,10.9,1.6,3.2,38.9,62.4,41.3,31.2,34.3,9.4,1.3,20.8,10.8,10.8,27.3,63.5,18.6,33.4,20.7,7.7,5.2,11.3,5.7,5.7,-,-,E,E,-,-,-,-,-,-,-,-,-,-,-,-,-,-
2026-07-04,17:00~19:00,總停等延滯,561303.0,28530.0,17787.0,10743.0,31277.0,28724.0,2553.0,57932.0,45519.0,4848.0,7565.0,268852.0,21265.0,160663.0,44581.0,42343.0,26245.0,2050.0,24195.0,13233.0,13233.0,103832.0,39266.0,32671.0,10918.0,20977.0,24043.0,9215.0,14828.0,7359.0,7359.0,nan,nan,196.0,221.6,-,-,-,-,-,-,93.1,20.3,30.0,103.7,-,118.0,141.6,34.1
2026-07-04,17:00~19:00,通過量,5693.0,1743.0,314.0,1429.0,3373.0,1931.0,1442.0,9291.0,4056.0,2727.0,2508.0,6932.0,359.0,3891.0,1449.0,1233.0,2956.0,1774.0,1182.0,1240.0,1240.0,3520.0,574.0,1740.0,312.0,894.0,3252.0,1943.0,1309.0,1044.0,1044.0,0.0,0.0,18.5,14.6,-,-,-,-,-,-,-,-,-,-,-,-,-,-
2026-07-04,17:00~19:00,平均停等延滯,98.6,16.4,56.6,7.5,9.3,14.9,1.8,6.2,11.2,1.8,3.0,38.8,59.2,41.3,30.8,34.3,8.9,1.2,20.5,10.7,10.7,29.5,68.4,18.8,35.0,23.5,7.4,4.7,11.3,7.0,7.0,-,-,E,E,-,-,-,-,-,-,-,-,-,-,-,-,-,-
2026-07-04,16:30~17:30,總停等延滯,283817.0,16342.0,10380.0,5962.0,13149.0,11621.0,1528.0,29402.0,21508.0,2818.0,5076.0,141474.0,12573.0,79496.0,27432.0,21973.0,14480.0,1313.0,13167.0,8462.0,8462.0,42809.0,16794.0,11898.0,3331.0,10786.0,15373.0,5278.0,10095.0,2326.0,2326.0,nan,nan,196.5,245.8,-,-,-,-,-,-,41.1,21.3,29.7,108.2,-,137.6,137.3,37.9
2026-07-04,16:30~17:30,通過量,3110.0,1018.0,178.0,840.0,1776.0,938.0,838.0,5020.0,2005.0,1579.0,1436.0,3671.0,198.0,1920.0,830.0,723.0,1652.0,948.0,704.0,751.0,751.0,1964.0,290.0,928.0,140.0,606.0,1707.0,947.0,760.0,586.0,586.0,0.0,0.0,18.4,13.2,-,-,-,-,-,-,-,-,-,-,-,-,-,-
2026-07-04,16:30~17:30,平均停等延滯,91.3,16.1,58.3,7.1,7.4,12.4,1.8,5.9,10.7,1.8,3.5,38.5,63.5,41.4,33.1,30.4,8.8,1.4,18.7,11.3,11.3,21.8,57.9,12.8,23.8,17.8,9.0,5.6,13.3,4.0,4.0,-,-,E,E,-,-,-,-,-,-,-,-,-,-,-,-,-,-
2026-07-04,17:30~18:30,總停等延滯,304032.0,16106.0,9759.0,6347.0,19786.0,17791.0,1995.0,29216.0,23416.0,2101.0,3699.0,140219.0,11125.0,81629.0,22143.0,25322.0,15689.0,1045.0,14644.0,6749.0,6749.0,61073.0,20423.0,22785.0,7179.0,10686.0,11151.0,4966.0,6185.0,4043.0,4043.0,nan,nan,204.0,240.8,-,-,-,-,-,-,145.2,21.3,29.6,105.6,-,135.2,151.4,31.3
2026-07-04,17:30~18:30,通過量,2947.0,932.0,150.0,782.0,1796.0,1028.0,768.0,4821.0,2112.0,1422.0,1287.0,3576.0,182.0,1977.0,760.0,657.0,1569.0,937.0,632.0,655.0,655.0,1841.0,296.0,937.0,175.0,433.0,1721.0,1038.0,683.0,539.0,539.0,0.0,0.0,17.7,13.5,-,-,-,-,-,-,-,-,-,-,-,-,-,-
2026-07-04,17:30~18:30,平均停等延滯,103.2,17.3,65.1,8.1,11.0,17.3,2.6,6.1,11.1,1.5,2.9,39.2,61.1,41.3,29.1,38.5,10.0,1.1,23.2,10.3,10.3,33.2,69.0,24.3,41.0,24.7,6.5,4.8,9.1,7.5,7.5,-,-,E,E,-,-,-,-,-,-,-,-,-,-,-,-,-,-
2026-07-05,06:30~20:30,總停等延滯,2569512.0,146442.0,82466.0,63976.0,40310.0,20627.0,19683.0,257664.0,188400.0,22136.0,47128.0,1294052.0,101947.0,717482.0,284952.0,189671.0,85398.0,10364.0,75034.0,99502.0,99502.0,469591.0,197611.0,74808.0,50547.0,146625.0,123402.0,30109.0,93293.0,53151.0,53151.0,nan,nan,207.1,215.3,-,-,-,-,-,-,84.6,23.3,33.9,88.8,-,126.5,140.9,42.9
2026-07-05,06:30~20:30,通過量,33752.0,11658.0,1886.0,9772.0,18786.0,9241.0,9545.0,55034.0,19532.0,18336.0,17166.0,39465.0,1975.0,19084.0,9335.0,9071.0,17506.0,8815.0,8691.0,8948.0,8948.0,20671.0,3466.0,8856.0,1687.0,6662.0,18369.0,9534.0,8835.0,7168.0,7168.0,0.0,0.0,17.5,15.0,-,-,-,-,-,-,-,-,-,-,-,-,-,-
2026-07-05,06:30~20:30,平均停等延滯,76.1,12.6,43.7,6.5,2.1,2.2,2.1,4.7,9.6,1.2,2.7,32.8,51.6,37.6,30.5,20.9,4.9,1.2,8.6,11.1,11.1,22.7,57.0,8.4,30.0,22.0,6.7,3.2,10.6,7.4,7.4,-,-,E,E,-,-,-,-,-,-,-,-,-,-,-,-,-,-
2026-07-05,07:00~21:00,總停等延滯,2630052.0,150626.0,86199.0,64427.0,40479.0,20856.0,19623.0,264104.0,194383.0,22170.0,47551.0,1332970.0,104345.0,744890.0,289554.0,194181.0,87232.0,10533.0,76699.0,100902.0,100902.0,473495.0,200012.0,75541.0,50758.0,147184.0,126005.0,31298.0,94707.0,54239.0,54239.0,nan,nan,206.7,214.7,-,-,-,-,-,-,92.0,23.2,34.0,90.3,-,124.4,140.4,43.1
2026-07-05,07:00~21:00,通過量,34313.0,11854.0,1965.0,9889.0,19091.0,9459.0,9632.0,55979.0,20100.0,18534.0,17345.0,40285.0,1995.0,19672.0,9452.0,9166.0,17811.0,9035.0,8776.0,9063.0,9063.0,21047.0,3510.0,9102.0,1709.0,6726.0,18818.0,9869.0,8949.0,7275.0,7275.0,0.0,0.0,17.5,15.1,-,-,-,-,-,-,-,-,-,-,-,-,-,-
2026-07-05,07:00~21:00,平均停等延滯,76.6,12.7,43.9,6.5,2.1,2.2,2.0,4.7,9.7,1.2,2.7,33.1,52.3,37.9,30.6,21.2,4.9,1.2,8.7,11.1,11.1,22.5,57.0,8.3,29.7,21.9,6.7,3.2,10.6,7.5,7.5,-,-,E,E,-,-,-,-,-,-,-,-,-,-,-,-,-,-
2026-07-05,06:30~08:30,總停等延滯,161613.0,9273.0,3918.0,5355.0,3219.0,1398.0,1821.0,15886.0,10267.0,1899.0,3720.0,59494.0,8565.0,22969.0,15045.0,12915.0,4325.0,510.0,3815.0,9953.0,9953.0,43540.0,17202.0,3146.0,4387.0,18805.0,12047.0,2280.0,9767.0,3876.0,3876.0,nan,nan,205.8,205.6,-,-,-,-,-,-,60.9,31.5,35.0,67.9,-,137.6,145.5,28.8
2026-07-05,06:30~08:30,通過量,2987.0,1035.0,126.0,909.0,1559.0,629.0,930.0,4921.0,1236.0,1897.0,1788.0,3200.0,226.0,1120.0,837.0,1017.0,1408.0,471.0,937.0,960.0,960.0,1644.0,342.0,467.0,154.0,681.0,1573.0,744.0,829.0,629.0,629.0,0.0,0.0,17.6,15.8,-,-,-,-,-,-,-,-,-,-,-,-,-,-
2026-07-05,06:30~08:30,平均停等延滯,54.1,9.0,31.1,5.9,2.1,2.2,2.0,3.2,8.3,1.0,2.1,18.6,37.9,20.5,18.0,12.7,3.1,1.1,4.1,10.4,10.4,26.5,50.3,6.7,28.5,27.6,7.7,3.1,11.8,6.2,6.2,-,-,E,E,-,-,-,-,-,-,-,-,-,-,-,-,-,-
2026-07-05,06:30~07:30,總停等延滯,58665.0,2854.0,764.0,2090.0,1169.0,735.0,434.0,5993.0,4212.0,872.0,909.0,20913.0,3637.0,7579.0,5974.0,3723.0,1443.0,120.0,1323.0,4244.0,4244.0,15774.0,5523.0,1522.0,1498.0,7231.0,4851.0,1385.0,3466.0,1424.0,1424.0,nan,nan,214.4,191.0,-,-,-,-,-,-,39.0,44.7,22.3,67.1,-,124.0,139.7,29.9
2026-07-05,06:30~07:30,通過量,1306.0,481.0,46.0,435.0,708.0,286.0,422.0,2120.0,541.0,832.0,747.0,1350.0,94.0,494.0,361.0,401.0,596.0,202.0,394.0,419.0,419.0,694.0,134.0,195.0,75.0,290.0,709.0,328.0,381.0,290.0,290.0,0.0,0.0,16.9,17.0,-,-,-,-,-,-,-,-,-,-,-,-,-,-
2026-07-05,06:30~07:30,平均停等延滯,44.9,5.9,16.6,4.8,1.7,2.6,1.0,2.8,7.8,1.0,1.2,15.5,38.7,15.3,16.5,9.3,2.4,0.6,3.4,10.1,10.1,22.7,41.2,7.8,20.0,24.9,6.8,4.2,9.1,4.9,4.9,-,-,E,E,-,-,-,-,-,-,-,-,-,-,-,-,-,-
2026-07-05,07:30~08:30,總停等延滯,102948.0,6419.0,3154.0,3265.0,2050.0,663.0,1387.0,9893.0,6055.0,1027.0,2811.0,38581.0,4928.0,15390.0,9071.0,9192.0,2882.0,390.0,2492.0,5709.0,5709.0,27766.0,11679.0,1624.0,2889.0,11574.0,7196.0,895.0,6301.0,2452.0,2452.0,nan,nan,197.3,220.1,-,-,-,-,-,-,82.7,18.2,48.1,68.8,-,151.3,151.4,27.7
2026-07-05,07:30~08:30,通過量,1681.0,554.0,80.0,474.0,851.0,343.0,508.0,2801.0,695.0,1065.0,1041.0,1850.0,132.0,626.0,476.0,616.0,812.0,269.0,543.0,541.0,541.0,950.0,208.0,272.0,79.0,391.0,864.0,416.0,448.0,339.0,339.0,0.0,0.0,18.3,14.7,-,-,-,-,-,-,-,-,-,-,-,-,-,-
2026-07-05,07:30~08:30,平均停等延滯,61.2,11.6,39.4,6.9,2.4,1.9,2.7,3.5,8.7,1.0,2.7,20.9,37.3,24.6,19.1,14.9,3.5,1.4,4.6,10.6,10.6,29.2,56.1,6.0,36.6,29.6,8.3,2.2,14.1,7.2,7.2,-,-,E,E,-,-,-,-,-,-,-,-,-,-,-,-,-,-
2026-07-05,07:00~09:00,總停等延滯,195697.0,10578.0,4723.0,5855.0,3738.0,1424.0,2314.0,19306.0,12306.0,2366.0,4634.0,75314.0,9636.0,30829.0,17042.0,17807.0,5151.0,676.0,4475.0,11675.0,11675.0,50256.0,21446.0,3643.0,5183.0,19984.0,14750.0,2934.0,11816.0,4929.0,4929.0,nan,nan,230.6,183.2,-,-,-,-,-,-,116.2,31.5,87.2,67.6,-,115.5,170.9,28.2
2026-07-05,07:00~09:00,通過量,3334.0,1148.0,141.0,1007.0,1703.0,708.0,995.0,5512.0,1414.0,2093.0,2005.0,3630.0,239.0,1324.0,920.0,1147.0,1629.0,572.0,1057.0,1060.0,1060.0,1868.0,393.0,547.0,176.0,752.0,1771.0,846.0,925.0,708.0,708.0,0.0,0.0,15.7,17.7,-,-,-,-,-,-,-,-,-,-,-,-,-,-
2026-07-05,07:00~09:00,平均停等延滯,58.7,9.2,33.5,5.8,2.2,2.0,2.3,3.5,8.7,1.1,2.3,20.7,40.3,23.3,18.5,15.5,3.2,1.2,4.2,11.0,11.0,26.9,54.6,6.7,29.4,26.6,8.3,3.5,12.8,7.0,7.0,-,-,E,E,-,-,-,-,-,-,-,-,-,-,-,-,-,-
2026-07-05,10:00~12:00,總停等延滯,408181.0,25669.0,14915.0,10754.0,5872.0,2113.0,3759.0,39256.0,25603.0,3916.0,9737.0,203488.0,16960.0,100597.0,50304.0,35627.0,16644.0,2062.0,14582.0,16215.0,16215.0,73685.0,32037.0,11872.0,7184.0,22592.0,18352.0,2976.0,15376.0,9000.0,9000.0,nan,nan,202.0,194.9,-,-,-,-,-,-,82.0,20.2,25.5,84.4,-,110.5,136.8,44.9
2026-07-05,10:00~12:00,通過量,5243.0,1914.0,308.0,1606.0,2827.0,1288.0,1539.0,8611.0,2745.0,3042.0,2824.0,6031.0,342.0,2620.0,1555.0,1514.0,2734.0,1333.0,1401.0,1408.0,1408.0,3231.0,560.0,1344.0,258.0,1069.0,2689.0,1271.0,1418.0,1101.0,1101.0,0.0,0.0,17.9,16.6,-,-,-,-,-,-,-,-,-,-,-,-,-,-
2026-07-05,10:00~12:00,平均停等延滯,77.9,13.4,48.4,6.7,2.1,1.6,2.4,4.6,9.3,1.3,3.4,33.7,49.6,38.4,32.3,23.5,6.1,1.5,10.4,11.5,11.5,22.8,57.2,8.8,27.8,21.1,6.8,2.3,10.8,8.2,8.2,-,-,E,E,-,-,-,-,-,-,-,-,-,-,-,-,-,-
2026-07-05,11:00~12:00,總停等延滯,210971.0,11745.0,6974.0,4771.0,2348.0,1053.0,1295.0,21403.0,14587.0,1905.0,4911.0,107775.0,8536.0,57597.0,24990.0,16652.0,7742.0,1015.0,6727.0,8193.0,8193.0,39566.0,17957.0,6262.0,4434.0,10913.0,7927.0,1387.0,6540.0,4272.0,4272.0,nan,nan,199.2,179.6,-,-,-,-,-,-,104.2,19.4,28.9,88.3,-,91.3,140.1,39.7
2026-07-05,11:00~12:00,通過量,2617.0,915.0,148.0,767.0,1410.0,665.0,745.0,4304.0,1468.0,1467.0,1369.0,2977.0,163.0,1338.0,719.0,757.0,1456.0,761.0,695.0,670.0,670.0,1688.0,294.0,738.0,146.0,510.0,1317.0,626.0,691.0,527.0,527.0,0.0,0.0,18.2,18.0,-,-,-,-,-,-,-,-,-,-,-,-,-,-
2026-07-05,11:00~12:00,平均停等延滯,80.6,12.8,47.1,6.2,1.7,1.6,1.7,5.0,9.9,1.3,3.6,36.2,52.4,43.0,34.8,22.0,5.3,1.3,9.7,12.2,12.2,23.4,61.1,8.5,30.4,21.4,6.0,2.2,9.5,8.1,8.1,-,-,E,E,-,-,-,-,-,-,-,-,-,-,-,-,-,-
2026-07-05,12:00~14:00,總停等延滯,406417.0,24833.0,13676.0,11157.0,5357.0,2291.0,3066.0,40413.0,28845.0,3128.0,8440.0,204486.0,19683.0,108664.0,46962.0,29177.0,12471.0,1718.0,10753.0,17311.0,17311.0,76341.0,34975.0,12131.0,9091.0,20144.0,17967.0,3539.0,14428.0,7238.0,7238.0,nan,nan,193.5,231.3,-,-,-,-,-,-,67.6,37.2,22.7,82.6,-,148.7,122.6,33.7
2026-07-05,12:00~14:00,通過量,5201.0,1833.0,321.0,1512.0,2860.0,1386.0,1474.0,8551.0,3067.0,2829.0,2655.0,6186.0,311.0,2995.0,1454.0,1426.0,2808.0,1433.0,1375.0,1371.0,1371.0,3223.0,544.0,1411.0,266.0,1002.0,2815.0,1444.0,1371.0,1138.0,1138.0,0.0,0.0,18.7,14.0,-,-,-,-,-,-,-,-,-,-,-,-,-,-
2026-07-05,12:00~14:00,平均停等延滯,78.1,13.5,42.6,7.4,1.9,1.7,2.1,4.7,9.4,1.1,3.2,33.1,63.3,36.3,32.3,20.5,4.4,1.2,7.8,12.6,12.6,23.7,64.3,8.6,34.2,20.1,6.4,2.5,10.5,6.4,6.4,-,-,E,E,-,-,-,-,-,-,-,-,-,-,-,-,-,-
2026-07-05,16:30~18:30,總停等延滯,463734.0,25908.0,15364.0,10544.0,8914.0,6841.0,2073.0,48784.0,35938.0,4842.0,8004.0,237049.0,14961.0,145665.0,48446.0,27977.0,13465.0,1238.0,12227.0,14569.0,14569.0,81405.0,29514.0,18031.0,11728.0,22132.0,20852.0,6340.0,14512.0,12788.0,12788.0,nan,nan,235.8,234.3,-,-,-,-,-,-,81.3,18.1,24.1,109.7,-,124.6,156.5,61.2
2026-07-05,16:30~18:30,通過量,5376.0,1865.0,317.0,1548.0,3142.0,1657.0,1485.0,8808.0,3499.0,2757.0,2552.0,6546.0,270.0,3534.0,1509.0,1233.0,2679.0,1508.0,1171.0,1236.0,1236.0,3254.0,505.0,1529.0,325.0,895.0,3097.0,1690.0,1407.0,1178.0,1178.0,0.0,0.0,15.3,13.8,-,-,-,-,-,-,-,-,-,-,-,-,-,-
2026-07-05,16:30~18:30,平均停等延滯,86.3,13.9,48.5,6.8,2.8,4.1,1.4,5.5,10.3,1.8,3.1,36.2,55.4,41.2,32.1,22.7,5.0,0.8,10.4,11.8,11.8,25.0,58.4,11.8,36.1,24.7,6.7,3.8,10.3,10.9,10.9,-,-,E,E,-,-,-,-,-,-,-,-,-,-,-,-,-,-
2026-07-05,17:00~19:00,總停等延滯,426300.0,23673.0,14629.0,9044.0,7080.0,5087.0,1993.0,46405.0,36366.0,3477.0,6562.0,221114.0,11193.0,147153.0,41832.0,20936.0,8788.0,1103.0,7685.0,13086.0,13086.0,76818.0,25958.0,17529.0,11882.0,21449.0,18098.0,5933.0,12165.0,11238.0,11238.0,nan,nan,222.8,231.2,-,-,-,-,-,-,92.4,17.5,26.6,109.2,-,122.0,145.6,59.8
2026-07-05,17:00~19:00,通過量,5027.0,1661.0,305.0,1356.0,2923.0,1595.0,1328.0,8134.0,3417.0,2407.0,2310.0,6074.0,242.0,3386.0,1307.0,1139.0,2614.0,1520.0,1094.0,1151.0,1151.0,3140.0,490.0,1524.0,294.0,832.0,2957.0,1688.0,1269.0,1038.0,1038.0,0.0,0.0,16.2,14.0,-,-,-,-,-,-,-,-,-,-,-,-,-,-
2026-07-05,17:00~19:00,平均停等延滯,84.8,14.3,48.0,6.7,2.4,3.2,1.5,5.7,10.6,1.4,2.8,36.4,46.3,43.5,32.0,18.4,3.4,0.7,7.0,11.4,11.4,24.5,53.0,11.5,40.4,25.8,6.1,3.5,9.6,10.8,10.8,-,-,E,E,-,-,-,-,-,-,-,-,-,-,-,-,-,-
2026-07-05,16:30~17:30,總停等延滯,252332.0,13363.0,7421.0,5942.0,4734.0,3388.0,1346.0,24271.0,16957.0,2628.0,4686.0,129032.0,9372.0,71035.0,29714.0,18911.0,9677.0,601.0,9076.0,8478.0,8478.0,42150.0,17480.0,7608.0,5773.0,11289.0,13617.0,4078.0,9539.0,7010.0,7010.0,nan,nan,198.9,248.5,-,-,-,-,-,-,102.8,18.2,23.2,120.1,-,128.4,146.1,34.6
2026-07-05,16:30~17:30,通過量,2912.0,1045.0,158.0,887.0,1701.0,870.0,831.0,4778.0,1760.0,1559.0,1459.0,3548.0,142.0,1822.0,865.0,719.0,1428.0,755.0,673.0,708.0,708.0,1715.0,266.0,770.0,187.0,492.0,1661.0,864.0,797.0,655.0,655.0,0.0,0.0,18.2,13.0,-,-,-,-,-,-,-,-,-,-,-,-,-,-
2026-07-05,16:30~17:30,平均停等延滯,86.7,12.8,47.0,6.7,2.8,3.9,1.6,5.1,9.6,1.7,3.2,36.4,66.0,39.0,34.4,26.3,6.8,0.8,13.5,12.0,12.0,24.6,65.7,9.9,30.9,22.9,8.2,4.7,12.0,10.7,10.7,-,-,E,E,-,-,-,-,-,-,-,-,-,-,-,-,-,-
2026-07-05,17:30~18:30,總停等延滯,211402.0,12545.0,7943.0,4602.0,4180.0,3453.0,727.0,24513.0,18981.0,2214.0,3318.0,108017.0,5589.0,74630.0,18732.0,9066.0,3788.0,637.0,3151.0,6091.0,6091.0,39255.0,12034.0,10423.0,5955.0,10843.0,7235.0,2262.0,4973.0,5778.0,5778.0,nan,nan,272.7,220.1,-,-,-,-,-,-,59.8,17.9,24.9,99.3,-,120.8,166.9,87.9
2026-07-05,17:30~18:30,通過量,2464.0,820.0,159.0,661.0,1441.0,787.0,654.0,4030.0,1739.0,1198.0,1093.0,2998.0,128.0,1712.0,644.0,514.0,1251.0,753.0,498.0,528.0,528.0,1539.0,239.0,759.0,138.0,403.0,1436.0,826.0,610.0,523.0,523.0,0.0,0.0,13.3,14.7,-,-,-,-,-,-,-,-,-,-,-,-,-,-
2026-07-05,17:30~18:30,平均停等延滯,85.8,15.3,50.0,7.0,2.9,4.4,1.1,6.1,10.9,1.8,3.0,36.0,43.7,43.6,29.1,17.6,3.0,0.8,6.3,11.5,11.5,25.5,50.4,13.7,43.2,26.9,5.0,2.7,8.2,11.0,11.0,-,-,E,E,-,-,-,-,-,-,-,-,-,-,-,-,-,-
2026-07-06,06:30~20:30,總停等延滯,3695995.0,136999.0,101319.0,35680.0,138518.0,119344.0,19174.0,454348.0,269880.0,62535.0,121933.0,1611693.0,190989.0,882921.0,360925.0,176858.0,144451.0,12919.0,131532.0,167975.0,167975.0,728092.0,305987.0,168032.0,95555.0,158518.0,244184.0,101756.0,142428.0,69735.0,69735.0,nan,nan,249.9,274.9,-,-,-,-,-,-,82.5,24.2,43.7,121.3,-,153.6,179.3,46.5
2026-07-06,06:30~20:30,通過量,41371.0,13506.0,1972.0,11534.0,23462.0,11834.0,11628.0,68631.0,25016.0,22794.0,20821.0,46628.0,3229.0,23564.0,11677.0,8158.0,16193.0,8813.0,7380.0,10031.0,10031.0,25107.0,4579.0,11106.0,2292.0,7130.0,22294.0,11959.0,10335.0,8030.0,8030.0,0.0,0.0,14.5,11.8,-,-,-,-,-,-,-,-,-,-,-,-,-,-
2026-07-06,06:30~20:30,平均停等延滯,89.3,10.1,51.4,3.1,5.9,10.1,1.6,6.6,10.8,2.7,5.9,34.6,59.1,37.5,30.9,21.7,8.9,1.5,17.8,16.7,16.7,29.0,66.8,15.1,41.7,22.2,11.0,8.5,13.8,8.7,8.7,-,-,E,E,-,-,-,-,-,-,-,-,-,-,-,-,-,-
2026-07-06,07:00~21:00,總停等延滯,3563943.0,138182.0,101997.0,36185.0,137510.0,118954.0,18556.0,434119.0,272376.0,56490.0,105253.0,1565476.0,184370.0,878369.0,338613.0,164124.0,127967.0,12308.0,115659.0,151918.0,151918.0,708919.0,302462.0,168483.0,91436.0,146538.0,233666.0,99746.0,133920.0,66186.0,66186.0,nan,nan,243.8,270.4,-,-,-,-,-,-,84.1,24.2,44.8,118.9,-,151.4,174.9,44.7
2026-07-06,07:00~21:00,通過量,40870.0,13181.0,1992.0,11189.0,23155.0,11865.0,11290.0,67346.0,25206.0,21964.0,20176.0,46056.0,3161.0,23740.0,11410.0,7745.0,15920.0,8948.0,6972.0,9729.0,9729.0,25038.0,4568.0,11300.0,2214.0,6956.0,22183.0,12069.0,10114.0,7859.0,7859.0,0.0,0.0,14.8,12.0,-,-,-,-,-,-,-,-,-,-,-,-,-,-
2026-07-06,07:00~21:00,平均停等延滯,87.2,10.5,51.2,3.2,5.9,10.0,1.6,6.4,10.8,2.6,5.2,34.0,58.3,37.0,29.7,21.2,8.0,1.4,16.6,15.6,15.6,28.3,66.2,14.9,41.3,21.1,10.5,8.3,13.2,8.4,8.4,-,-,E,E,-,-,-,-,-,-,-,-,-,-,-,-,-,-
2026-07-06,06:30~08:30,總停等延滯,730922.0,14591.0,7019.0,7572.0,11241.0,7627.0,3614.0,105757.0,34958.0,21817.0,48982.0,300991.0,39128.0,126395.0,78680.0,56788.0,55398.0,1840.0,53558.0,49948.0,49948.0,126392.0,46103.0,13574.0,24643.0,42072.0,51713.0,15560.0,36153.0,14891.0,14891.0,nan,nan,389.7,310.1,-,-,-,-,-,-,59.6,24.9,30.6,163.4,-,146.2,293.1,71.6
2026-07-06,06:30~08:30,通過量,5988.0,2114.0,135.0,1979.0,3379.0,1460.0,1919.0,10883.0,2966.0,4220.0,3697.0,7019.0,511.0,2586.0,1699.0,2223.0,3086.0,1086.0,2000.0,1898.0,1898.0,3394.0,580.0,1018.0,582.0,1214.0,3005.0,1499.0,1506.0,1203.0,1203.0,0.0,0.0,9.3,10.4,-,-,-,-,-,-,-,-,-,-,-,-,-,-
2026-07-06,06:30~08:30,平均停等延滯,122.1,6.9,52.0,3.8,3.3,5.2,1.9,9.7,11.8,5.2,13.2,42.9,76.6,48.9,46.3,25.5,18.0,1.7,26.8,26.3,26.3,37.2,79.5,13.3,42.3,34.7,17.2,10.4,24.0,12.4,12.4,-,-,F,E,-,-,-,-,-,-,-,-,-,-,-,-,-,-
2026-07-06,06:30~07:30,總停等延滯,425309.0,3507.0,2557.0,950.0,4974.0,3257.0,1717.0,66554.0,17646.0,14033.0,34875.0,169381.0,22840.0,60784.0,52853.0,32904.0,35166.0,1106.0,34060.0,38455.0,38455.0,66560.0,20822.0,4199.0,12317.0,29222.0,34371.0,6569.0,27802.0,6341.0,6341.0,nan,nan,509.1,335.6,-,-,-,-,-,-,66.7,22.4,30.5,204.3,-,129.6,400.5,86.2
2026-07-06,06:30~07:30,通過量,2959.0,1116.0,49.0,1067.0,1634.0,629.0,1005.0,5574.0,1290.0,2313.0,1971.0,3440.0,245.0,1088.0,850.0,1257.0,1519.0,385.0,1134.0,1045.0,1045.0,1604.0,283.0,342.0,302.0,677.0,1419.0,645.0,774.0,569.0,569.0,0.0,0.0,7.1,9.7,-,-,-,-,-,-,-,-,-,-,-,-,-,-
2026-07-06,06:30~07:30,平均停等延滯,143.7,3.1,52.2,0.9,3.0,5.2,1.7,11.9,13.7,6.1,17.7,49.2,93.2,55.9,62.2,26.2,23.2,2.9,30.0,36.8,36.8,41.5,73.6,12.3,40.8,43.2,24.2,10.2,35.9,11.1,11.1,-,-,F,F,-,-,-,-,-,-,-,-,-,-,-,-,-,-
2026-07-06,07:30~08:30,總停等延滯,305613.0,11084.0,4462.0,6622.0,6267.0,4370.0,1897.0,39203.0,17312.0,7784.0,14107.0,131610.0,16288.0,65611.0,25827.0,23884.0,20232.0,734.0,19498.0,11493.0,11493.0,59832.0,25281.0,9375.0,12326.0,12850.0,17342.0,8991.0,8351.0,8550.0,8550.0,nan,nan,270.3,285.0,-,-,-,-,-,-,52.5,27.5,30.6,122.5,-,162.5,185.8,57.0
2026-07-06,07:30~08:30,通過量,3029.0,998.0,86.0,912.0,1745.0,831.0,914.0,5309.0,1676.0,1907.0,1726.0,3579.0,266.0,1498.0,849.0,966.0,1567.0,701.0,866.0,853.0,853.0,1790.0,297.0,676.0,280.0,537.0,1586.0,854.0,732.0,634.0,634.0,0.0,0.0,13.4,11.4,-,-,-,-,-,-,-,-,-,-,-,-,-,-
2026-07-06,07:30~08:30,平均停等延滯,100.9,11.1,51.9,7.3,3.6,5.3,2.1,7.4,10.3,4.1,8.2,36.8,61.2,43.8,30.4,24.7,12.9,1.0,22.5,13.5,13.5,33.4,85.1,13.9,44.0,23.9,10.9,10.5,11.4,13.5,13.5,-,-,E,E,-,-,-,-,-,-,-,-,-,-,-,-,-,-
2026-07-06,07:00~09:00,總停等延滯,692648.0,16968.0,7637.0,9331.0,14799.0,9953.0,4846.0,95146.0,39007.0,18440.0,37699.0,294469.0,35784.0,135958.0,69467.0,53260.0,46809.0,1645.0,45164.0,35790.0,35790.0,127246.0,51549.0,17307.0,25715.0,32675.0,46411.0,15335.0,31076.0,15010.0,15010.0,nan,nan,373.6,329.4,-,-,-,-,-,-,56.4,26.1,29.8,166.8,-,162.6,268.8,78.7
2026-07-06,07:00~09:00,通過量,6198.0,2078.0,161.0,1917.0,3539.0,1657.0,1882.0,10798.0,3286.0,3945.0,3567.0,7334.0,497.0,3012.0,1688.0,2137.0,3132.0,1300.0,1832.0,1816.0,1816.0,3689.0,640.0,1285.0,574.0,1190.0,3133.0,1654.0,1479.0,1232.0,1232.0,0.0,0.0,9.7,9.8,-,-,-,-,-,-,-,-,-,-,-,-,-,-
2026-07-06,07:00~09:00,平均停等延滯,111.8,8.2,47.4,4.9,4.2,6.0,2.6,8.8,11.9,4.7,10.6,40.2,72.0,45.1,41.2,24.9,14.9,1.3,24.7,19.7,19.7,34.5,80.5,13.5,44.8,27.5,14.8,9.3,21.0,12.2,12.2,-,-,F,F,-,-,-,-,-,-,-,-,-,-,-,-,-,-
2026-07-06,10:00~12:00,總停等延滯,414648.0,19430.0,15662.0,3768.0,7337.0,4630.0,2707.0,48049.0,27912.0,7064.0,13073.0,152578.0,29118.0,77129.0,46331.0,0.0,0.0,0.0,0.0,33106.0,33106.0,106427.0,43660.0,27559.0,14007.0,21201.0,37196.0,20854.0,16342.0,10525.0,10525.0,nan,nan,223.9,267.1,-,-,-,-,-,-,78.2,24.8,31.4,80.4,-,186.7,159.4,39.7
2026-07-06,10:00~12:00,通過量,6077.0,1984.0,336.0,1648.0,3349.0,1648.0,1701.0,9457.0,3263.0,3205.0,2989.0,5174.0,546.0,2872.0,1756.0,0.0,0.0,0.0,0.0,1457.0,1457.0,3406.0,685.0,1416.0,277.0,1028.0,3207.0,1650.0,1557.0,1243.0,1243.0,0.0,0.0,16.2,12.1,-,-,-,-,-,-,-,-,-,-,-,-,-,-
2026-07-06,10:00~12:00,平均停等延滯,68.2,9.8,46.6,2.3,2.2,2.8,1.6,5.1,8.6,2.2,4.4,29.5,53.3,26.9,26.4,0.0,0.0,0.0,0.0,22.7,22.7,31.2,63.7,19.5,50.6,20.6,11.6,12.6,10.5,8.5,8.5,-,-,E,E,-,-,-,-,-,-,-,-,-,-,-,-,-,-
2026-07-06,11:00~12:00,總停等延滯,193935.0,9271.0,7540.0,1731.0,3396.0,2268.0,1128.0,22693.0,12960.0,3272.0,6461.0,72119.0,12168.0,39460.0,20491.0,0.0,0.0,0.0,0.0,8999.0,8999.0,52858.0,23366.0,12489.0,7749.0,9254.0,19075.0,10631.0,8444.0,5524.0,5524.0,nan,nan,210.1,258.1,-,-,-,-,-,-,116.3,29.2,30.2,77.2,-,180.9,143.4,37.4
2026-07-06,11:00~12:00,通過量,3027.0,937.0,153.0,784.0,1652.0,848.0,804.0,4603.0,1605.0,1568.0,1430.0,2595.0,279.0,1414.0,902.0,0.0,0.0,0.0,0.0,680.0,680.0,1685.0,384.0,672.0,147.0,482.0,1527.0,793.0,734.0,634.0,634.0,0.0,0.0,17.2,12.6,-,-,-,-,-,-,-,-,-,-,-,-,-,-
2026-07-06,11:00~12:00,平均停等延滯,64.1,9.9,49.3,2.2,2.1,2.7,1.4,4.9,8.1,2.1,4.5,27.8,43.6,27.9,22.7,0.0,0.0,0.0,0.0,13.2,13.2,31.4,60.8,18.6,52.7,19.2,12.5,13.4,11.5,8.7,8.7,-,-,E,E,-,-,-,-,-,-,-,-,-,-,-,-,-,-
2026-07-06,12:00~14:00,總停等延滯,408308.0,18570.0,15106.0,3464.0,6802.0,4694.0,2108.0,43995.0,29366.0,6026.0,8603.0,180612.0,20046.0,99193.0,40086.0,21287.0,17216.0,1736.0,15480.0,20451.0,20451.0,84077.0,42248.0,13520.0,10273.0,18036.0,29250.0,11872.0,17378.0,7335.0,7335.0,nan,nan,242.5,208.6,-,-,-,-,-,-,83.8,26.2,31.0,92.0,-,116.5,158.8,57.5
2026-07-06,12:00~14:00,通過量,5855.0,1941.0,281.0,1660.0,3392.0,1695.0,1697.0,9361.0,3329.0,3113.0,2919.0,6373.0,389.0,3300.0,1682.0,1002.0,2029.0,1123.0,906.0,1367.0,1367.0,3379.0,636.0,1454.0,248.0,1041.0,3164.0,1599.0,1565.0,1174.0,1174.0,0.0,0.0,14.9,15.5,-,-,-,-,-,-,-,-,-,-,-,-,-,-
2026-07-06,12:00~14:00,平均停等延滯,69.7,9.6,53.8,2.1,2.0,2.8,1.2,4.7,8.8,1.9,2.9,28.3,51.5,30.1,23.8,21.2,8.5,1.5,17.1,15.0,15.0,24.9,66.4,9.3,41.4,17.3,9.2,7.4,11.1,6.2,6.2,-,-,E,E,-,-,-,-,-,-,-,-,-,-,-,-,-,-
2026-07-06,16:30~18:30,總停等延滯,689701.0,24867.0,16900.0,7967.0,48532.0,46332.0,2200.0,82591.0,53758.0,9735.0,19098.0,294097.0,32438.0,172798.0,51519.0,37342.0,29285.0,2635.0,26650.0,19696.0,19696.0,138666.0,53035.0,54823.0,12884.0,17924.0,41958.0,19299.0,22659.0,10009.0,10009.0,nan,nan,188.4,262.2,-,-,-,-,-,-,137.0,21.0,39.8,114.1,-,148.0,136.3,31.0
2026-07-06,16:30~18:30,通過量,6178.0,1938.0,277.0,1661.0,3525.0,1862.0,1663.0,10790.0,4399.0,3414.0,2977.0,7998.0,494.0,4254.0,1781.0,1469.0,3467.0,2155.0,1312.0,1340.0,1340.0,4207.0,749.0,2214.0,354.0,890.0,3507.0,1955.0,1552.0,1116.0,1116.0,0.0,0.0,19.2,12.4,-,-,-,-,-,-,-,-,-,-,-,-,-,-
2026-07-06,16:30~18:30,平均停等延滯,111.6,12.8,61.0,4.8,13.8,24.9,1.3,7.7,12.2,2.9,6.4,36.8,65.7,40.6,28.9,25.4,8.4,1.2,20.3,14.7,14.7,33.0,70.8,24.8,36.4,20.1,12.0,9.9,14.6,9.0,9.0,-,-,E,E,-,-,-,-,-,-,-,-,-,-,-,-,-,-
2026-07-06,17:00~19:00,總停等延滯,659843.0,25025.0,17449.0,7576.0,56689.0,54925.0,1764.0,81986.0,57190.0,9001.0,15795.0,286277.0,32149.0,174740.0,46257.0,33131.0,20868.0,2533.0,18335.0,16180.0,16180.0,125603.0,50229.0,47470.0,12007.0,15897.0,38557.0,17007.0,21550.0,8658.0,8658.0,nan,nan,183.7,227.0,-,-,-,-,-,-,95.9,21.0,52.0,117.3,-,109.8,131.0,31.7
2026-07-06,17:00~19:00,通過量,5854.0,1817.0,273.0,1544.0,3419.0,1846.0,1573.0,10350.0,4414.0,3168.0,2768.0,7768.0,480.0,4333.0,1631.0,1324.0,3377.0,2187.0,1190.0,1215.0,1215.0,4021.0,704.0,2196.0,319.0,802.0,3440.0,2010.0,1430.0,1051.0,1051.0,0.0,0.0,19.7,14.3,-,-,-,-,-,-,-,-,-,-,-,-,-,-
2026-07-06,17:00~19:00,平均停等延滯,112.7,13.8,63.9,4.9,16.6,29.8,1.1,7.9,13.0,2.8,5.7,36.9,67.0,40.3,28.4,25.0,6.2,1.2,15.4,13.3,13.3,31.2,71.3,21.6,37.6,19.8,11.2,8.5,15.1,8.2,8.2,-,-,E,E,-,-,-,-,-,-,-,-,-,-,-,-,-,-
2026-07-06,16:30~17:30,總停等延滯,348043.0,11825.0,8762.0,3063.0,19023.0,17998.0,1025.0,41278.0,25638.0,4491.0,11149.0,148412.0,13744.0,82714.0,31464.0,20490.0,19150.0,1391.0,17759.0,11275.0,11275.0,68847.0,26243.0,27741.0,6080.0,8783.0,22794.0,11814.0,10980.0,5439.0,5439.0,nan,nan,174.5,309.1,-,-,-,-,-,-,145.9,18.1,37.9,113.0,-,196.1,126.1,30.2
2026-07-06,16:30~17:30,通過量,3167.0,1000.0,137.0,863.0,1777.0,936.0,841.0,5511.0,2152.0,1790.0,1569.0,4048.0,232.0,2066.0,952.0,798.0,1807.0,1080.0,727.0,726.0,726.0,2178.0,385.0,1112.0,197.0,484.0,1714.0,918.0,796.0,617.0,617.0,0.0,0.0,20.7,10.5,-,-,-,-,-,-,-,-,-,-,-,-,-,-
2026-07-06,16:30~17:30,平均停等延滯,109.9,11.8,64.0,3.5,10.7,19.2,1.2,7.5,11.9,2.5,7.1,36.7,59.2,40.0,33.1,25.7,10.6,1.3,24.4,15.5,15.5,31.6,68.2,24.9,30.9,18.1,13.3,12.9,13.8,8.8,8.8,-,-,D,E,-,-,-,-,-,-,-,-,-,-,-,-,-,-
2026-07-06,17:30~18:30,總停等延滯,341658.0,13042.0,8138.0,4904.0,29509.0,28334.0,1175.0,41313.0,28120.0,5244.0,7949.0,145685.0,18694.0,90084.0,20055.0,16852.0,10135.0,1244.0,8891.0,8421.0,8421.0,69819.0,26792.0,27082.0,6804.0,9141.0,19164.0,7485.0,11679.0,4570.0,4570.0,nan,nan,202.2,215.3,-,-,-,-,-,-,127.7,23.8,41.7,115.3,-,100.0,146.6,31.8
2026-07-06,17:30~18:30,通過量,3011.0,938.0,140.0,798.0,1748.0,926.0,822.0,5279.0,2247.0,1624.0,1408.0,3950.0,262.0,2188.0,829.0,671.0,1660.0,1075.0,585.0,614.0,614.0,2029.0,364.0,1102.0,157.0,406.0,1793.0,1037.0,756.0,499.0,499.0,0.0,0.0,17.9,15.0,-,-,-,-,-,-,-,-,-,-,-,-,-,-
2026-07-06,17:30~18:30,平均停等延滯,113.5,13.9,58.1,6.1,16.9,30.6,1.4,7.8,12.5,3.2,5.6,36.9,71.4,41.2,24.2,25.1,6.1,1.2,15.2,13.7,13.7,34.4,73.6,24.6,43.3,22.5,10.7,7.2,15.4,9.2,9.2,-,-,E,E,-,-,-,-,-,-,-,-,-,-,-,-,-,-
2026-07-07,06:30~20:30,總停等延滯,3821953.0,149804.0,104641.0,45163.0,148431.0,119461.0,28970.0,465707.0,262516.0,63319.0,139872.0,1709762.0,181653.0,947107.0,372512.0,208490.0,201232.0,18551.0,182681.0,142624.0,142624.0,725803.0,307314.0,165036.0,97078.0,156375.0,210787.0,89664.0,121123.0,67803.0,67803.0,201.5,212.4,260.7,262.4,-,-,-,-,-,109.7,83.8,23.5,60.3,116.2,72.9,146.2,195.1,51.3
2026-07-07,06:30~20:30,通過量,41839.0,13482.0,1889.0,11593.0,23491.0,12040.0,11451.0,70645.0,26037.0,23328.0,21280.0,49893.0,3165.0,23875.0,11662.0,11191.0,21810.0,11616.0,10194.0,10316.0,10316.0,25970.0,4601.0,11579.0,2275.0,7515.0,22483.0,12129.0,10354.0,8074.0,8074.0,23.2,22.0,13.9,12.3,-,-,-,-,-,-,-,-,-,-,-,-,-,-
2026-07-07,06:30~20:30,平均停等延滯,91.3,11.1,55.4,3.9,6.3,9.9,2.5,6.6,10.1,2.7,6.6,34.3,57.4,39.7,31.9,18.6,9.2,1.6,17.9,13.8,13.8,27.9,66.8,14.3,42.7,20.8,9.4,7.4,11.7,8.4,8.4,D,D,E,E,-,-,-,-,-,-,-,-,-,-,-,-,-,-
2026-07-07,07:00~21:00,總停等延滯,3706181.0,149724.0,105537.0,44187.0,147721.0,118823.0,28898.0,449752.0,265949.0,58563.0,125240.0,1673663.0,178728.0,941186.0,354507.0,199242.0,183515.0,18009.0,165506.0,125510.0,125510.0,701051.0,301374.0,166336.0,92936.0,140405.0,208101.0,90872.0,117229.0,67144.0,67144.0,196.9,207.3,255.7,260.3,-,-,-,-,-,105.4,84.9,23.2,60.2,115.1,71.1,145.2,192.7,50.0
2026-07-07,07:00~21:00,通過量,41379.0,13114.0,1920.0,11194.0,23210.0,12123.0,11087.0,69347.0,26253.0,22522.0,20572.0,49417.0,3150.0,24076.0,11464.0,10727.0,21502.0,11760.0,9742.0,9943.0,9943.0,25807.0,4559.0,11767.0,2193.0,7288.0,22403.0,12257.0,10146.0,7949.0,7949.0,23.8,22.6,14.1,12.4,-,-,-,-,-,-,-,-,-,-,-,-,-,-
2026-07-07,07:00~21:00,平均停等延滯,89.6,11.4,55.0,3.9,6.4,9.8,2.6,6.5,10.1,2.6,6.1,33.9,56.7,39.1,30.9,18.6,8.5,1.5,17.0,12.6,12.6,27.2,66.1,14.1,42.4,19.3,9.3,7.4,11.6,8.4,8.4,D,D,E,E,-,-,-,-,-,-,-,-,-,-,-,-,-,-
2026-07-07,06:30~08:30,總停等延滯,728858.0,26920.0,7650.0,19270.0,29996.0,16815.0,13181.0,109851.0,35385.0,23650.0,50816.0,285721.0,33185.0,137576.0,74502.0,40458.0,57666.0,2415.0,55251.0,44380.0,44380.0,131204.0,49891.0,16170.0,24258.0,40885.0,29877.0,10514.0,19363.0,13243.0,13243.0,nan,nan,352.8,308.4,-,-,-,-,-,-,63.9,41.3,34.8,151.6,-,156.8,236.1,75.0
2026-07-07,06:30~08:30,通過量,6084.0,2099.0,139.0,1960.0,3329.0,1411.0,1918.0,11277.0,3023.0,4372.0,3882.0,7006.0,500.0,2584.0,1658.0,2264.0,3222.0,1157.0,2065.0,1983.0,1983.0,3630.0,621.0,1181.0,519.0,1309.0,3035.0,1450.0,1585.0,1186.0,1186.0,0.0,0.0,10.3,10.5,-,-,-,-,-,-,-,-,-,-,-,-,-,-
2026-07-07,06:30~08:30,平均停等延滯,119.8,12.8,55.0,9.8,9.0,11.9,6.9,9.7,11.7,5.4,13.1,40.8,66.4,53.2,44.9,17.9,17.9,2.1,26.8,22.4,22.4,36.1,80.3,13.7,46.7,31.2,9.8,7.3,12.2,11.2,11.2,-,-,E,E,-,-,-,-,-,-,-,-,-,-,-,-,-,-
2026-07-07,06:30~07:30,總停等延滯,381821.0,12293.0,2435.0,9858.0,9130.0,3380.0,5750.0,57366.0,13369.0,13191.0,30806.0,147684.0,17564.0,64654.0,42836.0,22630.0,35448.0,1218.0,34230.0,32246.0,32246.0,65588.0,22416.0,4070.0,12207.0,26895.0,16320.0,3655.0,12665.0,5746.0,5746.0,nan,nan,382.2,294.2,-,-,-,-,-,-,51.6,34.6,29.2,157.8,-,136.4,285.3,61.9
2026-07-07,06:30~07:30,通過量,2942.0,1139.0,54.0,1085.0,1653.0,574.0,1079.0,5662.0,1176.0,2348.0,2138.0,3402.0,243.0,1055.0,838.0,1266.0,1558.0,386.0,1172.0,1084.0,1084.0,1654.0,290.0,404.0,256.0,704.0,1433.0,612.0,821.0,579.0,579.0,0.0,0.0,9.5,11.0,-,-,-,-,-,-,-,-,-,-,-,-,-,-
2026-07-07,06:30~07:30,平均停等延滯,129.8,10.8,45.1,9.1,5.5,5.9,5.3,10.1,11.4,5.6,14.4,43.4,72.3,61.3,51.1,17.9,22.8,3.2,29.2,29.7,29.7,39.7,77.3,10.1,47.7,38.2,11.4,6.0,15.4,9.9,9.9,-,-,F,E,-,-,-,-,-,-,-,-,-,-,-,-,-,-
2026-07-07,07:30~08:30,總停等延滯,347037.0,14627.0,5215.0,9412.0,20866.0,13435.0,7431.0,52485.0,22016.0,10459.0,20010.0,138037.0,15621.0,72922.0,31666.0,17828.0,22218.0,1197.0,21021.0,12134.0,12134.0,65616.0,27475.0,12100.0,12051.0,13990.0,13557.0,6859.0,6698.0,7497.0,7497.0,nan,nan,323.9,322.5,-,-,-,-,-,-,76.2,48.0,40.5,145.4,-,177.2,187.8,88.2
2026-07-07,07:30~08:30,通過量,3142.0,960.0,85.0,875.0,1676.0,837.0,839.0,5615.0,1847.0,2024.0,1744.0,3604.0,257.0,1529.0,820.0,998.0,1664.0,771.0,893.0,899.0,899.0,1976.0,331.0,777.0,263.0,605.0,1602.0,838.0,764.0,607.0,607.0,0.0,0.0,11.2,10.0,-,-,-,-,-,-,-,-,-,-,-,-,-,-
2026-07-07,07:30~08:30,平均停等延滯,110.5,15.2,61.4,10.8,12.4,16.1,8.9,9.3,11.9,5.2,11.5,38.3,60.8,47.7,38.6,17.9,13.4,1.6,23.5,13.5,13.5,33.2,83.0,15.6,45.8,23.1,8.5,8.2,8.8,12.4,12.4,-,-,E,E,-,-,-,-,-,-,-,-,-,-,-,-,-,-
2026-07-07,07:00~09:00,總停等延滯,711984.0,29001.0,10155.0,18846.0,29850.0,16389.0,13461.0,103135.0,38999.0,21226.0,42910.0,292195.0,32552.0,148121.0,72053.0,39469.0,50392.0,2047.0,48345.0,33212.0,33212.0,129250.0,54041.0,21486.0,24954.0,28769.0,30826.0,12521.0,18305.0,14123.0,14123.0,nan,nan,355.7,293.6,-,-,-,-,-,-,66.0,41.0,36.4,149.4,-,144.2,241.3,73.4
2026-07-07,07:00~09:00,通過量,6376.0,2002.0,175.0,1827.0,3446.0,1637.0,1809.0,11148.0,3324.0,4108.0,3716.0,7103.0,514.0,2758.0,1690.0,2141.0,3241.0,1339.0,1902.0,1880.0,1880.0,3924.0,677.0,1425.0,539.0,1283.0,3144.0,1593.0,1551.0,1268.0,1268.0,0.0,0.0,10.2,11.0,-,-,-,-,-,-,-,-,-,-,-,-,-,-
2026-07-07,07:00~09:00,平均停等延滯,111.7,14.5,58.0,10.3,8.7,10.0,7.4,9.3,11.7,5.2,11.5,41.1,63.3,53.7,42.6,18.4,15.5,1.5,25.4,17.7,17.7,32.9,79.8,15.1,46.3,22.4,9.8,7.9,11.8,11.1,11.1,-,-,E,E,-,-,-,-,-,-,-,-,-,-,-,-,-,-
2026-07-07,10:00~12:00,總停等延滯,486952.0,18951.0,16623.0,2328.0,6816.0,5006.0,1810.0,49395.0,29812.0,6268.0,13315.0,235506.0,26549.0,129091.0,50067.0,29799.0,25633.0,2906.0,22727.0,16439.0,16439.0,91749.0,42021.0,16257.0,13156.0,20315.0,33770.0,14458.0,19312.0,8693.0,8693.0,nan,nan,237.0,240.4,-,-,-,-,-,-,135.9,19.8,120.6,114.6,-,125.8,196.4,38.5
2026-07-07,10:00~12:00,通過量,6028.0,1965.0,277.0,1688.0,3413.0,1717.0,1696.0,10026.0,3679.0,3264.0,3083.0,6975.0,512.0,3164.0,1764.0,1535.0,2859.0,1466.0,1393.0,1459.0,1459.0,3586.0,605.0,1562.0,306.0,1113.0,3274.0,1776.0,1498.0,1130.0,1130.0,0.0,0.0,15.3,13.5,-,-,-,-,-,-,-,-,-,-,-,-,-,-
2026-07-07,10:00~12:00,平均停等延滯,80.8,9.6,60.0,1.4,2.0,2.9,1.1,4.9,8.1,1.9,4.3,33.8,51.9,40.8,28.4,19.4,9.0,2.0,16.3,11.3,11.3,25.6,69.5,10.4,43.0,18.3,10.3,8.1,12.9,7.7,7.7,-,-,E,E,-,-,-,-,-,-,-,-,-,-,-,-,-,-
2026-07-07,11:00~12:00,總停等延滯,234742.0,11153.0,9425.0,1728.0,3477.0,2857.0,620.0,23084.0,13404.0,3026.0,6654.0,113427.0,13674.0,60781.0,24045.0,14927.0,12305.0,1600.0,10705.0,8519.0,8519.0,44142.0,23288.0,6219.0,5217.0,9418.0,15738.0,6609.0,9129.0,2897.0,2897.0,nan,nan,197.8,220.4,-,-,-,-,-,-,27.9,16.5,152.5,107.9,-,112.5,198.8,49.0
2026-07-07,11:00~12:00,通過量,2924.0,971.0,148.0,823.0,1676.0,847.0,829.0,4767.0,1743.0,1554.0,1470.0,3358.0,260.0,1483.0,853.0,762.0,1386.0,705.0,681.0,710.0,710.0,1753.0,291.0,795.0,108.0,559.0,1568.0,857.0,711.0,553.0,553.0,0.0,0.0,18.3,14.7,-,-,-,-,-,-,-,-,-,-,-,-,-,-
2026-07-07,11:00~12:00,平均停等延滯,80.3,11.5,63.7,2.1,2.1,3.4,0.7,4.8,7.7,1.9,4.5,33.8,52.6,41.0,28.2,19.6,8.9,2.3,15.7,12.0,12.0,25.2,80.0,7.8,48.3,16.8,10.0,7.7,12.8,5.2,5.2,-,-,E,E,-,-,-,-,-,-,-,-,-,-,-,-,-,-
2026-07-07,12:00~14:00,總停等延滯,469184.0,20406.0,18357.0,2049.0,7060.0,3966.0,3094.0,45078.0,27234.0,5771.0,12073.0,224458.0,22443.0,126462.0,48182.0,27371.0,25470.0,2889.0,22581.0,16873.0,16873.0,91173.0,46139.0,13268.0,13350.0,18416.0,30707.0,14070.0,16637.0,7959.0,7959.0,nan,nan,nan,332.7,-,-,-,-,-,-,-,-,36.7,105.6,-,227.1,230.8,-
2026-07-07,12:00~14:00,通過量,5990.0,2107.0,326.0,1781.0,3463.0,1690.0,1773.0,9639.0,3358.0,3249.0,3032.0,7073.0,444.0,3360.0,1697.0,1572.0,3125.0,1621.0,1504.0,1498.0,1498.0,3612.0,636.0,1559.0,256.0,1161.0,3081.0,1604.0,1477.0,1219.0,1219.0,0.0,0.0,0.0,9.7,-,-,-,-,-,-,-,-,-,-,-,-,-,-
2026-07-07,12:00~14:00,平均停等延滯,78.3,9.7,56.3,1.2,2.0,2.3,1.7,4.7,8.1,1.8,4.0,31.7,50.5,37.6,28.4,17.4,8.2,1.8,15.0,11.3,11.3,25.2,72.5,8.5,52.1,15.9,10.0,8.8,11.3,6.5,6.5,-,-,-,F,-,-,-,-,-,-,-,-,-,-,-,-,-,-
2026-07-07,16:30~18:30,總停等延滯,667569.0,26325.0,17244.0,9081.0,53674.0,49328.0,4346.0,83157.0,54700.0,10036.0,18421.0,278406.0,34338.0,156478.0,53353.0,34237.0,27226.0,3354.0,23872.0,14443.0,14443.0,134312.0,47363.0,54634.0,12942.0,19373.0,38775.0,17201.0,21574.0,11251.0,11251.0,224.2,224.1,226.4,269.3,236.0,236.5,263.5,343.3,1689800.8,129.0,77.8,17.3,37.6,103.5,83.0,165.8,145.6,63.4
2026-07-07,16:30~18:30,通過量,6260.0,1902.0,298.0,1604.0,3508.0,1895.0,1613.0,10732.0,4480.0,3348.0,2904.0,7820.0,512.0,4104.0,1793.0,1411.0,3497.0,2231.0,1266.0,1344.0,1344.0,4179.0,784.0,2147.0,345.0,903.0,3480.0,1957.0,1523.0,1158.0,1158.0,20.9,20.9,16.0,12.0,-,-,-,-,-,-,-,-,-,-,-,-,-,-
2026-07-07,16:30~18:30,平均停等延滯,106.6,13.8,57.9,5.7,15.3,26.0,2.7,7.7,12.2,3.0,6.3,35.6,67.1,38.1,29.8,24.3,7.8,1.5,18.9,10.7,10.7,32.1,60.4,25.4,37.5,21.5,11.1,8.8,14.2,9.7,9.7,D,D,E,E,-,-,-,-,-,-,-,-,-,-,-,-,-,-
2026-07-07,17:00~19:00,總停等延滯,652597.0,25636.0,16500.0,9136.0,53694.0,50102.0,3592.0,81641.0,56132.0,9842.0,15667.0,275595.0,32769.0,160490.0,47640.0,34696.0,25354.0,3308.0,22046.0,15132.0,15132.0,132193.0,46887.0,54923.0,13077.0,17306.0,33891.0,15559.0,18332.0,9461.0,9461.0,229.7,225.8,212.1,259.4,231.8,232.6,261.4,345.6,1609221.4,139.8,72.9,17.0,38.1,102.8,85.0,156.7,136.2,59.0
2026-07-07,17:00~19:00,通過量,5833.0,1724.0,266.0,1458.0,3327.0,1852.0,1475.0,10409.0,4592.0,3161.0,2656.0,7551.0,470.0,4195.0,1621.0,1265.0,3313.0,2171.0,1142.0,1223.0,1223.0,3987.0,739.0,2135.0,341.0,772.0,3359.0,1966.0,1393.0,1028.0,1028.0,20.4,20.7,17.1,12.5,-,-,-,-,-,-,-,-,-,-,-,-,-,-
2026-07-07,17:00~19:00,平均停等延滯,111.9,14.9,62.0,6.3,16.1,27.1,2.4,7.8,12.2,3.1,5.9,36.5,69.7,38.3,29.4,27.4,7.7,1.5,19.3,12.4,12.4,33.2,63.4,25.7,38.3,22.4,10.1,7.9,13.2,9.2,9.2,D,D,E,E,-,-,-,-,-,-,-,-,-,-,-,-,-,-
2026-07-07,16:30~17:30,總停等延滯,334433.0,12373.0,8617.0,3756.0,26172.0,23518.0,2654.0,39699.0,25998.0,4964.0,8737.0,138214.0,17456.0,75135.0,29894.0,15729.0,15708.0,1777.0,13931.0,7888.0,7888.0,67126.0,24835.0,24240.0,6802.0,11249.0,19691.0,8428.0,11263.0,7562.0,7562.0,237.1,218.1,223.2,238.4,229.2,228.5,254.6,331.1,856578.0,113.8,104.5,18.8,38.1,104.5,75.5,134.0,123.2,81.2
2026-07-07,16:30~17:30,通過量,3289.0,1010.0,168.0,842.0,1834.0,985.0,849.0,5404.0,2184.0,1716.0,1504.0,4094.0,257.0,2115.0,928.0,794.0,1818.0,1118.0,700.0,736.0,736.0,2113.0,415.0,1025.0,159.0,514.0,1763.0,972.0,791.0,635.0,635.0,19.7,21.5,16.2,13.6,-,-,-,-,-,-,-,-,-,-,-,-,-,-
2026-07-07,16:30~17:30,平均停等延滯,101.7,12.3,51.3,4.5,14.3,23.9,3.1,7.3,11.9,2.9,5.8,33.8,67.9,35.5,32.2,19.8,8.6,1.6,19.9,10.7,10.7,31.8,59.8,23.6,42.8,21.9,11.2,8.7,14.2,11.9,11.9,E,D,E,E,-,-,-,-,-,-,-,-,-,-,-,-,-,-
2026-07-07,17:30~18:30,總停等延滯,333136.0,13952.0,8627.0,5325.0,27502.0,25810.0,1692.0,43458.0,28702.0,5072.0,9684.0,140192.0,16882.0,81343.0,23459.0,18508.0,11518.0,1577.0,9941.0,6555.0,6555.0,67186.0,22528.0,30394.0,6140.0,8124.0,19084.0,8773.0,10311.0,3689.0,3689.0,211.2,230.2,229.6,300.2,242.8,245.6,273.9,358.0,834147.4,144.2,51.2,15.8,37.0,102.6,90.5,197.6,168.1,45.7
2026-07-07,17:30~18:30,通過量,2971.0,892.0,130.0,762.0,1674.0,910.0,764.0,5328.0,2296.0,1632.0,1400.0,3726.0,255.0,1989.0,865.0,617.0,1679.0,1113.0,566.0,608.0,608.0,2066.0,369.0,1122.0,186.0,389.0,1717.0,985.0,732.0,523.0,523.0,22.2,20.3,15.8,10.8,-,-,-,-,-,-,-,-,-,-,-,-,-,-
2026-07-07,17:30~18:30,平均停等延滯,112.1,15.6,66.4,7.0,16.4,28.4,2.2,8.2,12.5,3.1,6.9,37.6,66.2,40.9,27.1,30.0,6.9,1.4,17.6,10.8,10.8,32.5,61.1,27.1,33.0,20.9,11.1,8.9,14.1,7.1,7.1,D,D,E,E,-,-,-,-,-,-,-,-,-,-,-,-,-,-
2026-07-08,06:30~20:30,總停等延滯,3917455.0,136450.0,94441.0,42009.0,143784.0,118407.0,25377.0,478502.0,269095.0,65810.0,143597.0,1708925.0,200191.0,921730.0,375568.0,211436.0,211205.0,17402.0,193803.0,156175.0,156175.0,769797.0,311734.0,177351.0,98244.0,182468.0,236111.0,93640.0,142471.0,76506.0,76506.0,241.3,231.5,232.2,255.2,240.0,240.0,264.8,340.5,10935682.0,120.4,97.6,23.3,37.4,119.7,74.5,135.4,168.7,43.7
2026-07-08,06:30~20:30,通過量,41385.0,13290.0,1822.0,11468.0,20560.0,10462.0,10098.0,72201.0,26271.0,24047.0,21883.0,50437.0,3443.0,23752.0,11897.0,11345.0,22315.0,11801.0,10514.0,10654.0,10654.0,26526.0,4828.0,11437.0,2426.0,7835.0,22880.0,12311.0,10569.0,8144.0,8144.0,19.4,20.2,15.6,12.7,-,-,-,-,-,-,-,-,-,-,-,-,-,-
2026-07-08,06:30~20:30,平均停等延滯,94.7,10.3,51.8,3.7,7.0,11.3,2.5,6.6,10.2,2.7,6.6,33.9,58.1,38.8,31.6,18.6,9.5,1.5,18.4,14.7,14.7,29.0,64.6,15.5,40.5,23.3,10.3,7.6,13.5,9.4,9.4,E,D,E,E,-,-,-,-,-,-,-,-,-,-,-,-,-,-
2026-07-08,07:00~21:00,總停等延滯,3804655.0,137867.0,94986.0,42881.0,143064.0,118050.0,25014.0,462732.0,272645.0,61130.0,128957.0,1677012.0,193708.0,919157.0,360650.0,203497.0,194416.0,17197.0,177219.0,141201.0,141201.0,748963.0,309029.0,179276.0,93101.0,167557.0,226264.0,91618.0,134646.0,73136.0,73136.0,237.0,229.9,225.9,254.0,236.7,236.6,261.1,335.9,10724417.2,116.1,97.6,23.3,37.6,117.8,74.6,136.2,163.9,42.5
2026-07-08,07:00~21:00,通過量,40825.0,12997.0,1840.0,11157.0,20239.0,10480.0,9759.0,70921.0,26415.0,23250.0,21256.0,50153.0,3403.0,23981.0,11784.0,10985.0,22105.0,11968.0,10137.0,10338.0,10338.0,26419.0,4801.0,11660.0,2345.0,7613.0,22711.0,12368.0,10343.0,8044.0,8044.0,19.7,20.4,16.0,12.8,-,-,-,-,-,-,-,-,-,-,-,-,-,-
2026-07-08,07:00~21:00,平均停等延滯,93.2,10.6,51.6,3.8,7.1,11.3,2.6,6.5,10.3,2.6,6.1,33.4,56.9,38.3,30.6,18.5,8.8,1.4,17.5,13.7,13.7,28.3,64.4,15.4,39.7,22.0,10.0,7.4,13.0,9.1,9.1,E,D,E,E,-,-,-,-,-,-,-,-,-,-,-,-,-,-
2026-07-08,06:30~08:30,總停等延滯,697403.0,19725.0,6297.0,13428.0,12926.0,2702.0,10224.0,100687.0,31750.0,21209.0,47728.0,270918.0,39373.0,115526.0,69977.0,46042.0,60235.0,2080.0,58155.0,46513.0,46513.0,127373.0,46371.0,14850.0,21738.0,44414.0,45265.0,13961.0,31304.0,13761.0,13761.0,281.0,242.7,582.0,271.9,-,-,-,-,-,176.5,68.7,35.9,42.3,140.6,59.8,131.2,492.6,58.6
2026-07-08,06:30~08:30,通過量,5989.0,2055.0,147.0,1908.0,3218.0,1334.0,1884.0,11231.0,3030.0,4347.0,3854.0,6875.0,501.0,2570.0,1542.0,2262.0,3227.0,1098.0,2129.0,1959.0,1959.0,3619.0,602.0,1117.0,533.0,1367.0,2932.0,1427.0,1505.0,1230.0,1230.0,16.7,19.3,6.2,11.9,-,-,-,-,-,-,-,-,-,-,-,-,-,-
2026-07-08,06:30~08:30,平均停等延滯,116.4,9.6,42.8,7.0,4.0,2.0,5.4,9.0,10.5,4.9,12.4,39.4,78.6,45.0,45.4,20.4,18.7,1.9,27.3,23.7,23.7,35.2,77.0,13.3,40.8,32.5,15.4,9.8,20.8,11.2,11.2,E,E,F,E,-,-,-,-,-,-,-,-,-,-,-,-,-,-
2026-07-08,06:30~07:30,總停等延滯,378148.0,6597.0,2385.0,4212.0,4810.0,1206.0,3604.0,54167.0,10688.0,12185.0,31294.0,142044.0,22429.0,50042.0,44463.0,25110.0,37327.0,1234.0,36093.0,34805.0,34805.0,61622.0,17926.0,3463.0,10743.0,29490.0,30095.0,9336.0,20759.0,6681.0,6681.0,306.3,227.6,582.0,271.4,-,-,-,-,-,219.2,57.0,30.1,30.7,131.6,65.2,139.7,492.6,66.9
2026-07-08,06:30~07:30,通過量,3022.0,1096.0,65.0,1031.0,1650.0,619.0,1031.0,5791.0,1301.0,2395.0,2095.0,3337.0,269.0,1104.0,819.0,1145.0,1537.0,408.0,1129.0,1045.0,1045.0,1650.0,287.0,373.0,266.0,724.0,1437.0,645.0,792.0,591.0,591.0,15.3,20.6,6.2,11.9,-,-,-,-,-,-,-,-,-,-,-,-,-,-
2026-07-08,06:30~07:30,平均停等延滯,125.1,6.0,36.7,4.1,2.9,1.9,3.5,9.4,8.2,5.1,14.9,42.6,83.4,45.3,54.3,21.9,24.3,3.0,32.0,33.3,33.3,37.3,62.5,9.3,40.4,40.7,20.9,14.5,26.2,11.3,11.3,E,D,F,E,-,-,-,-,-,-,-,-,-,-,-,-,-,-
2026-07-08,07:30~08:30,總停等延滯,319255.0,13128.0,3912.0,9216.0,8116.0,1496.0,6620.0,46520.0,21062.0,9024.0,16434.0,128874.0,16944.0,65484.0,25514.0,20932.0,22908.0,846.0,22062.0,11708.0,11708.0,65751.0,28445.0,11387.0,10995.0,14924.0,15170.0,4625.0,10545.0,7080.0,7080.0,255.8,257.9,nan,272.4,-,-,-,-,-,133.7,80.4,41.7,53.9,149.6,54.4,122.8,-,50.2
2026-07-08,07:30~08:30,通過量,2967.0,959.0,82.0,877.0,1568.0,715.0,853.0,5440.0,1729.0,1952.0,1759.0,3538.0,232.0,1466.0,723.0,1117.0,1690.0,690.0,1000.0,914.0,914.0,1969.0,315.0,744.0,267.0,643.0,1495.0,782.0,713.0,639.0,639.0,18.3,18.1,0.0,11.9,-,-,-,-,-,-,-,-,-,-,-,-,-,-
2026-07-08,07:30~08:30,平均停等延滯,107.6,13.7,47.7,10.5,5.2,2.1,7.8,8.6,12.2,4.6,9.3,36.4,73.0,44.7,35.3,18.7,13.6,1.2,22.1,12.8,12.8,33.4,90.3,15.3,41.2,23.2,10.1,5.9,14.8,11.1,11.1,E,E,-,E,-,-,-,-,-,-,-,-,-,-,-,-,-,-
2026-07-08,07:00~09:00,總停等延滯,691885.0,21487.0,7801.0,13686.0,15971.0,5525.0,10446.0,99536.0,38875.0,19277.0,41384.0,277428.0,38077.0,127062.0,66498.0,45791.0,54521.0,2148.0,52373.0,35104.0,35104.0,127593.0,53011.0,20782.0,20816.0,32984.0,44598.0,16737.0,27861.0,15647.0,15647.0,275.6,251.9,1057.9,283.3,-,-,-,-,-,165.4,74.5,35.7,45.3,144.7,61.8,138.6,972.6,54.6
2026-07-08,07:00~09:00,通過量,6089.0,2023.0,166.0,1857.0,3284.0,1471.0,1813.0,11172.0,3325.0,4127.0,3720.0,7140.0,495.0,2854.0,1650.0,2141.0,3266.0,1300.0,1966.0,1876.0,1876.0,3810.0,654.0,1350.0,531.0,1275.0,3083.0,1586.0,1497.0,1309.0,1309.0,17.0,18.6,3.4,11.4,-,-,-,-,-,-,-,-,-,-,-,-,-,-
2026-07-08,07:00~09:00,平均停等延滯,113.6,10.6,47.0,7.4,4.9,3.8,5.8,8.9,11.7,4.7,11.1,38.9,76.9,44.5,40.3,21.4,16.7,1.7,26.6,18.7,18.7,33.5,81.1,15.4,39.2,25.9,14.5,10.6,18.6,12.0,12.0,E,E,F,E,-,-,-,-,-,-,-,-,-,-,-,-,-,-
2026-07-08,10:00~12:00,總停等延滯,481639.0,20205.0,15306.0,4899.0,2176.0,1409.0,767.0,51565.0,29682.0,7593.0,14290.0,225863.0,26110.0,118660.0,53678.0,27415.0,22009.0,2945.0,19064.0,21289.0,21289.0,96975.0,44490.0,15684.0,13336.0,23465.0,31890.0,12529.0,19361.0,9667.0,9667.0,208.0,238.2,213.4,249.8,227.4,226.3,250.1,322.9,1446882.2,98.0,92.9,17.1,30.8,120.0,89.6,129.8,152.8,43.5
2026-07-08,10:00~12:00,通過量,4766.0,2004.0,305.0,1699.0,505.0,262.0,243.0,10082.0,3532.0,3370.0,3180.0,7161.0,526.0,3217.0,1746.0,1672.0,3158.0,1613.0,1545.0,1587.0,1587.0,3719.0,644.0,1570.0,311.0,1194.0,3218.0,1694.0,1524.0,1122.0,1122.0,22.5,19.6,17.0,13.0,-,-,-,-,-,-,-,-,-,-,-,-,-,-
2026-07-08,10:00~12:00,平均停等延滯,101.1,10.1,50.2,2.9,4.3,5.4,3.2,5.1,8.4,2.3,4.5,31.5,49.6,36.9,30.7,16.4,7.0,1.8,12.3,13.4,13.4,26.1,69.1,10.0,42.9,19.7,9.9,7.4,12.7,8.6,8.6,D,E,E,E,-,-,-,-,-,-,-,-,-,-,-,-,-,-
2026-07-08,11:00~12:00,總停等延滯,236164.0,9404.0,6954.0,2450.0,1584.0,1009.0,575.0,24416.0,14859.0,4258.0,5299.0,114657.0,14079.0,61008.0,25844.0,13726.0,11577.0,1618.0,9959.0,8247.0,8247.0,47371.0,23212.0,7447.0,7034.0,9678.0,13791.0,4248.0,9543.0,5117.0,5117.0,202.4,221.6,191.2,221.7,209.2,208.6,231.6,304.6,645522.9,105.7,78.5,18.2,28.8,109.9,84.3,111.8,136.8,36.2
2026-07-08,11:00~12:00,通過量,2425.0,970.0,145.0,825.0,433.0,236.0,197.0,4870.0,1743.0,1608.0,1519.0,3493.0,295.0,1602.0,852.0,744.0,1557.0,822.0,735.0,766.0,766.0,1811.0,316.0,773.0,145.0,577.0,1579.0,868.0,711.0,536.0,536.0,23.1,21.1,18.9,14.6,-,-,-,-,-,-,-,-,-,-,-,-,-,-
2026-07-08,11:00~12:00,平均停等延滯,97.4,9.7,48.0,3.0,3.7,4.3,2.9,5.0,8.5,2.6,3.5,32.8,47.7,38.1,30.3,18.4,7.4,2.0,13.5,10.8,10.8,26.2,73.5,9.6,48.5,16.8,8.7,4.9,13.4,9.5,9.5,D,D,E,E,-,-,-,-,-,-,-,-,-,-,-,-,-,-
2026-07-08,12:00~14:00,總停等延滯,456240.0,17264.0,14126.0,3138.0,11832.0,8636.0,3196.0,55368.0,34174.0,6677.0,14517.0,213459.0,23946.0,118394.0,43363.0,27756.0,23511.0,2765.0,20746.0,16598.0,16598.0,86344.0,41314.0,12835.0,12011.0,20184.0,24392.0,8861.0,15531.0,7472.0,7472.0,230.9,209.7,189.4,215.5,-,-,-,-,-,101.9,110.5,18.5,35.5,102.9,72.5,112.6,134.5,36.4
2026-07-08,12:00~14:00,通過量,6106.0,1889.0,301.0,1588.0,3359.0,1719.0,1640.0,9708.0,3577.0,3168.0,2963.0,7227.0,529.0,3430.0,1719.0,1549.0,3011.0,1617.0,1394.0,1582.0,1582.0,3609.0,637.0,1548.0,287.0,1137.0,3196.0,1700.0,1496.0,1222.0,1222.0,20.3,22.3,19.1,15.0,-,-,-,-,-,-,-,-,-,-,-,-,-,-
2026-07-08,12:00~14:00,平均停等延滯,74.7,9.1,46.9,2.0,3.5,5.0,1.9,5.7,9.6,2.1,4.9,29.5,45.3,34.5,25.2,17.9,7.8,1.7,14.9,10.5,10.5,23.9,64.9,8.3,41.9,17.8,7.6,5.2,10.4,6.1,6.1,D,D,E,E,-,-,-,-,-,-,-,-,-,-,-,-,-,-
2026-07-08,16:30~18:30,總停等延滯,699657.0,24657.0,16761.0,7896.0,52701.0,48783.0,3918.0,79756.0,47938.0,10220.0,21598.0,288711.0,36428.0,158035.0,58487.0,35761.0,33676.0,3038.0,30638.0,17860.0,17860.0,147282.0,55705.0,51485.0,14742.0,25350.0,40036.0,17808.0,22228.0,14978.0,14978.0,229.6,242.8,209.7,243.5,231.4,231.3,259.4,345.1,1643767.4,131.0,76.2,22.4,38.4,110.1,92.5,133.3,146.0,41.2
2026-07-08,16:30~18:30,通過量,6701.0,1951.0,288.0,1663.0,3627.0,1951.0,1676.0,11084.0,4314.0,3619.0,3151.0,7838.0,567.0,3861.0,1924.0,1486.0,3483.0,2095.0,1388.0,1418.0,1418.0,4207.0,843.0,1979.0,365.0,1020.0,3663.0,1996.0,1667.0,1192.0,1192.0,20.4,19.3,17.3,13.3,-,-,-,-,-,-,-,-,-,-,-,-,-,-
2026-07-08,16:30~18:30,平均停等延滯,104.4,12.6,58.2,4.7,14.5,25.0,2.3,7.2,11.1,2.8,6.9,36.8,64.2,40.9,30.4,24.1,9.7,1.5,22.1,12.6,12.6,35.0,66.1,26.0,40.4,24.9,10.9,8.9,13.3,12.6,12.6,D,E,E,E,-,-,-,-,-,-,-,-,-,-,-,-,-,-
2026-07-08,17:00~19:00,總停等延滯,658482.0,24076.0,14599.0,9477.0,50063.0,46753.0,3310.0,75256.0,48622.0,10341.0,16293.0,271718.0,34874.0,152820.0,50740.0,33284.0,25628.0,2868.0,22760.0,17217.0,17217.0,145494.0,55359.0,53800.0,13398.0,22937.0,37592.0,15420.0,22172.0,11438.0,11438.0,267.2,231.8,194.9,217.5,227.8,225.6,253.1,336.8,1532569.9,134.6,111.3,21.3,34.8,101.0,94.7,116.5,135.7,37.9
2026-07-08,17:00~19:00,通過量,6212.0,1764.0,264.0,1500.0,3461.0,1941.0,1520.0,10342.0,4314.0,3288.0,2740.0,7475.0,513.0,3929.0,1706.0,1327.0,3260.0,2049.0,1211.0,1276.0,1276.0,4101.0,822.0,2046.0,342.0,891.0,3437.0,1998.0,1439.0,1014.0,1014.0,17.5,20.2,18.6,14.9,-,-,-,-,-,-,-,-,-,-,-,-,-,-
2026-07-08,17:00~19:00,平均停等延滯,106.0,13.6,55.3,6.3,14.5,24.1,2.2,7.3,11.3,3.1,5.9,36.4,68.0,38.9,29.7,25.1,7.9,1.4,18.8,13.5,13.5,35.5,67.3,26.3,39.2,25.7,10.9,7.7,15.4,11.3,11.3,E,D,E,E,-,-,-,-,-,-,-,-,-,-,-,-,-,-
2026-07-08,16:30~17:30,總停等延滯,366428.0,12286.0,9493.0,2793.0,27201.0,25574.0,1627.0,42236.0,23404.0,4820.0,14012.0,152031.0,19148.0,82156.0,32422.0,18305.0,22049.0,1587.0,20462.0,9582.0,9582.0,70780.0,27564.0,23423.0,6682.0,13111.0,21060.0,10899.0,10161.0,9203.0,9203.0,217.4,258.8,228.7,268.8,243.4,243.3,272.6,361.5,883704.7,120.3,75.5,21.6,49.0,125.9,83.7,142.9,156.6,50.6
2026-07-08,16:30~17:30,通過量,3476.0,1023.0,147.0,876.0,1833.0,951.0,882.0,5841.0,2176.0,1925.0,1740.0,4002.0,287.0,1867.0,1031.0,817.0,1854.0,1059.0,795.0,808.0,808.0,2173.0,430.0,988.0,165.0,590.0,1876.0,970.0,906.0,675.0,675.0,21.5,18.1,15.8,12.1,-,-,-,-,-,-,-,-,-,-,-,-,-,-
2026-07-08,16:30~17:30,平均停等延滯,105.4,12.0,64.6,3.2,14.8,26.9,1.8,7.2,10.8,2.5,8.1,38.0,66.7,44.0,31.4,22.4,11.9,1.5,25.7,11.9,11.9,32.6,64.1,23.7,40.5,22.2,11.2,11.2,11.2,13.6,13.6,D,E,E,E,-,-,-,-,-,-,-,-,-,-,-,-,-,-
2026-07-08,17:30~18:30,總停等延滯,333229.0,12371.0,7268.0,5103.0,25500.0,23209.0,2291.0,37520.0,24534.0,5400.0,7586.0,136680.0,17280.0,75879.0,26065.0,17456.0,11627.0,1451.0,10176.0,8278.0,8278.0,76502.0,28141.0,28062.0,8060.0,12239.0,18976.0,6909.0,12067.0,5775.0,5775.0,241.8,224.8,190.6,218.2,218.8,217.5,244.1,326.7,756178.4,141.8,76.8,23.2,26.6,94.4,101.3,123.8,135.5,31.9
2026-07-08,17:30~18:30,通過量,3225.0,928.0,141.0,787.0,1794.0,1000.0,794.0,5243.0,2138.0,1694.0,1411.0,3836.0,280.0,1994.0,893.0,669.0,1629.0,1036.0,593.0,610.0,610.0,2034.0,413.0,991.0,200.0,430.0,1787.0,1026.0,761.0,517.0,517.0,19.4,20.8,19.0,14.8,-,-,-,-,-,-,-,-,-,-,-,-,-,-
2026-07-08,17:30~18:30,平均停等延滯,103.3,13.3,51.5,6.5,14.2,23.2,2.9,7.2,11.5,3.2,5.4,35.6,61.7,38.1,29.2,26.1,7.1,1.4,17.2,13.6,13.6,37.6,68.1,28.3,40.3,28.5,10.6,6.7,15.9,11.2,11.2,E,D,E,E,-,-,-,-,-,-,-,-,-,-,-,-,-,-
2026-07-09,06:30~20:30,總停等延滯,4018372.0,147477.0,100209.0,47268.0,164530.0,133592.0,30938.0,501443.0,287717.0,68007.0,145719.0,1749179.0,195518.0,938535.0,394549.0,220577.0,222284.0,17557.0,204727.0,139711.0,139711.0,762742.0,315167.0,183251.0,103316.0,161008.0,247795.0,105132.0,142663.0,83211.0,83211.0,257.8,245.3,263.5,259.6,-,-,-,-,-,121.9,104.4,59.7,45.4,126.6,74.7,133.0,173.6,60.1
2026-07-09,06:30~20:30,通過量,42898.0,13971.0,1996.0,11975.0,24004.0,11926.0,12078.0,73113.0,26600.0,24311.0,22202.0,51655.0,3323.0,24708.0,12410.0,11214.0,22031.0,11653.0,10378.0,10639.0,10639.0,26360.0,4796.0,11504.0,2446.0,7614.0,23375.0,12578.0,10797.0,8343.0,8343.0,18.2,19.1,13.7,12.5,-,-,-,-,-,-,-,-,-,-,-,-,-,-
2026-07-09,06:30~20:30,平均停等延滯,93.7,10.6,50.2,3.9,6.9,11.2,2.6,6.9,10.8,2.8,6.6,33.9,58.8,38.0,31.8,19.7,10.1,1.5,19.7,13.1,13.1,28.9,65.7,15.9,42.2,21.1,10.6,8.4,13.2,10.0,10.0,E,E,E,E,-,-,-,-,-,-,-,-,-,-,-,-,-,-
2026-07-09,07:00~21:00,總停等延滯,3916865.0,148653.0,101647.0,47006.0,163312.0,133301.0,30011.0,485492.0,289640.0,63515.0,132337.0,1724025.0,192329.0,939416.0,378494.0,213786.0,205602.0,17082.0,188520.0,123429.0,123429.0,746308.0,312743.0,184793.0,98596.0,150176.0,238875.0,102201.0,136674.0,81169.0,81169.0,253.2,244.2,256.4,259.3,-,-,-,-,-,118.1,104.8,59.4,45.2,125.5,74.8,133.8,167.8,60.5
2026-07-09,07:00~21:00,通過量,42435.0,13683.0,2039.0,11644.0,23722.0,11939.0,11783.0,72024.0,26778.0,23598.0,21648.0,51158.0,3238.0,24787.0,12249.0,10884.0,21885.0,11831.0,10054.0,10356.0,10356.0,26348.0,4791.0,11754.0,2366.0,7437.0,23268.0,12643.0,10625.0,8218.0,8218.0,18.5,19.2,14.1,12.5,-,-,-,-,-,-,-,-,-,-,-,-,-,-
2026-07-09,07:00~21:00,平均停等延滯,92.3,10.9,49.9,4.0,6.9,11.2,2.5,6.7,10.8,2.7,6.1,33.7,59.4,37.9,30.9,19.6,9.4,1.4,18.8,11.9,11.9,28.3,65.3,15.7,41.7,20.2,10.3,8.1,12.9,9.9,9.9,E,E,E,E,-,-,-,-,-,-,-,-,-,-,-,-,-,-
2026-07-09,06:30~08:30,總停等延滯,671254.0,24172.0,6968.0,17204.0,16865.0,2931.0,13934.0,102147.0,27037.0,22906.0,52204.0,261619.0,34439.0,111755.0,74891.0,40534.0,53549.0,2262.0,51287.0,43473.0,43473.0,118308.0,43741.0,12704.0,23366.0,38497.0,34918.0,11818.0,23100.0,16203.0,16203.0,267.7,220.7,323.4,254.6,266.6,271.7,298.8,380.6,1737680.4,153.7,73.0,41.1,32.5,125.5,74.0,129.1,216.1,66.3
2026-07-09,06:30~08:30,通過量,5977.0,2079.0,137.0,1942.0,3349.0,1418.0,1931.0,11299.0,3033.0,4384.0,3882.0,7085.0,500.0,2713.0,1693.0,2179.0,3187.0,1131.0,2056.0,1904.0,1904.0,3458.0,553.0,1092.0,519.0,1294.0,3024.0,1468.0,1556.0,1210.0,1210.0,17.5,21.2,11.2,12.7,-,-,-,-,-,-,-,-,-,-,-,-,-,-
2026-07-09,06:30~08:30,平均停等延滯,112.3,11.6,50.9,8.9,5.0,2.1,7.2,9.0,8.9,5.2,13.4,36.9,68.9,41.2,44.2,18.6,16.8,2.0,24.9,22.8,22.8,34.2,79.1,11.6,45.0,29.8,11.5,8.1,14.8,13.4,13.4,E,D,E,E,-,-,-,-,-,-,-,-,-,-,-,-,-,-
2026-07-09,06:30~07:30,總停等延滯,364506.0,6782.0,2512.0,4270.0,4440.0,1568.0,2872.0,52942.0,12128.0,11690.0,29124.0,144006.0,21008.0,53962.0,45334.0,23702.0,34839.0,1218.0,33621.0,34100.0,34100.0,58351.0,19596.0,2830.0,11501.0,24424.0,22413.0,5782.0,16631.0,6633.0,6633.0,292.4,218.7,362.0,261.0,-,-,-,-,-,207.3,59.4,25.7,27.9,137.5,75.6,123.4,270.5,65.8
2026-07-09,06:30~07:30,通過量,2967.0,1106.0,47.0,1059.0,1716.0,650.0,1066.0,5788.0,1272.0,2395.0,2121.0,3491.0,271.0,1206.0,847.0,1167.0,1535.0,400.0,1135.0,1051.0,1051.0,1543.0,259.0,359.0,242.0,683.0,1480.0,665.0,815.0,582.0,582.0,16.0,21.4,10.0,12.4,-,-,-,-,-,-,-,-,-,-,-,-,-,-
2026-07-09,06:30~07:30,平均停等延滯,122.9,6.1,53.4,4.0,2.6,2.4,2.7,9.1,9.5,4.9,13.7,41.3,77.5,44.7,53.5,20.3,22.7,3.0,29.6,32.4,32.4,37.8,75.7,7.9,47.5,35.8,15.1,8.7,20.4,11.4,11.4,E,D,E,E,-,-,-,-,-,-,-,-,-,-,-,-,-,-
2026-07-09,07:30~08:30,總停等延滯,306748.0,17390.0,4456.0,12934.0,12425.0,1363.0,11062.0,49205.0,14909.0,11216.0,23080.0,117613.0,13431.0,57793.0,29557.0,16832.0,18710.0,1044.0,17666.0,9373.0,9373.0,59957.0,24145.0,9874.0,11865.0,14073.0,12505.0,6036.0,6469.0,9570.0,9570.0,243.0,222.3,284.9,248.2,249.6,250.8,278.1,357.9,815905.1,100.0,86.6,56.4,36.2,113.5,72.5,134.7,161.6,66.8
2026-07-09,07:30~08:30,通過量,3010.0,973.0,90.0,883.0,1633.0,768.0,865.0,5511.0,1761.0,1989.0,1761.0,3594.0,229.0,1507.0,846.0,1012.0,1652.0,731.0,921.0,853.0,853.0,1915.0,294.0,733.0,277.0,611.0,1544.0,803.0,741.0,628.0,628.0,19.3,21.1,12.7,13.1,-,-,-,-,-,-,-,-,-,-,-,-,-,-
2026-07-09,07:30~08:30,平均停等延滯,101.9,17.9,49.5,14.6,7.6,1.8,12.8,8.9,8.5,5.6,13.1,32.7,58.7,38.3,34.9,16.6,11.3,1.4,19.2,11.0,11.0,31.3,82.1,13.5,42.8,23.0,8.1,7.5,8.7,15.2,15.2,E,D,E,E,-,-,-,-,-,-,-,-,-,-,-,-,-,-
2026-07-09,07:00~09:00,總停等延滯,652799.0,25633.0,9133.0,16500.0,17682.0,4115.0,13567.0,95987.0,31387.0,20710.0,43890.0,262261.0,34580.0,121702.0,65781.0,40198.0,47950.0,2302.0,45648.0,31347.0,31347.0,122704.0,48449.0,19319.0,24177.0,30759.0,32037.0,12851.0,19186.0,17198.0,17198.0,255.6,222.1,292.2,240.6,252.6,255.1,282.8,364.7,1659047.2,136.2,75.8,43.7,34.3,121.9,76.9,118.7,187.1,61.3
2026-07-09,07:00~09:00,通過量,6179.0,2013.0,173.0,1840.0,3460.0,1597.0,1863.0,11279.0,3409.0,4153.0,3717.0,7188.0,484.0,2949.0,1689.0,2066.0,3338.0,1396.0,1942.0,1808.0,1808.0,3761.0,614.0,1373.0,520.0,1254.0,3193.0,1656.0,1537.0,1270.0,1270.0,18.3,21.1,12.4,13.5,-,-,-,-,-,-,-,-,-,-,-,-,-,-
2026-07-09,07:00~09:00,平均停等延滯,105.6,12.7,52.8,9.0,5.1,2.6,7.3,8.5,9.2,5.0,11.8,36.5,71.4,41.3,38.9,19.5,14.4,1.6,23.5,17.3,17.3,32.6,78.9,14.1,46.5,24.5,10.0,7.8,12.5,13.5,13.5,E,D,E,E,-,-,-,-,-,-,-,-,-,-,-,-,-,-
2026-07-09,10:00~12:00,總停等延滯,519428.0,19105.0,15350.0,3755.0,13803.0,11242.0,2561.0,66824.0,40136.0,8375.0,18313.0,230997.0,25261.0,125802.0,53527.0,26407.0,25145.0,2963.0,22182.0,18442.0,18442.0,101086.0,46782.0,17151.0,14697.0,22456.0,32523.0,12967.0,19556.0,11503.0,11503.0,217.4,260.1,237.6,302.8,-,-,-,-,-,103.2,93.0,377.2,45.5,132.4,82.2,170.4,177.0,43.8
2026-07-09,10:00~12:00,通過量,6182.0,2010.0,316.0,1694.0,3422.0,1708.0,1714.0,10339.0,3738.0,3446.0,3155.0,7216.0,475.0,3310.0,1786.0,1645.0,3060.0,1576.0,1484.0,1612.0,1612.0,3716.0,679.0,1580.0,329.0,1128.0,3346.0,1799.0,1547.0,1130.0,1130.0,21.5,18.0,15.2,10.7,-,-,-,-,-,-,-,-,-,-,-,-,-,-
2026-07-09,10:00~12:00,平均停等延滯,84.0,9.5,48.6,2.2,4.0,6.6,1.5,6.5,10.7,2.4,5.8,32.0,53.2,38.0,30.0,16.1,8.2,1.9,14.9,11.4,11.4,27.2,68.9,10.9,44.7,19.9,9.7,7.2,12.6,10.2,10.2,D,E,E,E,-,-,-,-,-,-,-,-,-,-,-,-,-,-
2026-07-09,11:00~12:00,總停等延滯,252934.0,10543.0,8098.0,2445.0,9292.0,7736.0,1556.0,34640.0,21915.0,4688.0,8037.0,110854.0,12558.0,61500.0,24203.0,12593.0,10030.0,1360.0,8670.0,8122.0,8122.0,48640.0,23482.0,8100.0,7309.0,9749.0,16114.0,5968.0,10146.0,4699.0,4699.0,nan,248.4,nan,360.2,-,-,-,-,-,102.5,-,2341.0,50.1,138.3,60.0,221.9,186.4,-
2026-07-09,11:00~12:00,通過量,2984.0,955.0,168.0,787.0,1694.0,845.0,849.0,4996.0,1858.0,1644.0,1494.0,3624.0,228.0,1792.0,854.0,750.0,1474.0,799.0,675.0,726.0,726.0,1811.0,334.0,817.0,147.0,513.0,1663.0,914.0,749.0,529.0,529.0,0.0,18.8,0.0,9.0,-,-,-,-,-,-,-,-,-,-,-,-,-,-
2026-07-09,11:00~12:00,平均停等延滯,84.8,11.0,48.2,3.1,5.5,9.2,1.8,6.9,11.8,2.9,5.4,30.6,55.1,34.3,28.3,16.8,6.8,1.7,12.8,11.2,11.2,26.9,70.3,9.9,49.7,19.0,9.7,6.5,13.5,8.9,8.9,-,E,-,F,-,-,-,-,-,-,-,-,-,-,-,-,-,-
2026-07-09,12:00~14:00,總停等延滯,487112.0,19696.0,16971.0,2725.0,14608.0,10962.0,3646.0,57519.0,38692.0,6059.0,12768.0,224158.0,21189.0,124136.0,50245.0,28588.0,22267.0,2377.0,19890.0,17471.0,17471.0,90539.0,44767.0,15303.0,12048.0,18421.0,29440.0,12140.0,17300.0,11414.0,11414.0,320.1,291.4,228.8,264.9,-,-,-,-,-,97.1,193.8,17.9,76.0,150.3,64.5,114.6,144.6,57.6
2026-07-09,12:00~14:00,通過量,5957.0,1956.0,311.0,1645.0,3378.0,1675.0,1703.0,9879.0,3627.0,3217.0,3035.0,7034.0,420.0,3354.0,1756.0,1504.0,3083.0,1640.0,1443.0,1466.0,1466.0,3527.0,645.0,1538.0,259.0,1085.0,3266.0,1704.0,1562.0,1221.0,1221.0,14.6,16.1,15.8,12.2,-,-,-,-,-,-,-,-,-,-,-,-,-,-
2026-07-09,12:00~14:00,平均停等延滯,81.8,10.1,54.6,1.7,4.3,6.5,2.1,5.8,10.7,1.9,4.2,31.9,50.4,37.0,28.6,19.0,7.2,1.4,13.8,11.9,11.9,25.7,69.4,9.9,46.5,17.0,9.0,7.1,11.1,9.3,9.3,E,E,E,E,-,-,-,-,-,-,-,-,-,-,-,-,-,-
2026-07-09,16:30~18:30,總停等延滯,764886.0,27049.0,17754.0,9295.0,54478.0,50988.0,3490.0,90130.0,58870.0,10115.0,21145.0,310278.0,39614.0,162770.0,61614.0,46280.0,50853.0,3168.0,47685.0,15083.0,15083.0,155273.0,54548.0,64902.0,14783.0,21040.0,50226.0,25244.0,24982.0,11516.0,11516.0,322.0,276.8,237.8,260.0,274.2,270.4,295.3,373.4,2025987.8,183.1,116.8,22.1,54.5,123.7,98.5,136.2,167.6,48.0
2026-07-09,16:30~18:30,通過量,6545.0,2070.0,328.0,1742.0,3474.0,1724.0,1750.0,11182.0,4371.0,3629.0,3182.0,8217.0,553.0,4245.0,2003.0,1416.0,3364.0,2049.0,1315.0,1408.0,1408.0,4410.0,897.0,2114.0,410.0,989.0,3641.0,1997.0,1644.0,1215.0,1215.0,14.5,16.9,15.2,12.5,-,-,-,-,-,-,-,-,-,-,-,-,-,-
2026-07-09,16:30~18:30,平均停等延滯,116.9,13.1,54.1,5.3,15.7,29.6,2.0,8.1,13.5,2.8,6.6,37.8,71.6,38.3,30.8,32.7,15.1,1.5,36.3,10.7,10.7,35.2,60.8,30.7,36.1,21.3,13.8,12.6,15.2,9.5,9.5,E,E,E,E,-,-,-,-,-,-,-,-,-,-,-,-,-,-
2026-07-09,17:00~19:00,總停等延滯,731473.0,27033.0,16545.0,10488.0,53576.0,50334.0,3242.0,87155.0,58695.0,9963.0,18497.0,306837.0,40456.0,164890.0,56933.0,44558.0,46173.0,3157.0,43016.0,14188.0,14188.0,143314.0,51964.0,58801.0,13850.0,18699.0,44988.0,22207.0,22781.0,8209.0,8209.0,321.6,255.9,202.6,244.4,256.1,251.6,276.1,353.0,1833926.5,188.8,111.6,21.2,50.2,113.0,92.7,131.3,134.1,47.3
2026-07-09,17:00~19:00,通過量,6243.0,1961.0,308.0,1653.0,3468.0,1780.0,1688.0,10865.0,4438.0,3449.0,2978.0,7982.0,529.0,4214.0,1853.0,1386.0,3222.0,2002.0,1220.0,1255.0,1255.0,4205.0,850.0,2093.0,389.0,873.0,3523.0,2009.0,1514.0,1069.0,1069.0,14.6,18.3,17.9,13.3,-,-,-,-,-,-,-,-,-,-,-,-,-,-
2026-07-09,17:00~19:00,平均停等延滯,117.2,13.8,53.7,6.3,15.4,28.3,1.9,8.0,13.2,2.9,6.2,38.4,76.5,39.1,30.7,32.1,14.3,1.6,35.3,11.3,11.3,34.1,61.1,28.1,35.6,21.4,12.8,11.1,15.0,7.7,7.7,E,E,E,E,-,-,-,-,-,-,-,-,-,-,-,-,-,-
2026-07-09,16:30~17:30,總停等延滯,378188.0,12262.0,8660.0,3602.0,27245.0,25555.0,1690.0,46688.0,29147.0,5070.0,12471.0,152373.0,18930.0,78524.0,31793.0,23126.0,26482.0,1492.0,24990.0,7098.0,7098.0,73909.0,25476.0,30861.0,7074.0,10498.0,26642.0,13433.0,13209.0,5489.0,5489.0,300.8,261.0,270.7,265.3,274.4,272.2,296.1,370.4,1073938.1,161.4,116.3,23.0,47.3,127.0,86.7,138.3,207.8,39.9
2026-07-09,16:30~17:30,通過量,3413.0,1061.0,159.0,902.0,1736.0,857.0,879.0,5638.0,2148.0,1843.0,1647.0,4291.0,270.0,2211.0,1079.0,731.0,1732.0,1030.0,702.0,749.0,749.0,2268.0,457.0,1052.0,208.0,551.0,1877.0,966.0,911.0,662.0,662.0,15.6,17.9,13.4,12.2,-,-,-,-,-,-,-,-,-,-,-,-,-,-
2026-07-09,16:30~17:30,平均停等延滯,110.8,11.6,54.5,4.0,15.7,29.8,1.9,8.3,13.6,2.8,7.6,35.5,70.1,35.5,29.5,31.6,15.3,1.4,35.6,9.5,9.5,32.6,55.7,29.3,34.0,19.1,14.2,13.9,14.5,8.3,8.3,E,E,E,E,-,-,-,-,-,-,-,-,-,-,-,-,-,-
2026-07-09,17:30~18:30,總停等延滯,386698.0,14787.0,9094.0,5693.0,27233.0,25433.0,1800.0,43442.0,29723.0,5045.0,8674.0,157905.0,20684.0,84246.0,29821.0,23154.0,24371.0,1676.0,22695.0,7985.0,7985.0,81364.0,29072.0,34041.0,7709.0,10542.0,23584.0,11811.0,11773.0,6027.0,6027.0,343.1,292.5,204.8,254.6,273.8,269.1,295.2,377.6,954257.7,204.7,117.2,21.3,61.7,120.4,110.4,134.2,127.4,56.2
2026-07-09,17:30~18:30,通過量,3132.0,1009.0,169.0,840.0,1738.0,867.0,871.0,5544.0,2223.0,1786.0,1535.0,3926.0,283.0,2034.0,924.0,685.0,1632.0,1019.0,613.0,659.0,659.0,2142.0,440.0,1062.0,202.0,438.0,1764.0,1031.0,733.0,553.0,553.0,13.6,16.0,17.7,12.7,-,-,-,-,-,-,-,-,-,-,-,-,-,-
2026-07-09,17:30~18:30,平均停等延滯,123.5,14.7,53.8,6.8,15.7,29.3,2.1,7.8,13.4,2.8,5.7,40.2,73.1,41.4,32.3,33.8,14.9,1.6,37.0,12.1,12.1,38.0,66.1,32.1,38.2,24.1,13.4,11.5,16.1,10.9,10.9,E,E,E,E,-,-,-,-,-,-,-,-,-,-,-,-,-,-
2026-07-10,06:30~20:30,總停等延滯,1782406.0,117646.0,74565.0,43081.0,27592.0,15882.0,11710.0,185037.0,143831.0,15072.0,26134.0,851729.0,110832.0,454875.0,196811.0,89211.0,50692.0,6879.0,43813.0,67445.0,67445.0,353472.0,155203.0,62905.0,40677.0,94687.0,99933.0,23272.0,76661.0,28860.0,28860.0,169.5,178.1,187.1,185.3,180.0,180.3,198.5,255.7,5328677.5,77.4,65.7,26.6,47.1,76.1,54.7,109.1,132.2,28.3
2026-07-10,06:30~20:30,通過量,28895.0,9985.0,1839.0,8146.0,16244.0,8183.0,8061.0,43437.0,15990.0,14181.0,13266.0,32284.0,2030.0,15602.0,7698.0,6954.0,13918.0,7329.0,6589.0,7100.0,7100.0,17181.0,2880.0,7467.0,1482.0,5352.0,15429.0,8300.0,7129.0,5817.0,5817.0,27.6,26.3,19.3,17.5,-,-,-,-,-,-,-,-,-,-,-,-,-,-
2026-07-10,06:30~20:30,平均停等延滯,61.7,11.8,40.5,5.3,1.7,1.9,1.5,4.3,9.0,1.1,2.0,26.4,54.6,29.2,25.6,12.8,3.6,0.9,6.6,9.5,9.5,20.6,53.9,8.4,27.4,17.7,6.5,2.8,10.8,5.0,5.0,C,C,E,E,-,-,-,-,-,-,-,-,-,-,-,-,-,-
2026-07-10,07:00~21:00,總停等延滯,1777139.0,117162.0,75169.0,41993.0,27111.0,15552.0,11559.0,182726.0,143210.0,14254.0,25262.0,851406.0,111062.0,454087.0,197278.0,88979.0,51624.0,6826.0,44798.0,66290.0,66290.0,353823.0,155927.0,63761.0,41161.0,92974.0,98474.0,22869.0,75605.0,28523.0,28523.0,179.8,177.3,185.2,182.1,181.1,181.2,199.4,256.8,5333419.3,79.3,74.2,26.6,47.7,74.4,54.8,107.7,130.5,28.0
2026-07-10,07:00~21:00,通過量,28743.0,9859.0,1853.0,8006.0,16044.0,8129.0,7915.0,43064.0,16007.0,13972.0,13085.0,32151.0,2026.0,15649.0,7649.0,6827.0,13790.0,7320.0,6470.0,7020.0,7020.0,17150.0,2884.0,7498.0,1476.0,5292.0,15415.0,8332.0,7083.0,5782.0,5782.0,26.0,26.4,19.5,17.8,-,-,-,-,-,-,-,-,-,-,-,-,-,-
2026-07-10,07:00~21:00,平均停等延滯,61.8,11.9,40.6,5.2,1.7,1.9,1.5,4.2,8.9,1.0,1.9,26.5,54.8,29.0,25.8,13.0,3.7,0.9,6.9,9.4,9.4,20.6,54.1,8.5,27.9,17.6,6.4,2.7,10.7,4.9,4.9,C,C,E,E,-,-,-,-,-,-,-,-,-,-,-,-,-,-
2026-07-10,06:30~08:30,總停等延滯,167969.0,12594.0,3960.0,8634.0,2873.0,975.0,1898.0,19665.0,13428.0,2948.0,3289.0,65004.0,10535.0,28765.0,18330.0,7374.0,2863.0,308.0,2555.0,10418.0,10418.0,35958.0,15164.0,3453.0,4793.0,12548.0,15390.0,3648.0,11742.0,3204.0,3204.0,147.3,171.0,196.1,173.0,171.8,172.0,187.5,233.7,557593.2,61.3,50.4,35.7,49.0,73.2,48.8,99.8,132.0,28.4
2026-07-10,06:30~08:30,通過量,3221.0,1273.0,139.0,1134.0,1927.0,811.0,1116.0,5331.0,1549.0,1965.0,1817.0,3578.0,252.0,1434.0,957.0,935.0,1569.0,686.0,883.0,925.0,925.0,1845.0,326.0,697.0,203.0,619.0,1685.0,814.0,871.0,661.0,661.0,31.8,27.4,18.4,18.7,-,-,-,-,-,-,-,-,-,-,-,-,-,-
2026-07-10,06:30~08:30,平均停等延滯,52.1,9.9,28.5,7.6,1.5,1.2,1.7,3.7,8.7,1.5,1.8,18.2,41.8,20.1,19.2,7.9,1.8,0.4,2.9,11.3,11.3,19.5,46.5,5.0,23.6,20.3,9.1,4.5,13.5,4.8,4.8,B,C,E,E,-,-,-,-,-,-,-,-,-,-,-,-,-,-
2026-07-10,06:30~07:30,總停等延滯,79074.0,5669.0,1491.0,4178.0,1942.0,785.0,1157.0,10559.0,7060.0,1545.0,1954.0,29303.0,5090.0,11973.0,9504.0,2736.0,1307.0,110.0,1197.0,4617.0,4617.0,16285.0,6661.0,1239.0,2139.0,6246.0,7215.0,2198.0,5017.0,2177.0,2177.0,133.9,203.2,180.9,176.2,173.6,169.4,184.5,229.5,251369.4,57.2,56.3,20.4,76.0,78.5,48.7,97.8,132.2,28.4
2026-07-10,06:30~07:30,通過量,1531.0,674.0,59.0,615.0,1005.0,406.0,599.0,2565.0,700.0,967.0,898.0,1637.0,111.0,598.0,473.0,455.0,711.0,282.0,429.0,427.0,427.0,812.0,150.0,283.0,85.0,294.0,780.0,354.0,426.0,343.0,343.0,35.0,23.0,20.0,18.4,-,-,-,-,-,-,-,-,-,-,-,-,-,-
2026-07-10,06:30~07:30,平均停等延滯,51.6,8.4,25.3,6.8,1.9,1.9,1.9,4.1,10.1,1.6,2.2,17.9,45.9,20.0,20.1,6.0,1.8,0.4,2.8,10.8,10.8,20.1,44.4,4.4,25.2,21.2,9.2,6.2,11.8,6.3,6.3,B,D,D,E,-,-,-,-,-,-,-,-,-,-,-,-,-,-
2026-07-10,07:30~08:30,總停等延滯,88895.0,6925.0,2469.0,4456.0,931.0,190.0,741.0,9106.0,6368.0,1403.0,1335.0,35701.0,5445.0,16792.0,8826.0,4638.0,1556.0,198.0,1358.0,5801.0,5801.0,19673.0,8503.0,2214.0,2654.0,6302.0,8175.0,1450.0,6725.0,1027.0,1027.0,160.8,138.7,211.6,169.8,170.2,171.4,187.4,233.7,301388.7,65.3,44.5,51.0,22.1,67.8,48.9,102.0,131.9,28.5
2026-07-10,07:30~08:30,通過量,1690.0,599.0,80.0,519.0,922.0,405.0,517.0,2766.0,849.0,998.0,919.0,1941.0,141.0,836.0,484.0,480.0,858.0,404.0,454.0,498.0,498.0,1033.0,176.0,414.0,118.0,325.0,905.0,460.0,445.0,318.0,318.0,29.1,33.7,17.1,19.1,-,-,-,-,-,-,-,-,-,-,-,-,-,-
2026-07-10,07:30~08:30,平均停等延滯,52.6,11.6,30.9,8.6,1.0,0.5,1.4,3.3,7.5,1.4,1.5,18.4,38.6,20.1,18.2,9.7,1.8,0.5,3.0,11.6,11.6,19.0,48.3,5.3,22.5,19.4,9.0,3.2,15.1,3.2,3.2,C,B,E,E,-,-,-,-,-,-,-,-,-,-,-,-,-,-
2026-07-10,07:00~09:00,總停等延滯,185181.0,14050.0,5991.0,8059.0,2828.0,1085.0,1743.0,18873.0,12820.0,2881.0,3172.0,75987.0,10769.0,35400.0,20313.0,9505.0,3450.0,338.0,3112.0,10880.0,10880.0,39433.0,16949.0,4602.0,5300.0,12582.0,15822.0,3857.0,11965.0,3858.0,3858.0,147.5,165.3,197.0,166.0,169.0,169.6,186.4,237.7,602292.6,62.2,49.8,35.5,49.6,67.2,48.4,98.8,131.8,29.6
2026-07-10,07:00~09:00,通過量,3439.0,1290.0,172.0,1118.0,1945.0,850.0,1095.0,5500.0,1640.0,1983.0,1877.0,3894.0,255.0,1653.0,1009.0,977.0,1638.0,738.0,900.0,972.0,972.0,2054.0,349.0,803.0,230.0,672.0,1792.0,881.0,911.0,710.0,710.0,31.7,28.3,18.4,19.5,-,-,-,-,-,-,-,-,-,-,-,-,-,-
2026-07-10,07:00~09:00,平均停等延滯,53.8,10.9,34.8,7.2,1.5,1.3,1.6,3.4,7.8,1.5,1.7,19.5,42.2,21.4,20.1,9.7,2.1,0.5,3.5,11.2,11.2,19.2,48.6,5.7,23.0,18.7,8.8,4.4,13.1,5.4,5.4,B,C,E,E,-,-,-,-,-,-,-,-,-,-,-,-,-,-
2026-07-10,10:00~12:00,總停等延滯,337459.0,24999.0,15708.0,9291.0,7299.0,4080.0,3219.0,34849.0,24144.0,3417.0,7288.0,154977.0,19768.0,76725.0,39087.0,19397.0,9387.0,1746.0,7641.0,12482.0,12482.0,67363.0,29604.0,9074.0,10123.0,18562.0,19962.0,5369.0,14593.0,6141.0,6141.0,166.3,164.8,172.6,226.0,182.4,181.8,204.0,271.4,926633.2,82.4,64.0,19.9,32.4,74.5,58.0,151.5,121.8,30.9
2026-07-10,10:00~12:00,通過量,5035.0,1855.0,314.0,1541.0,2785.0,1308.0,1477.0,7614.0,2649.0,2590.0,2375.0,5603.0,393.0,2546.0,1368.0,1296.0,2444.0,1249.0,1195.0,1242.0,1242.0,2976.0,510.0,1242.0,250.0,974.0,2650.0,1364.0,1286.0,1024.0,1024.0,28.1,28.4,21.0,14.3,-,-,-,-,-,-,-,-,-,-,-,-,-,-
2026-07-10,10:00~12:00,平均停等延滯,67.0,13.5,50.0,6.0,2.6,3.1,2.2,4.6,9.1,1.3,3.1,27.7,50.3,30.1,28.6,15.0,3.8,1.4,6.4,10.0,10.0,22.6,58.0,7.3,40.5,19.1,7.5,3.9,11.3,6.0,6.0,C,C,D,E,-,-,-,-,-,-,-,-,-,-,-,-,-,-
2026-07-10,11:00~12:00,總停等延滯,173989.0,12393.0,7295.0,5098.0,3660.0,1599.0,2061.0,17655.0,12627.0,1463.0,3565.0,80639.0,7540.0,43240.0,20472.0,9387.0,4775.0,822.0,3953.0,6565.0,6565.0,34397.0,15322.0,4277.0,4884.0,9914.0,9695.0,2395.0,7300.0,4210.0,4210.0,192.7,186.4,187.2,168.0,183.6,183.7,205.7,273.4,471478.2,87.4,84.0,21.2,40.9,82.3,63.2,85.7,134.4,31.6
2026-07-10,11:00~12:00,通過量,2569.0,945.0,152.0,793.0,1452.0,694.0,758.0,3830.0,1393.0,1268.0,1169.0,2801.0,176.0,1298.0,677.0,650.0,1232.0,627.0,605.0,641.0,641.0,1552.0,262.0,651.0,130.0,509.0,1373.0,727.0,646.0,510.0,510.0,24.3,25.1,19.3,19.3,-,-,-,-,-,-,-,-,-,-,-,-,-,-
2026-07-10,11:00~12:00,平均停等延滯,67.7,13.1,48.0,6.4,2.5,2.3,2.7,4.6,9.1,1.2,3.0,28.8,42.8,33.3,30.2,14.4,3.9,1.3,6.5,10.2,10.2,22.2,58.5,6.6,37.6,19.5,7.1,3.3,11.3,8.3,8.3,D,C,E,E,-,-,-,-,-,-,-,-,-,-,-,-,-,-
2026-07-10,12:00~14:00,總停等延滯,311365.0,19657.0,11878.0,7779.0,5073.0,3012.0,2061.0,32868.0,26815.0,2385.0,3668.0,146869.0,12648.0,86919.0,31321.0,15981.0,7496.0,1079.0,6417.0,12013.0,12013.0,65053.0,27304.0,10885.0,7145.0,19719.0,15071.0,3368.0,11703.0,7265.0,7265.0,181.3,160.6,225.7,190.0,189.4,189.2,208.8,267.4,984501.4,74.2,54.8,52.3,26.5,82.1,52.0,107.9,143.1,29.9
2026-07-10,12:00~14:00,通過量,4929.0,1629.0,307.0,1322.0,2786.0,1448.0,1338.0,7447.0,2794.0,2388.0,2265.0,5628.0,306.0,2820.0,1323.0,1179.0,2466.0,1359.0,1107.0,1176.0,1176.0,3083.0,505.0,1419.0,245.0,914.0,2552.0,1348.0,1204.0,1037.0,1037.0,25.8,29.1,16.0,17.1,-,-,-,-,-,-,-,-,-,-,-,-,-,-
2026-07-10,12:00~14:00,平均停等延滯,63.2,12.1,38.7,5.9,1.8,2.1,1.5,4.4,9.6,1.0,1.6,26.1,41.3,30.8,23.7,13.6,3.0,0.8,5.8,10.2,10.2,21.1,54.1,7.7,29.2,21.6,5.9,2.5,9.7,7.0,7.0,C,C,E,E,-,-,-,-,-,-,-,-,-,-,-,-,-,-
2026-07-10,16:30~18:30,總停等延滯,263775.0,12702.0,10542.0,2160.0,2319.0,1484.0,835.0,28462.0,23660.0,1931.0,2871.0,145629.0,23936.0,81960.0,28413.0,11320.0,10029.0,798.0,9231.0,5418.0,5418.0,47442.0,20697.0,18216.0,3062.0,5467.0,11636.0,2570.0,9066.0,138.0,138.0,177.4,320.6,194.8,174.3,-,-,-,-,-,88.5,69.6,20.1,167.8,85.2,62.5,89.1,151.3,23.4
2026-07-10,16:30~18:30,通過量,4020.0,1259.0,269.0,990.0,2329.0,1350.0,979.0,5779.0,2492.0,1705.0,1582.0,4435.0,304.0,2335.0,990.0,806.0,1869.0,1081.0,788.0,847.0,847.0,2320.0,376.0,1108.0,209.0,627.0,2254.0,1369.0,885.0,740.0,740.0,26.4,14.6,18.6,18.6,-,-,-,-,-,-,-,-,-,-,-,-,-,-
2026-07-10,16:30~18:30,平均停等延滯,65.6,10.1,39.2,2.2,1.0,1.1,0.9,4.9,9.5,1.1,1.8,32.8,78.7,35.1,28.7,14.0,5.4,0.7,11.7,6.4,6.4,20.4,55.0,16.4,14.7,8.7,5.2,1.9,10.2,0.2,0.2,C,E,E,E,-,-,-,-,-,-,-,-,-,-,-,-,-,-
2026-07-10,17:00~19:00,總停等延滯,220199.0,11778.0,8816.0,2962.0,1582.0,853.0,729.0,25780.0,21457.0,1606.0,2717.0,117548.0,20810.0,62650.0,24876.0,9212.0,9099.0,432.0,8667.0,4251.0,4251.0,41741.0,18838.0,15366.0,2870.0,4667.0,8363.0,1748.0,6615.0,57.0,57.0,164.3,173.9,161.6,165.0,-,-,-,-,-,86.3,58.9,19.6,30.6,75.7,61.3,89.4,116.2,25.7
2026-07-10,17:00~19:00,通過量,3563.0,1148.0,236.0,912.0,2098.0,1183.0,915.0,5039.0,2159.0,1473.0,1407.0,3916.0,272.0,2059.0,881.0,704.0,1644.0,950.0,694.0,756.0,756.0,2104.0,327.0,1013.0,189.0,575.0,2010.0,1229.0,781.0,679.0,679.0,28.5,26.9,22.4,19.6,-,-,-,-,-,-,-,-,-,-,-,-,-,-
2026-07-10,17:00~19:00,平均停等延滯,61.8,10.3,37.4,3.2,0.8,0.7,0.8,5.1,9.9,1.1,1.9,30.0,76.5,30.4,28.2,13.1,5.5,0.5,12.5,5.6,5.6,19.8,57.6,15.2,15.2,8.1,4.2,1.4,8.5,0.1,0.1,C,C,D,E,-,-,-,-,-,-,-,-,-,-,-,-,-,-
2026-07-10,16:30~17:30,總停等延滯,154989.0,6948.0,6132.0,816.0,1058.0,780.0,278.0,14319.0,11291.0,1039.0,1989.0,91138.0,14270.0,54031.0,16332.0,6505.0,5602.0,545.0,5057.0,3427.0,3427.0,26174.0,11765.0,10134.0,1325.0,2950.0,6221.0,1548.0,4673.0,102.0,102.0,189.0,449.9,240.5,175.5,263.7,270.7,287.3,337.1,604184.3,90.0,80.0,19.8,279.1,104.5,63.1,71.0,194.9,25.8
2026-07-10,16:30~17:30,通過量,2119.0,667.0,150.0,517.0,1187.0,682.0,505.0,3081.0,1298.0,919.0,864.0,2456.0,176.0,1304.0,529.0,447.0,1023.0,580.0,443.0,474.0,474.0,1236.0,202.0,602.0,86.0,346.0,1175.0,698.0,477.0,389.0,389.0,24.8,10.4,15.0,18.5,-,-,-,-,-,-,-,-,-,-,-,-,-,-
2026-07-10,16:30~17:30,平均停等延滯,73.1,10.4,40.9,1.6,0.9,1.1,0.6,4.6,8.7,1.1,2.3,37.1,81.1,41.4,30.9,14.6,5.5,0.9,11.4,7.2,7.2,21.2,58.2,16.8,15.4,8.5,5.3,2.2,9.8,0.3,0.3,D,E,E,E,-,-,-,-,-,-,-,-,-,-,-,-,-,-
2026-07-10,17:30~18:30,總停等延滯,108786.0,5754.0,4410.0,1344.0,1261.0,704.0,557.0,14143.0,12369.0,892.0,882.0,54491.0,9666.0,27929.0,12081.0,4815.0,4427.0,253.0,4174.0,1991.0,1991.0,21268.0,8932.0,8082.0,1737.0,2517.0,5415.0,1022.0,4393.0,36.0,36.0,166.3,152.8,149.1,173.0,-,-,-,-,-,87.1,59.7,20.4,23.5,65.9,61.8,107.1,107.7,20.9
2026-07-10,17:30~18:30,通過量,1901.0,592.0,119.0,473.0,1142.0,668.0,474.0,2698.0,1194.0,786.0,718.0,1979.0,128.0,1031.0,461.0,359.0,846.0,501.0,345.0,373.0,373.0,1084.0,174.0,506.0,123.0,281.0,1079.0,671.0,408.0,351.0,351.0,28.1,30.6,24.3,18.7,-,-,-,-,-,-,-,-,-,-,-,-,-,-
2026-07-10,17:30~18:30,平均停等延滯,57.2,9.7,37.1,2.8,1.1,1.1,1.2,5.2,10.4,1.1,1.2,27.5,75.5,27.1,26.2,13.4,5.2,0.5,12.1,5.3,5.3,19.6,51.3,16.0,14.1,9.0,5.0,1.5,10.8,0.1,0.1,C,B,D,E,-,-,-,-,-,-,-,-,-,-,-,-,-,-
2026-07-11,06:30~20:30,總停等延滯,402428.0,24039.0,16881.0,7158.0,5366.0,4179.0,1187.0,46936.0,42751.0,3659.0,526.0,155148.0,53638.0,50095.0,39943.0,11472.0,5739.0,1621.0,4118.0,13820.0,13820.0,138526.0,55885.0,25061.0,23045.0,34535.0,12002.0,3026.0,8976.0,852.0,852.0,170.8,160.1,168.7,185.5,-,-,-,-,-,72.8,79.2,18.4,32.6,62.4,64.7,122.2,125.7,23.8
2026-07-11,06:30~20:30,通過量,11184.0,3767.0,1045.0,2722.0,5486.0,2536.0,2950.0,14608.0,5423.0,4746.0,4439.0,11065.0,999.0,5051.0,2786.0,2229.0,4507.0,2338.0,2169.0,2439.0,2439.0,6555.0,1177.0,2644.0,658.0,2076.0,5827.0,3134.0,2693.0,2383.0,2383.0,27.4,29.2,21.4,17.5,-,-,-,-,-,-,-,-,-,-,-,-,-,-
2026-07-11,06:30~20:30,平均停等延滯,36.0,6.4,16.2,2.6,1.0,1.6,0.4,3.2,7.9,0.8,0.1,14.0,53.7,9.9,14.3,5.1,1.3,0.7,1.9,5.7,5.7,21.1,47.5,9.5,35.0,16.6,2.1,1.0,3.3,0.4,0.4,C,C,D,E,-,-,-,-,-,-,-,-,-,-,-,-,-,-
2026-07-11,07:00~21:00,總停等延滯,409343.0,24567.0,17467.0,7100.0,5313.0,4147.0,1166.0,47838.0,43660.0,3661.0,517.0,155635.0,54421.0,49792.0,39418.0,12004.0,5837.0,1657.0,4180.0,13852.0,13852.0,143120.0,57348.0,26581.0,23341.0,35850.0,12329.0,3539.0,8790.0,852.0,852.0,171.3,161.2,167.3,183.2,-,-,-,-,-,73.6,79.3,17.9,32.7,62.7,65.5,119.7,124.8,23.9
2026-07-11,07:00~21:00,通過量,11312.0,3740.0,1061.0,2679.0,5513.0,2547.0,2966.0,14777.0,5533.0,4780.0,4464.0,11208.0,1006.0,5141.0,2800.0,2261.0,4604.0,2408.0,2196.0,2441.0,2441.0,6688.0,1205.0,2704.0,661.0,2118.0,5918.0,3204.0,2714.0,2411.0,2411.0,27.3,29.0,21.6,17.7,-,-,-,-,-,-,-,-,-,-,-,-,-,-
2026-07-11,07:00~21:00,平均停等延滯,36.2,6.6,16.5,2.7,1.0,1.6,0.4,3.2,7.9,0.8,0.1,13.9,54.1,9.7,14.1,5.3,1.3,0.7,1.9,5.7,5.7,21.4,47.6,9.8,35.3,16.9,2.1,1.1,3.2,0.4,0.4,C,C,D,E,-,-,-,-,-,-,-,-,-,-,-,-,-,-
2026-07-11,06:30~08:30,總停等延滯,41617.0,1549.0,966.0,583.0,896.0,611.0,285.0,4905.0,3861.0,1003.0,41.0,20868.0,7155.0,6933.0,6435.0,345.0,386.0,175.0,211.0,1737.0,1737.0,10083.0,4666.0,495.0,2959.0,1963.0,1193.0,173.0,1020.0,0.0,0.0,108.7,122.8,183.2,275.0,-,-,-,-,-,58.2,30.2,20.4,23.3,48.4,50.3,238.5,138.6,23.5
2026-07-11,06:30~08:30,通過量,1217.0,455.0,71.0,384.0,659.0,285.0,374.0,1648.0,543.0,567.0,538.0,1195.0,112.0,488.0,348.0,247.0,438.0,193.0,245.0,276.0,276.0,630.0,158.0,199.0,64.0,209.0,660.0,342.0,318.0,269.0,269.0,43.1,38.1,19.7,11.8,-,-,-,-,-,-,-,-,-,-,-,-,-,-
2026-07-11,06:30~08:30,平均停等延滯,34.2,3.4,13.6,1.5,1.4,2.1,0.8,3.0,7.1,1.8,0.1,17.5,63.9,14.2,18.5,1.4,0.9,0.9,0.9,6.3,6.3,16.0,29.5,2.5,46.2,9.4,1.8,0.5,3.2,0.0,0.0,A,B,E,E,-,-,-,-,-,-,-,-,-,-,-,-,-,-
2026-07-11,06:30~07:30,總停等延滯,18890.0,774.0,576.0,198.0,385.0,268.0,117.0,2265.0,2037.0,206.0,22.0,9404.0,3019.0,2711.0,3431.0,243.0,208.0,67.0,141.0,849.0,849.0,4453.0,1868.0,177.0,1431.0,977.0,552.0,79.0,473.0,0.0,0.0,109.5,119.6,165.9,239.7,-,-,-,-,-,59.3,26.6,23.4,21.6,53.3,45.4,181.6,117.3,25.1
2026-07-11,06:30~07:30,通過量,572.0,212.0,28.0,184.0,297.0,121.0,176.0,754.0,226.0,271.0,257.0,531.0,45.0,201.0,169.0,116.0,207.0,83.0,124.0,133.0,133.0,304.0,91.0,85.0,33.0,95.0,293.0,134.0,159.0,133.0,133.0,42.7,39.1,21.8,13.5,-,-,-,-,-,-,-,-,-,-,-,-,-,-
2026-07-11,06:30~07:30,平均停等延滯,33.0,3.7,20.6,1.1,1.3,2.2,0.7,3.0,9.0,0.8,0.1,17.7,67.1,13.5,20.3,2.1,1.0,0.8,1.1,6.4,6.4,14.6,20.5,2.1,43.4,10.3,1.9,0.6,3.0,0.0,0.0,A,B,D,E,-,-,-,-,-,-,-,-,-,-,-,-,-,-
2026-07-11,07:30~08:30,總停等延滯,22727.0,775.0,390.0,385.0,511.0,343.0,168.0,2640.0,1824.0,797.0,19.0,11464.0,4136.0,4222.0,3004.0,102.0,178.0,108.0,70.0,888.0,888.0,5630.0,2798.0,318.0,1528.0,986.0,641.0,94.0,547.0,0.0,0.0,107.9,125.3,201.1,308.1,-,-,-,-,-,57.1,33.6,17.5,24.7,43.7,55.3,292.0,160.2,21.7
2026-07-11,07:30~08:30,通過量,645.0,243.0,43.0,200.0,362.0,164.0,198.0,894.0,317.0,296.0,281.0,664.0,67.0,287.0,179.0,131.0,231.0,110.0,121.0,143.0,143.0,326.0,67.0,114.0,31.0,114.0,367.0,208.0,159.0,136.0,136.0,43.4,37.4,18.0,10.5,-,-,-,-,-,-,-,-,-,-,-,-,-,-
2026-07-11,07:30~08:30,平均停等延滯,35.2,3.2,9.1,1.9,1.4,2.1,0.8,3.0,5.8,2.7,0.1,17.3,61.7,14.7,16.8,0.8,0.8,1.0,0.6,6.2,6.2,17.3,41.8,2.8,49.3,8.6,1.7,0.5,3.4,0.0,0.0,A,B,E,E,-,-,-,-,-,-,-,-,-,-,-,-,-,-
2026-07-11,07:00~09:00,總停等延滯,43891.0,1474.0,935.0,539.0,787.0,531.0,256.0,5260.0,3841.0,1377.0,42.0,20739.0,7342.0,6282.0,6740.0,375.0,409.0,184.0,225.0,1884.0,1884.0,12392.0,5990.0,809.0,3227.0,2366.0,942.0,188.0,754.0,4.0,4.0,105.9,127.0,180.6,228.8,-,-,-,-,-,57.9,30.4,17.3,24.7,46.8,54.0,192.1,140.3,22.2
2026-07-11,07:00~09:00,通過量,1310.0,468.0,80.0,388.0,704.0,312.0,392.0,1723.0,600.0,573.0,550.0,1261.0,119.0,525.0,360.0,257.0,465.0,216.0,249.0,285.0,285.0,680.0,183.0,213.0,70.0,214.0,710.0,378.0,332.0,287.0,287.0,44.2,36.9,20.0,14.2,-,-,-,-,-,-,-,-,-,-,-,-,-,-
2026-07-11,07:00~09:00,平均停等延滯,33.5,3.1,11.7,1.4,1.1,1.7,0.7,3.1,6.4,2.4,0.1,16.4,61.7,12.0,18.7,1.5,0.9,0.9,0.9,6.6,6.6,18.2,32.7,3.8,46.1,11.1,1.3,0.5,2.3,0.0,0.0,A,B,D,E,-,-,-,-,-,-,-,-,-,-,-,-,-,-
2026-07-11,10:00~12:00,總停等延滯,50336.0,2755.0,1811.0,944.0,1058.0,869.0,189.0,5978.0,5257.0,643.0,78.0,16084.0,5777.0,4520.0,5004.0,783.0,669.0,160.0,509.0,1633.0,1633.0,19425.0,7555.0,3937.0,4355.0,3578.0,2734.0,683.0,2051.0,0.0,0.0,158.9,176.8,172.1,160.2,-,-,-,-,-,60.2,80.2,17.7,25.0,64.1,94.6,92.9,128.2,23.7
2026-07-11,10:00~12:00,通過量,1659.0,585.0,198.0,387.0,661.0,318.0,343.0,1869.0,679.0,611.0,579.0,1456.0,135.0,630.0,380.0,311.0,572.0,276.0,296.0,345.0,345.0,996.0,163.0,344.0,172.0,317.0,723.0,367.0,356.0,312.0,312.0,29.5,26.5,21.0,20.2,-,-,-,-,-,-,-,-,-,-,-,-,-,-
2026-07-11,10:00~12:00,平均停等延滯,30.3,4.7,9.1,2.4,1.6,2.7,0.6,3.2,7.7,1.1,0.1,11.0,42.8,7.2,13.2,2.5,1.2,0.6,1.7,4.7,4.7,19.5,46.3,11.4,25.3,11.3,3.8,1.9,5.8,0.0,0.0,C,C,D,D,-,-,-,-,-,-,-,-,-,-,-,-,-,-
2026-07-11,11:00~12:00,總停等延滯,26726.0,1703.0,806.0,897.0,309.0,250.0,59.0,3348.0,2972.0,313.0,63.0,9305.0,2677.0,3140.0,3156.0,332.0,257.0,69.0,188.0,806.0,806.0,8879.0,3358.0,1864.0,1807.0,1850.0,2119.0,368.0,1751.0,0.0,0.0,173.2,151.1,188.2,170.4,170.7,173.2,182.0,210.9,115358.5,56.6,99.2,17.4,24.3,70.9,55.6,99.6,143.5,24.3
2026-07-11,11:00~12:00,通過量,777.0,298.0,72.0,226.0,341.0,155.0,186.0,1015.0,328.0,356.0,331.0,754.0,69.0,312.0,198.0,175.0,304.0,139.0,165.0,193.0,193.0,411.0,72.0,146.0,37.0,156.0,384.0,168.0,216.0,174.0,174.0,27.0,31.0,19.2,19.0,-,-,-,-,-,-,-,-,-,-,-,-,-,-
2026-07-11,11:00~12:00,平均停等延滯,34.4,5.7,11.2,4.0,0.9,1.6,0.3,3.3,9.1,0.9,0.2,12.3,38.8,10.1,15.9,1.9,0.8,0.5,1.1,4.2,4.2,21.6,46.6,12.8,48.8,11.9,5.5,2.2,8.1,0.0,0.0,C,B,E,E,-,-,-,-,-,-,-,-,-,-,-,-,-,-
2026-07-11,12:00~14:00,總停等延滯,49514.0,3369.0,1602.0,1767.0,519.0,394.0,125.0,7645.0,7236.0,345.0,64.0,17024.0,7724.0,4475.0,4094.0,731.0,902.0,466.0,436.0,1493.0,1493.0,16695.0,7698.0,3430.0,3064.0,2503.0,1865.0,267.0,1598.0,2.0,2.0,125.9,166.7,160.2,201.5,163.6,164.0,171.6,197.2,231203.2,54.0,52.9,19.4,23.9,78.6,58.8,123.5,114.3,25.7
2026-07-11,12:00~14:00,通過量,1639.0,632.0,188.0,444.0,756.0,337.0,419.0,2187.0,781.0,726.0,680.0,1597.0,152.0,700.0,418.0,327.0,726.0,400.0,326.0,360.0,360.0,922.0,190.0,384.0,67.0,281.0,841.0,417.0,424.0,372.0,372.0,37.2,28.1,22.6,16.1,-,-,-,-,-,-,-,-,-,-,-,-,-,-
2026-07-11,12:00~14:00,平均停等延滯,30.2,5.3,8.5,4.0,0.7,1.2,0.3,3.5,9.3,0.5,0.1,10.7,50.8,6.4,9.8,2.2,1.2,1.2,1.3,4.1,4.1,18.1,40.5,8.9,45.7,8.9,2.2,0.6,3.8,0.0,0.0,B,C,D,E,-,-,-,-,-,-,-,-,-,-,-,-,-,-
2026-07-11,16:30~18:30,總停等延滯,82011.0,5091.0,3735.0,1356.0,1074.0,847.0,227.0,8607.0,8204.0,283.0,120.0,32058.0,10479.0,11780.0,6062.0,3737.0,1385.0,371.0,1014.0,3320.0,3320.0,27775.0,10665.0,4338.0,4278.0,8494.0,2151.0,962.0,1189.0,550.0,550.0,180.1,145.0,145.8,161.3,158.0,157.6,171.8,221.7,277144.9,93.4,67.9,18.9,25.0,62.7,57.2,98.6,105.3,21.8
2026-07-11,16:30~18:30,通過量,1943.0,642.0,143.0,499.0,1025.0,500.0,525.0,2525.0,961.0,812.0,752.0,1978.0,197.0,922.0,475.0,384.0,817.0,452.0,365.0,424.0,424.0,1100.0,206.0,462.0,103.0,329.0,1045.0,580.0,465.0,435.0,435.0,26.0,32.3,24.8,20.1,-,-,-,-,-,-,-,-,-,-,-,-,-,-
2026-07-11,16:30~18:30,平均停等延滯,42.2,7.9,26.1,2.7,1.0,1.7,0.4,3.4,8.5,0.3,0.2,16.2,53.2,12.8,12.8,9.7,1.7,0.8,2.8,7.8,7.8,25.2,51.8,9.4,41.5,25.8,2.1,1.7,2.6,1.3,1.3,C,B,D,D,-,-,-,-,-,-,-,-,-,-,-,-,-,-
2026-07-11,17:00~19:00,總停等延滯,81985.0,5022.0,3776.0,1246.0,1062.0,856.0,206.0,9205.0,8803.0,243.0,159.0,30171.0,10234.0,9546.0,6306.0,4085.0,1422.0,318.0,1104.0,3249.0,3249.0,29803.0,11313.0,5940.0,3942.0,8608.0,1490.0,644.0,846.0,561.0,561.0,201.4,148.7,147.0,164.8,165.5,165.3,179.6,227.4,275945.9,91.5,91.1,18.9,25.4,64.7,61.2,100.1,106.4,21.7
2026-07-11,17:00~19:00,通過量,1928.0,597.0,148.0,449.0,983.0,482.0,501.0,2433.0,951.0,778.0,704.0,1892.0,192.0,886.0,422.0,392.0,811.0,432.0,379.0,432.0,432.0,1125.0,202.0,448.0,95.0,380.0,1004.0,575.0,429.0,405.0,405.0,23.2,31.5,24.6,19.7,-,-,-,-,-,-,-,-,-,-,-,-,-,-
2026-07-11,17:00~19:00,平均停等延滯,42.5,8.4,25.5,2.8,1.1,1.8,0.4,3.8,9.3,0.3,0.2,15.9,53.3,10.8,14.9,10.4,1.8,0.7,2.9,7.5,7.5,26.5,56.0,13.3,41.5,22.7,1.5,1.1,2.0,1.4,1.4,D,B,D,E,-,-,-,-,-,-,-,-,-,-,-,-,-,-
2026-07-11,16:30~17:30,總停等延滯,43057.0,3072.0,1845.0,1227.0,581.0,434.0,147.0,3475.0,3310.0,95.0,70.0,18823.0,5561.0,7830.0,3650.0,1782.0,603.0,132.0,471.0,1717.0,1717.0,13043.0,5320.0,1377.0,2118.0,4228.0,1412.0,567.0,845.0,331.0,331.0,178.2,151.2,151.8,135.6,154.2,152.5,165.7,215.3,136142.4,91.4,68.0,18.9,22.4,66.8,61.5,68.8,109.6,23.2
2026-07-11,16:30~17:30,通過量,1009.0,335.0,69.0,266.0,496.0,242.0,254.0,1221.0,455.0,397.0,369.0,1021.0,118.0,459.0,258.0,186.0,389.0,212.0,177.0,219.0,219.0,560.0,109.0,223.0,59.0,169.0,539.0,296.0,243.0,229.0,229.0,26.3,31.0,23.8,23.9,-,-,-,-,-,-,-,-,-,-,-,-,-,-
2026-07-11,16:30~17:30,平均停等延滯,42.7,9.2,26.7,4.6,1.2,1.8,0.6,2.8,7.3,0.2,0.2,18.4,47.1,17.1,14.1,9.6,1.6,0.6,2.7,7.8,7.8,23.3,48.8,6.2,35.9,25.0,2.6,1.9,3.5,1.4,1.4,C,B,D,D,-,-,-,-,-,-,-,-,-,-,-,-,-,-
2026-07-11,17:30~18:30,總停等延滯,38954.0,2019.0,1890.0,129.0,493.0,413.0,80.0,5132.0,4894.0,188.0,50.0,13235.0,4918.0,3950.0,2412.0,1955.0,782.0,239.0,543.0,1603.0,1603.0,14732.0,5345.0,2961.0,2160.0,4266.0,739.0,395.0,344.0,219.0,219.0,182.0,139.1,139.3,187.1,161.9,162.5,177.8,228.2,140758.2,95.5,67.9,18.9,27.5,58.6,52.9,128.4,100.7,20.3
2026-07-11,17:30~18:30,通過量,934.0,307.0,74.0,233.0,529.0,258.0,271.0,1304.0,506.0,415.0,383.0,957.0,79.0,463.0,217.0,198.0,428.0,240.0,188.0,205.0,205.0,540.0,97.0,239.0,44.0,160.0,506.0,284.0,222.0,206.0,206.0,25.7,33.6,26.0,17.3,-,-,-,-,-,-,-,-,-,-,-,-,-,-
2026-07-11,17:30~18:30,平均停等延滯,41.7,6.6,25.5,0.6,0.9,1.6,0.3,3.9,9.7,0.5,0.1,13.8,62.3,8.5,11.1,9.9,1.8,1.0,2.9,7.8,7.8,27.3,55.1,12.4,49.1,26.7,1.5,1.4,1.5,1.1,1.1,C,B,C,E,-,-,-,-,-,-,-,-,-,-,-,-,-,-
2026-07-12,06:30~20:30,總停等延滯,2354076.0,132700.0,61307.0,71393.0,27227.0,19272.0,7955.0,248182.0,188724.0,20187.0,39271.0,1036459.0,149790.0,519743.0,169371.0,197555.0,91108.0,8981.0,82127.0,77147.0,77147.0,586044.0,203949.0,181689.0,67321.0,133085.0,88294.0,17000.0,71294.0,66915.0,66915.0,178.7,238.5,204.9,206.7,207.2,206.2,225.6,285.5,6874797.5,93.3,68.4,21.4,79.9,82.2,75.0,124.5,155.5,27.7
2026-07-12,06:30~20:30,通過量,32422.0,11066.0,1842.0,9224.0,18114.0,8986.0,9128.0,51170.0,18373.0,17054.0,15743.0,36216.0,2130.0,16785.0,8690.0,8611.0,16253.0,8174.0,8079.0,8434.0,8434.0,19188.0,3304.0,8001.0,1510.0,6373.0,17515.0,9238.0,8277.0,6756.0,6756.0,26.2,19.6,17.7,15.7,-,-,-,-,-,-,-,-,-,-,-,-,-,-
2026-07-12,06:30~20:30,平均停等延滯,72.6,12.0,33.3,7.7,1.5,2.1,0.9,4.9,10.3,1.2,2.5,28.6,70.3,31.0,19.5,22.9,5.6,1.1,10.2,9.1,9.1,30.5,61.7,22.7,44.6,20.9,5.0,1.8,8.6,9.9,9.9,C,E,E,E,-,-,-,-,-,-,-,-,-,-,-,-,-,-
2026-07-12,07:00~21:00,總停等延滯,2393250.0,133318.0,62074.0,71244.0,27257.0,18823.0,8434.0,253133.0,193313.0,20279.0,39541.0,1058565.0,152761.0,532167.0,171689.0,201948.0,92039.0,9082.0,82957.0,78294.0,78294.0,593548.0,207238.0,183137.0,67406.0,135767.0,88666.0,17300.0,71366.0,68430.0,68430.0,185.5,235.6,203.5,204.7,207.3,206.5,226.0,286.1,7040111.3,94.6,73.8,21.5,79.6,81.4,73.1,123.3,154.4,27.4
2026-07-12,07:00~21:00,通過量,32876.0,11152.0,1861.0,9291.0,18382.0,9165.0,9217.0,52034.0,18850.0,17253.0,15931.0,37011.0,2160.0,17309.0,8817.0,8725.0,16565.0,8417.0,8148.0,8513.0,8513.0,19529.0,3350.0,8233.0,1527.0,6419.0,17879.0,9485.0,8394.0,6885.0,6885.0,25.2,19.9,17.8,15.8,-,-,-,-,-,-,-,-,-,-,-,-,-,-
2026-07-12,07:00~21:00,平均停等延滯,72.8,12.0,33.4,7.7,1.5,2.1,0.9,4.9,10.3,1.2,2.5,28.6,70.7,30.7,19.5,23.1,5.6,1.1,10.2,9.2,9.2,30.4,61.9,22.2,44.1,21.2,5.0,1.8,8.5,9.9,9.9,C,E,E,E,-,-,-,-,-,-,-,-,-,-,-,-,-,-
2026-07-12,06:30~08:30,總停等延滯,144881.0,10446.0,5163.0,5283.0,1496.0,1044.0,452.0,11630.0,8586.0,1265.0,1779.0,65618.0,12535.0,27809.0,15598.0,9676.0,4495.0,613.0,3882.0,6251.0,6251.0,37197.0,15918.0,2168.0,6905.0,12206.0,6372.0,852.0,5520.0,1376.0,1376.0,173.6,201.1,183.8,194.7,188.3,185.8,203.7,260.5,480387.7,58.7,96.7,18.2,36.6,87.0,77.2,107.8,132.9,32.7
2026-07-12,06:30~08:30,通過量,2640.0,962.0,136.0,826.0,1408.0,581.0,827.0,4231.0,1167.0,1590.0,1474.0,2835.0,204.0,1052.0,740.0,839.0,1263.0,460.0,803.0,816.0,816.0,1475.0,296.0,449.0,130.0,600.0,1399.0,706.0,693.0,539.0,539.0,27.0,23.3,19.7,16.6,-,-,-,-,-,-,-,-,-,-,-,-,-,-
2026-07-12,06:30~08:30,平均停等延滯,54.9,10.9,38.0,6.4,1.1,1.8,0.5,2.7,7.4,0.8,1.2,23.1,61.4,26.4,21.1,11.5,3.6,1.3,4.8,7.7,7.7,25.2,53.8,4.8,53.1,20.3,4.6,1.2,8.0,2.6,2.6,C,D,E,E,-,-,-,-,-,-,-,-,-,-,-,-,-,-
2026-07-12,06:30~07:30,總停等延滯,61139.0,4274.0,1620.0,2654.0,977.0,675.0,302.0,5112.0,4281.0,270.0,561.0,29893.0,5216.0,13073.0,7581.0,4023.0,1336.0,186.0,1150.0,2712.0,2712.0,12974.0,5854.0,673.0,2011.0,4436.0,2899.0,354.0,2545.0,962.0,962.0,119.2,204.4,196.4,214.4,183.6,175.5,190.9,238.8,202693.2,57.0,45.4,16.8,24.2,89.0,90.2,125.3,146.3,33.4
2026-07-12,06:30~07:30,通過量,1135.0,435.0,52.0,383.0,619.0,249.0,370.0,1806.0,481.0,682.0,643.0,1261.0,83.0,447.0,342.0,389.0,572.0,200.0,372.0,382.0,382.0,626.0,110.0,188.0,56.0,272.0,597.0,284.0,313.0,238.0,238.0,39.3,22.9,18.4,15.1,-,-,-,-,-,-,-,-,-,-,-,-,-,-
2026-07-12,06:30~07:30,平均停等延滯,53.9,9.8,31.2,6.9,1.6,2.7,0.8,2.8,8.9,0.4,0.9,23.7,62.8,29.2,22.2,10.3,2.3,0.9,3.1,7.1,7.1,20.7,53.2,3.6,35.9,16.3,4.9,1.2,8.1,4.0,4.0,B,D,E,E,-,-,-,-,-,-,-,-,-,-,-,-,-,-
2026-07-12,07:30~08:30,總停等延滯,83742.0,6172.0,3543.0,2629.0,519.0,369.0,150.0,6518.0,4305.0,995.0,1218.0,35725.0,7319.0,14736.0,8017.0,5653.0,3159.0,427.0,2732.0,3539.0,3539.0,24223.0,10064.0,1495.0,4894.0,7770.0,3473.0,498.0,2975.0,414.0,414.0,228.0,198.1,171.2,175.1,193.1,194.5,214.2,276.7,278363.9,60.4,148.1,19.6,47.7,84.9,64.2,90.2,119.6,32.0
2026-07-12,07:30~08:30,通過量,1505.0,527.0,84.0,443.0,789.0,332.0,457.0,2425.0,686.0,908.0,831.0,1574.0,121.0,605.0,398.0,450.0,691.0,260.0,431.0,434.0,434.0,849.0,186.0,261.0,74.0,328.0,802.0,422.0,380.0,301.0,301.0,20.5,23.6,21.1,18.5,-,-,-,-,-,-,-,-,-,-,-,-,-,-
2026-07-12,07:30~08:30,平均停等延滯,55.6,11.7,42.2,5.9,0.7,1.1,0.3,2.7,6.3,1.1,1.5,22.7,60.5,24.4,20.1,12.6,4.6,1.6,6.3,8.2,8.2,28.5,54.1,5.7,66.1,23.7,4.3,1.2,7.8,1.4,1.4,D,D,D,E,-,-,-,-,-,-,-,-,-,-,-,-,-,-
2026-07-12,07:00~09:00,總停等延滯,176207.0,11810.0,6372.0,5438.0,1133.0,633.0,500.0,14563.0,10434.0,1951.0,2178.0,79903.0,14862.0,35029.0,17974.0,12038.0,5532.0,785.0,4747.0,6673.0,6673.0,47762.0,18679.0,4660.0,7840.0,16583.0,7125.0,857.0,6268.0,1706.0,1706.0,172.1,213.9,181.5,211.8,194.8,191.4,211.0,271.6,555752.5,61.6,92.2,18.2,54.6,86.5,71.6,125.3,126.6,36.7
2026-07-12,07:00~09:00,通過量,2980.0,1066.0,158.0,908.0,1553.0,670.0,883.0,4812.0,1393.0,1786.0,1633.0,3182.0,220.0,1250.0,804.0,908.0,1423.0,553.0,870.0,893.0,893.0,1708.0,338.0,546.0,149.0,675.0,1569.0,799.0,770.0,616.0,616.0,27.2,21.9,19.9,15.3,-,-,-,-,-,-,-,-,-,-,-,-,-,-
2026-07-12,07:00~09:00,平均停等延滯,59.1,11.1,40.3,6.0,0.7,0.9,0.6,3.0,7.5,1.1,1.3,25.1,67.6,28.0,22.4,13.3,3.9,1.4,5.5,7.5,7.5,28.0,55.3,8.5,52.6,24.6,4.5,1.1,8.1,2.8,2.8,C,D,E,E,-,-,-,-,-,-,-,-,-,-,-,-,-,-
2026-07-12,10:00~12:00,總停等延滯,366919.0,24632.0,10501.0,14131.0,4298.0,2716.0,1582.0,39329.0,26191.0,3882.0,9256.0,147434.0,24773.0,64456.0,25635.0,32570.0,12900.0,1326.0,11574.0,9485.0,9485.0,102549.0,31860.0,37328.0,12360.0,21001.0,16838.0,1528.0,15310.0,9454.0,9454.0,190.5,191.5,269.0,176.4,206.8,210.2,230.4,289.6,1065116.9,89.5,85.3,15.6,40.1,76.1,75.3,100.1,223.8,29.8
2026-07-12,10:00~12:00,通過量,4952.0,1868.0,319.0,1549.0,2733.0,1178.0,1555.0,8020.0,2538.0,2856.0,2626.0,5521.0,348.0,2320.0,1459.0,1394.0,2513.0,1203.0,1310.0,1339.0,1339.0,2944.0,532.0,1176.0,236.0,1000.0,2557.0,1218.0,1339.0,983.0,983.0,24.6,24.4,13.4,18.4,-,-,-,-,-,-,-,-,-,-,-,-,-,-
2026-07-12,10:00~12:00,平均停等延滯,74.1,13.2,32.9,9.1,1.6,2.3,1.0,4.9,10.3,1.4,3.5,26.7,71.2,27.8,17.6,23.4,5.1,1.1,8.8,7.1,7.1,34.8,59.9,31.7,52.4,21.0,6.6,1.3,11.4,9.6,9.6,D,D,E,E,-,-,-,-,-,-,-,-,-,-,-,-,-,-
2026-07-12,11:00~12:00,總停等延滯,203390.0,16141.0,4178.0,11963.0,1963.0,1047.0,916.0,20706.0,15404.0,2383.0,2919.0,88042.0,11893.0,49382.0,12096.0,14671.0,5225.0,720.0,4505.0,5426.0,5426.0,54001.0,17680.0,22282.0,6486.0,7553.0,8414.0,750.0,7664.0,3472.0,3472.0,191.4,223.8,369.8,229.0,253.5,257.4,274.4,324.1,682888.2,78.2,94.5,18.7,42.7,99.5,81.5,129.4,317.8,32.8
2026-07-12,11:00~12:00,通過量,2526.0,981.0,174.0,807.0,1415.0,619.0,796.0,4158.0,1369.0,1460.0,1329.0,2898.0,192.0,1249.0,747.0,710.0,1339.0,658.0,681.0,681.0,681.0,1564.0,293.0,656.0,112.0,503.0,1282.0,649.0,633.0,448.0,448.0,24.5,20.9,9.8,14.1,-,-,-,-,-,-,-,-,-,-,-,-,-,-
2026-07-12,11:00~12:00,平均停等延滯,80.5,16.5,24.0,14.8,1.4,1.7,1.2,5.0,11.3,1.6,2.2,30.4,61.9,39.5,16.2,20.7,3.9,1.1,6.6,8.0,8.0,34.5,60.3,34.0,57.9,15.0,6.6,1.2,12.1,7.8,7.8,D,D,F,E,-,-,-,-,-,-,-,-,-,-,-,-,-,-
2026-07-12,12:00~14:00,總停等延滯,377792.0,19680.0,5613.0,14067.0,3778.0,2093.0,1685.0,45550.0,32627.0,3756.0,9167.0,152508.0,21001.0,74451.0,27715.0,29341.0,13906.0,1100.0,12806.0,11277.0,11277.0,105335.0,36894.0,36847.0,13417.0,18177.0,15547.0,1548.0,13999.0,10211.0,10211.0,175.8,208.3,337.2,199.2,-,-,-,-,-,81.3,75.8,18.6,41.1,83.5,83.4,115.8,287.3,29.1
2026-07-12,12:00~14:00,通過量,5214.0,1835.0,275.0,1560.0,2940.0,1350.0,1590.0,8231.0,2756.0,2849.0,2626.0,5698.0,331.0,2497.0,1453.0,1417.0,2535.0,1173.0,1362.0,1437.0,1437.0,3039.0,516.0,1168.0,250.0,1105.0,2749.0,1362.0,1387.0,1157.0,1157.0,26.6,22.5,10.7,16.3,-,-,-,-,-,-,-,-,-,-,-,-,-,-
2026-07-12,12:00~14:00,平均停等延滯,72.5,10.7,20.4,9.0,1.3,1.6,1.1,5.5,11.8,1.3,3.5,26.8,63.4,29.8,19.1,20.7,5.5,0.9,9.4,7.8,7.8,34.7,71.5,31.5,53.7,16.4,5.7,1.1,10.1,8.8,8.8,C,D,E,E,-,-,-,-,-,-,-,-,-,-,-,-,-,-
2026-07-12,16:30~18:30,總停等延滯,385589.0,21655.0,12053.0,9602.0,4935.0,3986.0,949.0,43005.0,35139.0,3397.0,4469.0,182579.0,24834.0,101674.0,22808.0,33263.0,15326.0,1331.0,13995.0,12983.0,12983.0,79258.0,32002.0,21732.0,7383.0,18141.0,14362.0,4772.0,9590.0,11486.0,11486.0,172.9,185.2,179.4,181.5,179.8,180.1,201.0,267.6,981609.7,114.7,35.6,20.5,33.8,80.3,71.1,101.3,137.2,21.5
2026-07-12,16:30~18:30,通過量,5172.0,1635.0,293.0,1342.0,3009.0,1711.0,1298.0,7971.0,3420.0,2364.0,2187.0,5878.0,325.0,3121.0,1225.0,1207.0,2609.0,1482.0,1127.0,1194.0,1194.0,3113.0,502.0,1466.0,258.0,887.0,2960.0,1764.0,1196.0,1005.0,1005.0,27.1,25.3,20.2,17.9,-,-,-,-,-,-,-,-,-,-,-,-,-,-
2026-07-12,16:30~18:30,平均停等延滯,74.6,13.2,41.1,7.2,1.6,2.3,0.7,5.4,10.3,1.4,2.0,31.1,76.4,32.6,18.6,27.6,5.9,0.9,12.4,10.9,10.9,25.5,63.7,14.8,28.6,20.5,4.9,2.7,8.0,11.4,11.4,C,C,D,E,-,-,-,-,-,-,-,-,-,-,-,-,-,-
2026-07-12,17:00~19:00,總停等延滯,347162.0,19866.0,12956.0,6910.0,4529.0,3558.0,971.0,39849.0,33376.0,2364.0,4109.0,171194.0,22792.0,95876.0,20282.0,32244.0,14635.0,1254.0,13381.0,14218.0,14218.0,59489.0,29343.0,12539.0,3731.0,13876.0,13804.0,5785.0,8019.0,9578.0,9578.0,173.5,207.7,192.4,186.1,-,-,-,-,-,125.1,31.9,36.1,77.1,77.1,53.5,109.0,135.8,20.1
2026-07-12,17:00~19:00,通過量,4830.0,1520.0,292.0,1228.0,2805.0,1608.0,1197.0,7558.0,3269.0,2211.0,2078.0,5601.0,313.0,3009.0,1094.0,1185.0,2490.0,1399.0,1091.0,1157.0,1157.0,2950.0,483.0,1393.0,244.0,830.0,2748.0,1688.0,1060.0,922.0,922.0,27.0,22.5,18.8,17.4,-,-,-,-,-,-,-,-,-,-,-,-,-,-
2026-07-12,17:00~19:00,平均停等延滯,71.9,13.1,44.4,5.6,1.6,2.2,0.8,5.3,10.2,1.1,2.0,30.6,72.8,31.9,18.5,27.2,5.9,0.9,12.3,12.3,12.3,20.2,60.8,9.0,15.3,16.7,5.0,3.4,7.6,10.4,10.4,C,D,E,E,-,-,-,-,-,-,-,-,-,-,-,-,-,-
2026-07-12,16:30~17:30,總停等延滯,224246.0,13813.0,5479.0,8334.0,2397.0,2096.0,301.0,21762.0,16753.0,2331.0,2678.0,104428.0,12593.0,60384.0,12132.0,19319.0,9826.0,710.0,9116.0,6423.0,6423.0,49239.0,17805.0,14685.0,5843.0,10906.0,8046.0,1861.0,6185.0,8312.0,8312.0,172.9,206.0,169.0,188.3,184.0,184.6,205.8,273.4,526495.5,122.0,31.0,19.9,21.7,93.4,90.9,94.9,124.8,24.3
2026-07-12,16:30~17:30,通過量,2751.0,901.0,149.0,752.0,1563.0,846.0,717.0,4170.0,1664.0,1292.0,1214.0,3052.0,152.0,1567.0,692.0,641.0,1375.0,751.0,624.0,670.0,670.0,1684.0,277.0,758.0,149.0,500.0,1554.0,876.0,678.0,564.0,564.0,27.1,22.7,21.4,17.2,-,-,-,-,-,-,-,-,-,-,-,-,-,-
2026-07-12,16:30~17:30,平均停等延滯,81.5,15.3,36.8,11.1,1.5,2.5,0.4,5.2,10.1,1.8,2.2,34.2,82.8,38.5,17.5,30.1,7.1,0.9,14.6,9.6,9.6,29.2,64.3,19.4,39.2,21.8,5.2,2.1,9.1,14.7,14.7,C,D,D,E,-,-,-,-,-,-,-,-,-,-,-,-,-,-
2026-07-12,17:30~18:30,總停等延滯,161343.0,7842.0,6574.0,1268.0,2538.0,1890.0,648.0,21243.0,18386.0,1066.0,1791.0,78151.0,12241.0,41290.0,10676.0,13944.0,5500.0,621.0,4879.0,6560.0,6560.0,30019.0,14197.0,7047.0,1540.0,7235.0,6316.0,2911.0,3405.0,3174.0,3174.0,172.8,164.4,190.0,174.8,-,-,-,-,-,107.3,42.6,21.1,45.9,67.1,51.4,107.7,149.6,18.6
2026-07-12,17:30~18:30,通過量,2421.0,734.0,144.0,590.0,1446.0,865.0,581.0,3801.0,1756.0,1072.0,973.0,2826.0,173.0,1554.0,533.0,566.0,1234.0,731.0,503.0,524.0,524.0,1429.0,225.0,708.0,109.0,387.0,1406.0,888.0,518.0,441.0,441.0,27.1,28.5,19.0,18.5,-,-,-,-,-,-,-,-,-,-,-,-,-,-
2026-07-12,17:30~18:30,平均停等延滯,66.6,10.7,45.7,2.1,1.8,2.2,1.1,5.6,10.5,1.0,1.8,27.7,70.8,26.6,20.0,24.6,4.5,0.8,9.7,12.5,12.5,21.0,63.1,10.0,14.1,18.7,4.5,3.3,6.6,7.2,7.2,C,C,E,E,-,-,-,-,-,-,-,-,-,-,-,-,-,-
2026-07-13,06:30~20:30,總停等延滯,3623109.0,138154.0,69294.0,68860.0,122459.0,89080.0,33379.0,447688.0,270231.0,55511.0,121946.0,1587398.0,197172.0,804151.0,363881.0,222194.0,222150.0,13227.0,208923.0,126559.0,126559.0,719498.0,283231.0,196672.0,90859.0,148736.0,193228.0,75958.0,117270.0,65975.0,65975.0,247.4,217.5,229.2,260.0,238.5,238.6,257.8,318.4,10457912.5,134.2,89.9,23.4,32.5,113.0,72.0,147.0,166.2,39.6
2026-07-13,06:30~20:30,通過量,40876.0,13211.0,1984.0,11227.0,21979.0,10636.0,11343.0,67731.0,24541.0,22655.0,20535.0,48544.0,3394.0,22705.0,11965.0,10480.0,20287.0,10597.0,9690.0,9984.0,9984.0,24893.0,4501.0,10720.0,2300.0,7372.0,22614.0,11925.0,10689.0,8311.0,8311.0,18.9,21.5,15.8,12.5,-,-,-,-,-,-,-,-,-,-,-,-,-,-
2026-07-13,06:30~20:30,平均停等延滯,88.6,10.5,34.9,6.1,5.6,8.4,2.9,6.6,11.0,2.5,5.9,32.7,58.1,35.4,30.4,21.2,11.0,1.2,21.6,12.7,12.7,28.9,62.9,18.3,39.5,20.2,8.5,6.4,11.0,7.9,7.9,E,D,E,E,-,-,-,-,-,-,-,-,-,-,-,-,-,-
2026-07-13,07:00~21:00,總停等延滯,3500235.0,132935.0,69712.0,63223.0,119461.0,88896.0,30565.0,429836.0,271058.0,50998.0,107780.0,1554821.0,191502.0,801511.0,348536.0,213272.0,208453.0,13016.0,195437.0,108216.0,108216.0,694904.0,276883.0,196788.0,84049.0,137184.0,187550.0,75391.0,112159.0,64059.0,64059.0,246.9,217.2,226.4,263.3,238.4,238.5,257.3,317.3,10344775.6,131.2,92.6,23.1,32.5,112.3,72.2,151.0,164.5,38.8
2026-07-13,07:00~21:00,通過量,40190.0,12836.0,1999.0,10837.0,21562.0,10598.0,10964.0,66364.0,24714.0,21850.0,19800.0,48055.0,3360.0,22957.0,11712.0,10026.0,19904.0,10654.0,9250.0,9667.0,9667.0,24680.0,4466.0,10890.0,2207.0,7117.0,22408.0,11965.0,10443.0,8200.0,8200.0,19.0,21.5,16.0,12.3,-,-,-,-,-,-,-,-,-,-,-,-,-,-
2026-07-13,07:00~21:00,平均停等延滯,87.1,10.4,34.9,5.8,5.5,8.4,2.8,6.5,11.0,2.3,5.4,32.4,57.0,34.9,29.8,21.3,10.5,1.2,21.1,11.2,11.2,28.2,62.0,18.1,38.1,19.3,8.4,6.3,10.7,7.8,7.8,E,D,E,E,-,-,-,-,-,-,-,-,-,-,-,-,-,-
2026-07-13,06:30~08:30,總停等延滯,749496.0,25242.0,5500.0,19742.0,23693.0,13108.0,10585.0,114992.0,49943.0,18355.0,46694.0,290066.0,34812.0,146604.0,65725.0,42925.0,50218.0,1690.0,48528.0,46775.0,46775.0,152155.0,44476.0,35355.0,30168.0,42156.0,23825.0,6303.0,17522.0,22530.0,22530.0,250.8,287.8,239.4,317.0,273.8,268.3,295.0,370.1,1663316.0,163.7,53.6,33.5,29.1,181.4,77.5,135.6,154.8,51.1
2026-07-13,06:30~08:30,通過量,6092.0,2066.0,148.0,1918.0,3335.0,1390.0,1945.0,10962.0,2886.0,4272.0,3804.0,6878.0,490.0,2554.0,1732.0,2102.0,3176.0,1170.0,2006.0,1809.0,1809.0,3451.0,622.0,1014.0,496.0,1319.0,3016.0,1389.0,1627.0,1349.0,1349.0,18.7,16.3,15.1,10.2,-,-,-,-,-,-,-,-,-,-,-,-,-,-
2026-07-13,06:30~08:30,平均停等延滯,123.0,12.2,37.2,10.3,7.1,9.4,5.4,10.5,17.3,4.3,12.3,42.2,71.0,57.4,37.9,20.4,15.8,1.4,24.2,25.9,25.9,44.1,71.5,34.9,60.8,32.0,7.9,4.5,10.8,16.7,16.7,E,E,E,E,-,-,-,-,-,-,-,-,-,-,-,-,-,-
2026-07-13,06:30~07:30,總停等延滯,372598.0,15616.0,2351.0,13265.0,6365.0,516.0,5849.0,55253.0,15663.0,11115.0,28475.0,135504.0,17944.0,58691.0,32821.0,26048.0,32211.0,996.0,31215.0,38011.0,38011.0,69250.0,19639.0,9187.0,15126.0,25298.0,12662.0,2630.0,10032.0,7726.0,7726.0,294.8,219.4,257.0,252.7,256.0,264.7,291.7,366.2,805862.9,218.7,45.4,30.8,22.1,134.8,63.5,117.9,159.3,67.0
2026-07-13,06:30~07:30,通過量,3036.0,1122.0,60.0,1062.0,1727.0,659.0,1068.0,5747.0,1330.0,2358.0,2059.0,3405.0,266.0,1135.0,904.0,1100.0,1587.0,512.0,1075.0,941.0,941.0,1602.0,273.0,391.0,242.0,696.0,1505.0,665.0,840.0,606.0,606.0,15.9,21.3,14.1,12.8,-,-,-,-,-,-,-,-,-,-,-,-,-,-
2026-07-13,06:30~07:30,平均停等延滯,122.7,13.9,39.2,12.5,3.7,0.8,5.5,9.6,11.8,4.7,13.8,39.8,67.5,51.7,36.3,23.7,20.3,1.9,29.0,40.4,40.4,43.2,71.9,23.5,62.5,36.3,8.4,4.0,11.9,12.7,12.7,E,D,E,E,-,-,-,-,-,-,-,-,-,-,-,-,-,-
2026-07-13,07:30~08:30,總停等延滯,376898.0,9626.0,3149.0,6477.0,17328.0,12592.0,4736.0,59739.0,34280.0,7240.0,18219.0,154562.0,16868.0,87913.0,32904.0,16877.0,18007.0,694.0,17313.0,8764.0,8764.0,82905.0,24837.0,26168.0,15042.0,16858.0,11163.0,3673.0,7490.0,14804.0,14804.0,206.8,356.3,221.8,381.3,291.6,279.5,305.9,381.5,882217.8,108.7,61.7,36.4,36.0,227.9,91.5,153.4,150.3,35.1
2026-07-13,07:30~08:30,通過量,3056.0,944.0,88.0,856.0,1608.0,731.0,877.0,5215.0,1556.0,1914.0,1745.0,3473.0,224.0,1419.0,828.0,1002.0,1589.0,658.0,931.0,868.0,868.0,1849.0,349.0,623.0,254.0,623.0,1511.0,724.0,787.0,743.0,743.0,22.6,13.1,16.3,8.5,-,-,-,-,-,-,-,-,-,-,-,-,-,-
2026-07-13,07:30~08:30,平均停等延滯,123.3,10.2,35.8,7.6,10.8,17.2,5.4,11.5,22.0,3.8,10.4,44.5,75.3,62.0,39.7,16.8,11.3,1.1,18.6,10.1,10.1,44.8,71.2,42.0,59.2,27.1,7.4,5.1,9.5,19.9,19.9,D,E,E,F,-,-,-,-,-,-,-,-,-,-,-,-,-,-
2026-07-13,07:00~09:00,總停等延滯,753531.0,21817.0,5398.0,16419.0,31425.0,23382.0,8043.0,117587.0,62247.0,16476.0,38864.0,304529.0,34491.0,165768.0,64906.0,39364.0,42908.0,1855.0,41053.0,31490.0,31490.0,159484.0,49015.0,46684.0,29120.0,34665.0,19893.0,5685.0,14208.0,24398.0,24398.0,228.3,343.4,243.2,374.4,297.3,286.7,312.7,386.0,1767642.8,142.8,53.1,32.4,34.3,216.3,91.3,158.2,162.4,48.4
2026-07-13,07:00~09:00,通過量,6015.0,1935.0,156.0,1779.0,3247.0,1388.0,1859.0,10789.0,3174.0,4052.0,3563.0,6874.0,506.0,2731.0,1669.0,1968.0,3117.0,1266.0,1851.0,1756.0,1756.0,3575.0,670.0,1199.0,499.0,1207.0,3022.0,1433.0,1589.0,1416.0,1416.0,20.5,13.6,14.9,8.7,-,-,-,-,-,-,-,-,-,-,-,-,-,-
2026-07-13,07:00~09:00,平均停等延滯,125.3,11.3,34.6,9.2,9.7,16.8,4.3,10.9,19.6,4.1,10.9,44.3,68.2,60.7,38.9,20.0,13.8,1.5,22.2,17.9,17.9,44.6,73.2,38.9,58.4,28.7,6.6,4.0,8.9,17.2,17.2,D,E,E,F,-,-,-,-,-,-,-,-,-,-,-,-,-,-
2026-07-13,10:00~12:00,總停等延滯,404567.0,15584.0,9349.0,6235.0,8220.0,3547.0,4673.0,44648.0,24879.0,6861.0,12908.0,192745.0,25546.0,86072.0,51728.0,29399.0,27950.0,1542.0,26408.0,12922.0,12922.0,74394.0,37675.0,13927.0,8453.0,14339.0,24491.0,9502.0,14989.0,3613.0,3613.0,228.7,181.6,245.6,307.1,240.8,241.5,257.1,306.1,1525934.0,123.7,83.6,21.3,31.5,77.6,72.5,229.5,189.6,34.7
2026-07-13,10:00~12:00,通過量,6078.0,1882.0,292.0,1590.0,3329.0,1677.0,1652.0,9727.0,3406.0,3272.0,3049.0,7021.0,476.0,3182.0,1771.0,1592.0,2783.0,1430.0,1353.0,1423.0,1423.0,3514.0,653.0,1466.0,269.0,1126.0,3237.0,1652.0,1585.0,1191.0,1191.0,20.5,25.8,14.7,10.6,-,-,-,-,-,-,-,-,-,-,-,-,-,-
2026-07-13,10:00~12:00,平均停等延滯,66.6,8.3,32.0,3.9,2.5,2.1,2.8,4.6,7.3,2.1,4.2,27.5,53.7,27.0,29.2,18.5,10.0,1.1,19.5,9.1,9.1,21.2,57.7,9.5,31.4,12.7,7.6,5.8,9.5,3.0,3.0,D,C,E,E,-,-,-,-,-,-,-,-,-,-,-,-,-,-
2026-07-13,11:00~12:00,總停等延滯,191820.0,7642.0,3045.0,4597.0,4415.0,1567.0,2848.0,20027.0,12549.0,2798.0,4680.0,99549.0,11526.0,54172.0,24109.0,9742.0,6806.0,677.0,6129.0,4899.0,4899.0,34991.0,20158.0,5369.0,4019.0,5445.0,12743.0,4327.0,8416.0,748.0,748.0,201.5,185.2,192.6,260.1,209.8,209.3,221.3,259.4,649187.3,84.6,96.1,20.8,32.3,100.5,52.4,159.6,136.8,35.0
2026-07-13,11:00~12:00,通過量,3021.0,892.0,157.0,735.0,1643.0,865.0,778.0,4687.0,1715.0,1526.0,1446.0,3455.0,238.0,1620.0,865.0,732.0,1400.0,749.0,651.0,681.0,681.0,1757.0,319.0,747.0,118.0,573.0,1603.0,852.0,751.0,545.0,545.0,23.2,25.3,18.8,12.5,-,-,-,-,-,-,-,-,-,-,-,-,-,-
2026-07-13,11:00~12:00,平均停等延滯,63.5,8.6,19.4,6.3,2.7,1.8,3.7,4.3,7.3,1.8,3.2,28.8,48.4,33.4,27.9,13.3,4.9,0.9,9.4,7.2,7.2,19.9,63.2,7.2,34.1,9.5,7.9,5.1,11.2,1.4,1.4,D,C,E,E,-,-,-,-,-,-,-,-,-,-,-,-,-,-
2026-07-13,12:00~14:00,總停等延滯,389203.0,12894.0,4610.0,8284.0,8147.0,3111.0,5036.0,41592.0,25182.0,3625.0,12785.0,192538.0,22191.0,96416.0,48247.0,25684.0,19925.0,1558.0,18367.0,9972.0,9972.0,75794.0,43986.0,11434.0,9697.0,10677.0,24534.0,9419.0,15115.0,3807.0,3807.0,205.4,181.5,239.7,265.5,223.0,225.4,237.6,276.8,1342457.9,97.2,87.8,20.4,34.5,91.3,55.8,174.2,178.1,41.2
2026-07-13,12:00~14:00,通過量,5835.0,1939.0,306.0,1633.0,3259.0,1641.0,1618.0,8986.0,3175.0,3015.0,2796.0,6587.0,449.0,3035.0,1674.0,1429.0,2666.0,1322.0,1344.0,1440.0,1440.0,3272.0,568.0,1331.0,273.0,1100.0,3095.0,1597.0,1498.0,1197.0,1197.0,22.8,25.8,15.1,12.2,-,-,-,-,-,-,-,-,-,-,-,-,-,-
2026-07-13,12:00~14:00,平均停等延滯,66.7,6.6,15.1,5.1,2.5,1.9,3.1,4.6,7.9,1.2,4.6,29.2,49.4,31.8,28.8,18.0,7.5,1.2,13.7,6.9,6.9,23.2,77.4,8.6,35.5,9.7,7.9,5.9,10.1,3.2,3.2,D,C,E,E,-,-,-,-,-,-,-,-,-,-,-,-,-,-
2026-07-13,16:30~18:30,總停等延滯,651030.0,27524.0,17721.0,9803.0,33606.0,29528.0,4078.0,73136.0,48759.0,8945.0,15432.0,280469.0,39696.0,141864.0,55651.0,43258.0,42882.0,2658.0,40224.0,17168.0,17168.0,129825.0,47968.0,50559.0,11818.0,19480.0,37770.0,16918.0,20852.0,8650.0,8650.0,290.8,219.8,198.5,213.2,230.6,226.9,250.1,319.9,1533120.5,177.1,92.0,21.6,35.7,103.0,82.0,110.3,139.5,37.4
2026-07-13,16:30~18:30,通過量,6459.0,2053.0,359.0,1694.0,3348.0,1661.0,1687.0,10532.0,4127.0,3434.0,2971.0,7578.0,663.0,3755.0,1793.0,1367.0,3282.0,2004.0,1278.0,1359.0,1359.0,4215.0,823.0,2014.0,409.0,969.0,3523.0,1948.0,1575.0,1130.0,1130.0,16.1,21.3,18.2,15.2,-,-,-,-,-,-,-,-,-,-,-,-,-,-
2026-07-13,16:30~18:30,平均停等延滯,100.8,13.4,49.4,5.8,10.0,17.8,2.4,6.9,11.8,2.6,5.2,37.0,59.9,37.8,31.0,31.6,13.1,1.3,31.5,12.6,12.6,30.8,58.3,25.1,28.9,20.1,10.7,8.7,13.2,7.7,7.7,E,D,E,E,-,-,-,-,-,-,-,-,-,-,-,-,-,-
2026-07-13,17:00~19:00,總停等延滯,604407.0,26998.0,17976.0,9022.0,36162.0,32893.0,3269.0,69692.0,48988.0,8558.0,12146.0,256753.0,32270.0,136651.0,49046.0,38786.0,29278.0,2516.0,26762.0,14765.0,14765.0,126782.0,47314.0,46522.0,12436.0,20510.0,33998.0,14187.0,19811.0,9979.0,9979.0,241.4,211.9,197.5,196.2,211.8,209.9,233.3,305.3,1362686.7,165.6,56.0,19.8,39.1,96.8,76.3,99.4,141.2,36.6
2026-07-13,17:00~19:00,通過量,6056.0,1923.0,392.0,1531.0,3148.0,1625.0,1523.0,10034.0,4221.0,3131.0,2682.0,7203.0,544.0,3766.0,1627.0,1266.0,3191.0,2026.0,1165.0,1256.0,1256.0,4057.0,774.0,2042.0,370.0,871.0,3452.0,1972.0,1480.0,1026.0,1026.0,19.4,22.1,18.3,16.5,-,-,-,-,-,-,-,-,-,-,-,-,-,-
2026-07-13,17:00~19:00,平均停等延滯,99.8,14.0,45.9,5.9,11.5,20.2,2.1,6.9,11.6,2.7,4.5,35.6,59.3,36.3,30.1,30.6,9.2,1.2,23.0,11.8,11.8,31.3,61.1,22.8,33.6,23.5,9.8,7.2,13.4,9.7,9.7,E,D,E,E,-,-,-,-,-,-,-,-,-,-,-,-,-,-
2026-07-13,16:30~17:30,總停等延滯,326708.0,13281.0,8276.0,5005.0,11845.0,9372.0,2473.0,34829.0,22741.0,4187.0,7901.0,143086.0,19354.0,70103.0,31097.0,22532.0,28862.0,1825.0,27037.0,9327.0,9327.0,64969.0,22859.0,28240.0,5328.0,8542.0,18492.0,8896.0,9596.0,2017.0,2017.0,358.2,216.9,222.2,220.3,254.4,248.6,269.4,330.3,889092.2,200.7,133.6,23.9,32.0,102.6,83.0,117.7,160.1,38.2
2026-07-13,16:30~17:30,通過量,3244.0,1096.0,182.0,914.0,1740.0,816.0,924.0,5389.0,2022.0,1791.0,1576.0,4002.0,334.0,1957.0,966.0,745.0,1716.0,1034.0,682.0,729.0,729.0,2114.0,400.0,1000.0,223.0,491.0,1705.0,907.0,798.0,610.0,610.0,13.1,21.6,16.3,14.7,-,-,-,-,-,-,-,-,-,-,-,-,-,-
2026-07-13,16:30~17:30,平均停等延滯,100.7,12.1,45.5,5.5,6.8,11.5,2.7,6.5,11.2,2.3,5.0,35.8,57.9,35.8,32.2,30.2,16.8,1.8,39.6,12.8,12.8,30.7,57.1,28.2,23.9,17.4,10.8,9.8,12.0,3.3,3.3,E,D,E,E,-,-,-,-,-,-,-,-,-,-,-,-,-,-
2026-07-13,17:30~18:30,總停等延滯,324322.0,14243.0,9445.0,4798.0,21761.0,20156.0,1605.0,38307.0,26018.0,4758.0,7531.0,137383.0,20342.0,71761.0,24554.0,20726.0,14020.0,833.0,13187.0,7841.0,7841.0,64856.0,25109.0,22319.0,6490.0,10938.0,19278.0,8022.0,11256.0,6633.0,6633.0,223.4,222.7,174.9,206.2,206.8,206.0,231.7,311.2,655272.0,153.6,50.4,19.4,39.4,103.3,81.0,102.8,118.9,36.6
2026-07-13,17:30~18:30,通過量,3215.0,957.0,177.0,780.0,1608.0,845.0,763.0,5143.0,2105.0,1643.0,1395.0,3576.0,329.0,1798.0,827.0,622.0,1566.0,970.0,596.0,630.0,630.0,2101.0,423.0,1014.0,186.0,478.0,1818.0,1041.0,777.0,520.0,520.0,20.9,21.0,20.7,15.7,-,-,-,-,-,-,-,-,-,-,-,-,-,-
2026-07-13,17:30~18:30,平均停等延滯,100.9,14.9,53.4,6.2,13.5,23.9,2.1,7.4,12.4,2.9,5.4,38.4,61.8,39.9,29.7,33.3,9.0,0.9,22.1,12.4,12.4,30.9,59.4,22.0,34.9,22.9,10.6,7.7,14.5,12.8,12.8,D,D,D,E,-,-,-,-,-,-,-,-,-,-,-,-,-,-
2026-07-14,06:30~20:30,總停等延滯,3984350.0,185362.0,89074.0,96288.0,163329.0,115245.0,48084.0,502680.0,265060.0,74313.0,163307.0,1707672.0,207247.0,883479.0,382046.0,234900.0,243939.0,14106.0,229833.0,168547.0,168547.0,735165.0,289476.0,177570.0,87867.0,180252.0,209101.0,89479.0,119622.0,68555.0,68555.0,241.5,215.2,254.4,245.2,239.1,239.2,262.2,332.3,10802929.8,149.3,85.3,24.3,35.9,112.4,67.0,132.9,193.2,44.2
2026-07-14,06:30~20:30,通過量,42471.0,13259.0,1898.0,11361.0,23301.0,11796.0,11505.0,70521.0,25973.0,23403.0,21145.0,49926.0,3413.0,23945.0,11626.0,10942.0,21664.0,11591.0,10073.0,10347.0,10347.0,26443.0,4751.0,11594.0,2561.0,7537.0,22689.0,12174.0,10515.0,8000.0,8000.0,19.4,21.7,14.2,13.2,-,-,-,-,-,-,-,-,-,-,-,-,-,-
2026-07-14,06:30~20:30,平均停等延滯,93.8,14.0,46.9,8.5,7.0,9.8,4.2,7.1,10.2,3.2,7.7,34.2,60.7,36.9,32.9,21.5,11.3,1.2,22.8,16.3,16.3,27.8,60.9,15.3,34.3,23.9,9.2,7.4,11.4,8.6,8.6,E,D,E,E,-,-,-,-,-,-,-,-,-,-,-,-,-,-
2026-07-14,07:00~21:00,總停等延滯,3883912.0,185014.0,90259.0,94755.0,160589.0,114967.0,45622.0,488621.0,269574.0,69721.0,149326.0,1682120.0,201334.0,885645.0,370193.0,224948.0,227136.0,13831.0,213305.0,154780.0,154780.0,712254.0,286843.0,179171.0,83791.0,162449.0,205873.0,88838.0,117035.0,67525.0,67525.0,235.2,218.0,248.9,240.0,235.5,235.6,258.1,327.1,10549337.6,145.1,84.3,24.1,40.2,110.9,67.1,129.1,190.1,42.8
2026-07-14,07:00~21:00,通過量,42012.0,12979.0,1949.0,11030.0,22977.0,11823.0,11154.0,69334.0,26188.0,22664.0,20482.0,49486.0,3359.0,24119.0,11480.0,10528.0,21430.0,11771.0,9659.0,10059.0,10059.0,26308.0,4770.0,11773.0,2490.0,7275.0,22626.0,12280.0,10346.0,7941.0,7941.0,19.9,21.5,14.5,13.5,-,-,-,-,-,-,-,-,-,-,-,-,-,-
2026-07-14,07:00~21:00,平均停等延滯,92.4,14.3,46.3,8.6,7.0,9.7,4.1,7.0,10.3,3.1,7.3,34.0,59.9,36.7,32.2,21.4,10.6,1.2,22.1,15.4,15.4,27.1,60.1,15.2,33.7,22.3,9.1,7.2,11.3,8.5,8.5,E,D,E,E,-,-,-,-,-,-,-,-,-,-,-,-,-,-
2026-07-14,06:30~08:30,總停等延滯,788280.0,40028.0,8440.0,31588.0,27495.0,6099.0,21396.0,124452.0,35665.0,25049.0,63738.0,286129.0,32618.0,131707.0,74489.0,47315.0,69963.0,2292.0,67671.0,53637.0,53637.0,142779.0,47825.0,14049.0,24629.0,56276.0,29522.0,10411.0,19111.0,14275.0,14275.0,322.0,259.2,313.2,334.4,-,-,-,-,-,223.0,63.7,33.9,35.8,167.9,55.9,166.5,206.9,65.7
2026-07-14,06:30~08:30,通過量,5908.0,2001.0,163.0,1838.0,3099.0,1222.0,1877.0,11019.0,2995.0,4229.0,3795.0,6936.0,501.0,2724.0,1629.0,2082.0,3103.0,1111.0,1992.0,1991.0,1991.0,3595.0,646.0,1115.0,511.0,1323.0,2909.0,1367.0,1542.0,1275.0,1275.0,14.5,18.1,11.6,9.7,-,-,-,-,-,-,-,-,-,-,-,-,-,-
2026-07-14,06:30~08:30,平均停等延滯,133.4,20.0,51.8,17.2,8.9,5.0,11.4,11.3,11.9,5.9,16.8,41.3,65.1,48.4,45.7,22.7,22.5,2.1,34.0,26.9,26.9,39.7,74.0,12.6,48.2,42.5,10.1,7.6,12.4,11.2,11.2,E,E,E,F,-,-,-,-,-,-,-,-,-,-,-,-,-,-
2026-07-14,06:30~07:30,總停等延滯,370327.0,11227.0,1972.0,9255.0,7887.0,918.0,6969.0,56653.0,12780.0,11430.0,32443.0,130795.0,16682.0,50313.0,39051.0,24749.0,37183.0,1147.0,36036.0,32762.0,32762.0,73736.0,19826.0,3150.0,12975.0,37785.0,14696.0,4699.0,9997.0,5388.0,5388.0,322.0,255.2,313.2,332.2,-,-,-,-,-,242.8,63.7,33.9,29.5,171.9,55.6,160.3,224.4,65.7
2026-07-14,06:30~07:30,通過量,2916.0,1126.0,50.0,1076.0,1658.0,555.0,1103.0,5610.0,1235.0,2331.0,2044.0,3378.0,236.0,1165.0,851.0,1126.0,1484.0,376.0,1108.0,1023.0,1023.0,1632.0,296.0,379.0,244.0,713.0,1413.0,591.0,822.0,566.0,566.0,14.5,18.3,11.6,9.8,-,-,-,-,-,-,-,-,-,-,-,-,-,-
2026-07-14,06:30~07:30,平均停等延滯,127.0,10.0,39.4,8.6,4.8,1.7,6.3,10.1,10.3,4.9,15.9,38.7,70.7,43.2,45.9,22.0,25.1,3.1,32.5,32.0,32.0,45.2,67.0,8.3,53.2,53.0,10.4,8.0,12.2,9.5,9.5,E,E,E,F,-,-,-,-,-,-,-,-,-,-,-,-,-,-
2026-07-14,07:30~08:30,總停等延滯,417953.0,28801.0,6468.0,22333.0,19608.0,5181.0,14427.0,67799.0,22885.0,13619.0,31295.0,155334.0,15936.0,81394.0,35438.0,22566.0,32780.0,1145.0,31635.0,20875.0,20875.0,69043.0,27999.0,10899.0,11654.0,18491.0,14826.0,5712.0,9114.0,8887.0,8887.0,nan,263.3,nan,336.7,-,-,-,-,-,203.2,-,-,42.2,163.9,56.2,172.8,189.4,-
2026-07-14,07:30~08:30,通過量,2992.0,875.0,113.0,762.0,1441.0,667.0,774.0,5409.0,1760.0,1898.0,1751.0,3558.0,265.0,1559.0,778.0,956.0,1619.0,735.0,884.0,968.0,968.0,1963.0,350.0,736.0,267.0,610.0,1496.0,776.0,720.0,709.0,709.0,0.0,17.8,0.0,9.6,-,-,-,-,-,-,-,-,-,-,-,-,-,-
2026-07-14,07:30~08:30,平均停等延滯,139.7,32.9,57.2,29.3,13.6,7.8,18.6,12.5,13.0,7.2,17.9,43.7,60.1,52.2,45.6,23.6,20.2,1.6,35.8,21.6,21.6,35.2,80.0,14.8,43.6,30.3,9.9,7.4,12.7,12.5,12.5,-,E,-,F,-,-,-,-,-,-,-,-,-,-,-,-,-,-
2026-07-14,07:00~09:00,總停等延滯,867259.0,50393.0,10623.0,39770.0,45191.0,18310.0,26881.0,144446.0,47901.0,28082.0,68463.0,316678.0,31676.0,157686.0,78116.0,49200.0,71678.0,2636.0,69042.0,49186.0,49186.0,141556.0,55080.0,18579.0,24703.0,43194.0,31837.0,12184.0,19653.0,16294.0,16294.0,418.6,289.7,412.1,327.8,-,-,-,-,-,235.4,87.8,57.4,44.8,187.3,57.5,140.5,234.0,82.6
2026-07-14,07:00~09:00,通過量,6029.0,1963.0,208.0,1755.0,3108.0,1332.0,1776.0,11259.0,3515.0,4126.0,3618.0,7218.0,501.0,3036.0,1676.0,2005.0,3273.0,1421.0,1852.0,1964.0,1964.0,3874.0,701.0,1390.0,535.0,1248.0,3052.0,1548.0,1504.0,1298.0,1298.0,11.2,16.2,8.8,9.9,-,-,-,-,-,-,-,-,-,-,-,-,-,-
2026-07-14,07:00~09:00,平均停等延滯,143.8,25.7,51.1,22.7,14.5,13.7,15.1,12.8,13.6,6.8,18.9,43.9,63.2,51.9,46.6,24.5,21.9,1.9,37.3,25.0,25.0,36.5,78.6,13.4,46.2,34.6,10.4,7.9,13.1,12.6,12.6,E,E,F,F,-,-,-,-,-,-,-,-,-,-,-,-,-,-
2026-07-14,10:00~12:00,總停等延滯,470392.0,26054.0,14676.0,11378.0,8052.0,4039.0,4013.0,51239.0,29073.0,7176.0,14990.0,219290.0,27189.0,111369.0,53531.0,27201.0,22352.0,1924.0,20428.0,21109.0,21109.0,80112.0,32532.0,15676.0,9871.0,22033.0,34791.0,15622.0,19169.0,7393.0,7393.0,226.3,197.3,247.2,276.6,236.8,238.2,258.4,323.4,1506988.7,117.7,86.0,22.6,25.2,105.5,66.6,171.2,184.8,39.7
2026-07-14,10:00~12:00,通過量,6156.0,1905.0,301.0,1604.0,3311.0,1669.0,1642.0,9746.0,3457.0,3248.0,3041.0,7050.0,526.0,3175.0,1748.0,1601.0,2978.0,1531.0,1447.0,1417.0,1417.0,3667.0,638.0,1520.0,389.0,1120.0,3143.0,1630.0,1513.0,1155.0,1155.0,20.7,23.7,14.6,11.7,-,-,-,-,-,-,-,-,-,-,-,-,-,-
2026-07-14,10:00~12:00,平均停等延滯,76.4,13.7,48.8,7.1,2.4,2.4,2.4,5.3,8.4,2.2,4.9,31.1,51.7,35.1,30.6,17.0,7.5,1.3,14.1,14.9,14.9,21.8,51.0,10.3,25.4,19.7,11.1,9.6,12.7,6.4,6.4,D,D,E,E,-,-,-,-,-,-,-,-,-,-,-,-,-,-
2026-07-14,11:00~12:00,總停等延滯,223404.0,13060.0,7600.0,5460.0,3987.0,1806.0,2181.0,23748.0,14725.0,3079.0,5944.0,103587.0,11680.0,55281.0,25942.0,10684.0,7493.0,1141.0,6352.0,7116.0,7116.0,39705.0,15519.0,6734.0,5042.0,12410.0,19825.0,9918.0,9907.0,4883.0,4883.0,215.0,188.3,221.2,345.0,242.4,242.1,264.0,333.7,729289.7,100.2,93.5,21.2,22.7,105.9,59.8,239.1,164.1,35.9
2026-07-14,11:00~12:00,通過量,3057.0,907.0,148.0,759.0,1672.0,866.0,806.0,4696.0,1713.0,1558.0,1425.0,3365.0,263.0,1505.0,873.0,724.0,1458.0,775.0,683.0,668.0,668.0,1842.0,326.0,782.0,188.0,546.0,1501.0,781.0,720.0,534.0,534.0,21.8,24.9,16.4,9.4,-,-,-,-,-,-,-,-,-,-,-,-,-,-
2026-07-14,11:00~12:00,平均停等延滯,73.1,14.4,51.4,7.2,2.4,2.1,2.7,5.1,8.6,2.0,4.2,30.8,44.4,36.7,29.7,14.8,5.1,1.5,9.3,10.7,10.7,21.6,47.6,8.6,26.8,22.7,13.2,12.7,13.8,9.1,9.1,D,D,E,F,-,-,-,-,-,-,-,-,-,-,-,-,-,-
2026-07-14,12:00~14:00,總停等延滯,445778.0,19406.0,9025.0,10381.0,6245.0,3043.0,3202.0,48177.0,28660.0,6956.0,12561.0,219303.0,29233.0,108807.0,52889.0,28374.0,17814.0,2054.0,15760.0,16303.0,16303.0,86164.0,39778.0,13968.0,10642.0,21776.0,22104.0,7870.0,14234.0,10262.0,10262.0,199.9,198.9,249.4,224.7,218.2,218.9,238.7,299.2,1393862.9,107.2,74.8,17.9,45.2,96.3,57.4,128.4,167.7,63.8
2026-07-14,12:00~14:00,通過量,6045.0,1895.0,244.0,1651.0,3399.0,1718.0,1681.0,9589.0,3390.0,3229.0,2970.0,7021.0,465.0,3275.0,1687.0,1594.0,2969.0,1548.0,1421.0,1487.0,1487.0,3617.0,662.0,1516.0,271.0,1168.0,3173.0,1656.0,1517.0,1148.0,1148.0,23.4,23.5,14.5,14.4,-,-,-,-,-,-,-,-,-,-,-,-,-,-
2026-07-14,12:00~14:00,平均停等延滯,73.7,10.2,37.0,6.3,1.8,1.8,1.9,5.0,8.5,2.2,4.2,31.2,62.9,33.2,31.4,17.8,6.0,1.3,11.1,11.0,11.0,23.8,60.1,9.2,39.3,18.6,7.0,4.8,9.4,8.9,8.9,D,D,E,E,-,-,-,-,-,-,-,-,-,-,-,-,-,-
2026-07-14,16:30~18:30,總停等延滯,712770.0,24344.0,15401.0,8943.0,46502.0,43464.0,3038.0,78397.0,47915.0,10280.0,20202.0,289922.0,39185.0,151339.0,55456.0,43942.0,43209.0,2379.0,40830.0,23204.0,23204.0,151324.0,56176.0,57022.0,13620.0,24506.0,43596.0,21935.0,21661.0,12272.0,12272.0,250.2,214.7,261.9,225.9,238.2,236.7,261.1,335.4,1658428.1,172.8,55.5,21.8,33.1,98.5,83.0,127.4,204.8,35.3
2026-07-14,16:30~18:30,通過量,6649.0,2014.0,342.0,1672.0,3642.0,1945.0,1697.0,10950.0,4402.0,3492.0,3056.0,7770.0,577.0,4000.0,1764.0,1429.0,3391.0,2080.0,1311.0,1367.0,1367.0,4378.0,857.0,2161.0,391.0,969.0,3594.0,2026.0,1568.0,1101.0,1101.0,18.7,21.8,13.8,14.3,-,-,-,-,-,-,-,-,-,-,-,-,-,-
2026-07-14,16:30~18:30,平均停等延滯,107.2,12.1,45.0,5.3,12.8,22.3,1.8,7.2,10.9,2.9,6.6,37.3,67.9,37.8,31.4,30.8,12.7,1.1,31.1,17.0,17.0,34.6,65.5,26.4,34.8,25.3,12.1,10.8,13.8,11.1,11.1,E,D,E,E,-,-,-,-,-,-,-,-,-,-,-,-,-,-
2026-07-14,17:00~19:00,總停等延滯,675646.0,24521.0,15754.0,8767.0,42029.0,38833.0,3196.0,78177.0,50788.0,9688.0,17701.0,282967.0,40429.0,152684.0,49452.0,40402.0,38916.0,2180.0,36736.0,22129.0,22129.0,141848.0,55082.0,54114.0,12637.0,20015.0,36471.0,16510.0,19961.0,8588.0,8588.0,248.1,211.8,226.6,214.3,225.2,223.0,246.6,319.1,1499070.4,174.6,53.2,18.9,33.8,97.9,80.2,116.5,163.5,44.1
2026-07-14,17:00~19:00,通過量,6352.0,1864.0,337.0,1527.0,3502.0,1904.0,1598.0,10433.0,4376.0,3269.0,2788.0,7450.0,541.0,3984.0,1654.0,1271.0,3240.0,2054.0,1186.0,1262.0,1262.0,4229.0,846.0,2101.0,388.0,894.0,3429.0,1987.0,1442.0,1057.0,1057.0,18.9,22.1,16.0,15.1,-,-,-,-,-,-,-,-,-,-,-,-,-,-
2026-07-14,17:00~19:00,平均停等延滯,106.4,13.2,46.7,5.7,12.0,20.4,2.0,7.5,11.6,3.0,6.3,38.0,74.7,38.3,29.9,31.8,12.0,1.1,31.0,17.5,17.5,33.5,65.1,25.8,32.6,22.4,10.6,8.3,13.8,8.1,8.1,E,D,E,E,-,-,-,-,-,-,-,-,-,-,-,-,-,-
2026-07-14,16:30~17:30,總停等延滯,371730.0,11230.0,7055.0,4175.0,25906.0,24054.0,1852.0,39114.0,22091.0,5111.0,11912.0,146058.0,19543.0,72916.0,31461.0,22138.0,22538.0,1281.0,21257.0,15032.0,15032.0,81173.0,29843.0,28594.0,7621.0,15115.0,22490.0,11810.0,10680.0,8189.0,8189.0,246.6,212.5,279.6,206.0,236.2,235.1,260.8,339.5,824179.1,159.4,63.4,23.8,32.3,97.6,82.5,108.3,221.5,34.4
2026-07-14,16:30~17:30,通過量,3392.0,1044.0,156.0,888.0,1837.0,965.0,872.0,5513.0,2134.0,1775.0,1604.0,3894.0,289.0,1959.0,876.0,770.0,1779.0,1053.0,726.0,758.0,758.0,2279.0,416.0,1099.0,203.0,561.0,1809.0,1007.0,802.0,560.0,560.0,19.0,22.0,12.9,15.7,-,-,-,-,-,-,-,-,-,-,-,-,-,-
2026-07-14,16:30~17:30,平均停等延滯,109.6,10.8,45.2,4.7,14.1,24.9,2.1,7.1,10.4,2.9,7.4,37.5,67.6,37.2,35.9,28.8,12.7,1.2,29.3,19.8,19.8,35.6,71.7,26.0,37.5,26.9,12.4,11.7,13.3,14.6,14.6,E,D,E,E,-,-,-,-,-,-,-,-,-,-,-,-,-,-
2026-07-14,17:30~18:30,總停等延滯,341040.0,13114.0,8346.0,4768.0,20596.0,19410.0,1186.0,39283.0,25824.0,5169.0,8290.0,143864.0,19642.0,78423.0,23995.0,21804.0,20671.0,1098.0,19573.0,8172.0,8172.0,70151.0,26333.0,28428.0,5999.0,9391.0,21106.0,10125.0,10981.0,4083.0,4083.0,253.7,216.9,244.2,245.9,240.2,238.2,261.2,330.9,833830.6,186.2,47.6,19.8,33.9,99.5,83.5,146.4,188.2,36.2
2026-07-14,17:30~18:30,通過量,3257.0,970.0,186.0,784.0,1805.0,980.0,825.0,5437.0,2268.0,1717.0,1452.0,3876.0,288.0,2041.0,888.0,659.0,1612.0,1027.0,585.0,609.0,609.0,2099.0,441.0,1062.0,188.0,408.0,1785.0,1019.0,766.0,541.0,541.0,18.4,21.6,14.8,13.2,-,-,-,-,-,-,-,-,-,-,-,-,-,-
2026-07-14,17:30~18:30,平均停等延滯,104.7,13.5,44.9,6.1,11.4,19.8,1.4,7.2,11.4,3.0,5.7,37.1,68.2,38.4,27.0,33.1,12.8,1.1,33.5,13.4,13.4,33.4,59.7,26.8,31.9,23.0,11.8,9.9,14.3,7.5,7.5,E,D,E,E,-,-,-,-,-,-,-,-,-,-,-,-,-,-
2026-07-15,06:30~20:30,總停等延滯,4018659.0,197344.0,93945.0,103399.0,188221.0,132431.0,55790.0,513894.0,272750.0,79983.0,161161.0,1689600.0,209046.0,850781.0,392963.0,236810.0,233869.0,14608.0,219261.0,153515.0,153515.0,734531.0,279945.0,171675.0,92859.0,190052.0,235873.0,91103.0,144770.0,71812.0,71812.0,315.0,223.3,300.0,269.1,-,-,-,-,-,157.3,120.2,39.6,47.2,110.1,66.6,159.0,197.2,56.7
2026-07-15,06:30~20:30,通過量,41166.0,13345.0,1975.0,11370.0,22622.0,11344.0,11278.0,68889.0,25403.0,22914.0,20572.0,48918.0,3374.0,23387.0,11348.0,10809.0,21164.0,11322.0,9842.0,10002.0,10002.0,25701.0,4584.0,11334.0,2502.0,7281.0,22017.0,11911.0,10106.0,7760.0,7760.0,14.9,21.0,12.1,12.0,-,-,-,-,-,-,-,-,-,-,-,-,-,-
2026-07-15,06:30~20:30,平均停等延滯,97.6,14.8,47.6,9.1,8.3,11.7,4.9,7.5,10.7,3.5,7.8,34.5,62.0,36.4,34.6,21.9,11.1,1.3,22.3,15.3,15.3,28.6,61.1,15.1,37.1,26.1,10.7,7.6,14.3,9.3,9.3,E,D,E,E,-,-,-,-,-,-,-,-,-,-,-,-,-,-
2026-07-15,07:00~21:00,總停等延滯,3909753.0,199325.0,94627.0,104698.0,187129.0,132680.0,54449.0,498821.0,275870.0,75892.0,147059.0,1661984.0,205028.0,852808.0,376514.0,227634.0,216905.0,14208.0,202697.0,136223.0,136223.0,711726.0,277652.0,172006.0,89191.0,172877.0,228055.0,89984.0,138071.0,69585.0,69585.0,307.5,222.1,291.2,268.5,-,-,-,-,-,152.0,120.1,39.1,47.0,108.9,66.8,159.7,191.2,56.0
2026-07-15,07:00~21:00,通過量,40590.0,13012.0,2001.0,11011.0,22347.0,11400.0,10947.0,67708.0,25621.0,22139.0,19948.0,48494.0,3307.0,23606.0,11172.0,10409.0,20907.0,11448.0,9459.0,9651.0,9651.0,25520.0,4522.0,11496.0,2437.0,7065.0,21868.0,12010.0,9858.0,7610.0,7610.0,15.2,21.1,12.4,12.1,-,-,-,-,-,-,-,-,-,-,-,-,-,-
2026-07-15,07:00~21:00,平均停等延滯,96.3,15.3,47.3,9.5,8.4,11.6,5.0,7.4,10.8,3.4,7.4,34.3,62.0,36.1,33.7,21.9,10.4,1.2,21.4,14.1,14.1,27.9,61.4,15.0,36.6,24.5,10.4,7.5,14.0,9.1,9.1,E,D,E,E,-,-,-,-,-,-,-,-,-,-,-,-,-,-
2026-07-15,06:30~08:30,總停等延滯,677752.0,28829.0,5805.0,23024.0,13841.0,2387.0,11454.0,98821.0,27032.0,22684.0,49105.0,259746.0,34894.0,111401.0,72125.0,41326.0,51788.0,2179.0,49609.0,38676.0,38676.0,129426.0,47501.0,14250.0,24331.0,43344.0,41236.0,14740.0,26496.0,15389.0,15389.0,296.9,209.3,310.5,272.5,272.3,279.9,307.6,385.9,1732066.8,163.8,90.1,43.0,35.2,115.7,61.0,156.8,204.1,63.4
2026-07-15,06:30~08:30,通過量,6001.0,2058.0,123.0,1935.0,3227.0,1326.0,1901.0,11162.0,2981.0,4396.0,3785.0,6945.0,552.0,2567.0,1734.0,2092.0,3121.0,1108.0,2013.0,1970.0,1970.0,3609.0,673.0,1119.0,497.0,1320.0,2919.0,1409.0,1510.0,1226.0,1226.0,15.8,22.4,11.7,11.9,-,-,-,-,-,-,-,-,-,-,-,-,-,-
2026-07-15,06:30~08:30,平均停等延滯,112.9,14.0,47.2,11.9,4.3,1.8,6.0,8.9,9.1,5.2,13.0,37.4,63.2,43.4,41.6,19.8,16.6,2.0,24.6,19.6,19.6,35.9,70.6,12.7,49.0,32.8,14.1,10.5,17.5,12.6,12.6,E,D,E,E,-,-,-,-,-,-,-,-,-,-,-,-,-,-
2026-07-15,06:30~07:30,總停等延滯,357426.0,5480.0,1935.0,3545.0,3853.0,668.0,3185.0,51710.0,9480.0,11182.0,31048.0,137980.0,18719.0,49248.0,45564.0,24449.0,34776.0,1189.0,33587.0,30899.0,30899.0,63651.0,20449.0,4218.0,10967.0,28017.0,22695.0,6380.0,16315.0,6382.0,6382.0,327.3,222.3,376.5,254.0,295.0,312.4,338.6,408.8,931571.5,218.7,66.5,42.0,30.9,132.1,59.8,121.9,263.1,71.3
2026-07-15,06:30~07:30,通過量,3031.0,1133.0,48.0,1085.0,1630.0,581.0,1049.0,5692.0,1207.0,2416.0,2069.0,3347.0,282.0,1078.0,873.0,1114.0,1459.0,377.0,1082.0,1029.0,1029.0,1727.0,357.0,414.0,243.0,713.0,1404.0,597.0,807.0,589.0,589.0,14.3,21.1,9.6,12.8,-,-,-,-,-,-,-,-,-,-,-,-,-,-
2026-07-15,06:30~07:30,平均停等延滯,117.9,4.8,40.3,3.3,2.4,1.1,3.0,9.1,7.9,4.6,15.0,41.2,66.4,45.7,52.2,21.9,23.8,3.2,31.0,30.0,30.0,36.9,57.3,10.2,45.1,39.3,16.2,10.7,20.2,10.8,10.8,E,D,F,E,-,-,-,-,-,-,-,-,-,-,-,-,-,-
2026-07-15,07:30~08:30,總停等延滯,320326.0,23349.0,3870.0,19479.0,9988.0,1719.0,8269.0,47111.0,17552.0,11502.0,18057.0,121766.0,16175.0,62153.0,26561.0,16877.0,17012.0,990.0,16022.0,7777.0,7777.0,65775.0,27052.0,10032.0,13364.0,15327.0,18541.0,8360.0,10181.0,9007.0,9007.0,266.5,197.1,244.5,291.0,249.8,251.4,280.5,364.5,806129.4,108.8,113.7,44.0,39.3,99.2,62.1,191.7,145.0,55.5
2026-07-15,07:30~08:30,通過量,2970.0,925.0,75.0,850.0,1597.0,745.0,852.0,5470.0,1774.0,1980.0,1716.0,3598.0,270.0,1489.0,861.0,978.0,1662.0,731.0,931.0,941.0,941.0,1882.0,316.0,705.0,254.0,607.0,1515.0,812.0,703.0,637.0,637.0,17.6,23.7,14.8,11.1,-,-,-,-,-,-,-,-,-,-,-,-,-,-
2026-07-15,07:30~08:30,平均停等延滯,107.9,25.2,51.6,22.9,6.3,2.3,9.7,8.6,9.9,5.8,10.5,33.8,59.9,41.7,30.8,17.3,10.2,1.4,17.2,8.3,8.3,34.9,85.6,14.2,52.6,25.3,12.2,10.3,14.5,14.1,14.1,E,D,E,E,-,-,-,-,-,-,-,-,-,-,-,-,-,-
2026-07-15,07:00~09:00,總停等延滯,764963.0,44731.0,8757.0,35974.0,33530.0,10048.0,23482.0,119107.0,37089.0,27758.0,54260.0,296390.0,35854.0,141256.0,73959.0,45321.0,49656.0,1877.0,47779.0,30007.0,30007.0,135066.0,56501.0,18722.0,25605.0,34238.0,41013.0,15896.0,25117.0,15463.0,15463.0,362.6,257.2,361.0,335.6,329.1,333.7,361.5,439.9,2074353.6,158.0,121.7,82.9,45.2,148.3,60.5,187.3,202.1,76.0
2026-07-15,07:00~09:00,通過量,6110.0,1771.0,187.0,1584.0,3031.0,1466.0,1565.0,10607.0,3310.0,3860.0,3437.0,6959.0,527.0,2850.0,1694.0,1888.0,3125.0,1362.0,1763.0,1750.0,1750.0,3797.0,712.0,1330.0,551.0,1204.0,2975.0,1512.0,1463.0,1268.0,1268.0,12.9,18.2,10.0,9.7,-,-,-,-,-,-,-,-,-,-,-,-,-,-
2026-07-15,07:00~09:00,平均停等延滯,125.2,25.3,46.8,22.7,11.1,6.9,15.0,11.2,11.2,7.2,15.8,42.6,68.0,49.6,43.7,24.0,15.9,1.4,27.1,17.1,17.1,35.6,79.4,14.1,46.5,28.4,13.8,10.5,17.2,12.2,12.2,E,E,E,F,-,-,-,-,-,-,-,-,-,-,-,-,-,-
2026-07-15,10:00~12:00,總停等延滯,455918.0,24581.0,13128.0,11453.0,10311.0,6774.0,3537.0,51820.0,30805.0,6634.0,14381.0,214388.0,31482.0,99563.0,52509.0,30834.0,22746.0,2190.0,20556.0,14364.0,14364.0,81332.0,33724.0,18381.0,9077.0,20150.0,29051.0,12766.0,16285.0,7325.0,7325.0,212.7,199.2,242.1,320.5,243.6,246.0,264.8,326.8,1546791.4,120.9,65.8,26.1,32.9,92.9,75.6,227.7,178.0,38.0
2026-07-15,10:00~12:00,通過量,6076.0,1964.0,308.0,1656.0,3345.0,1744.0,1601.0,9781.0,3576.0,3237.0,2968.0,7052.0,552.0,3214.0,1742.0,1544.0,2987.0,1576.0,1411.0,1395.0,1395.0,3538.0,621.0,1549.0,318.0,1050.0,3209.0,1726.0,1483.0,1118.0,1118.0,22.0,23.5,14.9,10.1,-,-,-,-,-,-,-,-,-,-,-,-,-,-
2026-07-15,10:00~12:00,平均停等延滯,75.0,12.5,42.6,6.9,3.1,3.9,2.2,5.3,8.6,2.0,4.8,30.4,57.0,31.0,30.1,20.0,7.6,1.4,14.6,10.3,10.3,23.0,54.3,11.9,28.5,19.2,9.1,7.4,11.0,6.6,6.6,D,D,E,E,-,-,-,-,-,-,-,-,-,-,-,-,-,-
2026-07-15,11:00~12:00,總停等延滯,221880.0,12423.0,6937.0,5486.0,4941.0,3186.0,1755.0,23938.0,15619.0,3080.0,5239.0,104656.0,16345.0,49453.0,25168.0,13690.0,9444.0,851.0,8593.0,6466.0,6466.0,43150.0,18520.0,7573.0,5826.0,11231.0,13183.0,5577.0,7606.0,3679.0,3679.0,203.7,185.3,220.0,312.2,230.3,232.7,252.7,318.8,725719.3,101.6,77.9,24.2,34.7,92.1,58.9,220.1,158.3,37.5
2026-07-15,11:00~12:00,通過量,3071.0,966.0,157.0,809.0,1689.0,896.0,793.0,4860.0,1833.0,1587.0,1440.0,3497.0,270.0,1591.0,866.0,770.0,1515.0,801.0,714.0,723.0,723.0,1783.0,314.0,762.0,165.0,542.0,1595.0,868.0,727.0,520.0,520.0,23.0,25.3,16.4,10.4,-,-,-,-,-,-,-,-,-,-,-,-,-,-
2026-07-15,11:00~12:00,平均停等延滯,72.3,12.9,44.2,6.8,2.9,3.6,2.2,4.9,8.5,1.9,3.6,29.9,60.5,31.1,29.1,17.8,6.2,1.1,12.0,8.9,8.9,24.2,59.0,9.9,35.3,20.7,8.3,6.4,10.5,7.1,7.1,D,C,E,E,-,-,-,-,-,-,-,-,-,-,-,-,-,-
2026-07-15,12:00~14:00,總停等延滯,429859.0,25514.0,13720.0,11794.0,10155.0,6064.0,4091.0,47757.0,31506.0,6454.0,9797.0,196464.0,19496.0,99116.0,48059.0,29793.0,22572.0,1781.0,20791.0,13707.0,13707.0,79783.0,36727.0,12629.0,8343.0,22084.0,25151.0,10543.0,14608.0,8756.0,8756.0,248.9,169.8,252.1,221.9,223.2,225.5,247.7,318.1,1376109.1,109.0,116.4,23.4,23.8,90.2,55.3,131.6,192.3,36.3
2026-07-15,12:00~14:00,通過量,5714.0,1911.0,269.0,1642.0,3352.0,1681.0,1671.0,9344.0,3370.0,3071.0,2903.0,6683.0,394.0,3058.0,1645.0,1586.0,2922.0,1454.0,1468.0,1450.0,1450.0,3474.0,642.0,1482.0,259.0,1091.0,3049.0,1671.0,1378.0,1104.0,1104.0,18.8,27.6,14.4,14.6,-,-,-,-,-,-,-,-,-,-,-,-,-,-
2026-07-15,12:00~14:00,平均停等延滯,75.2,13.4,51.0,7.2,3.0,3.6,2.4,5.1,9.3,2.1,3.4,29.4,49.5,32.4,29.2,18.8,7.7,1.2,14.2,9.5,9.5,23.0,57.2,8.5,32.2,20.2,8.2,6.3,10.6,7.9,7.9,E,C,E,E,-,-,-,-,-,-,-,-,-,-,-,-,-,-
2026-07-15,16:30~18:30,總停等延滯,710579.0,29061.0,18769.0,10292.0,51995.0,48169.0,3826.0,80362.0,53881.0,10682.0,15799.0,299106.0,40152.0,154045.0,62257.0,42652.0,46674.0,3066.0,43608.0,15717.0,15717.0,136226.0,52906.0,47616.0,14889.0,20815.0,41973.0,17220.0,24753.0,9465.0,9465.0,nan,253.0,nan,232.1,-,-,-,-,-,190.8,-,-,79.1,99.8,74.0,132.3,187.6,-
2026-07-15,16:30~18:30,通過量,6323.0,2127.0,382.0,1745.0,3398.0,1652.0,1746.0,10667.0,4271.0,3441.0,2955.0,7665.0,572.0,4031.0,1733.0,1329.0,3291.0,2083.0,1208.0,1266.0,1266.0,4246.0,802.0,2111.0,377.0,956.0,3541.0,1959.0,1582.0,1138.0,1138.0,0.0,18.5,0.0,14.0,-,-,-,-,-,-,-,-,-,-,-,-,-,-
2026-07-15,16:30~18:30,平均停等延滯,112.4,13.7,49.1,5.9,15.3,29.2,2.2,7.5,12.6,3.1,5.3,39.0,70.2,38.2,35.9,32.1,14.2,1.5,36.1,12.4,12.4,32.1,66.0,22.6,39.5,21.8,11.9,8.8,15.6,8.3,8.3,-,E,-,E,-,-,-,-,-,-,-,-,-,-,-,-,-,-
2026-07-15,17:00~19:00,總停等延滯,657821.0,26420.0,17775.0,8645.0,52626.0,49187.0,3439.0,75821.0,54057.0,9526.0,12238.0,280415.0,36540.0,153008.0,53037.0,37830.0,36070.0,2633.0,33437.0,13772.0,13772.0,130784.0,48883.0,49704.0,12958.0,19239.0,35014.0,13945.0,21069.0,6899.0,6899.0,287.8,213.0,122.4,256.6,-,-,-,-,-,178.9,48.3,16.2,39.3,98.8,75.2,157.8,159.7,38.8
2026-07-15,17:00~19:00,通過量,5936.0,1928.0,346.0,1582.0,3236.0,1641.0,1595.0,9946.0,4249.0,3093.0,2604.0,7325.0,531.0,4010.0,1544.0,1240.0,3231.0,2096.0,1135.0,1198.0,1198.0,4118.0,773.0,2079.0,370.0,896.0,3332.0,1953.0,1379.0,992.0,992.0,16.3,22.0,29.6,12.6,-,-,-,-,-,-,-,-,-,-,-,-,-,-
2026-07-15,17:00~19:00,平均停等延滯,110.8,13.7,51.4,5.5,16.3,30.0,2.2,7.6,12.7,3.1,4.7,38.3,68.8,38.2,34.4,30.5,11.2,1.3,29.5,11.5,11.5,31.8,63.2,23.9,35.0,21.5,10.5,7.1,15.3,7.0,7.0,E,D,C,E,-,-,-,-,-,-,-,-,-,-,-,-,-,-
2026-07-15,16:30~17:30,總停等延滯,360290.0,13625.0,8561.0,5064.0,21982.0,20314.0,1668.0,39914.0,25259.0,5308.0,9347.0,148135.0,19459.0,71487.0,33329.0,23860.0,27635.0,1584.0,26051.0,8940.0,8940.0,69497.0,27018.0,23709.0,7942.0,10828.0,23901.0,10543.0,13358.0,6661.0,6661.0,nan,280.4,nan,215.6,-,-,-,-,-,192.2,-,-,114.3,93.2,72.5,122.3,172.2,-
2026-07-15,16:30~17:30,通過量,3288.0,1129.0,207.0,922.0,1770.0,847.0,923.0,5512.0,2096.0,1824.0,1592.0,3986.0,261.0,2069.0,959.0,697.0,1675.0,1050.0,625.0,686.0,686.0,2121.0,405.0,1034.0,172.0,510.0,1844.0,958.0,886.0,672.0,672.0,0.0,16.7,0.0,15.0,-,-,-,-,-,-,-,-,-,-,-,-,-,-
2026-07-15,16:30~17:30,平均停等延滯,109.6,12.1,41.4,5.5,12.4,24.0,1.8,7.2,12.1,2.9,5.9,37.2,74.6,34.6,34.8,34.2,16.5,1.5,41.7,13.0,13.0,32.8,66.7,22.9,46.2,21.2,13.0,11.0,15.1,9.9,9.9,-,E,-,E,-,-,-,-,-,-,-,-,-,-,-,-,-,-
2026-07-15,17:30~18:30,總停等延滯,350289.0,15436.0,10208.0,5228.0,30013.0,27855.0,2158.0,40448.0,28622.0,5374.0,6452.0,150971.0,20693.0,82558.0,28928.0,18792.0,19039.0,1482.0,17557.0,6777.0,6777.0,66729.0,25888.0,23907.0,6947.0,9987.0,18072.0,6677.0,11395.0,2804.0,2804.0,nan,224.1,nan,248.6,-,-,-,-,-,189.4,-,-,42.0,106.4,75.6,142.2,203.5,-
2026-07-15,17:30~18:30,通過量,3035.0,998.0,175.0,823.0,1628.0,805.0,823.0,5155.0,2175.0,1617.0,1363.0,3679.0,311.0,1962.0,774.0,632.0,1616.0,1033.0,583.0,580.0,580.0,2125.0,397.0,1077.0,205.0,446.0,1697.0,1001.0,696.0,466.0,466.0,0.0,20.9,0.0,13.0,-,-,-,-,-,-,-,-,-,-,-,-,-,-
2026-07-15,17:30~18:30,平均停等延滯,115.4,15.5,58.3,6.4,18.4,34.6,2.6,7.8,13.2,3.3,4.7,41.0,66.5,42.1,37.4,29.7,11.8,1.4,30.1,11.7,11.7,31.4,65.2,22.2,33.9,22.4,10.6,6.7,16.4,6.0,6.0,-,D,-,E,-,-,-,-,-,-,-,-,-,-,-,-,-,-
2026-07-16,06:30~20:30,總停等延滯,3866438.0,122416.0,66565.0,55851.0,179113.0,133699.0,45414.0,493304.0,268476.0,66116.0,158712.0,1706885.0,213228.0,867830.0,380296.0,245531.0,252755.0,13328.0,239427.0,144558.0,144558.0,718047.0,299065.0,203310.0,72983.0,142689.0,218191.0,86068.0,132123.0,31169.0,31169.0,260.2,253.1,265.2,255.5,258.5,258.6,277.0,334.3,11814415.7,147.8,84.6,27.9,52.1,123.9,77.9,131.6,195.1,42.2
2026-07-16,06:30~20:30,通過量,41803.0,13479.0,1861.0,11618.0,23459.0,11569.0,11890.0,70439.0,25654.0,23381.0,21404.0,50583.0,3496.0,24169.0,11861.0,11057.0,21360.0,11221.0,10139.0,10223.0,10223.0,25333.0,4594.0,11086.0,2340.0,7313.0,22923.0,12293.0,10630.0,8109.0,8109.0,18.0,18.5,13.6,12.7,-,-,-,-,-,-,-,-,-,-,-,-,-,-
2026-07-16,06:30~20:30,平均停等延滯,92.5,9.1,35.8,4.8,7.6,11.6,3.8,7.0,10.5,2.8,7.4,33.7,61.0,35.9,32.1,22.2,11.8,1.2,23.6,14.1,14.1,28.3,65.1,18.3,31.2,19.5,9.5,7.0,12.4,3.8,3.8,E,E,E,E,-,-,-,-,-,-,-,-,-,-,-,-,-,-
2026-07-16,07:00~21:00,總停等延滯,3765878.0,122007.0,67805.0,54202.0,177484.0,133512.0,43972.0,476335.0,270485.0,61259.0,144591.0,1682413.0,209674.0,869563.0,368184.0,234992.0,235684.0,12931.0,222753.0,132561.0,132561.0,702036.0,297342.0,203103.0,69558.0,132033.0,209598.0,83477.0,126121.0,27760.0,27760.0,257.1,250.2,260.4,254.8,255.6,255.6,273.9,330.7,11597302.8,144.2,85.6,27.3,52.2,122.7,75.9,132.1,191.9,41.2
2026-07-16,07:00~21:00,通過量,41456.0,13130.0,1887.0,11243.0,23223.0,11670.0,11553.0,69317.0,25839.0,22657.0,20821.0,50212.0,3452.0,24435.0,11631.0,10694.0,21165.0,11383.0,9782.0,9981.0,9981.0,25270.0,4579.0,11291.0,2248.0,7152.0,22839.0,12371.0,10468.0,7995.0,7995.0,18.2,18.7,13.9,12.7,-,-,-,-,-,-,-,-,-,-,-,-,-,-
2026-07-16,07:00~21:00,平均停等延滯,90.8,9.3,35.9,4.8,7.6,11.4,3.8,6.9,10.5,2.7,6.9,33.5,60.7,35.6,31.7,22.0,11.1,1.1,22.8,13.3,13.3,27.8,64.9,18.0,30.9,18.5,9.2,6.7,12.0,3.5,3.5,E,E,E,E,-,-,-,-,-,-,-,-,-,-,-,-,-,-
2026-07-16,06:30~08:30,總停等延滯,819350.0,30361.0,4828.0,25533.0,39089.0,17839.0,21250.0,148411.0,45887.0,29637.0,72887.0,297096.0,34925.0,132965.0,73191.0,56015.0,66498.0,1963.0,64535.0,51908.0,51908.0,133319.0,39272.0,24191.0,16554.0,53302.0,40777.0,15283.0,25494.0,11891.0,11891.0,376.4,335.4,377.6,315.2,351.2,357.5,382.1,443.9,2143077.8,224.9,99.1,52.5,40.3,196.6,96.5,118.6,245.4,79.7
2026-07-16,06:30~08:30,通過量,5762.0,2134.0,155.0,1979.0,3199.0,1225.0,1974.0,10958.0,2843.0,4313.0,3802.0,6686.0,492.0,2435.0,1575.0,2184.0,3000.0,931.0,2069.0,1851.0,1851.0,3350.0,625.0,953.0,501.0,1271.0,2841.0,1348.0,1493.0,1225.0,1225.0,12.4,14.0,9.6,10.3,-,-,-,-,-,-,-,-,-,-,-,-,-,-
2026-07-16,06:30~08:30,平均停等延滯,142.2,14.2,31.1,12.9,12.2,14.6,10.8,13.5,16.1,6.9,19.2,44.4,71.0,54.6,46.5,25.6,22.2,2.1,31.2,28.0,28.0,39.8,62.8,25.4,33.0,41.9,14.4,11.3,17.1,9.7,9.7,E,E,F,E,-,-,-,-,-,-,-,-,-,-,-,-,-,-
2026-07-16,06:30~07:30,總停等延滯,373408.0,11707.0,1678.0,10029.0,7663.0,800.0,6863.0,61042.0,11555.0,14105.0,35382.0,130873.0,17869.0,45878.0,36068.0,31058.0,39515.0,878.0,38637.0,33067.0,33067.0,67692.0,17640.0,6205.0,7029.0,36818.0,17972.0,5370.0,12602.0,3877.0,3877.0,356.8,244.3,356.8,236.2,298.5,319.4,343.9,401.2,936131.1,245.8,62.9,48.1,29.3,132.0,88.5,104.2,236.4,72.3
2026-07-16,06:30~07:30,通過量,2865.0,1123.0,68.0,1055.0,1608.0,556.0,1052.0,5521.0,1221.0,2296.0,2004.0,3249.0,233.0,1021.0,882.0,1113.0,1392.0,328.0,1064.0,972.0,972.0,1577.0,292.0,354.0,237.0,694.0,1374.0,589.0,785.0,563.0,563.0,13.1,19.2,10.1,13.7,-,-,-,-,-,-,-,-,-,-,-,-,-,-
2026-07-16,06:30~07:30,平均停等延滯,130.3,10.4,24.7,9.5,4.8,1.4,6.5,11.1,9.5,6.1,17.7,40.3,76.7,44.9,40.9,27.9,28.4,2.7,36.3,34.0,34.0,42.9,60.4,17.5,29.7,53.1,13.1,9.1,16.1,6.9,6.9,E,E,E,E,-,-,-,-,-,-,-,-,-,-,-,-,-,-
2026-07-16,07:30~08:30,總停等延滯,445942.0,18654.0,3150.0,15504.0,31426.0,17039.0,14387.0,87369.0,34332.0,15532.0,37505.0,166223.0,17056.0,87087.0,37123.0,24957.0,26983.0,1085.0,25898.0,18841.0,18841.0,65627.0,21632.0,17986.0,9525.0,16484.0,22805.0,9913.0,12892.0,8014.0,8014.0,396.0,421.6,398.4,394.2,402.6,401.7,426.5,490.6,1230915.6,203.9,135.3,56.8,50.8,261.2,104.5,133.0,254.4,87.1
2026-07-16,07:30~08:30,通過量,2897.0,1011.0,87.0,924.0,1591.0,669.0,922.0,5437.0,1622.0,2017.0,1798.0,3437.0,259.0,1414.0,693.0,1071.0,1608.0,603.0,1005.0,879.0,879.0,1773.0,333.0,599.0,264.0,577.0,1467.0,759.0,708.0,662.0,662.0,11.8,11.1,9.1,8.2,-,-,-,-,-,-,-,-,-,-,-,-,-,-
2026-07-16,07:30~08:30,平均停等延滯,153.9,18.5,36.2,16.8,19.8,25.5,15.6,16.1,21.2,7.7,20.9,48.4,65.9,61.6,53.6,23.3,16.8,1.8,25.8,21.4,21.4,37.0,65.0,30.0,36.1,28.6,15.5,13.1,18.2,12.1,12.1,E,E,F,F,-,-,-,-,-,-,-,-,-,-,-,-,-,-
2026-07-16,07:00~09:00,總停等延滯,856587.0,32792.0,6418.0,26374.0,52346.0,30796.0,21550.0,157014.0,60401.0,27947.0,68666.0,320753.0,35580.0,162048.0,72087.0,51038.0,57357.0,2183.0,55174.0,43700.0,43700.0,135022.0,44887.0,26221.0,17292.0,46622.0,47658.0,18432.0,29226.0,9945.0,9945.0,355.6,422.4,420.1,377.4,393.9,389.0,413.0,475.8,2431625.5,208.1,97.9,49.6,84.7,242.7,90.5,134.7,292.8,77.7
2026-07-16,07:00~09:00,通過量,5988.0,2080.0,180.0,1900.0,3190.0,1274.0,1916.0,11151.0,3133.0,4228.0,3790.0,6986.0,517.0,2766.0,1523.0,2180.0,3170.0,1121.0,2049.0,1903.0,1903.0,3661.0,671.0,1149.0,525.0,1316.0,2944.0,1439.0,1505.0,1268.0,1268.0,13.2,11.1,8.6,8.6,-,-,-,-,-,-,-,-,-,-,-,-,-,-
2026-07-16,07:00~09:00,平均停等延滯,143.1,15.8,35.7,13.9,16.4,24.2,11.2,14.1,19.3,6.6,18.1,45.9,68.8,58.6,47.3,23.4,18.1,1.9,26.9,23.0,23.0,36.9,66.9,22.8,32.9,35.4,16.2,12.8,19.4,7.8,7.8,E,E,F,F,-,-,-,-,-,-,-,-,-,-,-,-,-,-
2026-07-16,10:00~12:00,總停等延滯,439609.0,18282.0,10785.0,7497.0,10255.0,5419.0,4836.0,48223.0,28481.0,5517.0,14225.0,212263.0,28484.0,102175.0,51260.0,30344.0,27963.0,1758.0,26205.0,10678.0,10678.0,81602.0,38946.0,19683.0,10494.0,12479.0,26610.0,10034.0,16576.0,3733.0,3733.0,253.2,199.3,249.3,212.0,228.4,229.1,244.8,297.5,1496703.7,129.4,95.7,28.2,36.8,98.0,64.4,113.9,182.7,38.4
2026-07-16,10:00~12:00,通過量,6003.0,2017.0,321.0,1696.0,3409.0,1656.0,1753.0,9902.0,3553.0,3287.0,3062.0,7279.0,519.0,3433.0,1795.0,1532.0,2918.0,1526.0,1392.0,1391.0,1391.0,3468.0,612.0,1507.0,312.0,1037.0,3328.0,1782.0,1546.0,1158.0,1158.0,18.5,23.5,14.5,15.3,-,-,-,-,-,-,-,-,-,-,-,-,-,-
2026-07-16,10:00~12:00,平均停等延滯,73.2,9.1,33.6,4.4,3.0,3.3,2.8,4.9,8.0,1.7,4.6,29.2,54.9,29.8,28.6,19.8,9.6,1.2,18.8,7.7,7.7,23.5,63.6,13.1,33.6,12.0,8.0,5.6,10.7,3.2,3.2,E,D,E,E,-,-,-,-,-,-,-,-,-,-,-,-,-,-
2026-07-16,11:00~12:00,總停等延滯,224006.0,9312.0,4050.0,5262.0,6779.0,3118.0,3661.0,24397.0,15427.0,2338.0,6632.0,112319.0,13998.0,61687.0,23771.0,12863.0,12287.0,743.0,11544.0,4718.0,4718.0,39522.0,20403.0,8662.0,5668.0,4789.0,13639.0,4693.0,8946.0,1033.0,1033.0,268.8,212.8,280.1,233.1,248.7,248.4,262.0,306.4,800183.6,103.0,131.8,34.0,29.9,115.1,67.7,118.0,206.3,39.8
2026-07-16,11:00~12:00,通過量,2955.0,952.0,167.0,785.0,1671.0,813.0,858.0,4881.0,1772.0,1630.0,1479.0,3621.0,287.0,1777.0,808.0,749.0,1477.0,772.0,705.0,722.0,722.0,1692.0,295.0,722.0,149.0,526.0,1631.0,913.0,718.0,534.0,534.0,17.4,22.0,12.9,13.9,-,-,-,-,-,-,-,-,-,-,-,-,-,-
2026-07-16,11:00~12:00,平均停等延滯,75.8,9.8,24.3,6.7,4.1,3.8,4.3,5.0,8.7,1.4,4.5,31.0,48.8,34.7,29.4,17.2,8.3,1.0,16.4,6.5,6.5,23.4,69.2,12.0,38.0,9.1,8.4,5.1,12.5,1.9,1.9,E,D,E,E,-,-,-,-,-,-,-,-,-,-,-,-,-,-
2026-07-16,12:00~14:00,總停等延滯,429369.0,18176.0,6298.0,11878.0,9810.0,3227.0,6583.0,47888.0,31432.0,3840.0,12616.0,215728.0,25362.0,114542.0,49224.0,26600.0,24902.0,1764.0,23138.0,8865.0,8865.0,78898.0,40223.0,17097.0,10423.0,11155.0,23315.0,7540.0,15775.0,1787.0,1787.0,193.5,240.8,251.0,234.8,230.0,230.7,243.5,284.7,1523413.1,98.8,65.0,29.7,58.8,108.0,74.0,126.8,187.2,34.1
2026-07-16,12:00~14:00,通過量,6104.0,1951.0,288.0,1663.0,3502.0,1784.0,1718.0,9710.0,3481.0,3199.0,3030.0,7253.0,456.0,3430.0,1786.0,1581.0,3024.0,1558.0,1466.0,1442.0,1442.0,3531.0,655.0,1511.0,251.0,1114.0,3258.0,1702.0,1556.0,1181.0,1181.0,24.2,19.4,14.4,13.8,-,-,-,-,-,-,-,-,-,-,-,-,-,-
2026-07-16,12:00~14:00,平均停等延滯,70.3,9.3,21.9,7.1,2.8,1.8,3.8,4.9,9.0,1.2,4.2,29.7,55.6,33.4,27.6,16.8,8.2,1.1,15.8,6.1,6.1,22.3,61.4,11.3,41.5,10.0,7.2,4.4,10.1,1.5,1.5,D,E,E,E,-,-,-,-,-,-,-,-,-,-,-,-,-,-
2026-07-16,16:30~18:30,總停等延滯,672229.0,13799.0,12472.0,1327.0,56149.0,52577.0,3572.0,72949.0,51259.0,8723.0,12967.0,292890.0,40249.0,161617.0,55190.0,35834.0,32055.0,2166.0,29889.0,11320.0,11320.0,151477.0,59754.0,65010.0,9333.0,17380.0,38053.0,16804.0,21249.0,3537.0,3537.0,222.1,241.7,213.2,245.0,230.5,231.7,253.3,320.4,1654545.0,145.3,60.3,16.4,43.4,114.1,84.1,130.9,159.4,37.3
2026-07-16,16:30~18:30,通過量,6401.0,1952.0,293.0,1659.0,3566.0,1843.0,1723.0,10977.0,4525.0,3449.0,3003.0,7958.0,606.0,4211.0,1820.0,1321.0,3455.0,2209.0,1246.0,1314.0,1314.0,4125.0,784.0,2109.0,376.0,856.0,3690.0,2047.0,1643.0,1075.0,1075.0,21.1,19.4,17.0,13.2,-,-,-,-,-,-,-,-,-,-,-,-,-,-
2026-07-16,16:30~18:30,平均停等延滯,105.0,7.1,42.6,0.8,15.7,28.5,2.1,6.6,11.3,2.5,4.3,36.8,66.4,38.4,30.3,27.1,9.3,1.0,24.0,8.6,8.6,36.7,76.2,30.8,24.8,20.3,10.3,8.2,12.9,3.3,3.3,D,E,E,E,-,-,-,-,-,-,-,-,-,-,-,-,-,-
2026-07-16,17:00~19:00,總停等延滯,627232.0,14229.0,13139.0,1090.0,51722.0,49172.0,2550.0,70039.0,50948.0,8355.0,10736.0,281067.0,34480.0,165307.0,51299.0,29981.0,17313.0,1870.0,15443.0,10504.0,10504.0,144464.0,58989.0,62594.0,8346.0,14535.0,35354.0,15685.0,19669.0,2540.0,2540.0,193.9,274.8,211.7,224.0,226.1,230.8,252.8,322.3,1539634.0,116.5,60.8,16.6,82.2,110.7,81.9,113.4,161.0,34.2
2026-07-16,17:00~19:00,通過量,6027.0,1798.0,289.0,1509.0,3382.0,1838.0,1544.0,10301.0,4522.0,3116.0,2663.0,7406.0,534.0,4022.0,1661.0,1189.0,3249.0,2134.0,1115.0,1185.0,1185.0,4013.0,789.0,2126.0,345.0,753.0,3557.0,2078.0,1479.0,974.0,974.0,24.1,17.0,17.1,14.5,-,-,-,-,-,-,-,-,-,-,-,-,-,-
2026-07-16,17:00~19:00,平均停等延滯,104.1,7.9,45.5,0.7,15.3,26.8,1.7,6.8,11.3,2.7,4.0,38.0,64.6,41.1,30.9,25.2,5.3,0.9,13.9,8.9,8.9,36.0,74.8,29.4,24.2,19.3,9.9,7.5,13.3,2.6,2.6,D,E,E,E,-,-,-,-,-,-,-,-,-,-,-,-,-,-
2026-07-16,16:30~17:30,總停等延滯,344989.0,6251.0,5489.0,762.0,26463.0,23914.0,2549.0,36737.0,25155.0,4177.0,7405.0,145359.0,21864.0,73572.0,28373.0,21550.0,26527.0,1348.0,25179.0,5934.0,5934.0,74422.0,29186.0,29877.0,5397.0,9962.0,20722.0,10155.0,10567.0,2574.0,2574.0,287.8,238.6,225.0,287.3,259.7,256.3,277.4,342.0,926534.0,193.9,77.2,16.8,39.8,114.8,84.0,172.4,168.4,39.9
2026-07-16,16:30~17:30,通過量,3332.0,1034.0,136.0,898.0,1839.0,928.0,911.0,5625.0,2198.0,1801.0,1626.0,4037.0,315.0,2047.0,971.0,704.0,1775.0,1093.0,682.0,714.0,714.0,2130.0,392.0,1044.0,202.0,492.0,1849.0,982.0,867.0,593.0,593.0,16.3,19.6,16.1,11.3,-,-,-,-,-,-,-,-,-,-,-,-,-,-
2026-07-16,16:30~17:30,平均停等延滯,103.5,6.0,40.4,0.8,14.4,25.8,2.8,6.5,11.4,2.3,4.6,36.0,69.4,35.9,29.2,30.6,14.9,1.2,36.9,8.3,8.3,34.9,74.5,28.6,26.7,20.2,11.2,10.3,12.2,4.3,4.3,E,E,E,E,-,-,-,-,-,-,-,-,-,-,-,-,-,-
2026-07-16,17:30~18:30,總停等延滯,327240.0,7548.0,6983.0,565.0,29686.0,28663.0,1023.0,36212.0,26104.0,4546.0,5562.0,147531.0,18385.0,88045.0,26817.0,14284.0,5528.0,818.0,4710.0,5386.0,5386.0,77055.0,30568.0,35133.0,3936.0,7418.0,17331.0,6649.0,10682.0,963.0,963.0,156.3,244.7,201.3,202.8,201.3,207.3,229.4,298.9,731024.5,96.8,43.5,16.1,47.1,113.3,84.3,89.5,150.4,34.8
2026-07-16,17:30~18:30,通過量,3069.0,918.0,157.0,761.0,1727.0,915.0,812.0,5352.0,2327.0,1648.0,1377.0,3921.0,291.0,2164.0,849.0,617.0,1680.0,1116.0,564.0,600.0,600.0,1995.0,392.0,1065.0,174.0,364.0,1841.0,1065.0,776.0,482.0,482.0,29.9,19.1,18.0,16.0,-,-,-,-,-,-,-,-,-,-,-,-,-,-
2026-07-16,17:30~18:30,平均停等延滯,106.6,8.2,44.5,0.7,17.2,31.3,1.3,6.8,11.2,2.8,4.0,37.6,63.2,40.7,31.6,23.2,3.3,0.7,8.4,9.0,9.0,38.6,78.0,33.0,22.6,20.4,9.4,6.2,13.8,2.0,2.0,C,E,E,E,-,-,-,-,-,-,-,-,-,-,-,-,-,-
2026-07-17,06:30~20:30,總停等延滯,3917046.0,109590.0,65292.0,44298.0,155255.0,120790.0,34465.0,477406.0,266787.0,62566.0,148053.0,1792828.0,221482.0,900963.0,427422.0,242961.0,261993.0,14109.0,247884.0,133170.0,133170.0,735134.0,327494.0,194583.0,83551.0,129506.0,227725.0,86933.0,140792.0,23945.0,23945.0,265.8,220.1,254.2,255.7,249.0,249.1,266.3,321.5,12076136.3,152.3,84.6,28.5,36.8,112.2,72.7,143.4,182.8,42.8
2026-07-17,06:30~20:30,通過量,43996.0,14195.0,1993.0,12202.0,24524.0,12097.0,12427.0,73598.0,26040.0,24855.0,22703.0,53468.0,3604.0,25456.0,13092.0,11316.0,21441.0,11251.0,10190.0,10574.0,10574.0,25810.0,4691.0,11173.0,2563.0,7383.0,23891.0,12226.0,11665.0,8724.0,8724.0,17.6,21.3,14.2,12.7,-,-,-,-,-,-,-,-,-,-,-,-,-,-
2026-07-17,06:30~20:30,平均停等延滯,89.0,7.7,32.8,3.6,6.3,10.0,2.8,6.5,10.2,2.5,6.5,33.5,61.5,35.4,32.6,21.5,12.2,1.3,24.3,12.6,12.6,28.5,69.8,17.4,32.6,17.5,9.5,7.1,12.1,2.7,2.7,E,D,E,E,-,-,-,-,-,-,-,-,-,-,-,-,-,-
2026-07-17,07:00~21:00,總停等延滯,3848579.0,110411.0,66923.0,43488.0,153450.0,120308.0,33142.0,464925.0,270560.0,58817.0,135548.0,1775852.0,219389.0,908015.0,412427.0,236021.0,248637.0,13953.0,234684.0,122493.0,122493.0,729363.0,325306.0,197286.0,80492.0,126279.0,219662.0,85780.0,133882.0,23786.0,23786.0,263.5,219.1,248.3,252.2,245.8,245.6,262.8,318.4,11858367.8,150.5,84.1,28.5,36.9,110.7,73.1,141.4,178.1,41.7
2026-07-17,07:00~21:00,通過量,43701.0,13882.0,2020.0,11862.0,24298.0,12198.0,12100.0,72557.0,26355.0,24141.0,22061.0,53236.0,3582.0,25820.0,12897.0,10937.0,21254.0,11430.0,9824.0,10247.0,10247.0,25771.0,4728.0,11347.0,2493.0,7203.0,23892.0,12415.0,11477.0,8653.0,8653.0,17.8,21.4,14.6,12.8,-,-,-,-,-,-,-,-,-,-,-,-,-,-
2026-07-17,07:00~21:00,平均停等延滯,88.1,8.0,33.1,3.7,6.3,9.9,2.7,6.4,10.3,2.4,6.1,33.4,61.2,35.2,32.0,21.6,11.7,1.2,23.9,12.0,12.0,28.3,68.8,17.4,32.3,17.5,9.2,6.9,11.7,2.7,2.7,E,D,E,E,-,-,-,-,-,-,-,-,-,-,-,-,-,-
2026-07-17,06:30~08:30,總停等延滯,640188.0,23248.0,4780.0,18468.0,27147.0,14867.0,12280.0,113782.0,42773.0,20500.0,50509.0,280550.0,35513.0,136384.0,74383.0,34270.0,31046.0,2101.0,28945.0,21140.0,21140.0,107688.0,55479.0,8658.0,20322.0,23229.0,32497.0,9816.0,22681.0,3090.0,3090.0,190.1,285.7,329.9,338.3,286.0,279.0,298.8,356.1,1830500.6,98.2,57.2,34.7,37.7,186.7,58.8,150.8,233.8,61.4
2026-07-17,06:30~08:30,通過量,5802.0,2104.0,143.0,1961.0,3162.0,1244.0,1918.0,11112.0,2901.0,4302.0,3909.0,7310.0,532.0,2906.0,1748.0,2124.0,2989.0,958.0,2031.0,1933.0,1933.0,3421.0,602.0,1011.0,528.0,1280.0,2783.0,1310.0,1473.0,1186.0,1186.0,24.6,16.4,11.0,9.6,-,-,-,-,-,-,-,-,-,-,-,-,-,-
2026-07-17,06:30~08:30,平均停等延滯,110.3,11.0,33.4,9.4,8.6,12.0,6.4,10.2,14.7,4.8,12.9,38.4,66.8,46.9,42.6,16.1,10.4,2.2,14.3,10.9,10.9,31.5,92.2,8.6,38.5,18.1,11.7,7.5,15.4,2.6,2.6,D,E,E,F,-,-,-,-,-,-,-,-,-,-,-,-,-,-
2026-07-17,06:30~07:30,總停等延滯,293095.0,8252.0,1654.0,6598.0,4886.0,953.0,3933.0,48988.0,10523.0,10023.0,28442.0,128991.0,16482.0,49876.0,41145.0,21488.0,21621.0,1031.0,20590.0,15063.0,15063.0,44600.0,20934.0,2099.0,9696.0,11871.0,20340.0,4326.0,16014.0,354.0,354.0,200.4,207.2,349.6,266.6,-,-,-,-,-,127.5,50.8,22.1,29.1,130.0,56.1,135.4,265.0,62.5
2026-07-17,06:30~07:30,通過量,2797.0,1072.0,51.0,1021.0,1573.0,581.0,992.0,5588.0,1258.0,2285.0,2045.0,3372.0,232.0,1094.0,919.0,1127.0,1459.0,374.0,1085.0,1031.0,1031.0,1548.0,243.0,384.0,268.0,653.0,1368.0,599.0,769.0,532.0,532.0,23.4,22.6,10.3,12.2,-,-,-,-,-,-,-,-,-,-,-,-,-,-
2026-07-17,06:30~07:30,平均停等延滯,104.8,7.7,32.4,6.5,3.1,1.6,4.0,8.8,8.4,4.4,13.9,38.3,71.0,45.6,44.8,19.1,14.8,2.8,19.0,14.6,14.6,28.8,86.1,5.5,36.2,18.2,14.9,7.2,20.8,0.7,0.7,D,D,E,E,-,-,-,-,-,-,-,-,-,-,-,-,-,-
2026-07-17,07:30~08:30,總停等延滯,347093.0,14996.0,3126.0,11870.0,22261.0,13914.0,8347.0,64794.0,32250.0,10477.0,22067.0,151559.0,19031.0,86508.0,33238.0,12782.0,9425.0,1070.0,8355.0,6077.0,6077.0,63088.0,34545.0,6559.0,10626.0,11358.0,12157.0,5490.0,6667.0,2736.0,2736.0,179.8,348.0,310.2,408.9,311.7,308.0,329.0,391.5,1086463.0,68.8,63.7,47.2,44.6,242.6,61.6,166.3,202.7,60.4
2026-07-17,07:30~08:30,通過量,3005.0,1032.0,92.0,940.0,1589.0,663.0,926.0,5524.0,1643.0,2017.0,1864.0,3938.0,300.0,1812.0,829.0,997.0,1530.0,584.0,946.0,902.0,902.0,1873.0,359.0,627.0,260.0,627.0,1415.0,711.0,704.0,654.0,654.0,26.0,13.4,11.7,7.9,-,-,-,-,-,-,-,-,-,-,-,-,-,-
2026-07-17,07:30~08:30,平均停等延滯,115.5,14.5,34.0,12.6,14.0,21.0,9.0,11.7,19.6,5.2,11.8,38.5,63.4,47.7,40.1,12.8,6.2,1.8,8.8,6.7,6.7,33.7,96.2,10.5,40.9,18.1,8.6,7.7,9.5,4.2,4.2,C,E,E,F,-,-,-,-,-,-,-,-,-,-,-,-,-,-
2026-07-17,07:00~09:00,總停等延滯,666108.0,24460.0,6404.0,18056.0,37998.0,26551.0,11447.0,119155.0,56975.0,18972.0,43208.0,301853.0,38622.0,164310.0,72326.0,26595.0,19311.0,2254.0,17057.0,11623.0,11623.0,120183.0,61989.0,11278.0,22770.0,24146.0,27205.0,9726.0,17479.0,4320.0,4320.0,182.2,343.7,324.0,386.8,309.2,302.5,323.9,389.1,2125465.1,78.2,60.3,43.8,44.0,232.8,61.7,154.1,223.6,56.6
2026-07-17,07:00~09:00,通過量,5910.0,2030.0,164.0,1866.0,3136.0,1265.0,1871.0,10994.0,3128.0,4123.0,3743.0,7797.0,559.0,3386.0,1796.0,2056.0,3071.0,1135.0,1936.0,1827.0,1827.0,3622.0,659.0,1156.0,555.0,1252.0,2908.0,1452.0,1456.0,1278.0,1278.0,25.7,13.6,11.2,8.4,-,-,-,-,-,-,-,-,-,-,-,-,-,-
2026-07-17,07:00~09:00,平均停等延滯,112.7,12.0,39.0,9.7,12.1,21.0,6.1,10.8,18.2,4.6,11.5,38.7,69.1,48.5,40.3,12.9,6.3,2.0,8.8,6.4,6.4,33.2,94.1,9.8,41.0,19.3,9.4,6.7,12.0,3.4,3.4,C,E,E,F,-,-,-,-,-,-,-,-,-,-,-,-,-,-
2026-07-17,10:00~12:00,總停等延滯,446056.0,18843.0,11076.0,7767.0,6905.0,3344.0,3561.0,47988.0,27875.0,6123.0,13990.0,212192.0,29651.0,95020.0,58255.0,29266.0,31925.0,2161.0,29764.0,16945.0,16945.0,77700.0,35654.0,19204.0,9846.0,12996.0,29407.0,12747.0,16660.0,4151.0,4151.0,286.8,182.7,228.4,259.9,239.4,238.5,253.7,304.4,1617821.8,159.0,102.2,22.7,32.2,87.1,63.4,172.8,174.2,31.6
2026-07-17,10:00~12:00,通過量,6346.0,2106.0,337.0,1769.0,3586.0,1745.0,1841.0,10064.0,3473.0,3409.0,3182.0,7524.0,524.0,3620.0,1915.0,1465.0,2846.0,1503.0,1343.0,1420.0,1420.0,3514.0,604.0,1557.0,301.0,1052.0,3528.0,1745.0,1783.0,1314.0,1314.0,16.3,25.6,15.8,12.5,-,-,-,-,-,-,-,-,-,-,-,-,-,-
2026-07-17,10:00~12:00,平均停等延滯,70.3,8.9,32.9,4.4,1.9,1.9,1.9,4.8,8.0,1.8,4.4,28.2,56.6,26.2,30.4,20.0,11.2,1.4,22.2,11.9,11.9,22.1,59.0,12.3,32.7,12.4,8.3,7.3,9.3,3.2,3.2,E,C,E,E,-,-,-,-,-,-,-,-,-,-,-,-,-,-
2026-07-17,11:00~12:00,總停等延滯,220874.0,11452.0,4330.0,7122.0,3841.0,1217.0,2624.0,22301.0,14440.0,2594.0,5267.0,111548.0,14693.0,57003.0,28356.0,11496.0,10700.0,1142.0,9558.0,5248.0,5248.0,37625.0,18793.0,8857.0,4659.0,5316.0,16860.0,7200.0,9660.0,1299.0,1299.0,237.3,188.4,254.2,321.4,250.3,252.0,264.3,306.0,852308.4,95.5,116.2,25.7,32.2,97.9,58.3,223.4,197.0,31.6
2026-07-17,11:00~12:00,通過量,3182.0,1070.0,187.0,883.0,1761.0,858.0,903.0,4924.0,1760.0,1640.0,1524.0,3754.0,275.0,1823.0,958.0,698.0,1449.0,788.0,661.0,716.0,716.0,1769.0,306.0,764.0,143.0,556.0,1751.0,894.0,857.0,587.0,587.0,19.7,24.8,14.2,10.1,-,-,-,-,-,-,-,-,-,-,-,-,-,-
2026-07-17,11:00~12:00,平均停等延滯,69.4,10.7,23.2,8.1,2.2,1.4,2.9,4.5,8.2,1.6,3.5,29.7,53.4,31.3,29.6,16.5,7.4,1.4,14.5,7.3,7.3,21.3,61.4,11.6,32.6,9.6,9.6,8.1,11.3,2.2,2.2,E,D,E,E,-,-,-,-,-,-,-,-,-,-,-,-,-,-
2026-07-17,12:00~14:00,總停等延滯,477484.0,14135.0,5413.0,8722.0,12139.0,6779.0,5360.0,51614.0,29724.0,5540.0,16350.0,236134.0,25866.0,125362.0,56754.0,28152.0,31580.0,1783.0,29797.0,11578.0,11578.0,90405.0,48762.0,21689.0,9775.0,10179.0,26016.0,8153.0,17863.0,3883.0,3883.0,198.2,196.7,248.1,250.6,223.4,224.8,237.7,278.0,1509858.3,108.7,69.1,20.4,35.0,97.9,64.2,152.7,186.0,41.7
2026-07-17,12:00~14:00,通過量,6256.0,2017.0,328.0,1689.0,3495.0,1751.0,1744.0,10210.0,3660.0,3407.0,3143.0,7377.0,468.0,3422.0,1849.0,1638.0,3113.0,1631.0,1482.0,1515.0,1515.0,3633.0,683.0,1588.0,287.0,1075.0,3389.0,1725.0,1664.0,1261.0,1261.0,23.6,23.8,14.6,12.9,-,-,-,-,-,-,-,-,-,-,-,-,-,-
2026-07-17,12:00~14:00,平均停等延滯,76.3,7.0,16.5,5.2,3.5,3.9,3.1,5.1,8.1,1.6,5.2,32.0,55.3,36.6,30.7,17.2,10.1,1.1,20.1,7.6,7.6,24.9,71.4,13.7,34.1,9.5,7.7,4.7,10.7,3.1,3.1,D,D,E,E,-,-,-,-,-,-,-,-,-,-,-,-,-,-
2026-07-17,16:30~18:30,總停等延滯,730283.0,13829.0,11742.0,2087.0,50040.0,47338.0,2702.0,81381.0,49709.0,10050.0,21622.0,324050.0,43578.0,168670.0,67839.0,43963.0,47835.0,2412.0,45423.0,15374.0,15374.0,143568.0,55425.0,61956.0,11286.0,14901.0,50530.0,23873.0,26657.0,3676.0,3676.0,336.1,228.7,243.9,236.8,261.4,256.1,277.4,342.4,1934170.2,196.8,88.3,51.0,43.2,93.4,92.1,143.4,150.6,42.3
2026-07-17,16:30~18:30,通過量,6690.0,2085.0,272.0,1813.0,3760.0,1919.0,1841.0,11466.0,4433.0,3770.0,3263.0,8387.0,651.0,4228.0,2006.0,1502.0,3280.0,2061.0,1219.0,1287.0,1287.0,4133.0,790.0,2105.0,382.0,856.0,3896.0,2076.0,1820.0,1290.0,1290.0,13.9,20.5,14.8,13.7,-,-,-,-,-,-,-,-,-,-,-,-,-,-
2026-07-17,16:30~18:30,平均停等延滯,109.2,6.6,43.2,1.2,13.3,24.7,1.5,7.1,11.2,2.7,6.6,38.6,66.9,39.9,33.8,29.3,14.6,1.2,37.3,11.9,11.9,34.7,70.2,29.4,29.5,17.4,13.0,11.5,14.6,2.8,2.8,E,D,E,E,-,-,-,-,-,-,-,-,-,-,-,-,-,-
2026-07-17,17:00~19:00,總停等延滯,636246.0,13681.0,11463.0,2218.0,37303.0,35062.0,2241.0,70111.0,46871.0,8878.0,14362.0,293308.0,39248.0,157408.0,58791.0,37861.0,32889.0,2192.0,30697.0,12446.0,12446.0,136164.0,55543.0,57080.0,9330.0,14211.0,37664.0,16384.0,21280.0,2680.0,2680.0,259.0,213.5,227.3,221.3,230.3,228.0,248.4,311.1,1592209.6,145.4,62.7,50.9,40.6,82.4,90.5,138.9,136.7,39.7
2026-07-17,17:00~19:00,通過量,6369.0,1976.0,284.0,1692.0,3611.0,1939.0,1672.0,10641.0,4312.0,3406.0,2923.0,7755.0,584.0,4039.0,1750.0,1382.0,3173.0,2007.0,1166.0,1218.0,1218.0,3951.0,781.0,1995.0,373.0,802.0,3652.0,2046.0,1606.0,1172.0,1172.0,18.1,21.9,15.9,14.6,-,-,-,-,-,-,-,-,-,-,-,-,-,-
2026-07-17,17:00~19:00,平均停等延滯,99.9,6.9,40.4,1.3,10.3,18.1,1.3,6.6,10.9,2.6,4.9,37.8,67.2,39.0,33.6,27.4,10.4,1.1,26.3,10.2,10.2,34.5,71.1,28.6,25.0,17.7,10.3,8.0,13.3,2.3,2.3,E,D,E,E,-,-,-,-,-,-,-,-,-,-,-,-,-,-
2026-07-17,16:30~17:30,總停等延滯,403818.0,6906.0,5634.0,1272.0,28895.0,27093.0,1802.0,46279.0,25079.0,5506.0,15694.0,171072.0,21104.0,88203.0,37781.0,23984.0,30356.0,1343.0,29013.0,9210.0,9210.0,76098.0,28137.0,32396.0,6250.0,9315.0,32193.0,16918.0,15275.0,2809.0,2809.0,354.3,239.8,232.8,251.0,269.5,264.1,284.5,347.7,1068935.2,217.2,119.0,18.1,40.8,106.9,92.1,144.1,161.4,53.2
2026-07-17,16:30~17:30,通過量,3436.0,1097.0,144.0,953.0,1835.0,898.0,937.0,6036.0,2201.0,2030.0,1805.0,4443.0,308.0,2166.0,1133.0,836.0,1730.0,1067.0,663.0,695.0,695.0,2151.0,410.0,1074.0,198.0,469.0,2020.0,1011.0,1009.0,728.0,728.0,13.2,19.5,15.5,12.9,-,-,-,-,-,-,-,-,-,-,-,-,-,-
2026-07-17,16:30~17:30,平均停等延滯,117.5,6.3,39.1,1.3,15.7,30.2,1.9,7.7,11.4,2.7,8.7,38.5,68.5,40.7,33.3,28.7,17.5,1.3,43.8,13.3,13.3,35.4,68.6,30.2,31.6,19.9,15.9,16.7,15.1,3.9,3.9,E,E,E,E,-,-,-,-,-,-,-,-,-,-,-,-,-,-
2026-07-17,17:30~18:30,總停等延滯,326465.0,6923.0,6108.0,815.0,21145.0,20245.0,900.0,35102.0,24630.0,4544.0,5928.0,152978.0,22474.0,80467.0,30058.0,19979.0,17479.0,1069.0,16410.0,6164.0,6164.0,67470.0,27288.0,29560.0,5036.0,5586.0,18337.0,6955.0,11382.0,867.0,867.0,317.8,217.6,255.0,222.5,253.2,247.2,269.7,336.3,866689.2,176.4,57.6,83.8,45.5,79.9,92.2,142.6,139.7,31.5
2026-07-17,17:30~18:30,通過量,3254.0,988.0,128.0,860.0,1925.0,1021.0,904.0,5430.0,2232.0,1740.0,1458.0,3944.0,343.0,2062.0,873.0,666.0,1550.0,994.0,556.0,592.0,592.0,1982.0,380.0,1031.0,184.0,387.0,1876.0,1065.0,811.0,562.0,562.0,14.7,21.5,14.2,14.6,-,-,-,-,-,-,-,-,-,-,-,-,-,-
2026-07-17,17:30~18:30,平均停等延滯,100.3,7.0,47.7,0.9,11.0,19.8,1.0,6.5,11.0,2.6,4.1,38.8,65.5,39.0,34.4,30.0,11.3,1.1,29.5,10.4,10.4,34.0,71.8,28.7,27.4,14.4,9.8,6.5,14.0,1.5,1.5,E,D,E,E,-,-,-,-,-,-,-,-,-,-,-,-,-,-
2026-07-18,06:30~20:30,總停等延滯,3083800.0,93330.0,63230.0,30100.0,78469.0,50091.0,28378.0,307314.0,194963.0,36912.0,75439.0,1566175.0,185178.0,771553.0,367945.0,241499.0,223027.0,12308.0,210719.0,91326.0,91326.0,548646.0,252609.0,128415.0,51911.0,115711.0,137786.0,39464.0,98322.0,37727.0,37727.0,214.7,199.3,207.4,210.8,208.0,208.2,225.1,278.6,9097653.9,123.0,69.0,34.4,39.7,100.6,59.1,110.2,142.4,38.4
2026-07-18,06:30~20:30,通過量,39929.0,13055.0,1833.0,11222.0,22634.0,11527.0,11107.0,64578.0,23329.0,21394.0,19855.0,47519.0,2718.0,23155.0,11057.0,10589.0,19790.0,10151.0,9639.0,10073.0,10073.0,23486.0,4191.0,10078.0,1934.0,7283.0,21904.0,11461.0,10443.0,8225.0,8225.0,21.8,23.5,17.4,15.4,-,-,-,-,-,-,-,-,-,-,-,-,-,-
2026-07-18,06:30~20:30,平均停等延滯,77.2,7.1,34.5,2.7,3.5,4.3,2.6,4.8,8.4,1.7,3.8,33.0,68.1,33.3,33.3,22.8,11.3,1.2,21.9,9.1,9.1,23.4,60.3,12.7,26.8,15.9,6.3,3.4,9.4,4.6,4.6,D,D,E,E,-,-,-,-,-,-,-,-,-,-,-,-,-,-
2026-07-18,07:00~21:00,總停等延滯,3102990.0,93909.0,63863.0,30046.0,78475.0,49857.0,28618.0,307333.0,197992.0,36190.0,73151.0,1580367.0,184684.0,785654.0,365384.0,244645.0,224100.0,12024.0,212076.0,90372.0,90372.0,552896.0,254183.0,130840.0,51596.0,116277.0,137665.0,40279.0,97386.0,37873.0,37873.0,223.2,198.7,198.7,211.4,208.0,208.0,224.9,278.1,9151849.8,124.4,76.5,33.7,39.7,100.3,59.1,111.1,138.3,35.4
2026-07-18,07:00~21:00,通過量,40159.0,13022.0,1873.0,11149.0,22754.0,11705.0,11049.0,64758.0,23781.0,21241.0,19736.0,47817.0,2708.0,23524.0,11059.0,10526.0,19922.0,10338.0,9584.0,10029.0,10029.0,23667.0,4212.0,10252.0,1923.0,7280.0,22129.0,11671.0,10458.0,8252.0,8252.0,21.0,23.6,18.2,15.3,-,-,-,-,-,-,-,-,-,-,-,-,-,-
2026-07-18,07:00~21:00,平均停等延滯,77.3,7.2,34.1,2.7,3.4,4.3,2.6,4.7,8.3,1.7,3.7,33.1,68.2,33.4,33.0,23.2,11.2,1.2,22.1,9.0,9.0,23.4,60.3,12.8,26.8,16.0,6.2,3.5,9.3,4.6,4.6,D,D,E,E,-,-,-,-,-,-,-,-,-,-,-,-,-,-
2026-07-18,06:30~08:30,總停等延滯,303588.0,9057.0,7052.0,2005.0,2099.0,1669.0,430.0,33898.0,12888.0,6890.0,14120.0,177024.0,22272.0,84554.0,56412.0,13786.0,3721.0,1011.0,2710.0,11162.0,11162.0,48474.0,25208.0,2968.0,5718.0,14580.0,13961.0,1805.0,12156.0,4192.0,4192.0,114.8,208.2,299.7,195.9,204.6,202.6,219.7,278.5,962451.8,54.6,35.5,24.7,29.1,124.8,52.1,71.1,223.4,51.6
2026-07-18,06:30~08:30,通過量,4327.0,1661.0,160.0,1501.0,2357.0,877.0,1480.0,7630.0,1920.0,2988.0,2722.0,5193.0,346.0,1993.0,1371.0,1483.0,2164.0,738.0,1426.0,1485.0,1485.0,2348.0,455.0,704.0,292.0,897.0,2344.0,1044.0,1300.0,1005.0,1005.0,40.8,22.5,12.1,16.5,-,-,-,-,-,-,-,-,-,-,-,-,-,-
2026-07-18,06:30~08:30,平均停等延滯,70.2,5.5,44.1,1.3,0.9,1.9,0.3,4.4,6.7,2.3,5.2,34.1,64.4,42.4,41.1,9.3,1.7,1.4,1.9,7.5,7.5,20.6,55.4,4.2,19.6,16.3,6.0,1.7,9.4,4.2,4.2,A,D,E,E,-,-,-,-,-,-,-,-,-,-,-,-,-,-
2026-07-18,06:30~07:30,總停等延滯,120008.0,3013.0,2295.0,718.0,1180.0,1067.0,113.0,16354.0,5709.0,2823.0,7822.0,65776.0,10104.0,24356.0,25445.0,5871.0,1618.0,436.0,1182.0,5119.0,5119.0,20720.0,10399.0,700.0,2262.0,7359.0,5371.0,728.0,4643.0,857.0,857.0,103.1,182.6,281.7,166.4,183.4,184.2,198.9,247.6,382366.5,49.6,31.0,22.5,27.8,103.3,51.3,63.1,190.9,68.3
2026-07-18,06:30~07:30,通過量,1942.0,792.0,65.0,727.0,1048.0,359.0,689.0,3509.0,755.0,1443.0,1311.0,2293.0,169.0,727.0,675.0,722.0,999.0,300.0,699.0,701.0,701.0,1054.0,204.0,289.0,122.0,439.0,996.0,412.0,584.0,451.0,451.0,45.4,25.6,12.8,19.5,-,-,-,-,-,-,-,-,-,-,-,-,-,-
2026-07-18,06:30~07:30,平均停等延滯,61.8,3.8,35.3,1.0,1.1,3.0,0.2,4.7,7.6,2.0,6.0,28.7,59.8,33.5,37.7,8.1,1.6,1.5,1.7,7.3,7.3,19.7,51.0,2.4,18.5,16.8,5.4,1.8,8.0,1.9,1.9,A,C,E,E,-,-,-,-,-,-,-,-,-,-,-,-,-,-
2026-07-18,07:30~08:30,總停等延滯,183580.0,6044.0,4757.0,1287.0,919.0,602.0,317.0,17544.0,7179.0,4067.0,6298.0,111248.0,12168.0,60198.0,30967.0,7915.0,2103.0,575.0,1528.0,6043.0,6043.0,27754.0,14809.0,2268.0,3456.0,7221.0,8590.0,1077.0,7513.0,3335.0,3335.0,126.4,229.2,317.7,225.4,224.7,222.0,241.0,307.1,593716.4,59.6,39.9,26.9,30.1,146.3,52.8,79.2,255.9,34.9
2026-07-18,07:30~08:30,通過量,2385.0,869.0,95.0,774.0,1309.0,518.0,791.0,4121.0,1165.0,1545.0,1411.0,2900.0,177.0,1266.0,696.0,761.0,1165.0,438.0,727.0,784.0,784.0,1294.0,251.0,415.0,170.0,458.0,1348.0,632.0,716.0,554.0,554.0,37.0,20.4,11.4,14.4,-,-,-,-,-,-,-,-,-,-,-,-,-,-
2026-07-18,07:30~08:30,平均停等延滯,77.0,7.0,50.1,1.7,0.7,1.2,0.4,4.3,6.2,2.6,4.5,38.4,68.7,47.5,44.5,10.4,1.8,1.3,2.1,7.7,7.7,21.4,59.0,5.5,20.3,15.8,6.4,1.7,10.5,6.0,6.0,B,D,E,E,-,-,-,-,-,-,-,-,-,-,-,-,-,-
2026-07-18,07:00~09:00,總停等延滯,354202.0,10517.0,7927.0,2590.0,1993.0,1550.0,443.0,37637.0,15939.0,7530.0,14168.0,210806.0,23500.0,109304.0,62169.0,15833.0,3776.0,1118.0,2658.0,11790.0,11790.0,57093.0,29810.0,4236.0,7078.0,15969.0,16123.0,2225.0,13898.0,4467.0,4467.0,144.5,222.2,304.9,211.7,220.8,219.1,235.8,294.4,1165163.9,57.1,65.2,22.1,29.9,141.2,50.6,70.5,248.4,34.4
2026-07-18,07:00~09:00,通過量,4914.0,1752.0,185.0,1567.0,2674.0,1129.0,1545.0,8324.0,2267.0,3163.0,2894.0,5798.0,366.0,2408.0,1454.0,1570.0,2423.0,897.0,1526.0,1605.0,1605.0,2727.0,520.0,855.0,329.0,1023.0,2592.0,1230.0,1362.0,1052.0,1052.0,32.4,21.1,11.9,15.3,-,-,-,-,-,-,-,-,-,-,-,-,-,-
2026-07-18,07:00~09:00,平均停等延滯,72.1,6.0,42.8,1.7,0.7,1.4,0.3,4.5,7.0,2.4,4.9,36.4,64.2,45.4,42.8,10.1,1.6,1.2,1.7,7.3,7.3,20.9,57.3,5.0,21.5,15.6,6.2,1.8,10.2,4.2,4.2,B,D,E,E,-,-,-,-,-,-,-,-,-,-,-,-,-,-
2026-07-18,10:00~12:00,總停等延滯,494945.0,16829.0,6662.0,10167.0,12376.0,3815.0,8561.0,51956.0,28237.0,7572.0,16147.0,236351.0,32984.0,104774.0,57548.0,41045.0,45864.0,1880.0,43984.0,11199.0,11199.0,87234.0,42844.0,22226.0,8689.0,13475.0,25570.0,8657.0,16913.0,7566.0,7566.0,234.5,183.3,199.2,226.9,211.0,211.3,226.8,274.4,1398046.7,148.1,62.1,24.4,34.2,87.1,62.1,139.8,139.7,35.1
2026-07-18,10:00~12:00,通過量,6438.0,2120.0,249.0,1871.0,3676.0,1808.0,1868.0,10195.0,3532.0,3500.0,3163.0,7340.0,537.0,3372.0,1753.0,1678.0,3131.0,1643.0,1488.0,1488.0,1488.0,3719.0,672.0,1575.0,293.0,1179.0,3414.0,1714.0,1700.0,1254.0,1254.0,20.0,25.5,18.2,14.3,-,-,-,-,-,-,-,-,-,-,-,-,-,-
2026-07-18,10:00~12:00,平均停等延滯,76.9,7.9,26.8,5.4,3.4,2.1,4.6,5.1,8.0,2.2,5.1,32.2,61.4,31.1,32.8,24.5,14.6,1.1,29.6,7.5,7.5,23.5,63.8,14.1,29.7,11.4,7.5,5.1,9.9,6.0,6.0,D,C,E,E,-,-,-,-,-,-,-,-,-,-,-,-,-,-
2026-07-18,11:00~12:00,總停等延滯,248291.0,12475.0,3731.0,8744.0,8107.0,1625.0,6482.0,24795.0,15286.0,3786.0,5723.0,121343.0,14111.0,64313.0,28782.0,14137.0,17149.0,1031.0,16118.0,4873.0,4873.0,45891.0,22965.0,13191.0,5416.0,4319.0,11896.0,3030.0,8866.0,1762.0,1762.0,200.2,199.8,222.4,183.1,201.4,201.8,215.6,261.3,657917.8,108.7,67.3,24.2,35.8,96.2,67.8,86.9,160.8,37.4
2026-07-18,11:00~12:00,通過量,3232.0,1066.0,145.0,921.0,1875.0,940.0,935.0,5086.0,1863.0,1696.0,1527.0,3616.0,244.0,1743.0,897.0,732.0,1512.0,812.0,700.0,727.0,727.0,1875.0,329.0,817.0,153.0,576.0,1721.0,876.0,845.0,615.0,615.0,23.4,23.4,16.3,17.7,-,-,-,-,-,-,-,-,-,-,-,-,-,-
2026-07-18,11:00~12:00,平均停等延滯,76.8,11.7,25.7,9.5,4.3,1.7,6.9,4.9,8.2,2.2,3.7,33.6,57.8,36.9,32.1,19.3,11.3,1.3,23.0,6.7,6.7,24.5,69.8,16.1,35.4,7.5,6.9,3.5,10.5,2.9,2.9,D,D,E,E,-,-,-,-,-,-,-,-,-,-,-,-,-,-
2026-07-18,12:00~14:00,總停等延滯,426246.0,14246.0,4689.0,9557.0,9041.0,3067.0,5974.0,40847.0,27844.0,3117.0,9886.0,227721.0,26193.0,121332.0,49610.0,30586.0,25995.0,1666.0,24329.0,11074.0,11074.0,74245.0,39798.0,16572.0,8463.0,9412.0,19768.0,4676.0,15092.0,3309.0,3309.0,205.3,185.6,184.6,229.6,201.3,202.0,214.0,251.8,1351786.5,95.3,87.5,22.6,32.7,98.8,54.1,130.8,126.4,35.6
2026-07-18,12:00~14:00,通過量,5817.0,1886.0,253.0,1633.0,3264.0,1642.0,1622.0,9639.0,3559.0,3157.0,2923.0,7289.0,411.0,3601.0,1656.0,1621.0,3059.0,1558.0,1501.0,1570.0,1570.0,3613.0,601.0,1580.0,232.0,1200.0,3197.0,1719.0,1478.0,1159.0,1159.0,22.8,25.2,19.6,14.1,-,-,-,-,-,-,-,-,-,-,-,-,-,-
2026-07-18,12:00~14:00,平均停等延滯,73.3,7.6,18.5,5.9,2.8,1.9,3.7,4.2,7.8,1.0,3.4,31.2,63.7,33.7,30.0,18.9,8.5,1.1,16.2,7.1,7.1,20.5,66.2,10.5,36.5,7.8,6.2,2.7,10.2,2.9,2.9,D,C,E,E,-,-,-,-,-,-,-,-,-,-,-,-,-,-
2026-07-18,16:30~18:30,總停等延滯,575190.0,13393.0,13109.0,284.0,34338.0,30977.0,3361.0,58327.0,44473.0,5243.0,8611.0,277113.0,30653.0,151255.0,51251.0,43954.0,36893.0,2207.0,34686.0,11313.0,11313.0,113363.0,39631.0,44822.0,9037.0,19873.0,22663.0,9308.0,13355.0,7787.0,7787.0,239.6,207.4,153.2,210.4,-,-,-,-,-,149.9,53.7,188.9,35.3,98.9,73.2,111.4,122.2,32.9
2026-07-18,16:30~18:30,通過量,6253.0,1925.0,313.0,1612.0,3650.0,2063.0,1587.0,10135.0,4283.0,3041.0,2811.0,7777.0,385.0,4233.0,1669.0,1490.0,3146.0,1895.0,1251.0,1361.0,1361.0,3809.0,636.0,1917.0,335.0,921.0,3580.0,1980.0,1600.0,1340.0,1340.0,19.5,22.6,23.6,15.4,-,-,-,-,-,-,-,-,-,-,-,-,-,-
2026-07-18,16:30~18:30,平均停等延滯,92.0,7.0,41.9,0.2,9.4,15.0,2.1,5.8,10.4,1.7,3.1,35.6,79.6,35.7,30.7,29.5,11.7,1.2,27.7,8.3,8.3,29.8,62.3,23.4,27.0,21.6,6.3,4.7,8.3,5.8,5.8,E,D,D,E,-,-,-,-,-,-,-,-,-,-,-,-,-,-
2026-07-18,17:00~19:00,總停等延滯,526875.0,12829.0,12377.0,452.0,31771.0,28862.0,2909.0,53848.0,44013.0,4174.0,5661.0,264439.0,31435.0,153065.0,44876.0,35063.0,23755.0,1892.0,21863.0,11530.0,11530.0,103637.0,39356.0,38173.0,8551.0,17557.0,18032.0,7570.0,10462.0,7034.0,7034.0,190.5,211.4,143.8,225.3,-,-,-,-,-,124.6,51.6,414.0,36.1,103.9,71.4,121.4,123.1,32.9
2026-07-18,17:00~19:00,通過量,5909.0,1793.0,309.0,1484.0,3490.0,1990.0,1500.0,9518.0,4243.0,2737.0,2538.0,7419.0,399.0,4181.0,1487.0,1352.0,2914.0,1774.0,1140.0,1249.0,1249.0,3656.0,640.0,1846.0,316.0,854.0,3408.0,2007.0,1401.0,1224.0,1224.0,24.6,22.1,25.2,14.4,-,-,-,-,-,-,-,-,-,-,-,-,-,-
2026-07-18,17:00~19:00,平均停等延滯,89.2,7.2,40.1,0.3,9.1,14.5,1.9,5.7,10.4,1.5,2.2,35.6,78.8,36.6,30.2,25.9,8.2,1.1,19.2,9.2,9.2,28.3,61.5,20.7,27.1,20.6,5.3,3.8,7.5,5.7,5.7,D,D,C,E,-,-,-,-,-,-,-,-,-,-,-,-,-,-
2026-07-18,16:30~17:30,總停等延滯,289427.0,7634.0,7589.0,45.0,15923.0,13747.0,2176.0,30258.0,21985.0,2818.0,5455.0,137405.0,15124.0,71761.0,28195.0,22325.0,18470.0,1030.0,17440.0,4931.0,4931.0,56001.0,18177.0,22186.0,5306.0,10332.0,13627.0,5355.0,8272.0,5178.0,5178.0,239.6,196.2,153.2,222.5,-,-,-,-,-,151.2,53.7,18.7,34.2,93.9,68.0,128.6,104.8,32.9
2026-07-18,16:30~17:30,通過量,3293.0,1027.0,172.0,855.0,1887.0,1054.0,833.0,5337.0,2182.0,1645.0,1510.0,3935.0,193.0,2067.0,927.0,748.0,1589.0,971.0,618.0,696.0,696.0,1951.0,326.0,983.0,171.0,471.0,1884.0,978.0,906.0,784.0,784.0,19.5,23.9,23.6,14.6,-,-,-,-,-,-,-,-,-,-,-,-,-,-
2026-07-18,16:30~17:30,平均停等延滯,87.9,7.4,44.1,0.1,8.4,13.0,2.6,5.7,10.1,1.7,3.6,34.9,78.4,34.7,30.4,29.8,11.6,1.1,28.2,7.1,7.1,28.7,55.8,22.6,31.0,21.9,7.2,5.5,9.1,6.6,6.6,E,D,D,E,-,-,-,-,-,-,-,-,-,-,-,-,-,-
2026-07-18,17:30~18:30,總停等延滯,285763.0,5759.0,5520.0,239.0,18415.0,17230.0,1185.0,28069.0,22488.0,2425.0,3156.0,139708.0,15529.0,79494.0,23056.0,21629.0,18423.0,1177.0,17246.0,6382.0,6382.0,57362.0,21454.0,22636.0,3731.0,9541.0,9036.0,3953.0,5083.0,2609.0,2609.0,nan,218.7,nan,198.2,-,-,-,-,-,148.6,-,1823.0,36.4,103.9,78.4,94.3,139.5,-
2026-07-18,17:30~18:30,通過量,2960.0,898.0,141.0,757.0,1763.0,1009.0,754.0,4798.0,2101.0,1396.0,1301.0,3842.0,192.0,2166.0,742.0,742.0,1557.0,924.0,633.0,665.0,665.0,1858.0,310.0,934.0,164.0,450.0,1696.0,1002.0,694.0,556.0,556.0,0.0,21.4,0.0,16.3,-,-,-,-,-,-,-,-,-,-,-,-,-,-
2026-07-18,17:30~18:30,平均停等延滯,96.5,6.4,39.1,0.3,10.4,17.1,1.6,5.9,10.7,1.7,2.4,36.4,80.9,36.7,31.1,29.1,11.8,1.3,27.2,9.6,9.6,30.9,69.2,24.2,22.8,21.2,5.3,3.9,7.3,4.7,4.7,-,D,-,E,-,-,-,-,-,-,-,-,-,-,-,-,-,-
2026-07-19,06:30~20:30,總停等延滯,2298770.0,81961.0,58907.0,23054.0,41851.0,19100.0,22751.0,228509.0,149343.0,23004.0,56162.0,1252433.0,155834.0,597689.0,316446.0,182464.0,90464.0,9175.0,81289.0,62428.0,62428.0,419745.0,207889.0,74129.0,37305.0,100422.0,98578.0,16517.0,82061.0,22801.0,22801.0,156.1,167.3,196.1,198.6,179.5,180.2,196.3,247.0,6641073.0,88.7,50.1,17.2,35.1,75.8,56.3,122.6,145.0,34.1
2026-07-19,06:30~20:30,通過量,33921.0,11331.0,1728.0,9603.0,19026.0,9331.0,9695.0,54959.0,19516.0,18364.0,17079.0,39823.0,2148.0,19133.0,9533.0,9009.0,17071.0,8681.0,8390.0,8681.0,8681.0,20295.0,3521.0,8621.0,1615.0,6538.0,18676.0,9636.0,9040.0,7337.0,7337.0,30.0,28.0,18.4,16.3,-,-,-,-,-,-,-,-,-,-,-,-,-,-
2026-07-19,06:30~20:30,平均停等延滯,67.8,7.2,34.1,2.4,2.2,2.0,2.3,4.2,7.7,1.3,3.3,31.4,72.5,31.2,33.2,20.3,5.3,1.1,9.7,7.2,7.2,20.7,59.0,8.6,23.1,15.4,5.3,1.7,9.1,3.1,3.1,B,C,E,E,-,-,-,-,-,-,-,-,-,-,-,-,-,-
2026-07-19,07:00~21:00,總停等延滯,2341003.0,83188.0,60024.0,23164.0,42348.0,19207.0,23141.0,231618.0,152814.0,22797.0,56007.0,1274715.0,157419.0,611729.0,317158.0,188409.0,93591.0,9473.0,84118.0,62708.0,62708.0,429670.0,212697.0,76243.0,37714.0,103016.0,99889.0,16874.0,83015.0,23276.0,23276.0,162.7,168.4,195.4,199.7,181.6,182.2,198.4,249.4,6829284.1,90.7,54.7,17.3,35.3,76.2,56.9,123.5,144.6,33.8
2026-07-19,07:00~21:00,通過量,34421.0,11411.0,1755.0,9656.0,19274.0,9521.0,9753.0,55725.0,20054.0,18509.0,17162.0,40506.0,2169.0,19621.0,9625.0,9091.0,17370.0,8925.0,8445.0,8755.0,8755.0,20707.0,3582.0,8896.0,1631.0,6598.0,19024.0,9859.0,9165.0,7459.0,7459.0,28.8,27.8,18.5,16.2,-,-,-,-,-,-,-,-,-,-,-,-,-,-
2026-07-19,07:00~21:00,平均停等延滯,68.0,7.3,34.2,2.4,2.2,2.0,2.4,4.2,7.6,1.2,3.3,31.5,72.6,31.2,33.0,20.7,5.4,1.1,10.0,7.2,7.2,20.7,59.4,8.6,23.1,15.6,5.3,1.7,9.1,3.1,3.1,C,C,E,E,-,-,-,-,-,-,-,-,-,-,-,-,-,-
2026-07-19,06:30~08:30,總停等延滯,174060.0,5030.0,3927.0,1103.0,1601.0,1478.0,123.0,15151.0,6822.0,2498.0,5831.0,106577.0,18476.0,44822.0,36932.0,6347.0,1063.0,343.0,720.0,6750.0,6750.0,30120.0,17666.0,1061.0,1977.0,9416.0,7487.0,398.0,7089.0,281.0,281.0,105.2,175.3,203.6,225.3,177.4,174.6,188.0,233.7,558649.0,49.3,39.8,16.1,45.5,77.1,53.2,147.3,145.1,42.3
2026-07-19,06:30~08:30,通過量,2909.0,1021.0,119.0,902.0,1546.0,626.0,920.0,5090.0,1322.0,1941.0,1827.0,3493.0,248.0,1399.0,879.0,967.0,1449.0,525.0,924.0,960.0,960.0,1634.0,308.0,498.0,116.0,712.0,1509.0,729.0,780.0,596.0,596.0,44.5,26.7,17.8,14.4,-,-,-,-,-,-,-,-,-,-,-,-,-,-
2026-07-19,06:30~08:30,平均停等延滯,59.8,4.9,33.0,1.2,1.0,2.4,0.1,3.0,5.2,1.3,3.2,30.5,74.5,32.0,42.0,6.6,0.7,0.7,0.8,7.0,7.0,18.4,57.4,2.1,17.0,13.2,5.0,0.5,9.1,0.5,0.5,A,C,E,E,-,-,-,-,-,-,-,-,-,-,-,-,-,-
2026-07-19,06:30~07:30,總停等延滯,68568.0,2458.0,2049.0,409.0,706.0,616.0,90.0,6371.0,2480.0,1148.0,2743.0,40347.0,6802.0,15151.0,15832.0,2562.0,616.0,135.0,481.0,2817.0,2817.0,12271.0,7024.0,165.0,509.0,4573.0,2938.0,62.0,2876.0,44.0,44.0,95.8,176.2,200.3,198.0,167.6,160.9,174.5,222.9,220864.7,49.2,29.6,17.0,51.7,74.2,50.7,123.8,142.0,41.4
2026-07-19,06:30~07:30,通過量,1308.0,510.0,53.0,457.0,749.0,291.0,458.0,2286.0,530.0,894.0,862.0,1487.0,95.0,527.0,401.0,464.0,643.0,200.0,443.0,465.0,465.0,718.0,131.0,195.0,40.0,352.0,650.0,304.0,346.0,267.0,267.0,48.9,26.6,18.1,16.4,-,-,-,-,-,-,-,-,-,-,-,-,-,-
2026-07-19,06:30~07:30,平均停等延滯,52.4,4.8,38.7,0.9,0.9,2.1,0.2,2.8,4.7,1.3,3.2,27.1,71.6,28.7,39.5,5.5,1.0,0.7,1.1,6.1,6.1,17.1,53.6,0.8,12.7,13.0,4.5,0.2,8.3,0.2,0.2,A,C,E,E,-,-,-,-,-,-,-,-,-,-,-,-,-,-
2026-07-19,07:30~08:30,總停等延滯,105492.0,2572.0,1878.0,694.0,895.0,862.0,33.0,8780.0,4342.0,1350.0,3088.0,66230.0,11674.0,29671.0,21100.0,3785.0,447.0,208.0,239.0,3933.0,3933.0,17849.0,10642.0,896.0,1468.0,4843.0,4549.0,336.0,4213.0,237.0,237.0,114.6,174.3,206.8,253.0,187.2,188.3,201.4,245.1,344089.0,49.4,49.9,15.3,39.1,80.2,55.7,170.8,148.3,43.2
2026-07-19,07:30~08:30,通過量,1601.0,511.0,66.0,445.0,797.0,335.0,462.0,2804.0,792.0,1047.0,965.0,2006.0,153.0,872.0,478.0,503.0,806.0,325.0,481.0,495.0,495.0,916.0,177.0,303.0,76.0,360.0,859.0,425.0,434.0,329.0,329.0,40.8,26.9,17.5,12.8,-,-,-,-,-,-,-,-,-,-,-,-,-,-
2026-07-19,07:30~08:30,平均停等延滯,65.9,5.0,28.5,1.6,1.1,2.6,0.1,3.1,5.5,1.3,3.2,33.0,76.3,34.0,44.1,7.5,0.6,0.6,0.5,7.9,7.9,19.5,60.1,3.0,19.3,13.5,5.3,0.8,9.7,0.7,0.7,A,C,E,E,-,-,-,-,-,-,-,-,-,-,-,-,-,-
2026-07-19,07:00~09:00,總停等延滯,208935.0,5607.0,4359.0,1248.0,1863.0,1669.0,194.0,18356.0,9096.0,2870.0,6390.0,128649.0,20014.0,55067.0,45855.0,7713.0,1256.0,583.0,673.0,7316.0,7316.0,35962.0,21115.0,2138.0,2740.0,9969.0,9420.0,583.0,8837.0,506.0,506.0,104.3,186.6,206.9,265.5,190.8,187.3,201.1,247.1,668719.1,49.3,39.8,15.1,46.2,82.3,58.4,182.1,149.4,42.4
2026-07-19,07:00~09:00,通過量,3288.0,1090.0,134.0,956.0,1700.0,706.0,994.0,5535.0,1461.0,2108.0,1966.0,3891.0,267.0,1553.0,1023.0,1048.0,1639.0,638.0,1001.0,1041.0,1041.0,1884.0,353.0,611.0,154.0,766.0,1701.0,793.0,908.0,694.0,694.0,44.9,25.1,17.5,12.2,-,-,-,-,-,-,-,-,-,-,-,-,-,-
2026-07-19,07:00~09:00,平均停等延滯,63.5,5.1,32.5,1.3,1.1,2.4,0.2,3.3,6.2,1.4,3.3,33.1,75.0,35.5,44.8,7.4,0.8,0.9,0.7,7.0,7.0,19.1,59.8,3.5,17.8,13.0,5.5,0.7,9.7,0.7,0.7,A,C,E,E,-,-,-,-,-,-,-,-,-,-,-,-,-,-
2026-07-19,10:00~12:00,總停等延滯,359401.0,12814.0,8155.0,4659.0,8918.0,3994.0,4924.0,41493.0,23695.0,3693.0,14105.0,182208.0,24347.0,76927.0,47783.0,33151.0,18695.0,1442.0,17253.0,9674.0,9674.0,63773.0,35866.0,8295.0,5868.0,13744.0,16988.0,1800.0,15188.0,4838.0,4838.0,151.2,160.3,223.3,218.9,188.4,189.5,205.1,254.0,1093378.0,91.6,43.0,16.6,29.9,77.5,52.9,141.4,176.5,30.2
2026-07-19,10:00~12:00,通過量,5296.0,1748.0,264.0,1484.0,2794.0,1289.0,1505.0,8613.0,2757.0,3029.0,2827.0,6258.0,352.0,2830.0,1569.0,1507.0,2546.0,1188.0,1358.0,1427.0,1427.0,3107.0,588.0,1231.0,237.0,1051.0,2891.0,1376.0,1515.0,1199.0,1199.0,31.0,29.2,16.2,14.8,-,-,-,-,-,-,-,-,-,-,-,-,-,-
2026-07-19,10:00~12:00,平均停等延滯,67.9,7.3,30.9,3.1,3.2,3.1,3.3,4.8,8.6,1.2,5.0,29.1,69.2,27.2,30.5,22.0,7.3,1.2,12.7,6.8,6.8,20.5,61.0,6.7,24.8,13.1,5.9,1.3,10.0,4.0,4.0,B,C,E,E,-,-,-,-,-,-,-,-,-,-,-,-,-,-
2026-07-19,11:00~12:00,總停等延滯,185000.0,7175.0,2939.0,4236.0,4862.0,1391.0,3471.0,18731.0,12948.0,1542.0,4241.0,98456.0,10601.0,52856.0,22992.0,12007.0,6895.0,720.0,6175.0,4446.0,4446.0,33768.0,21251.0,3814.0,3552.0,5151.0,9143.0,703.0,8440.0,1524.0,1524.0,141.2,179.1,219.4,234.1,193.4,194.3,208.0,250.3,574061.2,82.8,38.3,20.2,30.7,95.0,53.4,139.1,167.9,31.3
2026-07-19,11:00~12:00,通過量,2639.0,887.0,136.0,751.0,1396.0,654.0,742.0,4278.0,1435.0,1460.0,1383.0,3199.0,189.0,1528.0,743.0,739.0,1362.0,679.0,683.0,693.0,693.0,1590.0,305.0,646.0,120.0,519.0,1428.0,712.0,716.0,583.0,583.0,33.1,26.1,16.5,13.8,-,-,-,-,-,-,-,-,-,-,-,-,-,-
2026-07-19,11:00~12:00,平均停等延滯,70.1,8.1,21.6,5.6,3.5,2.1,4.7,4.4,9.0,1.1,3.1,30.8,56.1,34.6,30.9,16.2,5.1,1.1,9.0,6.4,6.4,21.2,69.7,5.9,29.6,9.9,6.4,1.0,11.8,2.6,2.6,B,C,E,E,-,-,-,-,-,-,-,-,-,-,-,-,-,-
2026-07-19,12:00~14:00,總停等延滯,323726.0,13379.0,4069.0,9310.0,7796.0,2405.0,5391.0,30129.0,21047.0,3170.0,5912.0,174966.0,18483.0,90069.0,44053.0,22361.0,12649.0,1197.0,11452.0,10352.0,10352.0,57633.0,36151.0,6995.0,6255.0,8232.0,13926.0,1568.0,12358.0,2896.0,2896.0,147.6,166.1,162.7,180.9,164.3,164.6,176.2,212.3,918649.3,81.7,46.7,19.2,32.8,75.3,57.9,105.6,111.8,31.7
2026-07-19,12:00~14:00,通過量,5029.0,1741.0,243.0,1498.0,2879.0,1357.0,1522.0,8216.0,2883.0,2760.0,2573.0,5979.0,280.0,2929.0,1419.0,1351.0,2625.0,1329.0,1296.0,1339.0,1339.0,3054.0,586.0,1268.0,218.0,982.0,2748.0,1385.0,1363.0,1116.0,1116.0,31.7,28.2,22.2,17.9,-,-,-,-,-,-,-,-,-,-,-,-,-,-
2026-07-19,12:00~14:00,平均停等延滯,64.4,7.7,16.7,6.2,2.7,1.8,3.5,3.7,7.3,1.1,2.3,29.3,66.0,30.8,31.0,16.6,4.8,0.9,8.8,7.7,7.7,18.9,61.7,5.5,28.7,8.4,5.1,1.1,9.1,2.6,2.6,B,C,D,E,-,-,-,-,-,-,-,-,-,-,-,-,-,-
2026-07-19,16:30~18:30,總停等延滯,417773.0,16784.0,15381.0,1403.0,6580.0,3210.0,3370.0,40529.0,29364.0,4260.0,6905.0,228616.0,25689.0,116644.0,54900.0,31383.0,13565.0,1274.0,12291.0,9410.0,9410.0,79027.0,34195.0,20739.0,7577.0,16516.0,16569.0,3414.0,13155.0,6693.0,6693.0,171.4,176.1,213.0,190.2,187.7,188.8,208.2,272.7,1117581.9,106.0,48.6,16.8,42.2,77.6,56.3,112.7,164.0,32.1
2026-07-19,16:30~18:30,通過量,5622.0,1946.0,348.0,1598.0,3360.0,1760.0,1600.0,8596.0,3453.0,2680.0,2463.0,6377.0,321.0,3279.0,1556.0,1221.0,2623.0,1502.0,1121.0,1150.0,1150.0,3245.0,525.0,1532.0,310.0,878.0,3188.0,1708.0,1480.0,1185.0,1185.0,27.3,26.6,17.0,17.0,-,-,-,-,-,-,-,-,-,-,-,-,-,-
2026-07-19,16:30~18:30,平均停等延滯,74.3,8.6,44.2,0.9,2.0,1.8,2.1,4.7,8.5,1.6,2.8,35.9,80.0,35.6,35.3,25.7,5.2,0.8,11.0,8.2,8.2,24.4,65.1,13.5,24.4,18.8,5.2,2.0,8.9,5.6,5.6,C,C,E,E,-,-,-,-,-,-,-,-,-,-,-,-,-,-
2026-07-19,17:00~19:00,總停等延滯,384346.0,15200.0,13762.0,1438.0,5972.0,3133.0,2839.0,38405.0,29304.0,3770.0,5331.0,211547.0,24018.0,110601.0,49762.0,27166.0,11062.0,1059.0,10003.0,7952.0,7952.0,75160.0,30991.0,22097.0,6291.0,15781.0,14053.0,2740.0,11313.0,4995.0,4995.0,164.9,176.7,202.7,210.3,188.6,190.3,209.5,271.0,1056400.7,105.4,42.7,16.8,43.5,76.8,56.4,133.6,152.9,33.0
2026-07-19,17:00~19:00,通過量,5239.0,1784.0,315.0,1469.0,3063.0,1635.0,1428.0,7998.0,3339.0,2441.0,2218.0,5996.0,302.0,3161.0,1382.0,1151.0,2548.0,1506.0,1042.0,1062.0,1062.0,3212.0,486.0,1572.0,310.0,844.0,3006.0,1659.0,1347.0,1063.0,1063.0,28.4,26.5,17.8,15.4,-,-,-,-,-,-,-,-,-,-,-,-,-,-
2026-07-19,17:00~19:00,平均停等延滯,73.4,8.5,43.7,1.0,1.9,1.9,2.0,4.8,8.8,1.5,2.4,35.3,79.5,35.0,36.0,23.6,4.3,0.7,9.6,7.5,7.5,23.4,63.8,14.1,20.3,18.7,4.7,1.7,8.4,4.7,4.7,C,C,E,E,-,-,-,-,-,-,-,-,-,-,-,-,-,-
2026-07-19,16:30~17:30,總停等延滯,227163.0,9744.0,8926.0,818.0,3270.0,1664.0,1606.0,21815.0,14540.0,2679.0,4596.0,122702.0,15098.0,60235.0,29848.0,17521.0,7935.0,660.0,7275.0,5381.0,5381.0,42314.0,17623.0,10567.0,4642.0,9482.0,9175.0,2045.0,7130.0,4827.0,4827.0,196.0,164.8,199.4,158.2,179.6,179.2,199.6,267.7,569989.2,112.4,67.0,16.6,30.2,79.4,55.3,78.8,151.3,31.3
2026-07-19,16:30~17:30,通過量,2976.0,1071.0,196.0,875.0,1784.0,905.0,879.0,4683.0,1812.0,1504.0,1367.0,3439.0,174.0,1712.0,887.0,666.0,1374.0,781.0,593.0,610.0,610.0,1690.0,266.0,799.0,163.0,462.0,1655.0,845.0,810.0,658.0,658.0,23.9,28.4,18.1,20.5,-,-,-,-,-,-,-,-,-,-,-,-,-,-
2026-07-19,16:30~17:30,平均停等延滯,76.3,9.1,45.5,0.9,1.8,1.8,1.8,4.7,8.0,1.8,3.4,35.7,86.8,35.2,33.7,26.3,5.8,0.8,12.3,8.8,8.8,25.0,66.3,13.2,28.5,20.5,5.5,2.4,8.8,7.3,7.3,D,C,E,D,-,-,-,-,-,-,-,-,-,-,-,-,-,-
2026-07-19,17:30~18:30,總停等延滯,190610.0,7040.0,6455.0,585.0,3310.0,1546.0,1764.0,18714.0,14824.0,1581.0,2309.0,105914.0,10591.0,56409.0,25052.0,13862.0,5630.0,614.0,5016.0,4029.0,4029.0,36713.0,16572.0,10172.0,2935.0,7034.0,7394.0,1369.0,6025.0,1866.0,1866.0,146.7,187.3,226.4,222.3,195.7,199.1,217.3,277.4,544930.0,99.6,30.2,16.9,54.3,75.8,57.3,146.5,176.6,32.9
2026-07-19,17:30~18:30,通過量,2646.0,875.0,152.0,723.0,1576.0,855.0,721.0,3913.0,1641.0,1176.0,1096.0,2938.0,147.0,1567.0,669.0,555.0,1249.0,721.0,528.0,540.0,540.0,1555.0,259.0,733.0,147.0,416.0,1533.0,863.0,670.0,527.0,527.0,31.9,25.0,16.0,14.6,-,-,-,-,-,-,-,-,-,-,-,-,-,-
2026-07-19,17:30~18:30,平均停等延滯,72.0,8.0,42.5,0.8,2.1,1.8,2.4,4.8,9.0,1.3,2.1,36.0,72.0,36.0,37.4,25.0,4.5,0.9,9.5,7.5,7.5,23.6,64.0,13.9,20.0,16.9,4.8,1.6,9.0,3.5,3.5,B,C,E,E,-,-,-,-,-,-,-,-,-,-,-,-,-,-
2026-07-20,06:30~20:30,總停等延滯,3435985.0,112413.0,58721.0,53692.0,138672.0,103516.0,35156.0,440503.0,250718.0,61903.0,127882.0,1641668.0,202403.0,839107.0,394069.0,206089.0,162388.0,14733.0,147655.0,91516.0,91516.0,632583.0,282204.0,167548.0,74255.0,108576.0,192641.0,71899.0,120742.0,23601.0,23601.0,234.3,222.8,251.8,258.5,-,-,-,-,-,112.2,88.0,57.7,39.1,118.9,65.6,139.5,160.3,45.3
2026-07-20,06:30~20:30,通過量,41137.0,13070.0,1792.0,11278.0,23042.0,11720.0,11322.0,67977.0,25121.0,22460.0,20396.0,48823.0,3368.0,23400.0,11845.0,10210.0,20469.0,10937.0,9532.0,9724.0,9724.0,24560.0,4289.0,10979.0,2345.0,6947.0,22692.0,12016.0,10676.0,8100.0,8100.0,20.0,21.0,14.4,12.5,-,-,-,-,-,-,-,-,-,-,-,-,-,-
2026-07-20,06:30~20:30,平均停等延滯,83.5,8.6,32.8,4.8,6.0,8.8,3.1,6.5,10.0,2.8,6.3,33.6,60.1,35.9,33.3,20.2,7.9,1.3,15.5,9.4,9.4,25.8,65.8,15.3,31.7,15.6,8.5,6.0,11.3,2.9,2.9,D,D,E,E,-,-,-,-,-,-,-,-,-,-,-,-,-,-
2026-07-20,07:00~21:00,總停等延滯,3339575.0,112764.0,59756.0,53008.0,137175.0,103529.0,33646.0,425057.0,251662.0,58096.0,115299.0,1614451.0,198527.0,838338.0,379969.0,197617.0,146711.0,14455.0,132256.0,77238.0,77238.0,618272.0,278756.0,168222.0,71404.0,99890.0,185088.0,69374.0,115714.0,22819.0,22819.0,230.6,221.7,246.4,258.1,-,-,-,-,-,109.5,87.5,57.7,39.0,118.0,65.5,140.2,156.9,44.1
2026-07-20,07:00~21:00,通過量,40567.0,12710.0,1825.0,10885.0,22735.0,11762.0,10973.0,66711.0,25228.0,21681.0,19802.0,48156.0,3306.0,23457.0,11612.0,9781.0,20204.0,11083.0,9121.0,9363.0,9363.0,24366.0,4265.0,11116.0,2264.0,6721.0,22475.0,12051.0,10424.0,7978.0,7978.0,20.3,21.1,14.7,12.6,-,-,-,-,-,-,-,-,-,-,-,-,-,-
2026-07-20,07:00~21:00,平均停等延滯,82.3,8.9,32.7,4.9,6.0,8.8,3.1,6.4,10.0,2.7,5.8,33.5,60.1,35.7,32.7,20.2,7.3,1.3,14.5,8.2,8.2,25.4,65.4,15.1,31.5,14.9,8.2,5.8,11.1,2.9,2.9,D,D,E,E,-,-,-,-,-,-,-,-,-,-,-,-,-,-
2026-07-20,06:30~08:30,總停等延滯,739602.0,31401.0,5149.0,26252.0,42731.0,25025.0,17706.0,131702.0,47898.0,25779.0,58025.0,312384.0,38429.0,146449.0,85512.0,41994.0,43370.0,2013.0,41357.0,33251.0,33251.0,107342.0,52041.0,10308.0,18333.0,26660.0,34509.0,9510.0,24999.0,2912.0,2912.0,263.9,321.7,353.4,306.3,311.3,307.1,327.5,383.3,1944996.7,141.9,73.9,48.1,44.0,207.5,66.3,98.9,226.7,78.5
2026-07-20,06:30~08:30,通過量,5807.0,2124.0,153.0,1971.0,3101.0,1137.0,1964.0,10881.0,2908.0,4270.0,3703.0,7061.0,535.0,2743.0,1645.0,2138.0,3083.0,1018.0,2065.0,1894.0,1894.0,3489.0,628.0,1066.0,530.0,1265.0,2947.0,1388.0,1559.0,1178.0,1178.0,17.7,14.5,10.2,10.6,-,-,-,-,-,-,-,-,-,-,-,-,-,-
2026-07-20,06:30~08:30,平均停等延滯,127.4,14.8,33.7,13.3,13.8,22.0,9.0,12.1,16.5,6.0,15.7,44.2,71.8,53.4,52.0,19.6,14.1,2.0,20.0,17.6,17.6,30.8,82.9,9.7,34.6,21.1,11.7,6.9,16.0,2.5,2.5,E,E,E,E,-,-,-,-,-,-,-,-,-,-,-,-,-,-
2026-07-20,06:30~07:30,總停等延滯,346118.0,11668.0,1634.0,10034.0,4943.0,984.0,3959.0,51428.0,10367.0,11421.0,29640.0,147785.0,20653.0,52033.0,47229.0,27870.0,34732.0,1064.0,33668.0,26837.0,26837.0,44319.0,18694.0,2003.0,7476.0,16146.0,23156.0,5612.0,17544.0,1250.0,1250.0,290.7,225.2,341.9,212.7,267.6,279.2,297.3,346.3,865910.2,199.5,67.6,23.6,33.2,139.0,59.1,73.8,249.5,68.8
2026-07-20,06:30~07:30,通過量,2956.0,1110.0,54.0,1056.0,1590.0,562.0,1028.0,5438.0,1234.0,2262.0,1942.0,3472.0,291.0,1166.0,850.0,1165.0,1515.0,379.0,1136.0,1014.0,1014.0,1627.0,273.0,405.0,247.0,702.0,1472.0,645.0,827.0,558.0,558.0,16.1,20.8,10.6,15.2,-,-,-,-,-,-,-,-,-,-,-,-,-,-
2026-07-20,06:30~07:30,平均停等延滯,117.1,10.5,30.3,9.5,3.1,1.8,3.9,9.5,8.4,5.0,15.3,42.6,71.0,44.6,55.6,23.9,22.9,2.8,29.6,26.5,26.5,27.2,68.5,4.9,30.3,23.0,15.7,8.7,21.2,2.2,2.2,E,D,E,E,-,-,-,-,-,-,-,-,-,-,-,-,-,-
2026-07-20,07:30~08:30,總停等延滯,393484.0,19733.0,3515.0,16218.0,37788.0,24041.0,13747.0,80274.0,37531.0,14358.0,28385.0,164599.0,17776.0,94416.0,38283.0,14124.0,8638.0,949.0,7689.0,6414.0,6414.0,63023.0,33347.0,8305.0,10857.0,10514.0,11353.0,3898.0,7455.0,1662.0,1662.0,237.0,403.2,364.9,399.9,351.2,343.0,365.3,426.7,1108932.6,84.3,80.2,72.6,53.2,275.9,73.5,124.0,204.0,88.3
2026-07-20,07:30~08:30,通過量,2851.0,1014.0,99.0,915.0,1511.0,575.0,936.0,5443.0,1674.0,2008.0,1761.0,3589.0,244.0,1577.0,795.0,973.0,1568.0,639.0,929.0,880.0,880.0,1862.0,355.0,661.0,283.0,563.0,1475.0,743.0,732.0,620.0,620.0,19.7,11.6,9.9,8.1,-,-,-,-,-,-,-,-,-,-,-,-,-,-
2026-07-20,07:30~08:30,平均停等延滯,138.0,19.5,35.5,17.7,25.0,41.8,14.7,14.7,22.4,7.2,16.1,45.9,72.9,59.9,48.2,14.5,5.5,1.5,8.3,7.3,7.3,33.8,93.9,12.6,38.4,18.7,7.7,5.2,10.2,2.7,2.7,E,E,F,F,-,-,-,-,-,-,-,-,-,-,-,-,-,-
2026-07-20,07:00~09:00,總停等延滯,750439.0,35906.0,7092.0,28814.0,53740.0,37400.0,16340.0,135425.0,60616.0,24702.0,50107.0,333007.0,39338.0,176635.0,81638.0,35396.0,28650.0,1994.0,26656.0,21081.0,21081.0,111780.0,54933.0,14563.0,20857.0,21427.0,28263.0,7461.0,20802.0,2587.0,2587.0,256.3,378.3,348.7,354.6,334.5,327.6,349.5,410.5,2062994.9,116.0,88.3,52.0,53.4,249.4,69.3,105.1,222.7,74.0
2026-07-20,07:00~09:00,通過量,5787.0,2015.0,174.0,1841.0,3081.0,1210.0,1871.0,10828.0,3239.0,4060.0,3529.0,7023.0,527.0,2954.0,1576.0,1966.0,3144.0,1245.0,1899.0,1789.0,1789.0,3718.0,670.0,1284.0,563.0,1201.0,2915.0,1473.0,1442.0,1200.0,1200.0,18.3,12.4,10.4,9.1,-,-,-,-,-,-,-,-,-,-,-,-,-,-
2026-07-20,07:00~09:00,平均停等延滯,129.7,17.8,40.8,15.7,17.4,30.9,8.7,12.5,18.7,6.1,14.2,47.4,74.6,59.8,51.8,18.0,9.1,1.6,14.0,11.8,11.8,30.1,82.0,11.3,37.0,17.8,9.7,5.1,14.4,2.2,2.2,E,E,E,F,-,-,-,-,-,-,-,-,-,-,-,-,-,-
2026-07-20,10:00~12:00,總停等延滯,380138.0,12879.0,9134.0,3745.0,6957.0,3943.0,3014.0,41897.0,23325.0,5423.0,13149.0,187742.0,26242.0,77927.0,56302.0,27271.0,19154.0,2382.0,16772.0,10156.0,10156.0,71853.0,34823.0,14028.0,8973.0,14029.0,26830.0,9665.0,17165.0,2670.0,2670.0,200.0,173.0,278.0,251.6,225.6,230.0,244.0,290.5,1449709.8,99.5,51.6,48.9,32.8,79.1,61.1,172.5,187.1,42.0
2026-07-20,10:00~12:00,通過量,6043.0,1995.0,316.0,1679.0,3343.0,1639.0,1704.0,9559.0,3290.0,3213.0,3056.0,6948.0,456.0,3121.0,1945.0,1426.0,2787.0,1479.0,1308.0,1440.0,1440.0,3478.0,601.0,1513.0,291.0,1073.0,3262.0,1595.0,1667.0,1226.0,1226.0,23.4,27.1,13.0,12.9,-,-,-,-,-,-,-,-,-,-,-,-,-,-
2026-07-20,10:00~12:00,平均停等延滯,62.9,6.5,28.9,2.2,2.1,2.4,1.8,4.4,7.1,1.7,4.3,27.0,57.5,25.0,28.9,19.1,6.9,1.6,12.8,7.1,7.1,20.7,57.9,9.3,30.8,13.1,8.2,6.1,10.3,2.2,2.2,D,C,E,E,-,-,-,-,-,-,-,-,-,-,-,-,-,-
2026-07-20,11:00~12:00,總停等延滯,184045.0,5606.0,2503.0,3103.0,3546.0,1246.0,2300.0,19138.0,12166.0,2516.0,4456.0,97608.0,11761.0,48600.0,27571.0,9676.0,5895.0,893.0,5002.0,4764.0,4764.0,32786.0,18117.0,5492.0,4305.0,4872.0,14006.0,5407.0,8599.0,696.0,696.0,169.7,191.8,221.1,228.8,202.9,205.3,216.0,253.2,641868.8,86.2,52.5,31.0,32.9,87.0,71.8,141.7,158.0,32.1
2026-07-20,11:00~12:00,通過量,2964.0,942.0,145.0,797.0,1620.0,843.0,777.0,4546.0,1649.0,1488.0,1409.0,3447.0,237.0,1604.0,929.0,677.0,1375.0,760.0,615.0,683.0,683.0,1687.0,279.0,759.0,140.0,509.0,1667.0,856.0,811.0,576.0,576.0,27.6,24.4,16.4,14.2,-,-,-,-,-,-,-,-,-,-,-,-,-,-
2026-07-20,11:00~12:00,平均停等延滯,62.1,6.0,17.3,3.9,2.2,1.5,3.0,4.2,7.4,1.7,3.2,28.3,49.6,30.3,29.7,14.3,4.3,1.2,8.1,7.0,7.0,19.4,64.9,7.2,30.8,9.6,8.4,6.3,10.6,1.2,1.2,C,D,E,E,-,-,-,-,-,-,-,-,-,-,-,-,-,-
2026-07-20,12:00~14:00,總停等延滯,376800.0,14171.0,3969.0,10202.0,10089.0,4119.0,5970.0,39872.0,25155.0,4029.0,10688.0,192625.0,21654.0,102493.0,47865.0,20613.0,17436.0,1875.0,15561.0,9011.0,9011.0,66942.0,35579.0,12525.0,9676.0,9162.0,20991.0,5580.0,15411.0,5663.0,5663.0,194.4,191.9,228.6,285.2,225.0,227.2,238.8,276.6,1360537.2,95.7,71.4,27.2,31.2,98.5,62.2,186.7,165.0,36.3
2026-07-20,12:00~14:00,通過量,5661.0,1831.0,261.0,1570.0,3205.0,1574.0,1631.0,9176.0,3271.0,3049.0,2856.0,6598.0,428.0,3053.0,1707.0,1410.0,2724.0,1416.0,1308.0,1331.0,1331.0,3198.0,555.0,1354.0,265.0,1024.0,3148.0,1594.0,1554.0,1218.0,1218.0,24.1,24.4,15.8,11.4,-,-,-,-,-,-,-,-,-,-,-,-,-,-
2026-07-20,12:00~14:00,平均停等延滯,66.6,7.7,15.2,6.5,3.1,2.6,3.7,4.3,7.7,1.3,3.7,29.2,50.6,33.6,28.0,14.6,6.4,1.3,11.9,6.8,6.8,20.9,64.1,9.3,36.5,8.9,6.7,3.5,9.9,4.6,4.6,D,D,E,E,-,-,-,-,-,-,-,-,-,-,-,-,-,-
2026-07-20,16:30~18:30,總停等延滯,622439.0,14065.0,12828.0,1237.0,35068.0,33028.0,2040.0,71213.0,48100.0,9180.0,13933.0,288831.0,36606.0,152255.0,64825.0,35145.0,23895.0,2740.0,21155.0,11688.0,11688.0,137921.0,51069.0,61518.0,9841.0,15493.0,35992.0,15206.0,20786.0,3766.0,3766.0,236.0,235.5,194.6,229.6,-,-,-,-,-,139.0,41.7,436.6,40.2,112.8,82.0,116.8,117.2,51.4
2026-07-20,16:30~18:30,通過量,6593.0,1900.0,289.0,1611.0,3681.0,2060.0,1621.0,10673.0,4452.0,3339.0,2882.0,7770.0,624.0,4050.0,1795.0,1301.0,3422.0,2180.0,1242.0,1242.0,1242.0,4136.0,768.0,2157.0,345.0,866.0,3654.0,2013.0,1641.0,1222.0,1222.0,19.8,19.9,18.6,14.1,-,-,-,-,-,-,-,-,-,-,-,-,-,-
2026-07-20,16:30~18:30,平均停等延滯,94.4,7.4,44.4,0.8,9.5,16.0,1.3,6.7,10.8,2.7,4.8,37.2,58.7,37.6,36.1,27.0,7.0,1.3,17.0,9.4,9.4,33.3,66.5,28.5,28.5,17.9,9.9,7.6,12.7,3.1,3.1,E,E,E,E,-,-,-,-,-,-,-,-,-,-,-,-,-,-
2026-07-20,17:00~19:00,總停等延滯,584991.0,12452.0,11875.0,577.0,26790.0,25381.0,1409.0,65394.0,46089.0,7850.0,11455.0,283466.0,34631.0,160008.0,57575.0,31252.0,16984.0,2517.0,14467.0,11173.0,11173.0,133705.0,51816.0,59330.0,8815.0,13744.0,31839.0,11917.0,19922.0,3188.0,3188.0,172.8,233.7,182.0,210.3,-,-,-,-,-,116.3,32.6,1581.3,37.1,113.1,83.5,97.2,110.8,35.0
2026-07-20,17:00~19:00,通過量,6312.0,1735.0,262.0,1473.0,3617.0,2098.0,1519.0,10080.0,4441.0,3044.0,2595.0,7439.0,534.0,4020.0,1643.0,1242.0,3281.0,2139.0,1142.0,1186.0,1186.0,4015.0,768.0,2100.0,323.0,824.0,3571.0,2068.0,1503.0,1037.0,1037.0,27.1,20.0,19.9,15.4,-,-,-,-,-,-,-,-,-,-,-,-,-,-
2026-07-20,17:00~19:00,平均停等延滯,92.7,7.2,45.3,0.4,7.4,12.1,0.9,6.5,10.4,2.6,4.4,38.1,64.9,39.8,35.0,25.2,5.2,1.2,12.7,9.4,9.4,33.3,67.5,28.3,27.3,16.7,8.9,5.8,13.3,3.1,3.1,C,D,E,E,-,-,-,-,-,-,-,-,-,-,-,-,-,-
2026-07-20,16:30~17:30,總停等延滯,320974.0,7358.0,6152.0,1206.0,20405.0,19294.0,1111.0,37088.0,24295.0,4989.0,7804.0,143779.0,18193.0,71359.0,34304.0,19923.0,16219.0,1570.0,14649.0,5441.0,5441.0,66338.0,24714.0,27291.0,5357.0,8976.0,21446.0,10633.0,10813.0,2900.0,2900.0,236.0,240.0,194.6,258.7,-,-,-,-,-,163.6,41.7,436.6,41.6,114.4,83.1,144.3,125.5,51.4
2026-07-20,16:30~17:30,通過量,3435.0,983.0,141.0,842.0,1845.0,1004.0,841.0,5502.0,2191.0,1777.0,1534.0,3993.0,331.0,2049.0,923.0,690.0,1719.0,1048.0,671.0,644.0,644.0,2113.0,387.0,1067.0,179.0,480.0,1925.0,1012.0,913.0,712.0,712.0,19.8,19.5,18.6,12.5,-,-,-,-,-,-,-,-,-,-,-,-,-,-
2026-07-20,16:30~17:30,平均停等延滯,93.4,7.5,43.6,1.4,11.1,19.2,1.3,6.7,11.1,2.8,5.1,36.0,55.0,34.8,37.2,28.9,9.4,1.5,21.8,8.4,8.4,31.4,63.9,25.6,29.9,18.7,11.1,10.5,11.8,4.1,4.1,E,E,E,E,-,-,-,-,-,-,-,-,-,-,-,-,-,-
2026-07-20,17:30~18:30,總停等延滯,301465.0,6707.0,6676.0,31.0,14663.0,13734.0,929.0,34125.0,23805.0,4191.0,6129.0,145052.0,18413.0,80896.0,30521.0,15222.0,7676.0,1170.0,6506.0,6247.0,6247.0,71583.0,26355.0,34227.0,4484.0,6517.0,14546.0,4573.0,9973.0,866.0,866.0,nan,231.0,nan,200.5,-,-,-,-,-,114.5,-,-,38.9,111.2,80.9,89.3,108.8,-
2026-07-20,17:30~18:30,通過量,3158.0,917.0,148.0,769.0,1836.0,1056.0,780.0,5171.0,2261.0,1562.0,1348.0,3777.0,293.0,2001.0,872.0,611.0,1703.0,1132.0,571.0,598.0,598.0,2023.0,381.0,1090.0,166.0,386.0,1729.0,1001.0,728.0,510.0,510.0,0.0,20.3,0.0,16.2,-,-,-,-,-,-,-,-,-,-,-,-,-,-
2026-07-20,17:30~18:30,平均停等延滯,95.5,7.3,45.1,0.0,8.0,13.0,1.2,6.6,10.5,2.7,4.5,38.4,62.8,40.4,35.0,24.9,4.5,1.0,11.4,10.4,10.4,35.4,69.2,31.4,27.0,16.9,8.4,4.6,13.7,1.7,1.7,-,D,-,E,-,-,-,-,-,-,-,-,-,-,-,-,-,-
2026-07-21,06:30~20:30,總停等延滯,3875786.0,152106.0,75550.0,76556.0,175847.0,121615.0,54232.0,550334.0,286093.0,78302.0,185939.0,1670350.0,204905.0,825859.0,407747.0,231839.0,193011.0,16636.0,176375.0,133131.0,133131.0,695625.0,286158.0,174281.0,88456.0,146730.0,240965.0,89167.0,151798.0,64417.0,64417.0,239.6,236.0,306.1,263.0,261.2,262.2,282.6,345.9,11596398.1,125.8,86.9,26.9,39.6,121.0,74.8,142.0,227.1,52.0
2026-07-21,06:30~20:30,通過量,41829.0,13162.0,1866.0,11296.0,22709.0,11445.0,11264.0,69207.0,25142.0,23028.0,21037.0,48863.0,3293.0,23284.0,11679.0,10607.0,20978.0,11116.0,9862.0,10017.0,10017.0,25888.0,4628.0,11264.0,2603.0,7393.0,22550.0,11949.0,10601.0,8507.0,8507.0,19.5,19.8,11.8,12.3,-,-,-,-,-,-,-,-,-,-,-,-,-,-
2026-07-21,06:30~20:30,平均停等延滯,92.7,11.6,40.5,6.8,7.7,10.6,4.8,8.0,11.4,3.4,8.8,34.2,62.2,35.5,34.9,21.9,9.2,1.5,17.9,13.3,13.3,26.9,61.8,15.5,34.0,19.8,10.7,7.5,14.3,7.6,7.6,E,E,E,E,-,-,-,-,-,-,-,-,-,-,-,-,-,-
2026-07-21,07:00~21:00,總停等延滯,3764710.0,148532.0,76336.0,72196.0,174788.0,121620.0,53168.0,531730.0,287692.0,73887.0,170151.0,1644651.0,201594.0,827629.0,391374.0,224054.0,178575.0,16349.0,162226.0,118808.0,118808.0,676395.0,278899.0,175406.0,85304.0,136786.0,231898.0,87066.0,144832.0,59333.0,59333.0,237.8,234.7,300.8,261.8,258.8,259.7,279.8,342.5,11407332.8,123.1,87.9,26.8,39.6,119.4,75.2,142.4,222.8,50.9
2026-07-21,07:00~21:00,通過量,41192.0,12811.0,1883.0,10928.0,22399.0,11500.0,10899.0,67854.0,25347.0,22192.0,20315.0,48491.0,3218.0,23584.0,11468.0,10221.0,20746.0,11274.0,9472.0,9687.0,9687.0,25693.0,4596.0,11457.0,2516.0,7124.0,22358.0,12003.0,10355.0,8343.0,8343.0,19.7,19.9,12.0,12.4,-,-,-,-,-,-,-,-,-,-,-,-,-,-
2026-07-21,07:00~21:00,平均停等延滯,91.4,11.6,40.5,6.6,7.8,10.6,4.9,7.8,11.4,3.3,8.4,33.9,62.6,35.1,34.1,21.9,8.6,1.5,17.1,12.3,12.3,26.3,60.7,15.3,33.9,19.2,10.4,7.3,14.0,7.1,7.1,E,E,E,E,-,-,-,-,-,-,-,-,-,-,-,-,-,-
2026-07-21,06:30~08:30,總停等延滯,882438.0,39370.0,4621.0,34749.0,53624.0,25558.0,28066.0,172866.0,54867.0,32445.0,85554.0,319597.0,39201.0,140322.0,90078.0,49996.0,57640.0,2205.0,55435.0,50220.0,50220.0,112684.0,46539.0,9182.0,25053.0,31910.0,68042.0,15021.0,53021.0,8395.0,8395.0,326.2,365.9,510.5,370.4,393.2,389.2,411.4,469.9,2344355.5,192.8,77.9,55.4,44.9,219.2,96.1,151.2,363.9,91.2
2026-07-21,06:30~08:30,通過量,5926.0,1987.0,140.0,1847.0,3088.0,1214.0,1874.0,11090.0,2896.0,4315.0,3879.0,6734.0,527.0,2488.0,1532.0,2187.0,3099.0,1015.0,2084.0,1913.0,1913.0,3545.0,636.0,1026.0,564.0,1319.0,2909.0,1383.0,1526.0,1262.0,1262.0,14.3,12.8,7.1,8.7,-,-,-,-,-,-,-,-,-,-,-,-,-,-
2026-07-21,06:30~08:30,平均停等延滯,148.9,19.8,33.0,18.8,17.4,21.1,15.0,15.6,18.9,7.5,22.1,47.5,74.4,56.4,58.8,22.9,18.6,2.2,26.6,26.3,26.3,31.8,73.2,8.9,44.4,24.2,23.4,10.9,34.7,6.7,6.7,E,E,F,F,-,-,-,-,-,-,-,-,-,-,-,-,-,-
2026-07-21,06:30~07:30,總停等延滯,387038.0,14885.0,1502.0,13383.0,7037.0,800.0,6237.0,61332.0,11489.0,13507.0,36336.0,137564.0,17710.0,47875.0,45793.0,26186.0,35341.0,1250.0,34091.0,34208.0,34208.0,58839.0,25145.0,2921.0,10334.0,20439.0,32017.0,6561.0,25456.0,5815.0,5815.0,303.7,224.5,422.3,257.2,301.9,315.9,339.7,400.0,927035.4,214.8,60.7,28.1,30.0,142.3,51.4,114.8,317.8,76.4
2026-07-21,06:30~07:30,通過量,3046.0,1058.0,49.0,1009.0,1678.0,632.0,1046.0,5579.0,1280.0,2282.0,2017.0,3297.0,268.0,1086.0,797.0,1146.0,1487.0,390.0,1097.0,1002.0,1002.0,1666.0,283.0,393.0,262.0,728.0,1454.0,630.0,824.0,611.0,611.0,15.4,20.8,8.6,12.6,-,-,-,-,-,-,-,-,-,-,-,-,-,-
2026-07-21,06:30~07:30,平均停等延滯,127.1,14.1,30.7,13.3,4.2,1.3,6.0,11.0,9.0,5.9,18.0,41.7,66.1,44.1,57.5,22.8,23.8,3.2,31.1,34.1,34.1,35.3,88.9,7.4,39.4,28.1,22.0,10.4,30.9,9.5,9.5,E,D,F,E,-,-,-,-,-,-,-,-,-,-,-,-,-,-
2026-07-21,07:30~08:30,總停等延滯,495400.0,24485.0,3119.0,21366.0,46587.0,24758.0,21829.0,111534.0,43378.0,18938.0,49218.0,182033.0,21491.0,92447.0,44285.0,23810.0,22299.0,955.0,21344.0,16012.0,16012.0,53845.0,21394.0,6261.0,14719.0,11471.0,36025.0,8460.0,27565.0,2580.0,2580.0,348.6,495.5,598.8,483.7,481.6,467.9,488.6,544.3,1444917.4,170.8,95.2,82.6,58.6,296.1,140.8,187.6,410.1,106.1
2026-07-21,07:30~08:30,通過量,2880.0,929.0,91.0,838.0,1410.0,582.0,828.0,5511.0,1616.0,2033.0,1862.0,3437.0,259.0,1402.0,735.0,1041.0,1612.0,625.0,987.0,911.0,911.0,1879.0,353.0,633.0,302.0,591.0,1455.0,753.0,702.0,651.0,651.0,13.4,9.4,6.0,6.7,-,-,-,-,-,-,-,-,-,-,-,-,-,-
2026-07-21,07:30~08:30,平均停等延滯,172.0,26.4,34.3,25.5,33.0,42.5,26.4,20.2,26.8,9.3,26.4,53.0,83.0,65.9,60.3,22.9,13.8,1.5,21.6,17.6,17.6,28.7,60.6,9.9,48.7,19.4,24.8,11.2,39.3,4.0,4.0,E,F,F,F,-,-,-,-,-,-,-,-,-,-,-,-,-,-
2026-07-21,07:00~09:00,總停等延滯,930102.0,45721.0,5858.0,39863.0,75822.0,40599.0,35223.0,194102.0,73670.0,35345.0,85087.0,346551.0,39580.0,170801.0,87504.0,48666.0,49013.0,2289.0,46724.0,38626.0,38626.0,114030.0,46112.0,12557.0,28599.0,26762.0,62449.0,14259.0,48190.0,3788.0,3788.0,337.1,442.2,529.1,417.5,431.5,421.8,442.2,496.4,2637729.0,180.9,89.0,67.2,59.4,275.9,100.9,141.5,363.2,98.7
2026-07-21,07:00~09:00,通過量,5921.0,1976.0,185.0,1791.0,3027.0,1241.0,1786.0,10952.0,3085.0,4125.0,3742.0,6960.0,519.0,2740.0,1538.0,2163.0,3131.0,1146.0,1985.0,1882.0,1882.0,3736.0,690.0,1192.0,584.0,1270.0,2905.0,1473.0,1432.0,1261.0,1261.0,13.9,10.6,6.8,7.8,-,-,-,-,-,-,-,-,-,-,-,-,-,-
2026-07-21,07:00~09:00,平均停等延滯,157.1,23.1,31.7,22.3,25.0,32.7,19.7,17.7,23.9,8.6,22.7,49.8,76.3,62.3,56.9,22.5,15.7,2.0,23.5,20.5,20.5,30.5,66.8,10.5,49.0,21.1,21.5,9.7,33.7,3.0,3.0,E,E,F,F,-,-,-,-,-,-,-,-,-,-,-,-,-,-
2026-07-21,10:00~12:00,總停等延滯,430823.0,16278.0,10725.0,5553.0,6855.0,4054.0,2801.0,48402.0,27968.0,6590.0,13844.0,203086.0,27096.0,93851.0,51517.0,30622.0,19602.0,1872.0,17730.0,13611.0,13611.0,86648.0,35116.0,20393.0,12270.0,18869.0,29453.0,13400.0,16053.0,6888.0,6888.0,199.9,173.3,346.6,241.4,240.3,245.0,262.3,318.1,1601582.8,109.3,70.3,20.2,34.3,80.7,58.4,160.7,269.9,56.4
2026-07-21,10:00~12:00,通過量,6105.0,1952.0,311.0,1641.0,3394.0,1723.0,1671.0,9763.0,3560.0,3227.0,2976.0,7263.0,509.0,3454.0,1825.0,1475.0,2948.0,1594.0,1354.0,1425.0,1425.0,3584.0,640.0,1575.0,308.0,1061.0,3306.0,1753.0,1553.0,1219.0,1219.0,23.4,27.0,10.4,13.4,-,-,-,-,-,-,-,-,-,-,-,-,-,-
2026-07-21,10:00~12:00,平均停等延滯,70.6,8.3,34.5,3.4,2.0,2.4,1.7,5.0,7.9,2.0,4.7,28.0,53.2,27.2,28.2,20.8,6.6,1.2,13.1,9.6,9.6,24.2,54.9,12.9,39.8,17.8,8.9,7.6,10.3,5.7,5.7,D,C,E,E,-,-,-,-,-,-,-,-,-,-,-,-,-,-
2026-07-21,11:00~12:00,總停等延滯,211245.0,10397.0,5663.0,4734.0,3443.0,1936.0,1507.0,23372.0,14551.0,2700.0,6121.0,103208.0,12828.0,51646.0,25789.0,12945.0,6970.0,769.0,6201.0,7519.0,7519.0,37646.0,15980.0,7635.0,4498.0,9533.0,14062.0,6606.0,7456.0,4628.0,4628.0,198.0,169.2,486.8,213.4,266.8,275.3,292.3,347.9,878495.8,95.7,78.1,24.2,27.1,87.4,54.6,126.0,387.4,75.2
2026-07-21,11:00~12:00,通過量,2971.0,945.0,163.0,782.0,1637.0,853.0,784.0,4706.0,1734.0,1548.0,1424.0,3507.0,221.0,1665.0,882.0,739.0,1468.0,791.0,677.0,739.0,739.0,1765.0,300.0,772.0,129.0,564.0,1600.0,859.0,741.0,609.0,609.0,23.6,27.7,7.4,15.2,-,-,-,-,-,-,-,-,-,-,-,-,-,-
2026-07-21,11:00~12:00,平均停等延滯,71.1,11.0,34.7,6.1,2.1,2.3,1.9,5.0,8.4,1.7,4.3,29.4,58.0,31.0,29.2,17.5,4.7,1.0,9.2,10.2,10.2,21.3,53.3,9.9,34.9,16.9,8.8,7.7,10.1,7.6,7.6,D,C,F,E,-,-,-,-,-,-,-,-,-,-,-,-,-,-
2026-07-21,12:00~14:00,總停等延滯,421633.0,22488.0,11534.0,10954.0,7101.0,4476.0,2625.0,45779.0,29387.0,4364.0,12028.0,202970.0,28241.0,96963.0,53244.0,24522.0,16205.0,2315.0,13890.0,13297.0,13297.0,71080.0,32351.0,10474.0,9560.0,18695.0,26232.0,12554.0,13678.0,16481.0,16481.0,184.0,185.6,254.6,233.2,214.4,216.7,236.9,301.4,1339587.6,98.5,67.1,18.3,43.7,88.2,53.7,145.0,192.9,43.4
2026-07-21,12:00~14:00,通過量,5960.0,1949.0,282.0,1667.0,3399.0,1738.0,1661.0,9529.0,3374.0,3152.0,3003.0,6827.0,466.0,3151.0,1726.0,1484.0,2901.0,1549.0,1352.0,1405.0,1405.0,3509.0,591.0,1543.0,308.0,1067.0,3173.0,1665.0,1508.0,1273.0,1273.0,25.4,25.2,14.2,13.9,-,-,-,-,-,-,-,-,-,-,-,-,-,-
2026-07-21,12:00~14:00,平均停等延滯,70.7,11.5,40.9,6.6,2.1,2.6,1.6,4.8,8.7,1.4,4.0,29.7,60.6,30.8,30.8,16.5,5.6,1.5,10.3,9.5,9.5,20.3,54.7,6.8,31.0,17.5,8.3,7.5,9.1,12.9,12.9,C,C,E,E,-,-,-,-,-,-,-,-,-,-,-,-,-,-
2026-07-21,16:30~18:30,總停等延滯,676783.0,15057.0,12495.0,2562.0,44715.0,39395.0,5320.0,83450.0,51107.0,10320.0,22023.0,287927.0,34483.0,144833.0,66703.0,41908.0,38130.0,3441.0,34689.0,13352.0,13352.0,146305.0,58706.0,55932.0,12559.0,19108.0,39273.0,16115.0,23158.0,8574.0,8574.0,229.5,255.2,269.3,220.5,243.6,245.0,266.8,337.3,1678906.2,152.0,54.0,23.4,40.2,109.3,104.7,111.2,192.7,53.0
2026-07-21,16:30~18:30,通過量,6425.0,1848.0,276.0,1572.0,3237.0,1646.0,1591.0,10431.0,4110.0,3362.0,2959.0,7588.0,560.0,3815.0,1882.0,1331.0,3265.0,1995.0,1270.0,1286.0,1286.0,4307.0,860.0,2065.0,407.0,975.0,3542.0,1841.0,1701.0,1276.0,1276.0,20.4,18.3,13.4,14.7,-,-,-,-,-,-,-,-,-,-,-,-,-,-
2026-07-21,16:30~18:30,平均停等延滯,105.3,8.1,45.3,1.6,13.8,23.9,3.3,8.0,12.4,3.1,7.4,37.9,61.6,38.0,35.4,31.5,11.7,1.7,27.3,10.4,10.4,34.0,68.3,27.1,30.9,19.6,11.1,8.8,13.6,6.7,6.7,D,E,E,E,-,-,-,-,-,-,-,-,-,-,-,-,-,-
2026-07-21,17:00~19:00,總停等延滯,627405.0,13770.0,13051.0,719.0,37312.0,35244.0,2068.0,71913.0,49890.0,7439.0,14584.0,285916.0,35554.0,155429.0,58736.0,36197.0,26271.0,2371.0,23900.0,10863.0,10863.0,144006.0,57900.0,60907.0,10370.0,14829.0,32855.0,12245.0,20610.0,4499.0,4499.0,213.0,232.9,280.6,223.9,237.6,239.0,260.5,329.0,1598804.6,139.0,56.8,17.2,40.7,105.2,86.7,118.7,220.0,43.4
2026-07-21,17:00~19:00,通過量,6147.0,1712.0,277.0,1435.0,3135.0,1666.0,1469.0,10049.0,4232.0,3119.0,2698.0,7413.0,537.0,3858.0,1733.0,1285.0,3190.0,2008.0,1182.0,1164.0,1164.0,4234.0,853.0,2098.0,406.0,877.0,3392.0,1861.0,1531.0,1121.0,1121.0,22.0,20.1,12.9,14.5,-,-,-,-,-,-,-,-,-,-,-,-,-,-
2026-07-21,17:00~19:00,平均停等延滯,102.1,8.0,47.1,0.5,11.9,21.2,1.4,7.2,11.8,2.4,5.4,38.6,66.2,40.3,33.9,28.2,8.2,1.2,20.2,9.3,9.3,34.0,67.9,29.0,25.5,16.9,9.7,6.6,13.5,4.0,4.0,D,D,E,E,-,-,-,-,-,-,-,-,-,-,-,-,-,-
2026-07-21,16:30~17:30,總停等延滯,357322.0,8563.0,6193.0,2370.0,22648.0,18674.0,3974.0,47424.0,25420.0,6457.0,15547.0,138856.0,15491.0,62503.0,36648.0,24214.0,29016.0,2494.0,26522.0,8566.0,8566.0,72428.0,29483.0,24744.0,6376.0,11825.0,23372.0,10495.0,12877.0,6449.0,6449.0,270.8,286.6,291.0,218.3,266.7,266.8,290.2,367.4,914759.2,189.9,51.4,29.6,46.7,116.0,119.5,102.3,189.8,71.7
2026-07-21,16:30~17:30,通過量,3234.0,946.0,127.0,819.0,1602.0,760.0,842.0,5351.0,2016.0,1790.0,1545.0,3786.0,281.0,1836.0,990.0,679.0,1651.0,982.0,669.0,712.0,712.0,2154.0,472.0,1025.0,166.0,491.0,1823.0,886.0,937.0,670.0,670.0,17.3,16.3,12.4,14.8,-,-,-,-,-,-,-,-,-,-,-,-,-,-
2026-07-21,16:30~17:30,平均停等延滯,110.5,9.1,48.8,2.9,14.1,24.6,4.7,8.9,12.6,3.6,10.1,36.7,55.1,34.0,37.0,35.7,17.6,2.5,39.6,12.0,12.0,33.6,62.5,24.1,38.4,24.1,12.8,11.8,13.7,9.6,9.6,E,E,E,E,-,-,-,-,-,-,-,-,-,-,-,-,-,-
2026-07-21,17:30~18:30,總停等延滯,319461.0,6494.0,6302.0,192.0,22067.0,20721.0,1346.0,36026.0,25687.0,3863.0,6476.0,149071.0,18992.0,82330.0,30055.0,17694.0,9114.0,947.0,8167.0,4786.0,4786.0,73877.0,29223.0,31188.0,6183.0,7283.0,15901.0,5620.0,10281.0,2125.0,2125.0,188.1,226.2,247.2,222.7,221.0,223.5,243.8,307.7,765684.5,114.1,56.7,17.3,34.2,102.7,89.8,120.0,195.6,34.2
2026-07-21,17:30~18:30,通過量,3191.0,902.0,149.0,753.0,1635.0,886.0,749.0,5080.0,2094.0,1572.0,1414.0,3802.0,279.0,1979.0,892.0,652.0,1614.0,1013.0,601.0,574.0,574.0,2153.0,388.0,1040.0,241.0,484.0,1719.0,955.0,764.0,606.0,606.0,24.9,20.7,14.6,14.5,-,-,-,-,-,-,-,-,-,-,-,-,-,-
2026-07-21,17:30~18:30,平均停等延滯,100.1,7.2,42.3,0.3,13.5,23.4,1.8,7.1,12.3,2.5,4.6,39.2,68.1,41.6,33.7,27.1,5.6,0.9,13.6,8.3,8.3,34.3,75.3,30.0,25.7,15.0,9.3,5.9,13.5,3.5,3.5,D,D,E,E,-,-,-,-,-,-,-,-,-,-,-,-,-,-
2026-07-22,06:30~20:30,總停等延滯,4044713.0,129816.0,64267.0,65549.0,215178.0,164454.0,50724.0,526233.0,277241.0,73966.0,175026.0,1767618.0,217095.0,880696.0,412629.0,257198.0,286579.0,12837.0,273742.0,164694.0,164694.0,720332.0,293734.0,214104.0,88497.0,123997.0,208080.0,73467.0,134613.0,26183.0,26183.0,284.6,235.4,286.7,255.2,265.5,266.0,283.5,338.0,12078969.1,160.8,92.9,29.0,42.7,118.5,73.5,136.6,204.6,53.2
2026-07-22,06:30~20:30,通過量,42557.0,13579.0,1900.0,11679.0,23562.0,11643.0,11919.0,71630.0,25781.0,23972.0,21877.0,50457.0,3602.0,23682.0,12189.0,10984.0,21782.0,11621.0,10161.0,10317.0,10317.0,25851.0,4433.0,11463.0,2479.0,7476.0,23118.0,12094.0,11024.0,8612.0,8612.0,16.4,19.9,12.6,12.7,-,-,-,-,-,-,-,-,-,-,-,-,-,-
2026-07-22,06:30~20:30,平均停等延滯,95.0,9.6,33.8,5.6,9.1,14.1,4.3,7.3,10.8,3.1,8.0,35.0,60.3,37.2,33.9,23.4,13.2,1.1,26.9,16.0,16.0,27.9,66.3,18.7,35.7,16.6,9.0,6.1,12.2,3.0,3.0,E,E,E,E,-,-,-,-,-,-,-,-,-,-,-,-,-,-
2026-07-22,07:00~21:00,總停等延滯,3946802.0,127987.0,65856.0,62131.0,212768.0,164193.0,48575.0,508717.0,279260.0,69027.0,160430.0,1738039.0,212309.0,879561.0,396104.0,250065.0,271540.0,12653.0,258887.0,150174.0,150174.0,711739.0,292811.0,214904.0,84616.0,119408.0,200455.0,72130.0,128325.0,25383.0,25383.0,288.1,235.5,293.2,254.5,267.8,268.0,285.5,340.7,12034203.5,158.8,97.6,28.8,42.7,118.1,74.4,136.3,212.3,52.2
2026-07-22,07:00~21:00,通過量,41971.0,13221.0,1914.0,11307.0,23211.0,11691.0,11520.0,70381.0,25952.0,23210.0,21219.0,49879.0,3541.0,23846.0,11998.0,10494.0,21484.0,11780.0,9704.0,9939.0,9939.0,25695.0,4403.0,11628.0,2444.0,7220.0,22885.0,12127.0,10758.0,8487.0,8487.0,16.2,19.9,12.3,12.7,-,-,-,-,-,-,-,-,-,-,-,-,-,-
2026-07-22,07:00~21:00,平均停等延滯,94.0,9.7,34.4,5.5,9.2,14.0,4.2,7.2,10.8,3.0,7.6,34.8,60.0,36.9,33.0,23.8,12.6,1.1,26.7,15.1,15.1,27.7,66.5,18.5,34.6,16.5,8.8,5.9,11.9,3.0,3.0,E,E,E,E,-,-,-,-,-,-,-,-,-,-,-,-,-,-
2026-07-22,06:30~08:30,總停等延滯,829063.0,35271.0,3507.0,31764.0,54502.0,25826.0,28676.0,161760.0,45769.0,32560.0,83431.0,316763.0,41024.0,137743.0,85657.0,52339.0,60988.0,2059.0,58929.0,52612.0,52612.0,104473.0,39018.0,11277.0,27191.0,26987.0,37480.0,9124.0,28356.0,5214.0,5214.0,330.3,303.9,422.4,278.9,333.9,338.7,357.5,403.4,2060930.2,178.4,78.4,73.5,41.3,185.6,60.2,93.3,251.3,97.6
2026-07-22,06:30~08:30,通過量,5949.0,2078.0,143.0,1935.0,3093.0,1139.0,1954.0,11190.0,2848.0,4404.0,3938.0,6839.0,551.0,2473.0,1537.0,2278.0,3252.0,1069.0,2183.0,2078.0,2078.0,3618.0,594.0,1048.0,572.0,1404.0,2866.0,1320.0,1546.0,1317.0,1317.0,14.2,15.4,8.6,11.6,-,-,-,-,-,-,-,-,-,-,-,-,-,-
2026-07-22,06:30~08:30,平均停等延滯,139.4,17.0,24.5,16.4,17.6,22.7,14.7,14.5,16.1,7.4,21.2,46.3,74.5,55.7,55.7,23.0,18.8,1.9,27.0,25.3,25.3,28.9,65.7,10.8,47.5,19.2,13.1,6.9,18.3,4.0,4.0,E,E,F,E,-,-,-,-,-,-,-,-,-,-,-,-,-,-
2026-07-22,06:30~07:30,總停等延滯,333478.0,11383.0,1188.0,10195.0,10002.0,1736.0,8266.0,58996.0,8946.0,14076.0,35974.0,132759.0,21956.0,40805.0,44686.0,25312.0,31730.0,682.0,31048.0,28768.0,28768.0,44544.0,17049.0,1490.0,11648.0,14357.0,13711.0,2256.0,11455.0,1585.0,1585.0,268.2,187.8,326.0,183.8,-,-,-,-,-,171.0,60.6,36.6,26.7,100.4,56.2,83.4,219.2,70.1
2026-07-22,06:30~07:30,通過量,2943.0,1097.0,50.0,1047.0,1615.0,522.0,1093.0,5615.0,1173.0,2343.0,2099.0,3342.0,268.0,990.0,815.0,1269.0,1611.0,401.0,1210.0,1108.0,1108.0,1671.0,275.0,379.0,278.0,739.0,1390.0,579.0,811.0,605.0,605.0,17.4,24.9,11.1,17.6,-,-,-,-,-,-,-,-,-,-,-,-,-,-
2026-07-22,06:30~07:30,平均停等延滯,113.3,10.4,23.8,9.7,6.2,3.3,7.6,10.5,7.6,6.0,17.1,39.7,81.9,41.2,54.8,19.9,19.7,1.7,25.7,26.0,26.0,26.7,62.0,3.9,41.9,19.4,9.9,3.9,14.1,2.6,2.6,E,D,E,E,-,-,-,-,-,-,-,-,-,-,-,-,-,-
2026-07-22,07:30~08:30,總停等延滯,495585.0,23888.0,2319.0,21569.0,44500.0,24090.0,20410.0,102764.0,36823.0,18484.0,47457.0,184004.0,19068.0,96938.0,40971.0,27027.0,29258.0,1377.0,27881.0,23844.0,23844.0,59929.0,21969.0,9787.0,15543.0,12630.0,23769.0,6868.0,16901.0,3629.0,3629.0,392.3,388.6,518.8,374.0,418.4,416.8,436.2,486.1,1293775.9,185.8,96.3,110.3,51.9,270.7,64.1,103.3,283.4,125.1
2026-07-22,07:30~08:30,通過量,3006.0,981.0,93.0,888.0,1478.0,617.0,861.0,5575.0,1675.0,2061.0,1839.0,3497.0,283.0,1483.0,722.0,1009.0,1641.0,668.0,973.0,970.0,970.0,1947.0,319.0,669.0,294.0,665.0,1476.0,741.0,735.0,712.0,712.0,11.9,12.0,7.0,8.7,-,-,-,-,-,-,-,-,-,-,-,-,-,-
2026-07-22,07:30~08:30,平均停等延滯,164.9,24.4,24.9,24.3,30.1,39.0,23.7,18.4,22.0,9.0,25.8,52.6,67.4,65.4,56.7,26.8,17.8,2.1,28.7,24.6,24.6,30.8,68.9,14.6,52.9,19.0,16.1,9.3,23.0,5.1,5.1,E,E,F,F,-,-,-,-,-,-,-,-,-,-,-,-,-,-
2026-07-22,07:00~09:00,總停等延滯,854942.0,35434.0,5371.0,30063.0,58993.0,31707.0,27286.0,157915.0,50657.0,29912.0,77346.0,323207.0,39403.0,149704.0,80759.0,53341.0,62102.0,2224.0,59878.0,52389.0,52389.0,121190.0,46756.0,18907.0,29562.0,25965.0,38772.0,11168.0,27604.0,4940.0,4940.0,347.1,306.8,451.9,291.6,349.4,352.6,373.1,427.3,2204216.4,195.3,79.1,72.7,41.4,188.3,67.2,103.3,283.0,96.2
2026-07-22,07:00~09:00,通過量,6038.0,2015.0,172.0,1843.0,3081.0,1274.0,1807.0,11189.0,3180.0,4206.0,3803.0,7040.0,573.0,2859.0,1541.0,2067.0,3262.0,1277.0,1985.0,1968.0,1968.0,3902.0,645.0,1323.0,593.0,1341.0,2869.0,1429.0,1440.0,1293.0,1293.0,13.5,15.3,8.0,11.1,-,-,-,-,-,-,-,-,-,-,-,-,-,-
2026-07-22,07:00~09:00,平均停等延滯,141.6,17.6,31.2,16.3,19.1,24.9,15.1,14.1,15.9,7.1,20.3,45.9,68.8,52.4,52.4,25.8,19.0,1.7,30.2,26.6,26.6,31.1,72.5,14.3,49.9,19.4,13.5,7.8,19.2,3.8,3.8,E,E,F,E,-,-,-,-,-,-,-,-,-,-,-,-,-,-
2026-07-22,10:00~12:00,總停等延滯,466646.0,15242.0,9674.0,5568.0,12108.0,9436.0,2672.0,57726.0,32423.0,6851.0,18452.0,222295.0,30713.0,102225.0,57779.0,31578.0,34431.0,1906.0,32525.0,15945.0,15945.0,76935.0,37815.0,15485.0,10461.0,13174.0,27939.0,11594.0,16345.0,4025.0,4025.0,244.8,202.4,288.8,247.9,246.0,248.5,263.7,313.2,1600897.6,149.7,71.8,23.2,47.4,89.7,65.3,158.2,226.4,39.1
2026-07-22,10:00~12:00,通過量,6326.0,1992.0,317.0,1675.0,3491.0,1756.0,1735.0,10408.0,3676.0,3493.0,3239.0,7252.0,563.0,3318.0,1835.0,1536.0,2970.0,1594.0,1376.0,1378.0,1378.0,3590.0,655.0,1599.0,299.0,1037.0,3508.0,1809.0,1699.0,1217.0,1217.0,19.1,23.1,12.5,13.1,-,-,-,-,-,-,-,-,-,-,-,-,-,-
2026-07-22,10:00~12:00,平均停等延滯,73.8,7.7,30.5,3.3,3.5,5.4,1.5,5.5,8.8,2.0,5.7,30.7,54.6,30.8,31.5,20.6,11.6,1.2,23.6,11.6,11.6,21.4,57.7,9.7,35.0,12.7,8.0,6.4,9.6,3.3,3.3,E,D,E,E,-,-,-,-,-,-,-,-,-,-,-,-,-,-
2026-07-22,11:00~12:00,總停等延滯,219338.0,7453.0,2728.0,4725.0,8720.0,6922.0,1798.0,26269.0,16952.0,2357.0,6960.0,112493.0,13588.0,61859.0,27974.0,9072.0,6276.0,870.0,5406.0,5330.0,5330.0,36247.0,19194.0,6871.0,4689.0,5493.0,15196.0,6950.0,8246.0,1354.0,1354.0,197.4,229.6,229.2,251.5,226.9,228.6,240.0,279.1,748966.1,84.0,86.2,27.1,61.3,109.1,59.2,142.4,164.8,37.3
2026-07-22,11:00~12:00,通過量,3163.0,931.0,153.0,778.0,1747.0,936.0,811.0,5018.0,1889.0,1643.0,1486.0,3672.0,277.0,1798.0,911.0,686.0,1421.0,791.0,630.0,667.0,667.0,1743.0,303.0,778.0,145.0,517.0,1786.0,954.0,832.0,599.0,599.0,23.7,20.4,15.8,12.9,-,-,-,-,-,-,-,-,-,-,-,-,-,-
2026-07-22,11:00~12:00,平均停等延滯,69.3,8.0,17.8,6.1,5.0,7.4,2.2,5.2,9.0,1.4,4.7,30.6,49.1,34.4,30.7,13.2,4.4,1.1,8.6,8.0,8.0,20.8,63.3,8.8,32.3,10.6,8.5,7.3,9.9,2.3,2.3,D,D,E,E,-,-,-,-,-,-,-,-,-,-,-,-,-,-
2026-07-22,12:00~14:00,總停等延滯,432699.0,18138.0,7291.0,10847.0,8545.0,3366.0,5179.0,43337.0,29217.0,4441.0,9679.0,222674.0,24602.0,118849.0,54012.0,25211.0,27405.0,1267.0,26138.0,8706.0,8706.0,74904.0,40141.0,16841.0,8437.0,9485.0,26762.0,8144.0,18618.0,2228.0,2228.0,275.1,196.3,286.7,210.2,242.1,244.2,257.1,299.9,1574275.7,108.6,142.7,23.8,36.2,96.9,63.1,113.3,180.1,82.9
2026-07-22,12:00~14:00,通過量,6158.0,1917.0,307.0,1610.0,3509.0,1791.0,1718.0,9582.0,3520.0,3148.0,2914.0,7155.0,513.0,3285.0,1845.0,1512.0,2987.0,1571.0,1416.0,1386.0,1386.0,3443.0,576.0,1520.0,271.0,1076.0,3316.0,1692.0,1624.0,1301.0,1301.0,17.0,23.8,12.6,15.4,-,-,-,-,-,-,-,-,-,-,-,-,-,-
2026-07-22,12:00~14:00,平均停等延滯,70.3,9.5,23.7,6.7,2.4,1.9,3.0,4.5,8.3,1.4,3.3,31.1,48.0,36.2,29.3,16.7,9.2,0.8,18.5,6.3,6.3,21.8,69.7,11.1,31.1,8.8,8.1,4.8,11.5,1.7,1.7,E,D,E,E,-,-,-,-,-,-,-,-,-,-,-,-,-,-
2026-07-22,16:30~18:30,總停等延滯,741023.0,18228.0,14592.0,3636.0,60479.0,57607.0,2872.0,90948.0,60011.0,9930.0,21007.0,313632.0,36777.0,172363.0,62537.0,41955.0,41876.0,2180.0,39696.0,12906.0,12906.0,161095.0,57905.0,72781.0,10010.0,20399.0,37391.0,15781.0,21610.0,4468.0,4468.0,285.7,290.4,292.5,266.9,283.9,284.1,306.6,376.7,2008026.3,169.2,93.2,22.0,52.0,134.2,104.2,132.7,232.9,38.4
2026-07-22,16:30~18:30,通過量,6309.0,1977.0,315.0,1662.0,3479.0,1756.0,1723.0,10974.0,4290.0,3584.0,3100.0,7803.0,561.0,3874.0,1886.0,1482.0,3379.0,2092.0,1287.0,1299.0,1299.0,4181.0,767.0,2107.0,376.0,931.0,3564.0,1961.0,1603.0,1217.0,1217.0,16.4,16.1,12.4,12.1,-,-,-,-,-,-,-,-,-,-,-,-,-,-
2026-07-22,16:30~18:30,平均停等延滯,117.5,9.2,46.3,2.2,17.4,32.8,1.7,8.3,14.0,2.8,6.8,40.2,65.6,44.5,33.2,28.3,12.4,1.0,30.8,9.9,9.9,38.5,75.5,34.5,26.6,21.9,10.5,8.0,13.5,3.7,3.7,E,E,E,E,-,-,-,-,-,-,-,-,-,-,-,-,-,-
2026-07-22,17:00~19:00,總停等延滯,710211.0,17085.0,14587.0,2498.0,61212.0,59426.0,1786.0,89204.0,61356.0,9430.0,18418.0,311508.0,38066.0,181453.0,56119.0,35870.0,27060.0,1932.0,25128.0,12368.0,12368.0,155935.0,58583.0,70211.0,8263.0,18878.0,31862.0,12984.0,18878.0,3977.0,3977.0,248.8,287.4,256.9,250.1,260.8,262.2,285.2,357.4,1792789.4,137.2,88.5,21.2,52.8,130.3,104.3,119.8,198.2,38.6
2026-07-22,17:00~19:00,通過量,5906.0,1802.0,305.0,1497.0,3234.0,1686.0,1548.0,10556.0,4329.0,3331.0,2896.0,7497.0,506.0,3983.0,1700.0,1308.0,3305.0,2088.0,1217.0,1243.0,1243.0,4045.0,770.0,2083.0,346.0,846.0,3438.0,1991.0,1447.0,1095.0,1095.0,18.8,16.3,14.1,13.0,-,-,-,-,-,-,-,-,-,-,-,-,-,-
2026-07-22,17:00~19:00,平均停等延滯,120.3,9.5,47.8,1.7,18.9,35.2,1.2,8.5,14.2,2.8,6.4,41.6,75.2,45.6,33.0,27.4,8.2,0.9,20.6,10.0,10.0,38.6,76.1,33.7,23.9,22.3,9.3,6.5,13.0,3.6,3.6,E,E,E,E,-,-,-,-,-,-,-,-,-,-,-,-,-,-
2026-07-22,16:30~17:30,總停等延滯,387039.0,8568.0,6657.0,1911.0,30663.0,28372.0,2291.0,45669.0,27481.0,4846.0,13342.0,157133.0,19733.0,79114.0,33214.0,25072.0,32465.0,1255.0,31210.0,6834.0,6834.0,81780.0,30763.0,34384.0,5318.0,11315.0,21150.0,10856.0,10294.0,2777.0,2777.0,344.6,268.7,274.5,288.1,294.0,292.5,315.2,384.0,1064799.8,208.8,110.7,25.1,45.7,135.2,87.8,152.9,209.3,39.9
2026-07-22,16:30~17:30,通過量,3419.0,1053.0,146.0,907.0,1877.0,921.0,956.0,5706.0,2146.0,1885.0,1675.0,4076.0,335.0,1865.0,1022.0,854.0,1728.0,1015.0,713.0,707.0,707.0,2178.0,402.0,1055.0,193.0,528.0,1850.0,956.0,894.0,755.0,755.0,13.6,17.4,13.2,11.2,-,-,-,-,-,-,-,-,-,-,-,-,-,-
2026-07-22,16:30~17:30,平均停等延滯,113.2,8.1,45.6,2.1,16.3,30.8,2.4,8.0,12.8,2.6,8.0,38.6,58.9,42.4,32.5,29.4,18.8,1.2,43.8,9.7,9.7,37.5,76.5,32.6,27.6,21.4,11.4,11.4,11.5,3.7,3.7,E,E,E,E,-,-,-,-,-,-,-,-,-,-,-,-,-,-
2026-07-22,17:30~18:30,總停等延滯,353984.0,9660.0,7935.0,1725.0,29816.0,29235.0,581.0,45279.0,32530.0,5084.0,7665.0,156499.0,17044.0,93249.0,29323.0,16883.0,9411.0,925.0,8486.0,6072.0,6072.0,79315.0,27142.0,38397.0,4692.0,9084.0,16241.0,4925.0,11316.0,1691.0,1691.0,224.7,312.0,310.9,245.6,273.3,277.2,299.5,370.8,950661.2,129.5,75.0,18.9,58.3,133.1,120.6,112.5,256.5,36.9
2026-07-22,17:30~18:30,通過量,2890.0,924.0,169.0,755.0,1602.0,835.0,767.0,5268.0,2144.0,1699.0,1425.0,3727.0,226.0,2009.0,864.0,628.0,1651.0,1077.0,574.0,592.0,592.0,2003.0,365.0,1052.0,183.0,403.0,1714.0,1005.0,709.0,462.0,462.0,20.8,15.0,11.6,13.2,-,-,-,-,-,-,-,-,-,-,-,-,-,-
2026-07-22,17:30~18:30,平均停等延滯,122.5,10.5,47.0,2.3,18.6,35.0,0.8,8.6,15.2,3.0,5.4,42.0,75.4,46.4,33.9,26.9,5.7,0.9,14.8,10.3,10.3,39.6,74.4,36.5,25.6,22.5,9.5,4.9,16.0,3.7,3.7,D,E,E,E,-,-,-,-,-,-,-,-,-,-,-,-,-,-
2026-07-23,06:30~20:30,總停等延滯,3720175.0,154379.0,79557.0,74822.0,136206.0,99803.0,36403.0,452428.0,248618.0,66162.0,137648.0,1586837.0,187748.0,778401.0,388810.0,231878.0,222602.0,14675.0,207927.0,141536.0,141536.0,723458.0,263615.0,215784.0,103093.0,140966.0,224473.0,87699.0,136774.0,78256.0,78256.0,233.8,213.1,233.7,244.3,-,-,-,-,-,131.2,74.8,29.5,48.9,94.6,156.5,183.5,164.0,46.9
2026-07-23,06:30~20:30,通過量,41900.0,13448.0,1809.0,11639.0,23969.0,12125.0,11844.0,70535.0,25585.0,23525.0,21425.0,49109.0,3280.0,23263.0,12046.0,10520.0,21043.0,11323.0,9720.0,9993.0,9993.0,25058.0,4383.0,11313.0,2331.0,7031.0,22827.0,11886.0,10941.0,8437.0,8437.0,20.0,22.0,15.5,13.3,-,-,-,-,-,-,-,-,-,-,-,-,-,-
2026-07-23,06:30~20:30,平均停等延滯,88.8,11.5,44.0,6.4,5.7,8.2,3.1,6.4,9.7,2.8,6.4,32.3,57.2,33.5,32.3,22.0,10.6,1.3,21.4,14.2,14.2,28.9,60.1,19.1,44.2,20.0,9.8,7.4,12.5,9.3,9.3,D,D,E,E,-,-,-,-,-,-,-,-,-,-,-,-,-,-
2026-07-23,07:00~21:00,總停等延滯,3602125.0,155232.0,80365.0,74867.0,134937.0,99767.0,35170.0,439683.0,252323.0,62253.0,125107.0,1553648.0,182659.0,775523.0,373656.0,221810.0,203195.0,13981.0,189214.0,122614.0,122614.0,697914.0,259757.0,213802.0,98033.0,126322.0,219496.0,87683.0,131813.0,75406.0,75406.0,225.0,210.5,225.8,240.5,-,-,-,-,-,125.1,74.0,29.1,48.8,93.5,155.0,180.9,159.4,45.0
2026-07-23,07:00~21:00,通過量,41375.0,13120.0,1838.0,11282.0,23623.0,12198.0,11425.0,69227.0,25746.0,22745.0,20736.0,48617.0,3239.0,23432.0,11904.0,10042.0,20758.0,11466.0,9292.0,9654.0,9654.0,24819.0,4353.0,11467.0,2234.0,6765.0,22715.0,11967.0,10748.0,8273.0,8273.0,20.8,22.2,16.0,13.5,-,-,-,-,-,-,-,-,-,-,-,-,-,-
2026-07-23,07:00~21:00,平均停等延滯,87.1,11.8,43.7,6.6,5.7,8.2,3.1,6.4,9.8,2.7,6.0,32.0,56.4,33.1,31.4,22.1,9.8,1.2,20.4,12.7,12.7,28.1,59.7,18.6,43.9,18.7,9.7,7.3,12.3,9.1,9.1,D,D,E,E,-,-,-,-,-,-,-,-,-,-,-,-,-,-
2026-07-23,06:30~08:30,總停等延滯,718223.0,28156.0,7080.0,21076.0,18368.0,4156.0,14212.0,101358.0,30491.0,20916.0,49951.0,268433.0,30167.0,123335.0,69809.0,45122.0,63119.0,2068.0,61051.0,51776.0,51776.0,140793.0,44841.0,27963.0,32982.0,35007.0,30371.0,8407.0,21964.0,15849.0,15849.0,291.0,246.5,291.1,288.8,279.4,282.8,310.5,389.8,1825759.3,172.5,78.4,40.1,31.8,120.3,93.2,168.5,188.4,62.8
2026-07-23,06:30~08:30,通過量,6045.0,2065.0,141.0,1924.0,3455.0,1434.0,2021.0,11510.0,3117.0,4455.0,3938.0,7097.0,446.0,2735.0,1615.0,2301.0,3252.0,1107.0,2145.0,2050.0,2050.0,3650.0,658.0,1139.0,518.0,1335.0,2947.0,1434.0,1513.0,1332.0,1332.0,16.1,19.0,12.4,11.2,-,-,-,-,-,-,-,-,-,-,-,-,-,-
2026-07-23,06:30~08:30,平均停等延滯,118.8,13.6,50.2,11.0,5.3,2.9,7.0,8.8,9.8,4.7,12.7,37.8,67.6,45.1,43.2,19.6,19.4,1.9,28.5,25.3,25.3,38.6,68.1,24.6,63.7,26.2,10.3,5.9,14.5,11.9,11.9,E,E,E,E,-,-,-,-,-,-,-,-,-,-,-,-,-,-
2026-07-23,06:30~07:30,總停等延滯,379964.0,11536.0,2460.0,9076.0,5864.0,952.0,4912.0,54489.0,13932.0,10477.0,30080.0,141238.0,18303.0,55378.0,41924.0,25633.0,39848.0,1152.0,38696.0,38235.0,38235.0,65606.0,19941.0,7867.0,15194.0,22604.0,15722.0,3283.0,12439.0,7426.0,7426.0,312.0,241.9,340.7,265.3,290.0,302.5,329.6,405.1,921472.3,217.4,66.6,28.1,28.8,127.2,80.4,138.1,240.5,72.8
2026-07-23,06:30~07:30,通過量,3011.0,1078.0,55.0,1023.0,1773.0,638.0,1135.0,5824.0,1282.0,2396.0,2146.0,3398.0,261.0,1054.0,842.0,1241.0,1538.0,366.0,1172.0,1074.0,1074.0,1590.0,299.0,326.0,264.0,701.0,1409.0,616.0,793.0,607.0,607.0,15.0,19.3,10.6,12.2,-,-,-,-,-,-,-,-,-,-,-,-,-,-
2026-07-23,06:30~07:30,平均停等延滯,126.2,10.7,44.7,8.9,3.3,1.5,4.3,9.4,10.9,4.4,14.0,41.6,70.1,52.5,49.8,20.7,25.9,3.1,33.0,35.6,35.6,41.3,66.7,24.1,57.6,32.2,11.2,5.3,15.7,12.2,12.2,E,E,E,E,-,-,-,-,-,-,-,-,-,-,-,-,-,-
2026-07-23,07:30~08:30,總停等延滯,338259.0,16620.0,4620.0,12000.0,12504.0,3204.0,9300.0,46869.0,16559.0,10439.0,19871.0,127195.0,11864.0,67957.0,27885.0,19489.0,23271.0,916.0,22355.0,13541.0,13541.0,75187.0,24900.0,20096.0,17788.0,12403.0,14649.0,5124.0,9525.0,8423.0,8423.0,269.9,250.5,243.1,312.2,268.9,269.2,297.9,378.7,918227.4,127.5,90.3,52.1,34.5,113.3,106.0,198.9,138.0,52.9
2026-07-23,07:30~08:30,通過量,3034.0,987.0,86.0,901.0,1682.0,796.0,886.0,5686.0,1835.0,2059.0,1792.0,3699.0,185.0,1681.0,773.0,1060.0,1714.0,741.0,973.0,976.0,976.0,2060.0,359.0,813.0,254.0,634.0,1538.0,818.0,720.0,725.0,725.0,17.3,18.7,14.9,10.4,-,-,-,-,-,-,-,-,-,-,-,-,-,-
2026-07-23,07:30~08:30,平均停等延滯,111.5,16.8,53.7,13.3,7.4,4.0,10.5,8.2,9.0,5.1,11.1,34.4,64.1,40.4,36.1,18.4,13.6,1.2,23.0,13.9,13.9,36.5,69.4,24.7,70.0,19.6,9.5,6.3,13.2,11.6,11.6,E,E,E,E,-,-,-,-,-,-,-,-,-,-,-,-,-,-
2026-07-23,07:00~09:00,總停等延滯,700775.0,28828.0,7000.0,21828.0,18173.0,4668.0,13505.0,94560.0,33901.0,19204.0,41455.0,274397.0,29373.0,131453.0,68571.0,45000.0,57154.0,1799.0,55355.0,37482.0,37482.0,144699.0,49415.0,34728.0,37099.0,23457.0,29593.0,9936.0,19657.0,15889.0,15889.0,265.8,242.9,262.7,290.3,265.4,265.9,291.7,364.6,1768255.4,151.4,75.2,39.8,31.7,120.2,90.4,170.1,166.9,56.2
2026-07-23,07:00~09:00,通過量,6240.0,1990.0,165.0,1825.0,3501.0,1620.0,1881.0,11462.0,3440.0,4241.0,3781.0,7313.0,463.0,3020.0,1684.0,2146.0,3326.0,1328.0,1998.0,1948.0,1948.0,3861.0,697.0,1384.0,518.0,1262.0,3089.0,1574.0,1515.0,1340.0,1340.0,17.6,19.3,13.8,11.2,-,-,-,-,-,-,-,-,-,-,-,-,-,-
2026-07-23,07:00~09:00,平均停等延滯,112.3,14.5,42.4,12.0,5.2,2.9,7.2,8.2,9.9,4.5,11.0,37.5,63.4,43.5,40.7,21.0,17.2,1.4,27.7,19.2,19.2,37.5,70.9,25.1,71.6,18.6,9.6,6.3,13.0,11.9,11.9,E,E,E,E,-,-,-,-,-,-,-,-,-,-,-,-,-,-
2026-07-23,10:00~12:00,總停等延滯,420051.0,18344.0,11853.0,6491.0,7331.0,4164.0,3167.0,52288.0,28790.0,7332.0,16166.0,194038.0,28194.0,76651.0,58208.0,30985.0,15240.0,1760.0,13480.0,11727.0,11727.0,81371.0,32502.0,19043.0,13683.0,16143.0,31178.0,10124.0,21054.0,8534.0,8534.0,256.7,230.1,267.9,244.8,-,-,-,-,-,103.8,141.0,18.7,83.3,83.7,63.4,161.0,183.0,34.2
2026-07-23,10:00~12:00,通過量,6092.0,2022.0,275.0,1747.0,3482.0,1737.0,1745.0,9781.0,3339.0,3358.0,3084.0,7018.0,486.0,3153.0,1934.0,1445.0,2748.0,1453.0,1295.0,1346.0,1346.0,3332.0,542.0,1446.0,309.0,1035.0,3341.0,1633.0,1708.0,1288.0,1288.0,18.2,20.3,13.5,13.2,-,-,-,-,-,-,-,-,-,-,-,-,-,-
2026-07-23,10:00~12:00,平均停等延滯,69.0,9.1,43.1,3.7,2.1,2.4,1.8,5.3,8.6,2.2,5.2,27.6,58.0,24.3,30.1,21.4,5.5,1.2,10.4,8.7,8.7,24.4,60.0,13.2,44.3,15.6,9.3,6.2,12.3,6.6,6.6,E,D,E,E,-,-,-,-,-,-,-,-,-,-,-,-,-,-
2026-07-23,11:00~12:00,總停等延滯,200724.0,11345.0,5681.0,5664.0,3715.0,1946.0,1769.0,24907.0,14736.0,2937.0,7234.0,93801.0,12385.0,41235.0,26133.0,14048.0,6051.0,950.0,5101.0,5926.0,5926.0,34806.0,14123.0,8220.0,4824.0,7639.0,13883.0,3524.0,10359.0,6290.0,6290.0,256.7,180.7,267.9,183.1,-,-,-,-,-,101.9,141.0,18.7,24.9,89.0,67.2,94.1,210.1,34.2
2026-07-23,11:00~12:00,通過量,2950.0,967.0,130.0,837.0,1721.0,843.0,878.0,4674.0,1610.0,1593.0,1471.0,3507.0,238.0,1666.0,906.0,697.0,1355.0,741.0,614.0,635.0,635.0,1605.0,248.0,699.0,160.0,498.0,1642.0,809.0,833.0,638.0,638.0,18.2,25.9,13.5,17.7,-,-,-,-,-,-,-,-,-,-,-,-,-,-
2026-07-23,11:00~12:00,平均停等延滯,68.0,11.7,43.7,6.8,2.2,2.3,2.0,5.3,9.2,1.8,4.9,26.7,52.0,24.8,28.8,20.2,4.5,1.3,8.3,9.3,9.3,21.7,56.9,11.8,30.2,15.3,8.5,4.4,12.4,9.9,9.9,E,C,E,E,-,-,-,-,-,-,-,-,-,-,-,-,-,-
2026-07-23,12:00~14:00,總停等延滯,436536.0,22460.0,11346.0,11114.0,10694.0,4183.0,6511.0,54261.0,32486.0,8441.0,13334.0,201777.0,21791.0,100728.0,53230.0,26028.0,19422.0,2039.0,17383.0,15731.0,15731.0,74520.0,34052.0,13846.0,8010.0,18612.0,25741.0,9418.0,16323.0,11930.0,11930.0,204.2,185.7,238.2,247.7,219.0,220.6,239.3,299.3,1349893.5,101.1,77.6,25.5,37.4,93.1,55.1,154.6,172.2,40.5
2026-07-23,12:00~14:00,通過量,5949.0,1957.0,308.0,1649.0,3450.0,1759.0,1691.0,9614.0,3523.0,3169.0,2922.0,6719.0,423.0,3201.0,1717.0,1378.0,2796.0,1525.0,1271.0,1363.0,1363.0,3384.0,600.0,1502.0,257.0,1025.0,3186.0,1609.0,1577.0,1237.0,1237.0,22.9,25.2,15.2,13.1,-,-,-,-,-,-,-,-,-,-,-,-,-,-
2026-07-23,12:00~14:00,平均停等延滯,73.4,11.5,36.8,6.7,3.1,2.4,3.9,5.6,9.2,2.7,4.6,30.0,51.5,31.5,31.0,18.9,6.9,1.3,13.7,11.5,11.5,22.0,56.8,9.2,31.2,18.2,8.1,5.9,10.4,9.6,9.6,D,C,E,E,-,-,-,-,-,-,-,-,-,-,-,-,-,-
2026-07-23,16:30~18:30,總停等延滯,694205.0,26758.0,16425.0,10333.0,52060.0,49208.0,2852.0,77558.0,50045.0,9454.0,18059.0,284865.0,34908.0,149015.0,56986.0,43956.0,41227.0,3303.0,37924.0,13650.0,13650.0,135870.0,45463.0,59940.0,12941.0,17526.0,46613.0,20403.0,26210.0,15604.0,15604.0,302.6,257.8,250.7,187.7,-,-,-,-,-,178.5,77.2,46.9,34.6,89.1,128.2,97.7,138.6,65.2
2026-07-23,16:30~18:30,通過量,6550.0,1980.0,301.0,1679.0,3643.0,1969.0,1674.0,11077.0,4520.0,3495.0,3062.0,7845.0,599.0,4065.0,1835.0,1346.0,3494.0,2215.0,1279.0,1275.0,1275.0,4221.0,780.0,2247.0,348.0,846.0,3759.0,2052.0,1707.0,1182.0,1182.0,15.5,18.2,14.4,17.3,-,-,-,-,-,-,-,-,-,-,-,-,-,-
2026-07-23,16:30~18:30,平均停等延滯,106.0,13.5,54.6,6.2,14.3,25.0,1.7,7.0,11.1,2.7,5.9,36.3,58.3,36.7,31.1,32.7,11.8,1.5,29.7,10.7,10.7,32.2,58.3,26.7,37.2,20.7,12.4,9.9,15.4,13.2,13.2,E,E,E,E,-,-,-,-,-,-,-,-,-,-,-,-,-,-
2026-07-23,17:00~19:00,總停等延滯,657643.0,26325.0,16427.0,9898.0,56346.0,53578.0,2768.0,74452.0,52014.0,9038.0,13400.0,266901.0,31269.0,144613.0,50465.0,40554.0,31033.0,3064.0,27969.0,13271.0,13271.0,131647.0,45147.0,57159.0,12687.0,16654.0,42779.0,18608.0,24171.0,14889.0,14889.0,292.9,223.3,236.7,189.0,-,-,-,-,-,166.1,80.6,46.2,36.4,86.1,98.5,102.5,126.3,64.2
2026-07-23,17:00~19:00,通過量,6000.0,1863.0,289.0,1574.0,3436.0,1873.0,1563.0,10387.0,4459.0,3165.0,2763.0,7435.0,515.0,4041.0,1702.0,1177.0,3277.0,2168.0,1109.0,1150.0,1150.0,3997.0,742.0,2178.0,336.0,741.0,3545.0,2041.0,1504.0,1038.0,1038.0,16.0,21.0,15.3,17.1,-,-,-,-,-,-,-,-,-,-,-,-,-,-
2026-07-23,17:00~19:00,平均停等延滯,109.6,14.1,56.8,6.3,16.4,28.6,1.8,7.2,11.7,2.9,4.8,35.9,60.7,35.8,29.7,34.5,9.5,1.4,25.2,11.5,11.5,32.9,60.8,26.2,37.8,22.5,12.1,9.1,16.1,14.3,14.3,E,D,E,E,-,-,-,-,-,-,-,-,-,-,-,-,-,-
2026-07-23,16:30~17:30,總停等延滯,348713.0,12211.0,6832.0,5379.0,26023.0,24349.0,1674.0,39118.0,24062.0,4191.0,10865.0,142644.0,16618.0,72870.0,31343.0,21813.0,24018.0,1466.0,22552.0,6028.0,6028.0,67360.0,21259.0,31929.0,5736.0,8436.0,24350.0,10653.0,13697.0,6961.0,6961.0,317.3,nan,253.6,nan,-,-,-,-,-,182.8,61.5,73.0,31.7,-,-,-,143.2,37.4
2026-07-23,16:30~17:30,通過量,3408.0,982.0,154.0,828.0,1842.0,1008.0,834.0,5635.0,2263.0,1789.0,1583.0,3924.0,314.0,1960.0,943.0,707.0,1736.0,1081.0,655.0,628.0,628.0,2137.0,393.0,1125.0,172.0,447.0,1908.0,988.0,920.0,670.0,670.0,14.7,0.0,14.3,0.0,-,-,-,-,-,-,-,-,-,-,-,-,-,-
2026-07-23,16:30~17:30,平均停等延滯,102.3,12.4,44.4,6.5,14.1,24.2,2.0,6.9,10.6,2.3,6.9,36.4,52.9,37.2,33.2,30.9,13.8,1.4,34.4,9.6,9.6,31.5,54.1,28.4,33.3,18.9,12.8,10.8,14.9,10.4,10.4,E,-,E,-,-,-,-,-,-,-,-,-,-,-,-,-,-,-
2026-07-23,17:30~18:30,總停等延滯,345492.0,14547.0,9593.0,4954.0,26037.0,24859.0,1178.0,38440.0,25983.0,5263.0,7194.0,142221.0,18290.0,76145.0,25643.0,22143.0,17209.0,1837.0,15372.0,7622.0,7622.0,68510.0,24204.0,28011.0,7205.0,9090.0,22263.0,9750.0,12513.0,8643.0,8643.0,287.8,257.8,247.7,187.7,-,-,-,-,-,174.1,93.0,20.7,37.6,89.1,128.2,97.7,134.0,93.0
2026-07-23,17:30~18:30,通過量,3142.0,998.0,147.0,851.0,1801.0,961.0,840.0,5442.0,2257.0,1706.0,1479.0,3921.0,285.0,2105.0,892.0,639.0,1758.0,1134.0,624.0,647.0,647.0,2084.0,387.0,1122.0,176.0,399.0,1851.0,1064.0,787.0,512.0,512.0,16.3,18.2,14.6,17.3,-,-,-,-,-,-,-,-,-,-,-,-,-,-
2026-07-23,17:30~18:30,平均停等延滯,110.0,14.6,65.3,5.8,14.5,25.9,1.4,7.1,11.5,3.1,4.9,36.3,64.2,36.2,28.7,34.7,9.8,1.6,24.6,11.8,11.8,32.9,62.5,25.0,40.9,22.8,12.0,9.2,15.9,16.9,16.9,E,E,E,E,-,-,-,-,-,-,-,-,-,-,-,-,-,-
2026-07-24,06:30~20:30,總停等延滯,3943011.0,135798.0,85037.0,50761.0,141304.0,116170.0,25134.0,486690.0,267656.0,65279.0,153755.0,1739135.0,203408.0,854652.0,428709.0,252366.0,222134.0,13329.0,208805.0,157749.0,157749.0,763236.0,314604.0,194792.0,109096.0,144744.0,240590.0,97698.0,142892.0,56375.0,56375.0,265.4,207.2,331.1,229.7,258.4,259.8,281.2,347.6,12503381.0,136.2,99.3,29.9,36.8,104.2,66.4,125.6,243.0,54.7
2026-07-24,06:30~20:30,通過量,44648.0,14186.0,1923.0,12263.0,24790.0,12559.0,12231.0,73517.0,26220.0,24766.0,22531.0,52806.0,3360.0,25040.0,12807.0,11599.0,22108.0,11549.0,10559.0,10938.0,10938.0,26832.0,4993.0,11695.0,2621.0,7523.0,23815.0,12146.0,11669.0,9407.0,9407.0,17.6,22.6,10.9,14.1,-,-,-,-,-,-,-,-,-,-,-,-,-,-
2026-07-24,06:30~20:30,平均停等延滯,88.3,9.6,44.2,4.1,5.7,9.2,2.1,6.6,10.2,2.6,6.8,32.9,60.5,34.1,33.5,21.8,10.0,1.2,19.8,14.4,14.4,28.4,63.0,16.7,41.6,19.2,10.1,8.0,12.2,6.0,6.0,E,D,E,E,-,-,-,-,-,-,-,-,-,-,-,-,-,-
2026-07-24,07:00~21:00,總停等延滯,3853218.0,135514.0,85661.0,49853.0,139837.0,116069.0,23768.0,472790.0,272526.0,60983.0,139281.0,1712428.0,199048.0,860508.0,412921.0,239951.0,206477.0,13066.0,193411.0,142724.0,142724.0,751111.0,309055.0,197067.0,101717.0,143272.0,234724.0,97508.0,137216.0,57613.0,57613.0,266.2,207.2,325.4,230.1,257.2,258.0,279.3,345.4,12353504.3,133.5,102.8,29.9,36.6,104.2,66.6,126.0,238.3,53.8
2026-07-24,07:00~21:00,通過量,44344.0,13904.0,1947.0,11957.0,24598.0,12667.0,11931.0,72555.0,26460.0,24134.0,21961.0,52548.0,3344.0,25371.0,12630.0,11203.0,21841.0,11673.0,10168.0,10566.0,10566.0,26733.0,4968.0,11863.0,2552.0,7350.0,23774.0,12258.0,11516.0,9333.0,9333.0,17.6,22.6,11.1,14.1,-,-,-,-,-,-,-,-,-,-,-,-,-,-
2026-07-24,07:00~21:00,平均停等延滯,86.9,9.7,44.0,4.2,5.7,9.2,2.0,6.5,10.3,2.5,6.3,32.6,59.5,33.9,32.7,21.4,9.5,1.1,19.0,13.5,13.5,28.1,62.2,16.6,39.9,19.5,9.9,8.0,11.9,6.2,6.2,E,D,E,E,-,-,-,-,-,-,-,-,-,-,-,-,-,-
2026-07-24,06:30~08:30,總停等延滯,693747.0,10228.0,5513.0,4715.0,10206.0,6833.0,3373.0,104752.0,41251.0,15442.0,48059.0,300213.0,31442.0,144572.0,78897.0,45302.0,47936.0,1961.0,45975.0,50385.0,50385.0,140332.0,55255.0,12638.0,42318.0,30121.0,26732.0,5344.0,21388.0,2963.0,2963.0,241.1,250.1,322.5,252.9,266.7,266.1,292.0,358.4,1734894.8,151.8,52.9,36.4,32.8,158.0,59.1,94.9,223.7,60.7
2026-07-24,06:30~08:30,通過量,6093.0,2110.0,137.0,1973.0,3305.0,1404.0,1901.0,11291.0,3005.0,4348.0,3938.0,7149.0,445.0,2674.0,1682.0,2348.0,3302.0,1070.0,2232.0,2184.0,2184.0,3640.0,677.0,1077.0,523.0,1363.0,2915.0,1371.0,1544.0,1320.0,1320.0,19.4,18.7,11.2,12.8,-,-,-,-,-,-,-,-,-,-,-,-,-,-
2026-07-24,06:30~08:30,平均停等延滯,113.9,4.8,40.2,2.4,3.1,4.9,1.8,9.3,13.7,3.6,12.2,42.0,70.7,54.1,46.9,19.3,14.5,1.8,20.6,23.1,23.1,38.6,81.6,11.7,80.9,22.1,9.2,3.9,13.9,2.2,2.2,E,E,E,E,-,-,-,-,-,-,-,-,-,-,-,-,-,-
2026-07-24,06:30~07:30,總停等延滯,362303.0,6286.0,2635.0,3651.0,3604.0,1064.0,2540.0,48598.0,11203.0,8074.0,29321.0,139097.0,14639.0,51780.0,43685.0,28993.0,35133.0,1031.0,34102.0,38229.0,38229.0,73506.0,30044.0,3481.0,20860.0,19121.0,16866.0,2777.0,14089.0,984.0,984.0,284.2,191.0,334.4,193.6,250.8,266.6,293.8,363.5,872388.2,200.0,55.2,29.0,30.6,99.6,61.5,94.0,242.0,63.4
2026-07-24,06:30~07:30,通過量,3013.0,1136.0,62.0,1074.0,1655.0,626.0,1029.0,5703.0,1314.0,2300.0,2089.0,3547.0,193.0,1192.0,882.0,1280.0,1646.0,433.0,1213.0,1161.0,1161.0,1728.0,349.0,401.0,264.0,714.0,1427.0,622.0,805.0,603.0,603.0,16.5,24.5,10.8,16.7,-,-,-,-,-,-,-,-,-,-,-,-,-,-
2026-07-24,06:30~07:30,平均停等延滯,120.2,5.5,42.5,3.4,2.2,1.7,2.5,8.5,8.5,3.5,14.0,39.2,75.8,43.4,49.5,22.7,21.3,2.4,28.1,32.9,32.9,42.5,86.1,8.7,79.0,26.8,11.8,4.5,17.5,1.6,1.6,E,D,E,E,-,-,-,-,-,-,-,-,-,-,-,-,-,-
2026-07-24,07:30~08:30,總停等延滯,331444.0,3942.0,2878.0,1064.0,6602.0,5769.0,833.0,56154.0,30048.0,7368.0,18738.0,161116.0,16803.0,92792.0,35212.0,16309.0,12803.0,930.0,11873.0,12156.0,12156.0,66826.0,25211.0,9157.0,21458.0,11000.0,9866.0,2567.0,7299.0,1979.0,1979.0,198.0,308.1,309.9,312.3,282.1,273.2,297.9,361.0,887275.2,103.5,50.6,43.9,34.9,216.4,56.8,95.9,205.4,57.8
2026-07-24,07:30~08:30,通過量,3080.0,974.0,75.0,899.0,1650.0,778.0,872.0,5588.0,1691.0,2048.0,1849.0,3602.0,252.0,1482.0,800.0,1068.0,1656.0,637.0,1019.0,1023.0,1023.0,1912.0,328.0,676.0,259.0,649.0,1488.0,749.0,739.0,717.0,717.0,23.6,15.2,11.7,10.4,-,-,-,-,-,-,-,-,-,-,-,-,-,-
2026-07-24,07:30~08:30,平均停等延滯,107.6,4.0,38.4,1.2,4.0,7.4,1.0,10.0,17.8,3.6,10.1,44.7,66.7,62.6,44.0,15.3,7.7,1.5,11.7,11.9,11.9,35.0,76.9,13.5,82.8,16.9,6.6,3.4,9.9,2.8,2.8,D,E,E,E,-,-,-,-,-,-,-,-,-,-,-,-,-,-
2026-07-24,07:00~09:00,總停等延滯,682336.0,10352.0,5765.0,4587.0,12286.0,9925.0,2361.0,103589.0,49891.0,14106.0,39592.0,310239.0,33379.0,163442.0,75296.0,38122.0,37885.0,2143.0,35742.0,36358.0,36358.0,145578.0,55998.0,18496.0,40987.0,30097.0,22731.0,5971.0,16760.0,3318.0,3318.0,228.6,274.2,304.7,275.0,270.6,267.2,291.6,355.5,1777306.5,135.9,55.6,37.0,34.2,179.4,60.9,95.5,211.0,55.4
2026-07-24,07:00~09:00,通過量,6332.0,2064.0,161.0,1903.0,3430.0,1595.0,1835.0,11252.0,3295.0,4180.0,3777.0,7340.0,508.0,2965.0,1689.0,2178.0,3363.0,1299.0,2064.0,2003.0,2003.0,3859.0,684.0,1319.0,529.0,1327.0,3099.0,1571.0,1528.0,1371.0,1371.0,20.5,17.1,11.9,11.8,-,-,-,-,-,-,-,-,-,-,-,-,-,-
2026-07-24,07:00~09:00,平均停等延滯,107.8,5.0,35.8,2.4,3.6,6.2,1.3,9.2,15.1,3.4,10.5,42.3,65.7,55.1,44.6,17.5,11.3,1.6,17.3,18.2,18.2,37.7,81.9,14.0,77.5,22.7,7.3,3.8,11.0,2.4,2.4,D,E,E,E,-,-,-,-,-,-,-,-,-,-,-,-,-,-
2026-07-24,10:00~12:00,總停等延滯,477287.0,19807.0,13249.0,6558.0,17719.0,13909.0,3810.0,52557.0,30344.0,6451.0,15762.0,212742.0,30255.0,94010.0,55023.0,33454.0,27103.0,1678.0,25425.0,15479.0,15479.0,89106.0,41172.0,19023.0,11420.0,17491.0,34729.0,16102.0,18627.0,8045.0,8045.0,218.5,189.0,473.0,235.4,-,-,-,-,-,127.6,69.7,21.5,29.3,87.1,72.6,148.3,407.2,38.4
2026-07-24,10:00~12:00,通過量,6481.0,2110.0,330.0,1780.0,3747.0,1903.0,1844.0,10023.0,3586.0,3341.0,3096.0,7221.0,505.0,3276.0,1871.0,1569.0,3047.0,1606.0,1441.0,1412.0,1412.0,3652.0,713.0,1579.0,306.0,1054.0,3436.0,1766.0,1670.0,1317.0,1317.0,21.4,24.8,7.6,13.8,-,-,-,-,-,-,-,-,-,-,-,-,-,-
2026-07-24,10:00~12:00,平均停等延滯,73.6,9.4,40.1,3.7,4.7,7.3,2.1,5.2,8.5,1.9,5.1,29.5,59.9,28.7,29.4,21.3,8.9,1.0,17.6,11.0,11.0,24.4,57.7,12.0,37.3,16.6,10.1,9.1,11.2,6.1,6.1,D,D,F,E,-,-,-,-,-,-,-,-,-,-,-,-,-,-
2026-07-24,11:00~12:00,總停等延滯,250353.0,13687.0,8297.0,5390.0,7146.0,4815.0,2331.0,28290.0,17551.0,3410.0,7329.0,112076.0,13000.0,56672.0,27560.0,14844.0,10101.0,816.0,9285.0,8323.0,8323.0,42391.0,20409.0,8778.0,5471.0,7733.0,22516.0,10988.0,11528.0,5823.0,5823.0,228.1,214.9,238.3,281.6,240.7,241.0,261.4,326.2,790893.9,112.4,91.4,24.9,26.2,109.5,78.6,172.0,169.7,43.7
2026-07-24,11:00~12:00,通過量,3263.0,1083.0,191.0,892.0,1921.0,988.0,933.0,4994.0,1854.0,1633.0,1507.0,3628.0,234.0,1717.0,944.0,733.0,1481.0,782.0,699.0,689.0,689.0,1777.0,342.0,774.0,151.0,510.0,1773.0,926.0,847.0,707.0,707.0,20.5,21.8,15.2,11.5,-,-,-,-,-,-,-,-,-,-,-,-,-,-
2026-07-24,11:00~12:00,平均停等延滯,76.7,12.6,43.4,6.0,3.7,4.9,2.5,5.7,9.5,2.1,4.9,30.9,55.6,33.0,29.2,20.3,6.8,1.0,13.3,12.1,12.1,23.9,59.7,11.3,36.2,15.2,12.7,11.9,13.6,8.2,8.2,D,D,E,E,-,-,-,-,-,-,-,-,-,-,-,-,-,-
2026-07-24,12:00~14:00,總停等延滯,477830.0,23876.0,12789.0,11087.0,9041.0,3953.0,5088.0,56916.0,31556.0,7912.0,17448.0,216329.0,24660.0,104520.0,59570.0,27579.0,18495.0,1908.0,16587.0,17238.0,17238.0,90265.0,42322.0,13973.0,10638.0,23332.0,32396.0,12499.0,19897.0,13274.0,13274.0,243.9,204.7,275.1,189.3,228.2,230.9,252.2,316.5,1564309.6,105.3,102.3,36.3,64.2,83.7,56.7,105.6,197.8,40.9
2026-07-24,12:00~14:00,通過量,6494.0,2057.0,308.0,1749.0,3601.0,1782.0,1819.0,10334.0,3568.0,3531.0,3235.0,7439.0,464.0,3405.0,1958.0,1612.0,3139.0,1627.0,1512.0,1579.0,1579.0,3790.0,685.0,1604.0,327.0,1174.0,3373.0,1619.0,1754.0,1450.0,1450.0,19.2,22.9,13.2,17.1,-,-,-,-,-,-,-,-,-,-,-,-,-,-
2026-07-24,12:00~14:00,平均停等延滯,73.6,11.6,41.5,6.3,2.5,2.2,2.8,5.5,8.8,2.2,5.4,29.1,53.1,30.7,30.4,17.1,5.9,1.2,11.0,10.9,10.9,23.8,61.8,8.7,32.5,19.9,9.6,7.7,11.3,9.2,9.2,E,D,E,E,-,-,-,-,-,-,-,-,-,-,-,-,-,-
2026-07-24,16:30~18:30,總停等延滯,709806.0,21859.0,14052.0,7807.0,45211.0,41611.0,3600.0,86344.0,52035.0,11725.0,22584.0,302524.0,37436.0,155211.0,65287.0,44590.0,39306.0,2068.0,37238.0,13933.0,13933.0,143296.0,49365.0,58564.0,14413.0,20954.0,48054.0,21005.0,27049.0,9279.0,9279.0,337.0,222.7,290.4,252.8,275.7,270.4,292.6,364.9,2175830.2,166.4,148.0,22.6,37.9,104.4,80.3,148.4,194.4,73.5
2026-07-24,16:30~18:30,通過量,6704.0,2084.0,284.0,1800.0,3634.0,1904.0,1730.0,11127.0,4351.0,3653.0,3123.0,8758.0,552.0,4664.0,1984.0,1558.0,3257.0,1999.0,1258.0,1443.0,1443.0,4324.0,829.0,2125.0,413.0,957.0,3719.0,1954.0,1765.0,1423.0,1423.0,13.9,21.0,12.5,12.8,-,-,-,-,-,-,-,-,-,-,-,-,-,-
2026-07-24,16:30~18:30,平均停等延滯,105.9,10.5,49.5,4.3,12.4,21.9,2.1,7.8,12.0,3.2,7.2,34.5,67.8,33.3,32.9,28.6,12.1,1.0,29.6,9.7,9.7,33.1,59.5,27.6,34.9,21.9,12.9,10.7,15.3,6.5,6.5,E,D,E,E,-,-,-,-,-,-,-,-,-,-,-,-,-,-
2026-07-24,17:00~19:00,總停等延滯,683363.0,18778.0,13447.0,5331.0,43464.0,40759.0,2705.0,80872.0,51886.0,10215.0,18771.0,304840.0,37757.0,163700.0,58612.0,44771.0,34651.0,1818.0,32833.0,14617.0,14617.0,140278.0,55121.0,57104.0,10333.0,17720.0,41079.0,17445.0,23634.0,4784.0,4784.0,326.9,225.3,233.0,224.2,252.4,246.5,268.2,337.2,1876656.0,161.1,144.8,21.0,38.9,106.8,79.7,117.4,172.0,40.0
2026-07-24,17:00~19:00,通過量,6403.0,1965.0,284.0,1681.0,3507.0,1925.0,1582.0,10619.0,4341.0,3355.0,2923.0,8296.0,512.0,4510.0,1797.0,1477.0,3175.0,1962.0,1213.0,1389.0,1389.0,4237.0,875.0,2117.0,364.0,881.0,3556.0,1994.0,1562.0,1170.0,1170.0,14.3,20.8,15.5,14.5,-,-,-,-,-,-,-,-,-,-,-,-,-,-
2026-07-24,17:00~19:00,平均停等延滯,106.7,9.6,47.3,3.2,12.4,21.2,1.7,7.6,12.0,3.0,6.4,36.7,73.7,36.3,32.6,30.3,10.9,0.9,27.1,10.5,10.5,33.1,63.0,27.0,28.4,20.1,11.6,8.7,15.1,4.1,4.1,E,D,E,E,-,-,-,-,-,-,-,-,-,-,-,-,-,-
2026-07-24,16:30~17:30,總停等延滯,350286.0,11483.0,6616.0,4867.0,19349.0,16691.0,2658.0,40484.0,23215.0,6154.0,11115.0,147087.0,18685.0,69601.0,35378.0,23423.0,25951.0,1318.0,24633.0,8600.0,8600.0,66784.0,21895.0,26951.0,7812.0,10126.0,24663.0,10088.0,14575.0,5885.0,5885.0,305.7,199.1,298.1,273.7,269.2,268.0,288.8,359.4,1100489.1,170.0,111.2,24.6,31.3,92.5,75.6,181.2,170.7,102.9
2026-07-24,16:30~17:30,通過量,3457.0,1113.0,141.0,972.0,1930.0,1010.0,920.0,5674.0,2158.0,1868.0,1648.0,4457.0,283.0,2299.0,1066.0,809.0,1630.0,977.0,653.0,764.0,764.0,2176.0,351.0,1088.0,221.0,516.0,1873.0,938.0,935.0,747.0,747.0,15.3,23.5,12.1,11.8,-,-,-,-,-,-,-,-,-,-,-,-,-,-
2026-07-24,16:30~17:30,平均停等延滯,101.3,10.3,46.9,5.0,10.0,16.5,2.9,7.1,10.8,3.3,6.7,33.0,66.0,30.3,33.2,29.0,15.9,1.3,37.7,11.3,11.3,30.7,62.4,24.8,35.3,19.6,13.2,10.8,15.6,7.9,7.9,E,D,E,E,-,-,-,-,-,-,-,-,-,-,-,-,-,-
2026-07-24,17:30~18:30,總停等延滯,359520.0,10376.0,7436.0,2940.0,25862.0,24920.0,942.0,45860.0,28820.0,5571.0,11469.0,155437.0,18751.0,85610.0,29909.0,21167.0,13355.0,750.0,12605.0,5333.0,5333.0,76512.0,27470.0,31613.0,6601.0,10828.0,23391.0,10917.0,12474.0,3394.0,3394.0,368.3,245.4,282.8,232.0,282.1,273.6,297.2,371.0,1077837.9,162.8,184.9,20.6,44.2,116.2,85.0,115.7,218.0,44.1
2026-07-24,17:30~18:30,通過量,3247.0,971.0,143.0,828.0,1704.0,894.0,810.0,5453.0,2193.0,1785.0,1475.0,4301.0,269.0,2365.0,918.0,749.0,1627.0,1022.0,605.0,679.0,679.0,2148.0,478.0,1037.0,192.0,441.0,1846.0,1016.0,830.0,676.0,676.0,12.7,19.1,12.8,14.0,-,-,-,-,-,-,-,-,-,-,-,-,-,-
2026-07-24,17:30~18:30,平均停等延滯,110.7,10.7,52.0,3.6,15.2,27.9,1.2,8.4,13.1,3.1,7.8,36.1,69.7,36.2,32.6,28.3,8.2,0.7,20.8,7.9,7.9,35.6,57.5,30.5,34.4,24.6,12.7,10.7,15.0,5.0,5.0,E,E,E,E,-,-,-,-,-,-,-,-,-,-,-,-,-,-
2026-07-25,06:30~20:30,總停等延滯,3166760.0,154236.0,74628.0,79608.0,99395.0,70960.0,28435.0,350250.0,221111.0,39309.0,89830.0,1396238.0,123616.0,712912.0,332762.0,226948.0,182641.0,10871.0,171770.0,141335.0,141335.0,590210.0,226643.0,154478.0,67803.0,141286.0,168137.0,60181.0,107956.0,84318.0,84318.0,222.3,180.9,236.7,235.1,218.8,219.9,240.4,304.8,8899724.9,122.9,76.1,23.3,24.7,86.3,70.2,148.8,173.0,40.5
2026-07-25,06:30~20:30,通過量,38601.0,12701.0,1788.0,10913.0,21871.0,11016.0,10855.0,63102.0,22408.0,21288.0,19406.0,43956.0,2440.0,20579.0,10847.0,10090.0,19246.0,9689.0,9557.0,9907.0,9907.0,22800.0,4003.0,9555.0,1997.0,7245.0,21104.0,10992.0,10112.0,8182.0,8182.0,21.1,25.9,15.3,13.8,-,-,-,-,-,-,-,-,-,-,-,-,-,-
2026-07-25,06:30~20:30,平均停等延滯,82.0,12.1,41.7,7.3,4.5,6.4,2.6,5.6,9.9,1.8,4.6,31.8,50.7,34.6,30.7,22.5,9.5,1.1,18.0,14.3,14.3,25.9,56.6,16.2,34.0,19.5,8.0,5.5,10.7,10.3,10.3,D,C,E,E,-,-,-,-,-,-,-,-,-,-,-,-,-,-
2026-07-25,07:00~21:00,總停等延滯,3183968.0,154175.0,76261.0,77914.0,98881.0,70621.0,28260.0,354539.0,227071.0,38513.0,88955.0,1414737.0,125288.0,729563.0,332454.0,227432.0,181516.0,10978.0,170538.0,139462.0,139462.0,589133.0,225895.0,152962.0,67013.0,143263.0,166271.0,60359.0,105912.0,85254.0,85254.0,221.6,180.2,233.6,236.4,218.0,218.9,239.5,304.0,8938751.4,122.2,76.3,23.1,24.7,86.6,69.1,149.8,171.1,39.4
2026-07-25,07:00~21:00,通過量,38840.0,12649.0,1826.0,10823.0,21964.0,11202.0,10762.0,63356.0,22838.0,21169.0,19349.0,44328.0,2448.0,20997.0,10828.0,10055.0,19413.0,9883.0,9530.0,9892.0,9892.0,23035.0,3996.0,9768.0,1987.0,7284.0,21291.0,11194.0,10097.0,8175.0,8175.0,21.1,26.0,15.5,13.7,-,-,-,-,-,-,-,-,-,-,-,-,-,-
2026-07-25,07:00~21:00,平均停等延滯,82.0,12.2,41.8,7.2,4.5,6.3,2.6,5.6,9.9,1.8,4.6,31.9,51.2,34.7,30.7,22.6,9.4,1.1,17.9,14.1,14.1,25.6,56.5,15.7,33.7,19.7,7.8,5.4,10.5,10.4,10.4,D,C,E,E,-,-,-,-,-,-,-,-,-,-,-,-,-,-
2026-07-25,06:30~08:30,總停等延滯,324991.0,16072.0,4690.0,11382.0,5181.0,1639.0,3542.0,34111.0,15382.0,5425.0,13304.0,123903.0,13786.0,42502.0,36538.0,31077.0,24985.0,1000.0,23985.0,21817.0,21817.0,72890.0,28056.0,21885.0,8079.0,14870.0,16546.0,2343.0,14203.0,9486.0,9486.0,204.3,190.9,269.8,180.5,211.4,216.9,234.6,287.2,978990.1,120.6,58.5,25.2,22.4,74.7,94.5,105.8,196.3,48.3
2026-07-25,06:30~08:30,通過量,4314.0,1590.0,151.0,1439.0,2369.0,879.0,1490.0,7711.0,1837.0,3026.0,2848.0,4920.0,322.0,1710.0,1352.0,1536.0,2176.0,711.0,1465.0,1464.0,1464.0,2450.0,470.0,733.0,244.0,1003.0,2274.0,1029.0,1245.0,993.0,993.0,22.9,24.5,13.4,18.0,-,-,-,-,-,-,-,-,-,-,-,-,-,-
2026-07-25,06:30~08:30,平均停等延滯,75.3,10.1,31.1,7.9,2.2,1.9,2.4,4.4,8.4,1.8,4.7,25.2,42.8,24.9,27.0,20.2,11.5,1.4,16.4,14.9,14.9,29.8,59.7,29.9,33.1,14.8,7.3,2.3,11.4,9.6,9.6,D,D,E,E,-,-,-,-,-,-,-,-,-,-,-,-,-,-
2026-07-25,06:30~07:30,總停等延滯,133137.0,7351.0,1610.0,5741.0,2852.0,1176.0,1676.0,13101.0,5582.0,2520.0,4999.0,49079.0,6241.0,14704.0,15229.0,12905.0,9344.0,448.0,8896.0,9555.0,9555.0,29232.0,10698.0,8580.0,2773.0,7181.0,8315.0,836.0,7479.0,4308.0,4308.0,177.3,186.1,249.3,197.1,202.5,205.2,221.0,267.7,414771.3,106.6,50.5,20.2,21.2,72.0,94.8,125.1,174.6,54.5
2026-07-25,06:30~07:30,通過量,1944.0,782.0,61.0,721.0,1084.0,375.0,709.0,3530.0,772.0,1433.0,1325.0,2213.0,153.0,694.0,641.0,725.0,958.0,278.0,680.0,671.0,671.0,1043.0,189.0,284.0,110.0,460.0,1068.0,472.0,596.0,482.0,482.0,26.4,25.1,14.5,16.4,-,-,-,-,-,-,-,-,-,-,-,-,-,-
2026-07-25,06:30~07:30,平均停等延滯,68.5,9.4,26.4,8.0,2.6,3.1,2.4,3.7,7.2,1.8,3.8,22.2,40.8,21.2,23.8,17.8,9.8,1.6,13.1,14.2,14.2,28.0,56.6,30.2,25.2,15.6,7.8,1.8,12.5,8.9,8.9,C,C,E,E,-,-,-,-,-,-,-,-,-,-,-,-,-,-
2026-07-25,07:30~08:30,總停等延滯,191854.0,8721.0,3080.0,5641.0,2329.0,463.0,1866.0,21010.0,9800.0,2905.0,8305.0,74824.0,7545.0,27798.0,21309.0,18172.0,15641.0,552.0,15089.0,12262.0,12262.0,43658.0,17358.0,13305.0,5306.0,7689.0,8231.0,1507.0,6724.0,5178.0,5178.0,231.2,195.3,290.2,164.0,220.2,227.4,246.6,303.4,566687.4,134.6,66.4,30.2,23.6,77.5,94.3,86.5,218.0,42.0
2026-07-25,07:30~08:30,通過量,2370.0,808.0,90.0,718.0,1285.0,504.0,781.0,4181.0,1065.0,1593.0,1523.0,2707.0,169.0,1016.0,711.0,811.0,1218.0,433.0,785.0,793.0,793.0,1407.0,281.0,449.0,134.0,543.0,1206.0,557.0,649.0,511.0,511.0,20.2,24.0,12.5,19.8,-,-,-,-,-,-,-,-,-,-,-,-,-,-
2026-07-25,07:30~08:30,平均停等延滯,81.0,10.8,34.2,7.9,1.8,0.9,2.4,5.0,9.2,1.8,5.5,27.6,44.6,27.4,30.0,22.4,12.8,1.3,19.2,15.5,15.5,31.0,61.8,29.6,39.6,14.2,6.8,2.7,10.4,10.1,10.1,D,D,E,E,-,-,-,-,-,-,-,-,-,-,-,-,-,-
2026-07-25,07:00~09:00,總停等延滯,382794.0,16801.0,5627.0,11174.0,5429.0,1640.0,3789.0,44231.0,19826.0,7084.0,17321.0,150264.0,16428.0,56462.0,42383.0,34991.0,28868.0,1158.0,27710.0,24363.0,24363.0,84466.0,31623.0,28449.0,8404.0,15990.0,17041.0,3886.0,13155.0,11331.0,11331.0,226.6,196.9,261.6,194.5,219.9,225.1,243.6,298.8,1124553.1,129.7,70.8,26.1,23.2,74.9,99.3,119.6,194.2,41.4
2026-07-25,07:00~09:00,通過量,4793.0,1679.0,172.0,1507.0,2676.0,1112.0,1564.0,8363.0,2130.0,3207.0,3026.0,5439.0,352.0,1979.0,1466.0,1642.0,2445.0,886.0,1559.0,1560.0,1560.0,2720.0,509.0,865.0,268.0,1078.0,2499.0,1197.0,1302.0,1049.0,1049.0,20.7,23.8,13.8,16.7,-,-,-,-,-,-,-,-,-,-,-,-,-,-
2026-07-25,07:00~09:00,平均停等延滯,79.9,10.0,32.7,7.4,2.0,1.5,2.4,5.3,9.3,2.2,5.7,27.6,46.7,28.5,28.9,21.3,11.8,1.3,17.8,15.6,15.6,31.1,62.1,32.9,31.4,14.8,6.8,3.2,10.1,10.8,10.8,D,D,E,E,-,-,-,-,-,-,-,-,-,-,-,-,-,-
2026-07-25,10:00~12:00,總停等延滯,516615.0,26464.0,13427.0,13037.0,10884.0,4133.0,6751.0,52047.0,29590.0,5925.0,16532.0,228411.0,23047.0,110343.0,56533.0,38488.0,35264.0,1841.0,33423.0,25447.0,25447.0,97739.0,39627.0,31045.0,7622.0,19445.0,30610.0,10984.0,19626.0,9749.0,9749.0,237.2,191.3,240.8,238.6,227.0,229.0,249.5,315.9,1362499.2,134.2,81.3,21.7,23.9,91.4,76.0,147.2,179.0,40.1
2026-07-25,10:00~12:00,通過量,5955.0,2135.0,288.0,1847.0,3415.0,1627.0,1788.0,9730.0,3233.0,3398.0,3099.0,6507.0,399.0,2846.0,1680.0,1582.0,2892.0,1390.0,1502.0,1554.0,1554.0,3434.0,655.0,1362.0,290.0,1127.0,3190.0,1621.0,1569.0,1209.0,1209.0,19.7,24.5,15.0,13.6,-,-,-,-,-,-,-,-,-,-,-,-,-,-
2026-07-25,10:00~12:00,平均停等延滯,86.8,12.4,46.6,7.1,3.2,2.5,3.8,5.3,9.2,1.7,5.3,35.1,57.8,38.8,33.7,24.3,12.2,1.3,22.3,16.4,16.4,28.5,60.5,22.8,26.3,17.3,9.6,6.8,12.5,8.1,8.1,E,D,E,E,-,-,-,-,-,-,-,-,-,-,-,-,-,-
2026-07-25,11:00~12:00,總停等延滯,241735.0,12934.0,6653.0,6281.0,3637.0,1804.0,1833.0,26079.0,15960.0,2563.0,7556.0,117491.0,14126.0,59449.0,27130.0,16786.0,10261.0,1119.0,9142.0,8412.0,8412.0,42880.0,20134.0,10390.0,3787.0,8569.0,15756.0,6154.0,9602.0,4285.0,4285.0,209.4,181.7,252.2,199.6,210.7,212.6,234.0,303.4,632580.5,108.0,82.7,18.6,24.4,94.4,63.3,105.2,194.6,38.9
2026-07-25,11:00~12:00,通過量,2965.0,1001.0,132.0,869.0,1682.0,858.0,824.0,4817.0,1707.0,1609.0,1501.0,3296.0,236.0,1509.0,828.0,723.0,1417.0,736.0,681.0,703.0,703.0,1710.0,340.0,728.0,135.0,507.0,1625.0,868.0,757.0,583.0,583.0,22.3,25.8,14.3,16.2,-,-,-,-,-,-,-,-,-,-,-,-,-,-
2026-07-25,11:00~12:00,平均停等延滯,81.5,12.9,50.4,7.2,2.2,2.1,2.2,5.4,9.3,1.6,5.0,35.6,59.9,39.4,32.8,23.2,7.2,1.5,13.4,12.0,12.0,25.1,59.2,14.3,28.1,16.9,9.7,7.1,12.7,7.3,7.3,D,C,E,E,-,-,-,-,-,-,-,-,-,-,-,-,-,-
2026-07-25,12:00~14:00,總停等延滯,442896.0,24133.0,12753.0,11380.0,7533.0,4061.0,3472.0,48917.0,31095.0,5768.0,12054.0,208373.0,16500.0,106128.0,54046.0,31699.0,24419.0,1522.0,22897.0,15853.0,15853.0,80174.0,34013.0,13322.0,10366.0,22473.0,22743.0,6852.0,15891.0,10751.0,10751.0,224.1,174.5,236.0,290.7,231.3,233.0,253.2,316.8,1378715.3,121.1,81.1,21.9,21.8,92.0,61.3,198.6,167.2,47.0
2026-07-25,12:00~14:00,通過量,5792.0,1884.0,304.0,1580.0,3201.0,1619.0,1582.0,9151.0,3208.0,3118.0,2825.0,6409.0,326.0,2989.0,1603.0,1491.0,2835.0,1445.0,1390.0,1464.0,1464.0,3428.0,618.0,1399.0,275.0,1136.0,3105.0,1591.0,1514.0,1214.0,1214.0,20.9,26.8,15.3,11.1,-,-,-,-,-,-,-,-,-,-,-,-,-,-
2026-07-25,12:00~14:00,平均停等延滯,76.5,12.8,42.0,7.2,2.4,2.5,2.2,5.3,9.7,1.8,4.3,32.5,50.6,35.5,33.7,21.3,8.6,1.1,16.5,10.8,10.8,23.4,55.0,9.5,37.7,19.8,7.3,4.3,10.5,8.9,8.9,D,C,E,E,-,-,-,-,-,-,-,-,-,-,-,-,-,-
2026-07-25,16:30~18:30,總停等延滯,612006.0,24394.0,13189.0,11205.0,41891.0,38111.0,3780.0,69042.0,48282.0,6694.0,14066.0,261508.0,20829.0,145620.0,48240.0,46819.0,46214.0,1931.0,44283.0,16027.0,16027.0,103034.0,35517.0,28996.0,15031.0,23490.0,31433.0,17283.0,14150.0,18463.0,18463.0,271.9,188.7,239.8,209.8,227.6,223.8,248.3,323.6,1537500.4,173.9,77.9,20.1,31.1,94.9,62.7,114.9,183.8,35.9
2026-07-25,16:30~18:30,通過量,6254.0,1889.0,278.0,1611.0,3618.0,2094.0,1524.0,10200.0,4316.0,3120.0,2764.0,7468.0,403.0,4032.0,1614.0,1419.0,3250.0,1913.0,1337.0,1411.0,1411.0,3770.0,640.0,1813.0,321.0,996.0,3502.0,1980.0,1522.0,1274.0,1274.0,17.2,24.8,15.1,15.4,-,-,-,-,-,-,-,-,-,-,-,-,-,-
2026-07-25,16:30~18:30,平均停等延滯,97.9,12.9,47.4,7.0,11.6,18.2,2.5,6.8,11.2,2.1,5.1,35.0,51.7,36.1,29.9,33.0,14.2,1.0,33.1,11.4,11.4,27.3,55.5,16.0,46.8,23.6,9.0,8.7,9.3,14.5,14.5,E,D,E,E,-,-,-,-,-,-,-,-,-,-,-,-,-,-
2026-07-25,17:00~19:00,總停等延滯,557998.0,22920.0,12483.0,10437.0,42423.0,39359.0,3064.0,62776.0,47990.0,5544.0,9242.0,238892.0,15425.0,141996.0,41290.0,40181.0,33140.0,1555.0,31585.0,14217.0,14217.0,97146.0,33125.0,25150.0,15135.0,23736.0,27682.0,14784.0,12898.0,18802.0,18802.0,247.3,185.6,242.7,233.4,227.2,225.0,250.5,330.1,1470063.3,158.9,68.2,20.2,31.2,96.5,58.0,136.9,188.9,33.5
2026-07-25,17:00~19:00,通過量,5791.0,1648.0,252.0,1396.0,3405.0,2009.0,1396.0,9518.0,4188.0,2809.0,2521.0,7039.0,336.0,3914.0,1436.0,1353.0,3122.0,1864.0,1258.0,1282.0,1282.0,3609.0,577.0,1763.0,309.0,960.0,3342.0,1994.0,1348.0,1133.0,1133.0,18.9,25.2,14.9,13.9,-,-,-,-,-,-,-,-,-,-,-,-,-,-
2026-07-25,17:00~19:00,平均停等延滯,96.4,13.9,49.5,7.5,12.5,19.6,2.2,6.6,11.5,2.0,3.7,33.9,45.9,36.3,28.8,29.7,10.6,0.8,25.1,11.1,11.1,26.9,57.4,14.3,49.0,24.7,8.3,7.4,9.6,16.6,16.6,E,C,E,E,-,-,-,-,-,-,-,-,-,-,-,-,-,-
2026-07-25,16:30~17:30,總停等延滯,314111.0,12627.0,6849.0,5778.0,18184.0,16218.0,1966.0,35655.0,23731.0,2903.0,9021.0,131270.0,11273.0,70200.0,25500.0,24297.0,26362.0,1072.0,25290.0,8707.0,8707.0,56450.0,18799.0,17646.0,7830.0,12175.0,15685.0,8689.0,6996.0,9171.0,9171.0,268.5,196.4,222.8,211.0,224.7,220.6,244.4,318.3,806813.4,173.0,75.1,20.4,31.8,95.0,69.6,116.1,165.4,37.0
2026-07-25,16:30~17:30,通過量,3313.0,984.0,148.0,836.0,1880.0,1092.0,788.0,5352.0,2248.0,1656.0,1448.0,3975.0,207.0,2201.0,867.0,700.0,1705.0,1007.0,698.0,719.0,719.0,1982.0,334.0,964.0,174.0,510.0,1821.0,973.0,848.0,689.0,689.0,17.4,23.8,16.2,15.4,-,-,-,-,-,-,-,-,-,-,-,-,-,-
2026-07-25,16:30~17:30,平均停等延滯,94.8,12.8,46.3,6.9,9.7,14.9,2.5,6.7,10.6,1.8,6.2,33.0,54.5,31.9,29.4,34.7,15.5,1.1,36.2,12.1,12.1,28.5,56.3,18.3,45.0,23.9,8.6,8.9,8.2,13.3,13.3,E,D,E,E,-,-,-,-,-,-,-,-,-,-,-,-,-,-
2026-07-25,17:30~18:30,總停等延滯,297895.0,11767.0,6340.0,5427.0,23707.0,21893.0,1814.0,33387.0,24551.0,3791.0,5045.0,130238.0,9556.0,75420.0,22740.0,22522.0,19852.0,859.0,18993.0,7320.0,7320.0,46584.0,16718.0,11350.0,7201.0,11315.0,15748.0,8594.0,7154.0,9292.0,9292.0,275.3,181.1,256.8,208.6,230.4,227.4,252.5,329.6,730517.0,174.8,80.7,19.8,30.3,94.9,55.9,113.7,202.2,34.8
2026-07-25,17:30~18:30,通過量,2941.0,905.0,130.0,775.0,1738.0,1002.0,736.0,4848.0,2068.0,1464.0,1316.0,3493.0,196.0,1831.0,747.0,719.0,1545.0,906.0,639.0,692.0,692.0,1788.0,306.0,849.0,147.0,486.0,1681.0,1007.0,674.0,585.0,585.0,17.0,25.8,14.1,15.5,-,-,-,-,-,-,-,-,-,-,-,-,-,-
2026-07-25,17:30~18:30,平均停等延滯,101.3,13.0,48.8,7.0,13.6,21.8,2.5,6.9,11.9,2.6,3.8,37.3,48.8,41.2,30.4,31.3,12.8,0.9,29.7,10.6,10.6,26.1,54.6,13.4,49.0,23.3,9.4,8.5,10.6,15.9,15.9,E,C,E,E,-,-,-,-,-,-,-,-,-,-,-,-,-,-
2026-07-26,06:30~20:30,總停等延滯,2486950.0,125837.0,60769.0,65068.0,43454.0,19982.0,23472.0,257830.0,191255.0,22497.0,44078.0,1202334.0,100760.0,678283.0,266876.0,156415.0,94858.0,9581.0,85277.0,107929.0,107929.0,488675.0,199924.0,139321.0,44828.0,104602.0,117294.0,25154.0,92140.0,48739.0,48739.0,191.2,171.2,201.9,210.8,193.8,194.3,211.7,266.2,6928768.5,97.8,63.3,47.7,25.6,77.6,67.9,133.2,134.7,34.7
2026-07-26,06:30~20:30,通過量,32969.0,10981.0,1757.0,9224.0,18331.0,9316.0,9015.0,53917.0,19568.0,17866.0,16483.0,38425.0,1963.0,18810.0,8999.0,8653.0,17140.0,8818.0,8322.0,8691.0,8691.0,20256.0,3513.0,8746.0,1553.0,6444.0,17839.0,9416.0,8423.0,6995.0,6995.0,24.5,27.3,17.9,15.4,-,-,-,-,-,-,-,-,-,-,-,-,-,-
2026-07-26,06:30~20:30,平均停等延滯,75.4,11.5,34.6,7.1,2.4,2.1,2.6,4.8,9.8,1.3,2.7,31.3,51.3,36.1,29.7,18.1,5.5,1.1,10.2,12.4,12.4,24.1,56.9,15.9,28.9,16.2,6.6,2.7,10.9,7.0,7.0,D,C,E,E,-,-,-,-,-,-,-,-,-,-,-,-,-,-
2026-07-26,07:00~21:00,總停等延滯,2528219.0,127818.0,62399.0,65419.0,43680.0,19915.0,23765.0,264633.0,197726.0,22572.0,44335.0,1229257.0,102069.0,698251.0,270507.0,158430.0,95177.0,9714.0,85463.0,108298.0,108298.0,491694.0,200222.0,138044.0,44819.0,108609.0,117826.0,26030.0,91796.0,49836.0,49836.0,194.7,169.6,204.1,211.7,195.0,195.6,213.0,267.8,7121257.6,95.9,69.2,47.7,25.7,77.8,65.9,133.8,136.3,34.8
2026-07-26,07:00~21:00,通過量,33481.0,11117.0,1786.0,9331.0,18601.0,9499.0,9102.0,54856.0,20120.0,18062.0,16674.0,39230.0,1988.0,19413.0,9103.0,8726.0,17454.0,9049.0,8405.0,8789.0,8789.0,20689.0,3537.0,8998.0,1573.0,6581.0,18197.0,9680.0,8517.0,7095.0,7095.0,24.0,27.6,17.7,15.3,-,-,-,-,-,-,-,-,-,-,-,-,-,-
2026-07-26,07:00~21:00,平均停等延滯,75.5,11.5,34.9,7.0,2.3,2.1,2.6,4.8,9.8,1.2,2.7,31.3,51.3,36.0,29.7,18.2,5.5,1.1,10.2,12.3,12.3,23.8,56.6,15.3,28.5,16.5,6.5,2.7,10.8,7.0,7.0,D,C,E,E,-,-,-,-,-,-,-,-,-,-,-,-,-,-
2026-07-26,06:30~08:30,總停等延滯,163630.0,7978.0,2791.0,5187.0,1982.0,1023.0,959.0,14018.0,9783.0,1528.0,2707.0,61125.0,11275.0,24412.0,15908.0,9530.0,6560.0,499.0,6061.0,12168.0,12168.0,42446.0,17149.0,13464.0,2983.0,8850.0,14578.0,2911.0,11667.0,2775.0,2775.0,210.4,172.7,223.8,157.1,191.0,196.5,210.3,250.9,545386.3,96.0,55.7,58.7,22.7,71.5,77.8,85.7,136.3,28.8
2026-07-26,06:30~08:30,通過量,2856.0,969.0,123.0,846.0,1432.0,621.0,811.0,4771.0,1282.0,1808.0,1681.0,3101.0,259.0,1120.0,812.0,910.0,1361.0,498.0,863.0,879.0,879.0,1534.0,302.0,471.0,113.0,648.0,1507.0,717.0,790.0,624.0,624.0,22.2,27.1,16.2,20.6,-,-,-,-,-,-,-,-,-,-,-,-,-,-
2026-07-26,06:30~08:30,平均停等延滯,57.3,8.2,22.7,6.1,1.4,1.6,1.2,2.9,7.6,0.8,1.6,19.7,43.5,21.8,19.6,10.5,4.8,1.0,7.0,13.8,13.8,27.7,56.8,28.6,26.4,13.7,9.7,4.1,14.8,4.4,4.4,D,C,E,D,-,-,-,-,-,-,-,-,-,-,-,-,-,-
2026-07-26,06:30~07:30,總停等延滯,69251.0,3333.0,728.0,2605.0,642.0,255.0,387.0,5688.0,3964.0,659.0,1065.0,23864.0,4232.0,9203.0,6149.0,4280.0,3147.0,126.0,3021.0,5918.0,5918.0,18842.0,8340.0,4928.0,1448.0,4126.0,7153.0,1448.0,5705.0,664.0,664.0,187.1,180.8,205.6,171.8,186.3,187.9,200.6,236.1,239550.8,106.8,55.4,25.0,24.3,72.2,83.8,99.7,153.0,27.5
2026-07-26,06:30~07:30,通過量,1261.0,446.0,42.0,404.0,679.0,290.0,389.0,2146.0,563.0,825.0,758.0,1389.0,90.0,503.0,364.0,432.0,594.0,196.0,398.0,423.0,423.0,678.0,145.0,188.0,53.0,292.0,681.0,332.0,349.0,272.0,272.0,25.0,25.9,17.6,18.9,-,-,-,-,-,-,-,-,-,-,-,-,-,-
2026-07-26,06:30~07:30,平均停等延滯,54.9,7.5,17.3,6.4,0.9,0.9,1.0,2.7,7.0,0.8,1.4,17.2,47.0,18.3,16.9,9.9,5.3,0.6,7.6,14.0,14.0,27.8,57.5,26.2,27.3,14.1,10.5,4.4,16.3,2.4,2.4,C,C,E,E,-,-,-,-,-,-,-,-,-,-,-,-,-,-
2026-07-26,07:30~08:30,總停等延滯,94379.0,4645.0,2063.0,2582.0,1340.0,768.0,572.0,8330.0,5819.0,869.0,1642.0,37261.0,7043.0,15209.0,9759.0,5250.0,3413.0,373.0,3040.0,6250.0,6250.0,23604.0,8809.0,8536.0,1535.0,4724.0,7425.0,1463.0,5962.0,2111.0,2111.0,233.6,165.2,242.1,142.4,195.8,205.1,219.7,262.9,307718.8,85.2,56.0,92.4,21.2,70.7,71.7,71.6,119.6,30.1
2026-07-26,07:30~08:30,通過量,1595.0,523.0,81.0,442.0,753.0,331.0,422.0,2625.0,719.0,983.0,923.0,1712.0,169.0,617.0,448.0,478.0,767.0,302.0,465.0,456.0,456.0,856.0,157.0,283.0,60.0,356.0,826.0,385.0,441.0,352.0,352.0,20.0,28.3,14.9,22.8,-,-,-,-,-,-,-,-,-,-,-,-,-,-
2026-07-26,07:30~08:30,平均停等延滯,59.2,8.9,25.5,5.8,1.8,2.3,1.4,3.2,8.1,0.9,1.8,21.8,41.7,24.6,21.8,11.0,4.4,1.2,6.5,13.7,13.7,27.6,56.1,30.2,25.6,13.3,9.0,3.8,13.5,6.0,6.0,D,C,E,D,-,-,-,-,-,-,-,-,-,-,-,-,-,-
2026-07-26,07:00~09:00,總停等延滯,202471.0,10798.0,4369.0,6429.0,2607.0,1246.0,1361.0,19214.0,12168.0,2829.0,4217.0,78534.0,12377.0,33363.0,20223.0,12571.0,7813.0,678.0,7135.0,14776.0,14776.0,48614.0,19721.0,15089.0,4008.0,9796.0,15951.0,3275.0,12676.0,4164.0,4164.0,211.0,162.3,225.0,155.9,188.5,194.6,210.1,257.8,626547.9,84.3,68.1,58.6,22.8,69.0,68.6,86.9,135.3,31.1
2026-07-26,07:00~09:00,通過量,3283.0,1096.0,147.0,949.0,1670.0,742.0,928.0,5471.0,1463.0,2075.0,1933.0,3585.0,286.0,1338.0,933.0,1028.0,1546.0,567.0,979.0,999.0,999.0,1813.0,346.0,599.0,137.0,731.0,1712.0,818.0,894.0,710.0,710.0,22.2,28.8,16.1,20.8,-,-,-,-,-,-,-,-,-,-,-,-,-,-
2026-07-26,07:00~09:00,平均停等延滯,61.7,9.9,29.7,6.8,1.6,1.7,1.5,3.5,8.3,1.4,2.2,21.9,43.3,24.9,21.7,12.2,5.1,1.2,7.3,14.8,14.8,26.8,57.0,25.2,29.3,13.4,9.3,4.0,14.2,5.9,5.9,D,C,E,D,-,-,-,-,-,-,-,-,-,-,-,-,-,-
2026-07-26,10:00~12:00,總停等延滯,412946.0,25782.0,12616.0,13166.0,7209.0,3783.0,3426.0,39232.0,24620.0,3488.0,11124.0,182358.0,14293.0,89597.0,48040.0,30428.0,22677.0,2113.0,20564.0,22535.0,22535.0,83114.0,33285.0,29649.0,6971.0,13209.0,21048.0,3348.0,17700.0,8991.0,8991.0,213.0,179.0,210.2,169.8,193.0,194.2,213.1,274.2,1030481.4,111.6,73.1,28.2,22.5,73.1,83.0,96.8,142.9,39.1
2026-07-26,10:00~12:00,通過量,5078.0,1832.0,296.0,1536.0,2731.0,1224.0,1507.0,8255.0,2565.0,2946.0,2744.0,5748.0,339.0,2547.0,1439.0,1423.0,2500.0,1128.0,1372.0,1462.0,1462.0,3079.0,600.0,1223.0,217.0,1039.0,2654.0,1291.0,1363.0,1049.0,1049.0,22.0,26.1,17.2,19.1,-,-,-,-,-,-,-,-,-,-,-,-,-,-
2026-07-26,10:00~12:00,平均停等延滯,81.3,14.1,42.6,8.6,2.6,3.1,2.3,4.8,9.6,1.2,4.1,31.7,42.2,35.2,33.4,21.4,9.1,1.9,15.0,15.4,15.4,27.0,55.5,24.2,32.1,12.7,7.9,2.6,13.0,8.6,8.6,D,C,E,E,-,-,-,-,-,-,-,-,-,-,-,-,-,-
2026-07-26,11:00~12:00,總停等延滯,200436.0,12359.0,6211.0,6148.0,3808.0,2079.0,1729.0,19502.0,13183.0,1527.0,4792.0,89355.0,6426.0,47218.0,23195.0,12516.0,7441.0,511.0,6930.0,11321.0,11321.0,44176.0,19368.0,17038.0,3716.0,4054.0,9232.0,1300.0,7932.0,3242.0,3242.0,219.8,181.2,201.0,167.7,192.4,192.8,212.0,272.3,507825.8,107.7,90.6,21.6,23.8,70.0,86.9,97.7,143.4,36.1
2026-07-26,11:00~12:00,通過量,2478.0,896.0,147.0,749.0,1387.0,633.0,754.0,4063.0,1317.0,1434.0,1312.0,2851.0,159.0,1333.0,683.0,676.0,1273.0,615.0,658.0,716.0,716.0,1529.0,266.0,655.0,108.0,500.0,1331.0,666.0,665.0,523.0,523.0,21.3,25.8,18.0,19.3,-,-,-,-,-,-,-,-,-,-,-,-,-,-
2026-07-26,11:00~12:00,平均停等延滯,80.9,13.8,42.3,8.2,2.7,3.3,2.3,4.8,10.0,1.1,3.7,31.3,40.4,35.4,34.0,18.5,5.8,0.8,10.5,15.8,15.8,28.9,72.8,26.0,34.4,8.1,6.9,2.0,11.9,6.2,6.2,D,C,E,E,-,-,-,-,-,-,-,-,-,-,-,-,-,-
2026-07-26,12:00~14:00,總停等延滯,367069.0,18800.0,8240.0,10560.0,8732.0,2680.0,6052.0,33623.0,23985.0,2482.0,7156.0,176569.0,12912.0,95309.0,46274.0,22074.0,11681.0,1262.0,10419.0,16742.0,16742.0,76947.0,35328.0,25236.0,7810.0,8573.0,17184.0,3401.0,13783.0,6791.0,6791.0,167.3,174.7,177.9,292.0,203.0,202.8,219.2,269.0,1091812.6,90.8,56.3,20.2,24.7,75.3,75.0,216.7,124.4,33.4
2026-07-26,12:00~14:00,通過量,4841.0,1692.0,275.0,1417.0,2617.0,1236.0,1381.0,8005.0,2822.0,2706.0,2477.0,5796.0,292.0,2804.0,1395.0,1305.0,2559.0,1302.0,1257.0,1334.0,1334.0,2975.0,543.0,1267.0,232.0,933.0,2682.0,1352.0,1330.0,1143.0,1143.0,28.0,26.8,20.3,11.1,-,-,-,-,-,-,-,-,-,-,-,-,-,-
2026-07-26,12:00~14:00,平均停等延滯,75.8,11.1,30.0,7.5,3.3,2.2,4.4,4.2,8.5,0.9,2.9,30.5,44.2,34.0,33.2,16.9,4.6,1.0,8.3,12.6,12.6,25.9,65.1,19.9,33.7,9.2,6.4,2.5,10.4,5.9,5.9,C,C,D,E,-,-,-,-,-,-,-,-,-,-,-,-,-,-
2026-07-26,16:30~18:30,總停等延滯,445132.0,25398.0,12463.0,12935.0,7926.0,3959.0,3967.0,53473.0,44643.0,4045.0,4785.0,222103.0,12199.0,147719.0,38687.0,23498.0,10933.0,1305.0,9628.0,15481.0,15481.0,79246.0,27906.0,22567.0,8581.0,20192.0,19294.0,5918.0,13376.0,11278.0,11278.0,167.9,173.1,191.3,225.1,189.4,191.4,212.0,276.1,1145324.2,96.3,45.2,23.6,24.4,87.9,60.8,137.1,130.6,34.7
2026-07-26,16:30~18:30,通過量,5363.0,1725.0,298.0,1427.0,3244.0,1836.0,1408.0,8818.0,3873.0,2614.0,2331.0,6373.0,234.0,3595.0,1349.0,1195.0,2867.0,1705.0,1162.0,1187.0,1187.0,3418.0,565.0,1650.0,307.0,896.0,2933.0,1706.0,1227.0,1041.0,1041.0,27.9,27.0,18.9,14.4,-,-,-,-,-,-,-,-,-,-,-,-,-,-
2026-07-26,16:30~18:30,平均停等延滯,83.0,14.7,41.8,9.1,2.4,2.2,2.8,6.1,11.5,1.5,2.1,34.9,52.1,41.1,28.7,19.7,3.8,0.8,8.3,13.0,13.0,23.2,49.4,13.7,28.0,22.5,6.6,3.5,10.9,10.8,10.8,C,C,E,E,-,-,-,-,-,-,-,-,-,-,-,-,-,-
2026-07-26,17:00~19:00,總停等延滯,413945.0,22107.0,10333.0,11774.0,6948.0,3187.0,3761.0,48934.0,42130.0,3251.0,3553.0,210264.0,11581.0,140697.0,36699.0,21287.0,10002.0,1503.0,8499.0,14669.0,14669.0,73933.0,24780.0,20927.0,7538.0,20688.0,16901.0,4620.0,12281.0,10187.0,10187.0,194.2,176.3,184.4,219.8,193.7,194.8,214.5,276.2,1110949.8,97.6,73.5,23.1,26.5,88.3,61.4,131.4,126.9,34.4
2026-07-26,17:00~19:00,通過量,5045.0,1593.0,261.0,1332.0,3081.0,1761.0,1320.0,8273.0,3682.0,2388.0,2203.0,6084.0,225.0,3463.0,1236.0,1160.0,2746.0,1633.0,1113.0,1161.0,1161.0,3259.0,523.0,1599.0,277.0,860.0,2846.0,1708.0,1138.0,1034.0,1034.0,24.1,26.5,19.6,14.7,-,-,-,-,-,-,-,-,-,-,-,-,-,-
2026-07-26,17:00~19:00,平均停等延滯,82.1,13.9,39.6,8.8,2.3,1.8,2.8,5.9,11.4,1.4,1.6,34.6,51.5,40.6,29.7,18.4,3.6,0.9,7.6,12.6,12.6,22.7,47.4,13.1,27.2,24.1,5.9,2.7,10.8,9.9,9.9,D,C,E,E,-,-,-,-,-,-,-,-,-,-,-,-,-,-
2026-07-26,16:30~17:30,總停等延滯,238655.0,14164.0,7414.0,6750.0,3989.0,2191.0,1798.0,27984.0,22048.0,2768.0,3168.0,118025.0,5983.0,76143.0,21513.0,14386.0,6009.0,374.0,5635.0,7737.0,7737.0,43584.0,16007.0,10870.0,5991.0,10716.0,10527.0,3253.0,7274.0,6636.0,6636.0,171.6,168.8,203.9,216.2,-,-,-,-,-,100.2,35.6,25.6,23.7,90.1,55.1,126.1,133.0,37.2
2026-07-26,16:30~17:30,通過量,2855.0,931.0,180.0,751.0,1663.0,902.0,761.0,4694.0,1969.0,1453.0,1272.0,3308.0,106.0,1817.0,739.0,646.0,1538.0,909.0,629.0,624.0,624.0,1817.0,324.0,841.0,187.0,465.0,1586.0,895.0,691.0,566.0,566.0,27.3,27.7,17.7,15.0,-,-,-,-,-,-,-,-,-,-,-,-,-,-
2026-07-26,16:30~17:30,平均停等延滯,83.6,15.2,41.2,9.0,2.4,2.4,2.4,6.0,11.2,1.9,2.5,35.7,56.4,41.9,29.1,22.3,3.9,0.4,9.0,12.4,12.4,24.0,49.4,12.9,32.0,23.0,6.6,3.6,10.5,11.7,11.7,C,C,E,E,-,-,-,-,-,-,-,-,-,-,-,-,-,-
2026-07-26,17:30~18:30,總停等延滯,206477.0,11234.0,5049.0,6185.0,3937.0,1768.0,2169.0,25489.0,22595.0,1277.0,1617.0,104078.0,6216.0,71576.0,17174.0,9112.0,4924.0,931.0,3993.0,7744.0,7744.0,35662.0,11899.0,11697.0,2590.0,9476.0,8767.0,2665.0,6102.0,4642.0,4642.0,165.6,177.4,183.8,234.0,190.2,194.1,214.1,276.9,555228.0,92.3,50.9,22.4,25.1,85.8,66.5,148.2,128.2,33.2
2026-07-26,17:30~18:30,通過量,2508.0,794.0,118.0,676.0,1581.0,934.0,647.0,4124.0,1904.0,1161.0,1059.0,3065.0,128.0,1778.0,610.0,549.0,1329.0,796.0,533.0,563.0,563.0,1601.0,241.0,809.0,120.0,431.0,1347.0,811.0,536.0,475.0,475.0,28.3,26.4,19.7,13.8,-,-,-,-,-,-,-,-,-,-,-,-,-,-
2026-07-26,17:30~18:30,平均停等延滯,82.3,14.1,42.8,9.1,2.5,1.9,3.4,6.2,11.9,1.1,1.5,34.0,48.6,40.3,28.2,16.6,3.7,1.2,7.5,13.8,13.8,22.3,49.4,14.5,21.6,22.0,6.5,3.3,11.4,9.8,9.8,C,C,E,E,-,-,-,-,-,-,-,-,-,-,-,-,-,-
2026-07-27,06:30~20:30,總停等延滯,3577288.0,170169.0,84190.0,85979.0,128183.0,88775.0,39408.0,445047.0,250680.0,63499.0,130868.0,1543428.0,183542.0,793404.0,364674.0,201808.0,176129.0,15329.0,160800.0,147521.0,147521.0,671417.0,249534.0,197084.0,87297.0,137502.0,220466.0,85611.0,134855.0,74928.0,74928.0,231.9,217.3,272.0,230.6,238.0,238.7,260.3,327.4,10469032.9,119.6,78.1,34.2,42.4,100.2,74.8,130.4,183.7,54.0
2026-07-27,06:30~20:30,通過量,40351.0,13024.0,1878.0,11146.0,22284.0,11070.0,11214.0,67807.0,25054.0,22487.0,20266.0,48482.0,3309.0,23084.0,11734.0,10355.0,20585.0,11002.0,9583.0,9743.0,9743.0,24726.0,4492.0,11077.0,2382.0,6775.0,22269.0,11824.0,10445.0,8214.0,8214.0,20.2,21.5,13.3,14.1,-,-,-,-,-,-,-,-,-,-,-,-,-,-
2026-07-27,06:30~20:30,平均停等延滯,88.7,13.1,44.8,7.7,5.8,8.0,3.5,6.6,10.0,2.8,6.5,31.8,55.5,34.4,31.1,19.5,8.6,1.4,16.8,15.1,15.1,27.2,55.6,17.8,36.6,20.3,9.9,7.2,12.9,9.1,9.1,D,D,E,E,-,-,-,-,-,-,-,-,-,-,-,-,-,-
2026-07-27,07:00~21:00,總停等延滯,3452277.0,170831.0,84431.0,86400.0,127205.0,88729.0,38476.0,431509.0,253918.0,58885.0,118706.0,1502908.0,177777.0,784623.0,347886.0,192622.0,158244.0,15069.0,143175.0,129268.0,129268.0,647833.0,246440.0,195262.0,83623.0,122508.0,211806.0,84199.0,127607.0,72673.0,72673.0,228.2,213.8,266.9,227.1,234.0,234.6,255.9,322.2,10176937.2,114.6,79.3,34.3,42.3,98.1,73.4,129.0,179.3,53.1
2026-07-27,07:00~21:00,通過量,39767.0,12671.0,1895.0,10776.0,21927.0,11104.0,10823.0,66422.0,25227.0,21666.0,19529.0,47960.0,3257.0,23317.0,11520.0,9866.0,20279.0,11156.0,9123.0,9367.0,9367.0,24541.0,4455.0,11255.0,2323.0,6508.0,22083.0,11858.0,10225.0,8062.0,8062.0,20.5,21.9,13.6,14.3,-,-,-,-,-,-,-,-,-,-,-,-,-,-
2026-07-27,07:00~21:00,平均停等延滯,86.8,13.5,44.6,8.0,5.8,8.0,3.6,6.5,10.1,2.7,6.1,31.3,54.6,33.7,30.2,19.5,7.8,1.4,15.7,13.8,13.8,26.4,55.3,17.3,36.0,18.8,9.6,7.1,12.5,9.0,9.0,D,D,E,E,-,-,-,-,-,-,-,-,-,-,-,-,-,-
2026-07-27,06:30~08:30,總停等延滯,652884.0,21771.0,7092.0,14679.0,7857.0,3623.0,4234.0,90490.0,26285.0,17029.0,47176.0,261174.0,30867.0,118343.0,70891.0,41073.0,56581.0,1857.0,54724.0,45201.0,45201.0,125737.0,36418.0,31146.0,23030.0,35143.0,32106.0,8726.0,23380.0,11967.0,11967.0,256.0,238.0,330.0,258.9,270.7,273.3,299.3,378.2,1695674.8,155.9,61.3,38.9,30.1,111.3,96.7,147.6,239.5,51.6
2026-07-27,06:30~08:30,通過量,5977.0,2043.0,124.0,1919.0,3342.0,1387.0,1955.0,11368.0,3050.0,4411.0,3907.0,6869.0,476.0,2473.0,1654.0,2266.0,3232.0,1093.0,2139.0,1996.0,1996.0,3533.0,620.0,1068.0,522.0,1323.0,2903.0,1378.0,1525.0,1287.0,1287.0,18.3,19.7,11.0,12.5,-,-,-,-,-,-,-,-,-,-,-,-,-,-
2026-07-27,06:30~08:30,平均停等延滯,109.2,10.7,57.2,7.6,2.4,2.6,2.2,8.0,8.6,3.9,12.1,38.0,64.8,47.9,42.9,18.1,17.5,1.7,25.6,22.6,22.6,35.6,58.7,29.2,44.1,26.6,11.1,6.3,15.3,9.3,9.3,E,E,E,E,-,-,-,-,-,-,-,-,-,-,-,-,-,-
2026-07-27,06:30~07:30,總停等延滯,352101.0,5452.0,2430.0,3022.0,3348.0,1036.0,2312.0,52186.0,10584.0,10430.0,31172.0,138837.0,20249.0,51587.0,43286.0,23715.0,36779.0,1045.0,35734.0,31845.0,31845.0,58964.0,16168.0,10386.0,10037.0,22373.0,19157.0,5114.0,14043.0,5533.0,5533.0,294.5,235.9,332.6,244.2,276.8,288.9,313.3,387.3,884801.2,199.3,63.7,31.4,28.2,117.7,90.6,126.5,238.5,62.6
2026-07-27,06:30~07:30,通過量,2926.0,1081.0,49.0,1032.0,1655.0,594.0,1061.0,5773.0,1271.0,2403.0,2099.0,3405.0,255.0,1038.0,882.0,1230.0,1559.0,400.0,1159.0,1050.0,1050.0,1627.0,284.0,394.0,242.0,707.0,1453.0,658.0,795.0,590.0,590.0,15.9,19.8,10.9,13.3,-,-,-,-,-,-,-,-,-,-,-,-,-,-
2026-07-27,06:30~07:30,平均停等延滯,120.3,5.0,49.6,2.9,2.0,1.7,2.2,9.0,8.3,4.3,14.9,40.8,79.4,49.7,49.1,19.3,23.6,2.6,30.8,30.3,30.3,36.2,56.9,26.4,41.5,31.6,13.2,7.8,17.7,9.4,9.4,E,E,E,E,-,-,-,-,-,-,-,-,-,-,-,-,-,-
2026-07-27,07:30~08:30,總停等延滯,300783.0,16319.0,4662.0,11657.0,4509.0,2587.0,1922.0,38304.0,15701.0,6599.0,16004.0,122337.0,10618.0,66756.0,27605.0,17358.0,19802.0,812.0,18990.0,13356.0,13356.0,66773.0,20250.0,20760.0,12993.0,12770.0,12949.0,3612.0,9337.0,6434.0,6434.0,217.6,240.0,327.4,273.7,264.7,261.2,289.0,369.9,820516.9,112.5,58.9,46.3,31.9,105.0,102.8,168.7,240.5,40.6
2026-07-27,07:30~08:30,通過量,3051.0,962.0,75.0,887.0,1687.0,793.0,894.0,5595.0,1779.0,2008.0,1808.0,3464.0,221.0,1435.0,772.0,1036.0,1673.0,693.0,980.0,946.0,946.0,1906.0,336.0,674.0,280.0,616.0,1450.0,720.0,730.0,697.0,697.0,21.5,19.5,11.1,11.8,-,-,-,-,-,-,-,-,-,-,-,-,-,-
2026-07-27,07:30~08:30,平均停等延滯,98.6,17.0,62.2,13.1,2.7,3.3,2.1,6.8,8.8,3.3,8.9,35.3,48.0,46.5,35.8,16.8,11.8,1.2,19.4,14.1,14.1,35.0,60.3,30.8,46.4,20.7,8.9,5.0,12.8,9.2,9.2,D,E,E,E,-,-,-,-,-,-,-,-,-,-,-,-,-,-
2026-07-27,07:00~09:00,總停等延滯,639877.0,25275.0,9989.0,15286.0,8496.0,4605.0,3891.0,85373.0,31670.0,14652.0,39051.0,268977.0,31209.0,131208.0,67478.0,39082.0,47330.0,2183.0,45147.0,31453.0,31453.0,128709.0,39731.0,41402.0,24666.0,22910.0,30707.0,10074.0,20633.0,13557.0,13557.0,234.2,240.9,316.5,238.8,257.6,257.9,285.6,370.2,1656200.3,134.1,59.9,40.3,32.1,105.7,102.8,133.1,228.8,47.4
2026-07-27,07:00~09:00,通過量,6046.0,1945.0,152.0,1793.0,3390.0,1556.0,1834.0,11261.0,3480.0,4118.0,3663.0,7087.0,464.0,2909.0,1661.0,2053.0,3322.0,1399.0,1923.0,1849.0,1849.0,3769.0,640.0,1356.0,545.0,1228.0,2959.0,1498.0,1461.0,1309.0,1309.0,20.0,19.4,11.4,13.6,-,-,-,-,-,-,-,-,-,-,-,-,-,-
2026-07-27,07:00~09:00,平均停等延滯,105.8,13.0,65.7,8.5,2.5,3.0,2.1,7.6,9.1,3.6,10.7,38.0,67.3,45.1,40.6,19.0,14.2,1.6,23.5,17.0,17.0,34.1,62.1,30.5,45.3,18.7,10.4,6.7,14.1,10.4,10.4,D,E,E,E,-,-,-,-,-,-,-,-,-,-,-,-,-,-
2026-07-27,10:00~12:00,總停等延滯,476324.0,24567.0,13014.0,11553.0,7833.0,4269.0,3564.0,52536.0,30207.0,6962.0,15367.0,207173.0,24900.0,103918.0,51831.0,26524.0,16951.0,2052.0,14899.0,19264.0,19264.0,92108.0,34036.0,27941.0,10979.0,19152.0,39579.0,17354.0,22225.0,16313.0,16313.0,225.8,192.7,279.6,219.2,229.3,232.0,253.5,320.3,1436411.5,111.8,92.9,21.1,28.8,87.5,76.4,131.7,210.0,48.5
2026-07-27,10:00~12:00,通過量,6042.0,1985.0,308.0,1677.0,3316.0,1641.0,1675.0,9714.0,3473.0,3231.0,3010.0,6891.0,496.0,3138.0,1787.0,1470.0,2855.0,1489.0,1366.0,1331.0,1331.0,3427.0,578.0,1490.0,361.0,998.0,3368.0,1708.0,1660.0,1263.0,1263.0,20.7,24.3,12.9,14.8,-,-,-,-,-,-,-,-,-,-,-,-,-,-
2026-07-27,10:00~12:00,平均停等延滯,78.8,12.4,42.3,6.9,2.4,2.6,2.1,5.4,8.7,2.2,5.1,30.1,50.2,33.1,29.0,18.0,5.9,1.4,10.9,14.5,14.5,26.9,58.9,18.8,30.4,19.2,11.8,10.2,13.4,12.9,12.9,D,D,E,E,-,-,-,-,-,-,-,-,-,-,-,-,-,-
2026-07-27,11:00~12:00,總停等延滯,220003.0,13341.0,7271.0,6070.0,3236.0,2005.0,1231.0,26090.0,15654.0,3702.0,6734.0,100326.0,11965.0,50635.0,25402.0,12324.0,6307.0,935.0,5372.0,8400.0,8400.0,40320.0,17937.0,6663.0,5274.0,10446.0,15193.0,5830.0,9363.0,6790.0,6790.0,226.7,165.9,251.3,226.6,217.6,218.7,239.6,304.5,680498.5,101.2,104.5,21.1,24.8,86.2,54.9,140.3,192.9,37.3
2026-07-27,11:00~12:00,通過量,3055.0,1015.0,177.0,838.0,1677.0,837.0,840.0,4766.0,1759.0,1573.0,1434.0,3454.0,241.0,1621.0,868.0,724.0,1456.0,770.0,686.0,666.0,666.0,1759.0,304.0,760.0,191.0,504.0,1662.0,861.0,801.0,614.0,614.0,20.6,28.2,14.4,14.3,-,-,-,-,-,-,-,-,-,-,-,-,-,-
2026-07-27,11:00~12:00,平均停等延滯,72.0,13.1,41.1,7.2,1.9,2.4,1.5,5.5,8.9,2.4,4.7,29.0,49.6,31.2,29.3,17.0,4.3,1.2,7.8,12.6,12.6,22.9,59.0,8.8,27.6,20.7,9.1,6.8,11.7,11.1,11.1,D,C,E,E,-,-,-,-,-,-,-,-,-,-,-,-,-,-
2026-07-27,12:00~14:00,總停等延滯,418057.0,24696.0,12607.0,12089.0,10443.0,6817.0,3626.0,47136.0,29950.0,5937.0,11249.0,195867.0,23768.0,96243.0,50868.0,24988.0,13788.0,2613.0,11175.0,14568.0,14568.0,69210.0,30206.0,11927.0,8519.0,18558.0,30512.0,11911.0,18601.0,11837.0,11837.0,234.9,249.2,245.8,220.8,237.7,237.4,256.8,320.1,1491478.6,93.1,113.1,28.7,105.0,90.5,53.7,130.3,172.5,44.6
2026-07-27,12:00~14:00,通過量,5839.0,1943.0,288.0,1655.0,3265.0,1628.0,1637.0,9247.0,3301.0,3078.0,2868.0,6890.0,446.0,3274.0,1724.0,1446.0,2736.0,1444.0,1292.0,1312.0,1312.0,3411.0,636.0,1477.0,269.0,1029.0,3139.0,1596.0,1543.0,1277.0,1277.0,19.9,18.8,14.7,14.7,-,-,-,-,-,-,-,-,-,-,-,-,-,-
2026-07-27,12:00~14:00,平均停等延滯,71.6,12.7,43.8,7.3,3.2,4.2,2.2,5.1,9.1,1.9,3.9,28.4,53.3,29.4,29.5,17.3,5.0,1.8,8.6,11.1,11.1,20.3,47.5,8.1,31.7,18.0,9.7,7.5,12.1,9.3,9.3,E,E,E,E,-,-,-,-,-,-,-,-,-,-,-,-,-,-
2026-07-27,16:30~18:30,總停等延滯,683839.0,38342.0,18672.0,19670.0,61961.0,46765.0,15196.0,96478.0,54478.0,16443.0,25557.0,274026.0,33925.0,154174.0,54149.0,31778.0,20387.0,2873.0,17514.0,22074.0,22074.0,123429.0,48011.0,41276.0,15440.0,18702.0,36750.0,15819.0,20931.0,10392.0,10392.0,282.6,226.4,238.4,242.4,247.4,244.3,273.1,357.2,1717438.8,114.2,113.7,54.8,48.4,110.1,67.7,132.2,120.1,62.9
2026-07-27,16:30~18:30,通過量,6062.0,1756.0,300.0,1456.0,3212.0,1771.0,1441.0,10442.0,4402.0,3255.0,2785.0,7735.0,520.0,4096.0,1773.0,1346.0,3404.0,2200.0,1204.0,1294.0,1294.0,4143.0,824.0,2159.0,349.0,811.0,3459.0,1972.0,1487.0,1127.0,1127.0,16.6,20.7,15.2,13.4,-,-,-,-,-,-,-,-,-,-,-,-,-,-
2026-07-27,16:30~18:30,平均停等延滯,112.8,21.8,62.2,13.5,19.3,26.4,10.5,9.2,12.4,5.1,9.2,35.4,65.2,37.6,30.5,23.6,6.0,1.3,14.5,17.1,17.1,29.8,58.3,19.1,44.2,23.1,10.6,8.0,14.1,9.2,9.2,E,D,E,E,-,-,-,-,-,-,-,-,-,-,-,-,-,-
2026-07-27,17:00~19:00,總停等延滯,595192.0,27346.0,14878.0,12468.0,46084.0,41724.0,4360.0,69997.0,49628.0,9782.0,10587.0,252637.0,31056.0,142952.0,43195.0,35434.0,23219.0,2752.0,20467.0,19008.0,19008.0,119414.0,46680.0,43914.0,13853.0,14967.0,31325.0,12113.0,19212.0,6162.0,6162.0,254.2,208.6,163.0,196.5,205.6,202.9,229.3,307.2,1363870.0,138.3,90.7,25.2,43.2,95.6,69.8,100.9,97.6,40.0
2026-07-27,17:00~19:00,通過量,5810.0,1705.0,261.0,1444.0,3262.0,1818.0,1444.0,10068.0,4449.0,3042.0,2577.0,7427.0,510.0,4051.0,1615.0,1251.0,3250.0,2140.0,1110.0,1211.0,1211.0,3980.0,791.0,2152.0,325.0,712.0,3398.0,2005.0,1393.0,1029.0,1029.0,18.4,22.4,22.2,16.5,-,-,-,-,-,-,-,-,-,-,-,-,-,-
2026-07-27,17:00~19:00,平均停等延滯,102.4,16.0,57.0,8.6,14.1,23.0,3.0,7.0,11.2,3.2,4.1,34.0,60.9,35.3,26.7,28.3,7.1,1.3,18.4,15.7,15.7,30.0,59.0,20.4,42.6,21.0,9.2,6.0,13.8,6.0,6.0,E,D,D,E,-,-,-,-,-,-,-,-,-,-,-,-,-,-
2026-07-27,16:30~17:30,總停等延滯,387806.0,24379.0,9641.0,14738.0,40751.0,27003.0,13748.0,62516.0,29099.0,11764.0,21653.0,148069.0,17233.0,81966.0,34366.0,14504.0,10406.0,1625.0,8781.0,13037.0,13037.0,62332.0,25767.0,18213.0,7284.0,11068.0,18924.0,8911.0,10013.0,7392.0,7392.0,310.2,246.9,324.0,293.6,293.7,291.6,320.6,407.1,1051533.9,99.7,119.5,90.9,48.0,128.3,70.5,165.3,141.2,91.9
2026-07-27,16:30~17:30,通過量,3085.0,890.0,153.0,737.0,1536.0,820.0,716.0,5195.0,2084.0,1662.0,1449.0,3944.0,246.0,2038.0,951.0,709.0,1762.0,1098.0,664.0,711.0,711.0,2175.0,438.0,1087.0,185.0,465.0,1716.0,938.0,778.0,619.0,619.0,15.1,19.0,11.2,11.0,-,-,-,-,-,-,-,-,-,-,-,-,-,-
2026-07-27,16:30~17:30,平均停等延滯,125.7,27.4,63.0,20.0,26.5,32.9,19.2,12.0,14.0,7.1,14.9,37.5,70.1,40.2,36.1,20.5,5.9,1.5,13.2,18.3,18.3,28.7,58.8,16.8,39.4,23.8,11.0,9.5,12.9,11.9,11.9,E,E,E,E,-,-,-,-,-,-,-,-,-,-,-,-,-,-
2026-07-27,17:30~18:30,總停等延滯,296033.0,13963.0,9031.0,4932.0,21210.0,19762.0,1448.0,33962.0,25379.0,4679.0,3904.0,125957.0,16692.0,72208.0,19783.0,17274.0,9981.0,1248.0,8733.0,9037.0,9037.0,61097.0,22244.0,23063.0,8156.0,7634.0,17826.0,6908.0,10918.0,3000.0,3000.0,255.0,205.5,151.4,191.1,200.8,197.9,226.3,307.7,677513.4,128.7,107.8,18.6,48.7,91.9,65.0,99.2,98.6,34.0
2026-07-27,17:30~18:30,通過量,2977.0,866.0,147.0,719.0,1676.0,951.0,725.0,5247.0,2318.0,1593.0,1336.0,3791.0,274.0,2058.0,822.0,637.0,1642.0,1102.0,540.0,583.0,583.0,1968.0,386.0,1072.0,164.0,346.0,1743.0,1034.0,709.0,508.0,508.0,18.4,22.8,23.9,17.0,-,-,-,-,-,-,-,-,-,-,-,-,-,-
2026-07-27,17:30~18:30,平均停等延滯,99.4,16.1,61.4,6.9,12.7,20.8,2.0,6.5,10.9,2.9,2.9,33.2,60.9,35.1,24.1,27.1,6.1,1.1,16.2,15.5,15.5,31.0,57.6,21.5,49.7,22.1,10.2,6.7,15.4,5.9,5.9,E,D,D,E,-,-,-,-,-,-,-,-,-,-,-,-,-,-
2026-07-28,06:30~20:30,總停等延滯,3761549.0,146116.0,81236.0,64880.0,118119.0,92301.0,25818.0,460624.0,259206.0,61312.0,140106.0,1615037.0,192601.0,787684.0,397904.0,236848.0,219787.0,16686.0,203101.0,184142.0,184142.0,678799.0,254574.0,182204.0,90224.0,151797.0,270944.0,104788.0,166156.0,67981.0,67981.0,260.0,203.7,281.6,248.8,248.5,249.3,270.7,336.8,11169522.3,146.1,93.1,20.8,40.4,98.7,65.2,150.0,215.7,45.1
2026-07-28,06:30~20:30,通過量,42342.0,13402.0,1836.0,11566.0,23907.0,12112.0,11795.0,70485.0,25800.0,23368.0,21317.0,49574.0,3430.0,23326.0,11980.0,10838.0,21441.0,11534.0,9907.0,10174.0,10174.0,25446.0,4537.0,11305.0,2428.0,7176.0,22800.0,11977.0,10823.0,8392.0,8392.0,18.0,23.0,12.8,13.0,-,-,-,-,-,-,-,-,-,-,-,-,-,-
2026-07-28,06:30~20:30,平均停等延滯,88.8,10.9,44.2,5.6,4.9,7.6,2.2,6.5,10.0,2.6,6.6,32.6,56.2,33.8,33.2,21.9,10.3,1.4,20.5,18.1,18.1,26.7,56.1,16.1,37.2,21.2,11.9,8.7,15.4,8.1,8.1,E,D,E,E,-,-,-,-,-,-,-,-,-,-,-,-,-,-
2026-07-28,07:00~21:00,總停等延滯,3665100.0,146041.0,81699.0,64342.0,116974.0,92489.0,24485.0,446433.0,262309.0,57183.0,126941.0,1588248.0,186768.0,793345.0,381598.0,226537.0,203377.0,16147.0,187230.0,168867.0,168867.0,666268.0,251050.0,183747.0,87287.0,144184.0,261189.0,104484.0,156705.0,67703.0,67703.0,255.4,202.6,274.4,246.9,244.8,245.1,266.5,332.2,10895292.5,142.3,92.5,20.6,40.0,98.3,65.0,148.6,209.9,43.8
2026-07-28,07:00~21:00,通過量,41844.0,13122.0,1861.0,11261.0,23644.0,12161.0,11483.0,69263.0,25950.0,22635.0,20678.0,49154.0,3372.0,23521.0,11830.0,10431.0,21253.0,11715.0,9538.0,9841.0,9841.0,25293.0,4520.0,11485.0,2354.0,6934.0,22649.0,12007.0,10642.0,8216.0,8216.0,18.3,23.1,13.2,13.1,-,-,-,-,-,-,-,-,-,-,-,-,-,-
2026-07-28,07:00~21:00,平均停等延滯,87.6,11.1,43.9,5.7,4.9,7.6,2.1,6.4,10.1,2.5,6.1,32.3,55.4,33.7,32.3,21.7,9.6,1.4,19.6,17.2,17.2,26.3,55.5,16.0,37.1,20.8,11.5,8.7,14.7,8.2,8.2,E,D,E,E,-,-,-,-,-,-,-,-,-,-,-,-,-,-
2026-07-28,06:30~08:30,總停等延滯,700211.0,19633.0,4030.0,15603.0,16055.0,8058.0,7997.0,101927.0,34603.0,18559.0,48765.0,293286.0,36789.0,124267.0,80793.0,51437.0,60484.0,2932.0,57552.0,48988.0,48988.0,112143.0,37655.0,17409.0,22539.0,34540.0,42351.0,8569.0,33782.0,5344.0,5344.0,265.6,227.1,399.3,336.1,307.0,309.1,328.8,382.7,1953814.5,185.4,56.4,23.8,35.3,132.8,60.5,202.5,315.4,60.0
2026-07-28,06:30~08:30,通過量,6001.0,2086.0,128.0,1958.0,3308.0,1352.0,1956.0,11448.0,3085.0,4424.0,3939.0,7015.0,483.0,2717.0,1627.0,2188.0,3226.0,1139.0,2087.0,2063.0,2063.0,3598.0,611.0,1103.0,498.0,1386.0,2980.0,1437.0,1543.0,1284.0,1284.0,17.6,20.6,9.1,9.6,-,-,-,-,-,-,-,-,-,-,-,-,-,-
2026-07-28,06:30~08:30,平均停等延滯,116.7,9.4,31.5,8.0,4.9,6.0,4.1,8.9,11.2,4.2,12.4,41.8,76.2,45.7,49.7,23.5,18.7,2.6,27.6,23.7,23.7,31.2,61.6,15.8,45.3,24.9,14.2,6.0,21.9,4.2,4.2,E,D,F,F,-,-,-,-,-,-,-,-,-,-,-,-,-,-
2026-07-28,06:30~07:30,總停等延滯,357067.0,8427.0,1221.0,7206.0,2963.0,470.0,2493.0,50102.0,11003.0,9931.0,29168.0,138556.0,18737.0,46323.0,46386.0,27110.0,35773.0,1317.0,34456.0,35763.0,35763.0,53418.0,17430.0,2233.0,11059.0,22696.0,30424.0,3858.0,26566.0,1641.0,1641.0,294.9,206.1,499.2,335.5,333.9,346.1,365.7,416.3,1054981.4,219.4,54.7,20.8,31.2,115.1,58.1,218.7,407.7,70.8
2026-07-28,06:30~07:30,通過量,2940.0,1045.0,45.0,1000.0,1620.0,606.0,1014.0,5647.0,1218.0,2341.0,2088.0,3382.0,239.0,1180.0,788.0,1175.0,1461.0,361.0,1100.0,1110.0,1110.0,1606.0,283.0,340.0,251.0,732.0,1393.0,609.0,784.0,628.0,628.0,15.9,22.7,7.2,9.7,-,-,-,-,-,-,-,-,-,-,-,-,-,-
2026-07-28,06:30~07:30,平均停等延滯,121.5,8.1,27.1,7.2,1.8,0.8,2.5,8.9,9.0,4.2,14.0,41.0,78.4,39.3,58.9,23.1,24.5,3.6,31.3,32.2,32.2,33.3,61.6,6.6,44.1,31.0,21.8,6.3,33.9,2.6,2.6,E,D,F,F,-,-,-,-,-,-,-,-,-,-,-,-,-,-
2026-07-28,07:30~08:30,總停等延滯,343144.0,11206.0,2809.0,8397.0,13092.0,7588.0,5504.0,51825.0,23600.0,8628.0,19597.0,154730.0,18052.0,77944.0,34407.0,24327.0,24711.0,1615.0,23096.0,13225.0,13225.0,58725.0,20225.0,15176.0,11480.0,11844.0,11927.0,4711.0,7216.0,3703.0,3703.0,236.2,247.3,297.7,336.7,279.5,276.0,295.9,350.9,903481.2,151.4,58.1,26.7,39.2,150.3,62.9,186.4,221.4,49.3
2026-07-28,07:30~08:30,通過量,3061.0,1041.0,83.0,958.0,1688.0,746.0,942.0,5801.0,1867.0,2083.0,1851.0,3633.0,244.0,1537.0,839.0,1013.0,1765.0,778.0,987.0,953.0,953.0,1992.0,328.0,763.0,247.0,654.0,1587.0,828.0,759.0,656.0,656.0,19.8,18.9,12.2,9.6,-,-,-,-,-,-,-,-,-,-,-,-,-,-
2026-07-28,07:30~08:30,平均停等延滯,112.1,10.8,33.8,8.8,7.8,10.2,5.8,8.9,12.6,4.1,10.6,42.6,74.0,50.7,41.0,24.0,14.0,2.1,23.4,13.9,13.9,29.5,61.7,19.9,46.5,18.1,7.5,5.7,9.5,5.6,5.6,E,E,E,F,-,-,-,-,-,-,-,-,-,-,-,-,-,-
2026-07-28,07:00~09:00,總停等延滯,712155.0,20457.0,5846.0,14611.0,17490.0,10238.0,7252.0,100187.0,38378.0,17443.0,44366.0,303886.0,37967.0,136175.0,76654.0,53090.0,60872.0,3323.0,57549.0,48241.0,48241.0,118781.0,42674.0,22356.0,23774.0,29977.0,35757.0,9547.0,26210.0,6484.0,6484.0,286.9,236.2,385.2,351.7,315.0,316.8,337.4,395.8,2088272.9,204.9,58.4,23.6,35.5,140.4,62.7,211.3,305.9,55.4
2026-07-28,07:00~09:00,通過量,6311.0,2102.0,164.0,1938.0,3536.0,1586.0,1950.0,11578.0,3458.0,4306.0,3814.0,7328.0,506.0,2994.0,1718.0,2110.0,3340.0,1361.0,1979.0,2008.0,2008.0,3859.0,685.0,1336.0,505.0,1333.0,3070.0,1538.0,1532.0,1275.0,1275.0,16.3,19.8,9.4,9.2,-,-,-,-,-,-,-,-,-,-,-,-,-,-
2026-07-28,07:00~09:00,平均停等延滯,112.8,9.7,35.6,7.5,4.9,6.5,3.7,8.7,11.1,4.1,11.6,41.5,75.0,45.5,44.6,25.2,18.2,2.4,29.1,24.0,24.0,30.8,62.3,16.7,47.1,22.5,11.6,6.2,17.1,5.1,5.1,E,E,F,F,-,-,-,-,-,-,-,-,-,-,-,-,-,-
2026-07-28,10:00~12:00,總停等延滯,437356.0,15094.0,9989.0,5105.0,9285.0,6187.0,3098.0,53453.0,29316.0,7714.0,16423.0,202535.0,30350.0,86292.0,54089.0,31804.0,18714.0,1981.0,16733.0,12029.0,12029.0,83639.0,33128.0,22871.0,10745.0,16895.0,34676.0,14357.0,20319.0,7931.0,7931.0,250.5,185.3,261.2,224.3,230.3,232.4,249.9,305.3,1445602.9,112.1,117.3,21.1,37.6,78.0,69.5,146.3,205.7,34.4
2026-07-28,10:00~12:00,通過量,6112.0,1961.0,283.0,1678.0,3389.0,1709.0,1680.0,9663.0,3448.0,3205.0,3010.0,6982.0,546.0,3120.0,1841.0,1475.0,2794.0,1477.0,1317.0,1376.0,1376.0,3513.0,587.0,1576.0,314.0,1036.0,3387.0,1750.0,1637.0,1280.0,1280.0,18.7,25.3,13.9,14.4,-,-,-,-,-,-,-,-,-,-,-,-,-,-
2026-07-28,10:00~12:00,平均停等延滯,71.6,7.7,35.3,3.0,2.7,3.6,1.8,5.5,8.5,2.4,5.5,29.0,55.6,27.7,29.4,21.6,6.7,1.3,12.7,8.7,8.7,23.8,56.4,14.5,34.2,16.3,10.2,8.2,12.4,6.2,6.2,E,C,E,E,-,-,-,-,-,-,-,-,-,-,-,-,-,-
2026-07-28,11:00~12:00,總停等延滯,231022.0,8956.0,4685.0,4271.0,4775.0,3019.0,1756.0,28118.0,14974.0,4429.0,8715.0,104168.0,14321.0,48062.0,25773.0,16012.0,10787.0,985.0,9802.0,6830.0,6830.0,43760.0,18092.0,12339.0,5356.0,7973.0,17890.0,8428.0,9462.0,5738.0,5738.0,299.7,188.0,221.3,232.5,235.4,235.9,254.6,313.2,708603.5,115.7,158.7,25.3,26.3,87.1,74.2,145.4,158.4,37.6
2026-07-28,11:00~12:00,通過量,2917.0,951.0,134.0,817.0,1612.0,825.0,787.0,4576.0,1646.0,1514.0,1416.0,3378.0,279.0,1535.0,822.0,742.0,1371.0,710.0,661.0,691.0,691.0,1713.0,286.0,761.0,145.0,521.0,1586.0,859.0,727.0,615.0,615.0,15.6,24.9,16.3,13.9,-,-,-,-,-,-,-,-,-,-,-,-,-,-
2026-07-28,11:00~12:00,平均停等延滯,79.2,9.4,35.0,5.2,3.0,3.7,2.2,6.1,9.1,2.9,6.2,30.8,51.3,31.3,31.4,21.6,7.9,1.4,14.8,9.9,9.9,25.5,63.3,16.2,36.9,15.3,11.3,9.8,13.0,9.3,9.3,E,D,E,E,-,-,-,-,-,-,-,-,-,-,-,-,-,-
2026-07-28,12:00~14:00,總停等延滯,440905.0,24810.0,12731.0,12079.0,5879.0,2790.0,3089.0,49139.0,31284.0,5079.0,12776.0,209354.0,18661.0,107389.0,57966.0,25338.0,16108.0,1791.0,14317.0,16357.0,16357.0,74696.0,33855.0,11957.0,9159.0,19725.0,31423.0,11707.0,19716.0,13139.0,13139.0,223.8,184.3,291.4,293.9,248.4,251.2,271.2,334.3,1598138.7,103.1,100.6,20.2,26.9,101.7,54.5,192.2,198.3,73.0
2026-07-28,12:00~14:00,通過量,6060.0,1907.0,311.0,1596.0,3307.0,1666.0,1641.0,9595.0,3442.0,3169.0,2984.0,7033.0,458.0,3259.0,1811.0,1505.0,2911.0,1559.0,1352.0,1371.0,1371.0,3425.0,599.0,1469.0,278.0,1079.0,3255.0,1586.0,1669.0,1303.0,1303.0,20.9,25.4,12.4,11.0,-,-,-,-,-,-,-,-,-,-,-,-,-,-
2026-07-28,12:00~14:00,平均停等延滯,72.8,13.0,40.9,7.6,1.8,1.7,1.9,5.1,9.1,1.6,4.3,29.8,40.7,33.0,32.0,16.8,5.5,1.1,10.6,11.9,11.9,21.8,56.5,8.1,32.9,18.3,9.7,7.4,11.8,10.1,10.1,D,C,E,E,-,-,-,-,-,-,-,-,-,-,-,-,-,-
2026-07-28,16:30~18:30,總停等延滯,712201.0,27476.0,17309.0,10167.0,43220.0,40655.0,2565.0,79827.0,51981.0,9461.0,18385.0,295999.0,38571.0,157351.0,60752.0,39325.0,36230.0,3577.0,32653.0,17945.0,17945.0,137701.0,48634.0,56803.0,14159.0,18105.0,63219.0,28187.0,35032.0,10584.0,10584.0,288.7,229.2,250.0,238.8,251.7,249.3,277.8,361.6,1786493.3,151.4,116.9,20.5,39.0,110.3,81.1,128.5,193.7,35.9
2026-07-28,16:30~18:30,通過量,6451.0,1959.0,278.0,1681.0,3686.0,1993.0,1693.0,10862.0,4409.0,3418.0,3035.0,7878.0,549.0,4036.0,1794.0,1499.0,3507.0,2166.0,1341.0,1376.0,1376.0,4178.0,764.0,2154.0,367.0,893.0,3627.0,2020.0,1607.0,1048.0,1048.0,16.2,20.4,14.5,13.6,-,-,-,-,-,-,-,-,-,-,-,-,-,-
2026-07-28,16:30~18:30,平均停等延滯,110.4,14.0,62.3,6.0,11.7,20.4,1.5,7.3,11.8,2.8,6.1,37.6,70.3,39.0,33.9,26.2,10.3,1.7,24.3,13.0,13.0,33.0,63.7,26.4,38.6,20.3,17.4,14.0,21.8,10.1,10.1,E,D,E,E,-,-,-,-,-,-,-,-,-,-,-,-,-,-
2026-07-28,17:00~19:00,總停等延滯,623114.0,25162.0,15765.0,9397.0,44202.0,41470.0,2732.0,72668.0,51501.0,9108.0,12059.0,264738.0,35086.0,142075.0,52391.0,35186.0,25157.0,2543.0,22614.0,15008.0,15008.0,121910.0,42703.0,50432.0,12380.0,16395.0,46524.0,20811.0,25713.0,7745.0,7745.0,284.8,260.1,221.8,205.9,243.2,240.9,268.8,351.4,1630450.4,151.7,112.0,21.2,86.3,98.5,74.9,107.4,166.7,33.8
2026-07-28,17:00~19:00,通過量,5925.0,1813.0,258.0,1555.0,3462.0,1939.0,1523.0,10231.0,4429.0,3115.0,2687.0,7466.0,530.0,3975.0,1653.0,1308.0,3300.0,2128.0,1172.0,1192.0,1192.0,3737.0,675.0,2016.0,303.0,743.0,3483.0,2006.0,1477.0,988.0,988.0,16.4,18.0,16.3,15.7,-,-,-,-,-,-,-,-,-,-,-,-,-,-
2026-07-28,17:00~19:00,平均停等延滯,105.2,13.9,61.1,6.0,12.8,21.4,1.8,7.1,11.6,2.9,4.5,35.5,66.2,35.7,31.7,26.9,7.6,1.2,19.3,12.6,12.6,32.6,63.3,25.0,40.9,22.1,13.4,10.4,17.4,7.8,7.8,E,E,E,E,-,-,-,-,-,-,-,-,-,-,-,-,-,-
2026-07-28,16:30~17:30,總停等延滯,391087.0,13615.0,8382.0,5233.0,17428.0,16002.0,1426.0,43003.0,24566.0,4375.0,14062.0,163930.0,21207.0,83017.0,37076.0,22630.0,25703.0,2105.0,23598.0,10709.0,10709.0,70401.0,25752.0,25906.0,8540.0,10203.0,38147.0,16206.0,21941.0,8151.0,8151.0,294.6,237.8,321.8,266.2,280.1,279.3,306.7,388.4,1058970.0,171.7,103.7,19.2,37.2,122.2,79.5,144.1,261.4,41.2
2026-07-28,16:30~17:30,通過量,3449.0,1070.0,149.0,921.0,1933.0,1010.0,923.0,5728.0,2147.0,1875.0,1706.0,4146.0,280.0,2036.0,962.0,868.0,1858.0,1091.0,767.0,789.0,789.0,2216.0,390.0,1058.0,223.0,545.0,1826.0,974.0,852.0,565.0,565.0,15.9,19.7,11.2,12.2,-,-,-,-,-,-,-,-,-,-,-,-,-,-
2026-07-28,16:30~17:30,平均停等延滯,113.4,12.7,56.3,5.7,9.0,15.8,1.5,7.5,11.4,2.3,8.2,39.5,75.7,40.8,38.5,26.1,13.8,1.9,30.8,13.6,13.6,31.8,66.0,24.5,38.3,18.7,20.9,16.6,25.8,14.4,14.4,E,E,E,E,-,-,-,-,-,-,-,-,-,-,-,-,-,-
2026-07-28,17:30~18:30,總停等延滯,321114.0,13861.0,8927.0,4934.0,25792.0,24653.0,1139.0,36824.0,27415.0,5086.0,4323.0,132069.0,17364.0,74334.0,23676.0,16695.0,10527.0,1472.0,9055.0,7236.0,7236.0,67300.0,22882.0,30897.0,5619.0,7902.0,25072.0,11981.0,13091.0,2433.0,2433.0,282.9,221.5,178.3,211.5,223.6,219.7,249.6,336.0,740960.5,131.1,130.1,21.8,40.5,98.5,82.8,113.0,126.0,30.5
2026-07-28,17:30~18:30,通過量,3002.0,889.0,129.0,760.0,1753.0,983.0,770.0,5134.0,2262.0,1543.0,1329.0,3732.0,269.0,2000.0,832.0,631.0,1649.0,1075.0,574.0,587.0,587.0,1962.0,374.0,1096.0,144.0,348.0,1801.0,1046.0,755.0,483.0,483.0,16.5,21.1,20.3,15.3,-,-,-,-,-,-,-,-,-,-,-,-,-,-
2026-07-28,17:30~18:30,平均停等延滯,107.0,15.6,69.2,6.5,14.7,25.1,1.5,7.2,12.1,3.3,3.3,35.4,64.6,37.2,28.5,26.5,6.4,1.4,15.8,12.3,12.3,34.3,61.2,28.2,39.0,22.7,13.9,11.5,17.3,5.0,5.0,E,D,D,E,-,-,-,-,-,-,-,-,-,-,-,-,-,-
2026-07-29,06:30~20:30,總停等延滯,3650950.0,155686.0,84579.0,71107.0,121005.0,78283.0,42722.0,447022.0,258132.0,64923.0,123967.0,1624454.0,164830.0,841173.0,377660.0,240791.0,215328.0,15993.0,199335.0,139705.0,139705.0,664224.0,264225.0,182222.0,82932.0,134845.0,224807.0,87923.0,136884.0,58719.0,58719.0,224.4,200.5,244.4,241.4,-,-,-,-,-,131.8,63.5,30.6,34.1,103.3,63.2,138.1,174.1,41.1
2026-07-29,06:30~20:30,通過量,41609.0,13322.0,1914.0,11408.0,23573.0,12111.0,11462.0,69639.0,25879.0,22991.0,20769.0,49152.0,2766.0,23554.0,12021.0,10811.0,21353.0,11490.0,9863.0,10043.0,10043.0,25467.0,4387.0,11427.0,2423.0,7230.0,22660.0,11882.0,10778.0,8412.0,8412.0,20.9,23.3,14.8,13.4,-,-,-,-,-,-,-,-,-,-,-,-,-,-
2026-07-29,06:30~20:30,平均停等延滯,87.7,11.7,44.2,6.2,5.1,6.5,3.7,6.4,10.0,2.8,6.0,33.0,59.6,35.7,31.4,22.3,10.1,1.4,20.2,13.9,13.9,26.1,60.2,15.9,34.2,18.7,9.9,7.4,12.7,7.0,7.0,D,D,E,E,-,-,-,-,-,-,-,-,-,-,-,-,-,-
2026-07-29,07:00~21:00,總停等延滯,3544975.0,155067.0,84935.0,70132.0,119224.0,78297.0,40927.0,431981.0,260924.0,60918.0,110139.0,1588093.0,158722.0,841080.0,359914.0,228377.0,199161.0,15844.0,183317.0,125003.0,125003.0,656600.0,262621.0,182305.0,79962.0,131712.0,210694.0,84636.0,126058.0,59152.0,59152.0,219.1,198.8,242.0,240.5,-,-,-,-,-,128.8,62.4,30.2,33.8,102.0,63.2,138.5,173.4,40.0
2026-07-29,07:00~21:00,通過量,41068.0,12936.0,1926.0,11010.0,23263.0,12195.0,11068.0,68223.0,26020.0,22135.0,20068.0,48623.0,2709.0,23791.0,11767.0,10356.0,21028.0,11608.0,9420.0,9652.0,9652.0,25217.0,4383.0,11536.0,2332.0,6966.0,22519.0,11962.0,10557.0,8291.0,8291.0,21.4,23.5,15.0,13.5,-,-,-,-,-,-,-,-,-,-,-,-,-,-
2026-07-29,07:00~21:00,平均停等延滯,86.3,12.0,44.1,6.4,5.1,6.4,3.7,6.3,10.0,2.8,5.5,32.7,58.6,35.4,30.6,22.1,9.5,1.4,19.5,13.0,13.0,26.0,59.9,15.8,34.3,18.9,9.4,7.1,11.9,7.1,7.1,D,D,E,E,-,-,-,-,-,-,-,-,-,-,-,-,-,-
2026-07-29,06:30~08:30,總停等延滯,689413.0,24187.0,4730.0,19457.0,24696.0,6160.0,18536.0,113454.0,38202.0,24200.0,51052.0,298747.0,33962.0,144907.0,75220.0,44658.0,46972.0,1930.0,45042.0,39438.0,39438.0,96544.0,38196.0,13393.0,21006.0,23949.0,40650.0,10880.0,29770.0,4725.0,4725.0,237.6,276.0,359.4,259.8,283.2,280.3,299.9,355.1,1793670.6,125.7,60.1,51.8,34.3,181.0,53.5,78.8,243.3,64.2
2026-07-29,06:30~08:30,通過量,5994.0,2062.0,126.0,1936.0,3418.0,1422.0,1996.0,11377.0,3107.0,4396.0,3874.0,7082.0,478.0,2733.0,1626.0,2245.0,3211.0,1144.0,2067.0,2064.0,2064.0,3617.0,607.0,1126.0,531.0,1353.0,2850.0,1373.0,1477.0,1206.0,1206.0,19.7,17.0,10.1,12.5,-,-,-,-,-,-,-,-,-,-,-,-,-,-
2026-07-29,06:30~08:30,平均停等延滯,115.0,11.7,37.5,10.1,7.2,4.3,9.3,10.0,12.3,5.5,13.2,42.2,71.1,53.0,46.3,19.9,14.6,1.7,21.8,19.1,19.1,26.7,62.9,11.9,39.6,17.7,14.3,7.9,20.2,3.9,3.9,E,E,E,E,-,-,-,-,-,-,-,-,-,-,-,-,-,-
2026-07-29,06:30~07:30,總停等延滯,344154.0,6927.0,1058.0,5869.0,6151.0,790.0,5361.0,53648.0,11710.0,10672.0,31266.0,144733.0,17447.0,54478.0,44729.0,28079.0,32598.0,792.0,31806.0,27878.0,27878.0,40573.0,16440.0,2680.0,8805.0,12648.0,30577.0,6832.0,23745.0,1069.0,1069.0,264.3,224.1,412.5,206.9,-,-,-,-,-,167.8,62.1,34.5,30.5,139.8,50.6,67.0,315.4,62.6
2026-07-29,06:30~07:30,通過量,2964.0,1072.0,40.0,1032.0,1688.0,632.0,1056.0,5778.0,1283.0,2375.0,2120.0,3475.0,256.0,1131.0,873.0,1215.0,1544.0,417.0,1127.0,1069.0,1069.0,1652.0,247.0,407.0,255.0,743.0,1401.0,610.0,791.0,551.0,551.0,17.7,20.9,8.8,15.7,-,-,-,-,-,-,-,-,-,-,-,-,-,-
2026-07-29,06:30~07:30,平均停等延滯,116.1,6.5,26.4,5.7,3.6,1.2,5.1,9.3,9.1,4.5,14.7,41.6,68.2,48.2,51.2,23.1,21.1,1.9,28.2,26.1,26.1,24.6,66.6,6.6,34.5,17.0,21.8,11.2,30.0,1.9,1.9,E,D,F,E,-,-,-,-,-,-,-,-,-,-,-,-,-,-
2026-07-29,07:30~08:30,總停等延滯,345259.0,17260.0,3672.0,13588.0,18545.0,5370.0,13175.0,59806.0,26492.0,13528.0,19786.0,154014.0,16515.0,90429.0,30491.0,16579.0,14374.0,1138.0,13236.0,11560.0,11560.0,55971.0,21756.0,10713.0,12201.0,11301.0,10073.0,4048.0,6025.0,3656.0,3656.0,211.0,315.7,306.2,312.7,286.4,279.9,302.8,364.5,915217.5,83.7,58.1,69.2,37.1,222.1,56.5,90.6,171.2,65.8
2026-07-29,07:30~08:30,通過量,3030.0,990.0,86.0,904.0,1730.0,790.0,940.0,5599.0,1824.0,2021.0,1754.0,3607.0,222.0,1602.0,753.0,1030.0,1667.0,727.0,940.0,995.0,995.0,1965.0,360.0,719.0,276.0,610.0,1449.0,763.0,686.0,655.0,655.0,22.2,14.8,11.8,10.4,-,-,-,-,-,-,-,-,-,-,-,-,-,-
2026-07-29,07:30~08:30,平均停等延滯,113.9,17.4,42.7,15.0,10.7,6.8,14.0,10.7,14.5,6.7,11.3,42.7,74.4,56.4,40.5,16.1,8.6,1.6,14.1,11.6,11.6,28.5,60.4,14.9,44.2,18.5,7.0,5.3,8.8,5.6,5.6,D,E,E,E,-,-,-,-,-,-,-,-,-,-,-,-,-,-
2026-07-29,07:00~09:00,總停等延滯,671424.0,23298.0,5055.0,18243.0,25052.0,6724.0,18328.0,108928.0,41089.0,22870.0,44969.0,297774.0,33290.0,149485.0,70788.0,44211.0,44091.0,2282.0,41809.0,31404.0,31404.0,103604.0,42211.0,16128.0,22411.0,22854.0,31660.0,9159.0,22501.0,5613.0,5613.0,245.6,265.3,331.5,256.7,274.8,273.4,292.9,347.4,1820974.6,138.3,56.1,51.2,34.4,175.8,54.0,80.9,220.2,60.1
2026-07-29,07:00~09:00,通過量,6204.0,1982.0,148.0,1834.0,3535.0,1629.0,1906.0,11298.0,3411.0,4175.0,3712.0,7346.0,478.0,3061.0,1650.0,2157.0,3283.0,1353.0,1930.0,1901.0,1901.0,3809.0,645.0,1343.0,549.0,1272.0,2983.0,1500.0,1483.0,1288.0,1288.0,19.1,17.6,10.9,12.6,-,-,-,-,-,-,-,-,-,-,-,-,-,-
2026-07-29,07:00~09:00,平均停等延滯,108.2,11.8,34.2,9.9,7.1,4.1,9.6,9.6,12.0,5.5,12.1,40.5,69.6,48.8,42.9,20.5,13.4,1.7,21.7,16.5,16.5,27.2,65.4,12.0,40.8,18.0,10.6,6.1,15.2,4.4,4.4,E,E,E,E,-,-,-,-,-,-,-,-,-,-,-,-,-,-
2026-07-29,10:00~12:00,總停等延滯,434472.0,15683.0,11720.0,3963.0,7183.0,3605.0,3578.0,43827.0,28590.0,5205.0,10032.0,203097.0,23543.0,92260.0,53398.0,33896.0,35120.0,2540.0,32580.0,12783.0,12783.0,85185.0,38591.0,19605.0,10700.0,16289.0,26159.0,10030.0,16129.0,5435.0,5435.0,248.3,181.7,223.1,226.2,219.8,221.0,238.3,295.6,1369588.3,145.8,83.5,19.1,34.0,86.6,61.1,139.6,169.2,34.9
2026-07-29,10:00~12:00,通過量,5990.0,1960.0,318.0,1642.0,3376.0,1733.0,1643.0,9460.0,3455.0,3099.0,2906.0,6783.0,366.0,3085.0,1843.0,1489.0,2842.0,1521.0,1321.0,1389.0,1389.0,3445.0,605.0,1481.0,312.0,1047.0,3253.0,1644.0,1609.0,1255.0,1255.0,18.8,25.8,16.2,14.3,-,-,-,-,-,-,-,-,-,-,-,-,-,-
2026-07-29,10:00~12:00,平均停等延滯,72.5,8.0,36.9,2.4,2.1,2.1,2.2,4.6,8.3,1.7,3.5,29.9,64.3,29.9,29.0,22.8,12.4,1.7,24.7,9.2,9.2,24.7,63.8,13.2,34.3,15.6,8.0,6.1,10.0,4.3,4.3,E,C,E,E,-,-,-,-,-,-,-,-,-,-,-,-,-,-
2026-07-29,11:00~12:00,總停等延滯,213028.0,9561.0,6069.0,3492.0,3850.0,2046.0,1804.0,22547.0,15618.0,2391.0,4538.0,104429.0,10191.0,55165.0,25753.0,13320.0,10083.0,1242.0,8841.0,5129.0,5129.0,42258.0,21123.0,9527.0,4712.0,6896.0,12121.0,3624.0,8497.0,3050.0,3050.0,237.4,184.4,248.5,249.4,229.9,231.5,248.0,302.2,709450.2,102.3,115.1,19.9,32.7,97.2,54.5,152.2,190.2,38.4
2026-07-29,11:00~12:00,通過量,2956.0,976.0,190.0,786.0,1666.0,853.0,813.0,4712.0,1777.0,1527.0,1408.0,3363.0,195.0,1543.0,922.0,703.0,1416.0,807.0,609.0,650.0,650.0,1770.0,296.0,806.0,148.0,520.0,1588.0,834.0,754.0,635.0,635.0,19.7,25.4,14.6,13.0,-,-,-,-,-,-,-,-,-,-,-,-,-,-
2026-07-29,11:00~12:00,平均停等延滯,72.1,9.8,31.9,4.4,2.3,2.4,2.2,4.8,8.8,1.6,3.2,31.1,52.3,35.8,27.9,18.9,7.1,1.5,14.5,7.9,7.9,23.9,71.4,11.8,31.8,13.3,7.6,4.3,11.3,4.8,4.8,E,C,E,E,-,-,-,-,-,-,-,-,-,-,-,-,-,-
2026-07-29,12:00~14:00,總停等延滯,441354.0,24441.0,12698.0,11743.0,11097.0,6515.0,4582.0,46346.0,31546.0,4508.0,10292.0,202429.0,15233.0,107265.0,51142.0,28789.0,19230.0,2053.0,17177.0,16838.0,16838.0,79925.0,35567.0,15059.0,8032.0,21267.0,31039.0,11051.0,19988.0,10009.0,10009.0,183.1,169.0,270.9,310.4,233.4,235.8,255.1,316.1,1498534.1,107.5,55.2,20.4,25.7,84.3,59.0,226.1,210.5,40.1
2026-07-29,12:00~14:00,通過量,5896.0,1943.0,328.0,1615.0,3404.0,1716.0,1688.0,9508.0,3450.0,3156.0,2902.0,6842.0,283.0,3236.0,1760.0,1563.0,2958.0,1538.0,1420.0,1441.0,1441.0,3450.0,619.0,1533.0,255.0,1043.0,3333.0,1681.0,1652.0,1284.0,1284.0,25.6,27.7,13.4,10.4,-,-,-,-,-,-,-,-,-,-,-,-,-,-
2026-07-29,12:00~14:00,平均停等延滯,74.9,12.6,38.7,7.3,3.3,3.8,2.7,4.9,9.1,1.4,3.5,29.6,53.8,33.1,29.1,18.4,6.5,1.3,12.1,11.7,11.7,23.2,57.5,9.8,31.5,20.4,9.3,6.6,12.1,7.8,7.8,C,C,E,E,-,-,-,-,-,-,-,-,-,-,-,-,-,-
2026-07-29,16:30~18:30,總停等延滯,661086.0,29633.0,17239.0,12394.0,40070.0,37258.0,2812.0,76959.0,49892.0,11200.0,15867.0,284172.0,33286.0,160963.0,50892.0,39031.0,24920.0,3036.0,21884.0,15793.0,15793.0,139722.0,47120.0,60437.0,12421.0,19744.0,40714.0,17659.0,23055.0,9103.0,9103.0,290.4,215.4,178.9,216.4,-,-,-,-,-,132.1,130.3,18.4,33.9,99.3,82.2,117.1,139.9,34.3
2026-07-29,16:30~18:30,通過量,6362.0,1906.0,291.0,1615.0,3587.0,1929.0,1658.0,10809.0,4440.0,3420.0,2949.0,7841.0,531.0,4159.0,1821.0,1330.0,3417.0,2205.0,1212.0,1270.0,1270.0,4202.0,752.0,2193.0,363.0,894.0,3630.0,2028.0,1602.0,1160.0,1160.0,16.1,21.7,20.2,15.0,-,-,-,-,-,-,-,-,-,-,-,-,-,-
2026-07-29,16:30~18:30,平均停等延滯,103.9,15.5,59.2,7.7,11.2,19.3,1.7,7.1,11.2,3.3,5.4,36.2,62.7,38.7,27.9,29.3,7.3,1.4,18.1,12.4,12.4,33.3,62.7,27.6,34.2,22.1,11.2,8.7,14.4,7.8,7.8,E,D,D,E,-,-,-,-,-,-,-,-,-,-,-,-,-,-
2026-07-29,17:00~19:00,總停等延滯,640130.0,31244.0,19016.0,12228.0,48042.0,45007.0,3035.0,73043.0,51047.0,9849.0,12147.0,272542.0,29568.0,156805.0,45644.0,40525.0,24824.0,3241.0,21583.0,14675.0,14675.0,134454.0,46321.0,55732.0,13419.0,18982.0,33928.0,14007.0,19921.0,7378.0,7378.0,260.1,226.0,154.9,209.3,-,-,-,-,-,136.9,110.5,19.0,44.8,101.3,79.8,108.0,129.4,30.9
2026-07-29,17:00~19:00,通過量,5899.0,1762.0,284.0,1478.0,3329.0,1814.0,1515.0,10091.0,4368.0,3090.0,2633.0,7565.0,480.0,4219.0,1615.0,1251.0,3232.0,2120.0,1112.0,1178.0,1178.0,4143.0,736.0,2244.0,354.0,809.0,3401.0,1979.0,1422.0,990.0,990.0,18.0,20.7,23.4,15.5,-,-,-,-,-,-,-,-,-,-,-,-,-,-
2026-07-29,17:00~19:00,平均停等延滯,108.5,17.7,67.0,8.3,14.4,24.8,2.0,7.2,11.7,3.2,4.6,36.0,61.6,37.2,28.3,32.4,7.7,1.5,19.4,12.5,12.5,32.5,62.9,24.8,37.9,23.5,10.0,7.1,14.0,7.5,7.5,E,D,D,E,-,-,-,-,-,-,-,-,-,-,-,-,-,-
2026-07-29,16:30~17:30,總停等延滯,338677.0,13556.0,7548.0,6008.0,12065.0,10122.0,1943.0,39599.0,24001.0,5759.0,9839.0,145529.0,15555.0,78087.0,32606.0,19281.0,13652.0,1850.0,11802.0,8267.0,8267.0,77826.0,24123.0,35133.0,6718.0,11852.0,22325.0,9898.0,12427.0,5858.0,5858.0,nan,232.0,nan,244.8,-,-,-,-,-,114.7,-,-,32.5,103.7,95.8,141.1,156.2,-
2026-07-29,16:30~17:30,通過量,3356.0,1034.0,144.0,890.0,1890.0,989.0,901.0,5617.0,2186.0,1810.0,1621.0,4004.0,247.0,2042.0,995.0,720.0,1771.0,1101.0,670.0,696.0,696.0,2171.0,395.0,1102.0,176.0,498.0,1936.0,1029.0,907.0,676.0,676.0,0.0,20.2,0.0,13.2,-,-,-,-,-,-,-,-,-,-,-,-,-,-
2026-07-29,16:30~17:30,平均停等延滯,100.9,13.1,52.4,6.8,6.4,10.2,2.2,7.0,11.0,3.2,6.1,36.3,63.0,38.2,32.8,26.8,7.7,1.7,17.6,11.9,11.9,35.8,61.1,31.9,38.2,23.8,11.5,9.6,13.7,8.7,8.7,-,D,-,E,-,-,-,-,-,-,-,-,-,-,-,-,-,-
2026-07-29,17:30~18:30,總停等延滯,322409.0,16077.0,9691.0,6386.0,28005.0,27136.0,869.0,37360.0,25891.0,5441.0,6028.0,138643.0,17731.0,82876.0,18286.0,19750.0,11268.0,1186.0,10082.0,7526.0,7526.0,61896.0,22997.0,25304.0,5703.0,7892.0,18389.0,7761.0,10628.0,3245.0,3245.0,290.4,198.9,178.9,188.0,-,-,-,-,-,149.4,130.3,18.4,35.4,94.9,68.6,93.1,123.6,34.3
2026-07-29,17:30~18:30,通過量,3006.0,872.0,147.0,725.0,1697.0,940.0,757.0,5192.0,2254.0,1610.0,1328.0,3837.0,284.0,2117.0,826.0,610.0,1646.0,1104.0,542.0,574.0,574.0,2031.0,357.0,1091.0,187.0,396.0,1694.0,999.0,695.0,484.0,484.0,16.1,23.5,20.2,17.2,-,-,-,-,-,-,-,-,-,-,-,-,-,-
2026-07-29,17:30~18:30,平均停等延滯,107.3,18.4,65.9,8.8,16.5,28.9,1.1,7.2,11.5,3.4,4.5,36.1,62.4,39.1,22.1,32.4,6.8,1.1,18.6,13.1,13.1,30.5,64.4,23.2,30.5,19.9,10.9,7.8,15.3,6.7,6.7,E,D,D,E,-,-,-,-,-,-,-,-,-,-,-,-,-,-
2026-07-30,06:30~20:30,總停等延滯,3514939.0,94212.0,56414.0,37798.0,121063.0,91111.0,29952.0,398014.0,213135.0,55787.0,129092.0,1650899.0,207995.0,797242.0,401476.0,244186.0,224103.0,14498.0,209605.0,120654.0,120654.0,679682.0,293003.0,193765.0,77730.0,115184.0,200939.0,76627.0,124312.0,25373.0,25373.0,246.9,198.5,234.5,231.9,228.0,228.0,245.2,298.8,10221718.8,127.5,99.4,20.0,41.8,89.2,67.3,142.8,176.0,38.5
2026-07-30,06:30~20:30,通過量,41688.0,13250.0,1735.0,11515.0,23416.0,11791.0,11625.0,70102.0,25662.0,23208.0,21232.0,49718.0,3399.0,23500.0,12080.0,10739.0,21155.0,11292.0,9863.0,9967.0,9967.0,25060.0,4399.0,11270.0,2309.0,7082.0,22934.0,11961.0,10973.0,8395.0,8395.0,19.0,23.6,15.4,14.0,-,-,-,-,-,-,-,-,-,-,-,-,-,-
2026-07-30,06:30~20:30,平均停等延滯,84.3,7.1,32.5,3.3,5.2,7.7,2.6,5.7,8.3,2.4,6.1,33.2,61.2,33.9,33.2,22.7,10.6,1.3,21.3,12.1,12.1,27.1,66.6,17.2,33.7,16.3,8.8,6.4,11.3,3.0,3.0,E,D,E,E,-,-,-,-,-,-,-,-,-,-,-,-,-,-
2026-07-30,07:00~21:00,總停等延滯,3413434.0,92347.0,57353.0,34994.0,118464.0,90905.0,27559.0,381557.0,214988.0,51627.0,114942.0,1617368.0,202649.0,798197.0,382532.0,233990.0,209483.0,14455.0,195028.0,109824.0,109824.0,670212.0,292211.0,194255.0,73298.0,110448.0,189899.0,75073.0,114826.0,24280.0,24280.0,245.0,197.1,229.9,231.0,225.8,225.4,242.6,296.4,9989827.4,126.0,99.0,20.0,41.8,87.7,67.6,143.4,172.7,37.2
2026-07-30,07:00~21:00,通過量,41080.0,12837.0,1755.0,11082.0,23047.0,11825.0,11222.0,68733.0,25838.0,22403.0,20492.0,49155.0,3349.0,23694.0,11840.0,10272.0,20915.0,11481.0,9434.0,9644.0,9644.0,24903.0,4390.0,11439.0,2237.0,6837.0,22690.0,12003.0,10687.0,8250.0,8250.0,19.1,23.7,15.7,14.0,-,-,-,-,-,-,-,-,-,-,-,-,-,-
2026-07-30,07:00~21:00,平均停等延滯,83.1,7.2,32.7,3.2,5.1,7.7,2.5,5.6,8.3,2.3,5.6,32.9,60.5,33.7,32.3,22.8,10.0,1.3,20.7,11.4,11.4,26.9,66.6,17.0,32.8,16.2,8.4,6.3,10.7,2.9,2.9,E,D,E,E,-,-,-,-,-,-,-,-,-,-,-,-,-,-
2026-07-30,06:30~08:30,總停等延滯,613035.0,16246.0,3888.0,12358.0,11011.0,2333.0,8678.0,85689.0,23888.0,16910.0,44891.0,272043.0,34881.0,107543.0,78341.0,51278.0,55691.0,1849.0,53842.0,36309.0,36309.0,96218.0,38298.0,10595.0,22352.0,24973.0,36067.0,10753.0,25314.0,3761.0,3761.0,231.4,198.9,304.9,279.7,253.7,254.5,273.7,326.2,1650420.6,147.2,61.2,22.9,30.1,113.6,55.0,166.0,228.1,53.9
2026-07-30,06:30~08:30,通過量,6139.0,2192.0,113.0,2079.0,3465.0,1454.0,2011.0,11447.0,3105.0,4408.0,3934.0,7203.0,493.0,2694.0,1688.0,2328.0,3287.0,1104.0,2183.0,2044.0,2044.0,3580.0,602.0,1088.0,502.0,1388.0,3017.0,1430.0,1587.0,1295.0,1295.0,20.2,23.5,11.9,11.6,-,-,-,-,-,-,-,-,-,-,-,-,-,-
2026-07-30,06:30~08:30,平均停等延滯,99.9,7.4,34.4,5.9,3.2,1.6,4.3,7.5,7.7,3.8,11.4,37.8,70.8,39.9,46.4,22.0,16.9,1.7,24.7,17.8,17.8,26.9,63.6,9.7,44.5,18.0,12.0,7.5,16.0,2.9,2.9,D,D,E,E,-,-,-,-,-,-,-,-,-,-,-,-,-,-
2026-07-30,06:30~07:30,總停等延滯,315807.0,5550.0,2049.0,3501.0,4654.0,983.0,3671.0,46790.0,9343.0,9805.0,27642.0,136218.0,18163.0,43663.0,46577.0,27815.0,32443.0,667.0,31776.0,22275.0,22275.0,42866.0,16388.0,2080.0,11545.0,12853.0,23576.0,5634.0,17942.0,1435.0,1435.0,220.8,190.2,316.4,229.6,239.2,245.0,263.5,316.8,778970.8,145.2,55.8,19.7,28.8,114.8,47.5,114.7,234.8,61.9
2026-07-30,06:30~07:30,通過量,2978.0,1191.0,56.0,1135.0,1744.0,628.0,1116.0,5892.0,1352.0,2403.0,2137.0,3527.0,247.0,1134.0,879.0,1267.0,1579.0,388.0,1191.0,1080.0,1080.0,1611.0,269.0,362.0,250.0,730.0,1430.0,632.0,798.0,555.0,555.0,21.2,24.6,11.4,14.1,-,-,-,-,-,-,-,-,-,-,-,-,-,-
2026-07-30,06:30~07:30,平均停等延滯,106.0,4.7,36.6,3.1,2.7,1.6,3.3,7.9,6.9,4.1,12.9,38.6,73.5,38.5,53.0,22.0,20.5,1.7,26.7,20.6,20.6,26.6,60.9,5.7,46.2,17.6,16.5,8.9,22.5,2.6,2.6,D,D,E,E,-,-,-,-,-,-,-,-,-,-,-,-,-,-
2026-07-30,07:30~08:30,總停等延滯,297228.0,10696.0,1839.0,8857.0,6357.0,1350.0,5007.0,38899.0,14545.0,7105.0,17249.0,135825.0,16718.0,63880.0,31764.0,23463.0,23248.0,1182.0,22066.0,14034.0,14034.0,53352.0,21910.0,8515.0,10807.0,12120.0,12491.0,5119.0,7372.0,2326.0,2326.0,242.0,207.1,293.4,329.8,268.1,264.8,284.5,336.3,875652.1,149.2,66.6,26.2,31.4,112.4,62.6,217.3,221.3,45.9
2026-07-30,07:30~08:30,通過量,3161.0,1001.0,57.0,944.0,1721.0,826.0,895.0,5555.0,1753.0,2005.0,1797.0,3676.0,246.0,1560.0,809.0,1061.0,1708.0,716.0,992.0,964.0,964.0,1969.0,333.0,726.0,252.0,658.0,1587.0,798.0,789.0,740.0,740.0,19.3,22.6,12.3,9.8,-,-,-,-,-,-,-,-,-,-,-,-,-,-
2026-07-30,07:30~08:30,平均停等延滯,94.0,10.7,32.3,9.4,3.7,1.6,5.6,7.0,8.3,3.5,9.6,36.9,68.0,40.9,39.3,22.1,13.6,1.7,22.2,14.6,14.6,27.1,65.8,11.7,42.9,18.4,7.9,6.4,9.3,3.1,3.1,E,D,E,F,-,-,-,-,-,-,-,-,-,-,-,-,-,-
2026-07-30,07:00~09:00,總停等延滯,602347.0,16430.0,5799.0,10631.0,9174.0,2452.0,6722.0,79593.0,25815.0,15437.0,38341.0,268202.0,32488.0,115258.0,69717.0,50739.0,56196.0,2540.0,53656.0,35978.0,35978.0,103047.0,41674.0,14849.0,22165.0,24359.0,30357.0,11123.0,19234.0,3370.0,3370.0,251.5,196.8,306.5,287.1,260.5,262.3,282.8,341.0,1709269.8,167.3,61.8,22.4,30.3,109.0,57.3,178.1,235.4,48.7
2026-07-30,07:00~09:00,通過量,6279.0,2057.0,144.0,1913.0,3519.0,1608.0,1911.0,11428.0,3472.0,4210.0,3746.0,7267.0,512.0,2941.0,1703.0,2111.0,3314.0,1333.0,1981.0,1958.0,1958.0,3741.0,657.0,1281.0,503.0,1300.0,3103.0,1548.0,1555.0,1291.0,1291.0,18.6,23.8,11.8,11.3,-,-,-,-,-,-,-,-,-,-,-,-,-,-
2026-07-30,07:00~09:00,平均停等延滯,95.9,8.0,40.3,5.6,2.6,1.5,3.5,7.0,7.4,3.7,10.2,36.9,63.5,39.2,40.9,24.0,17.0,1.9,27.1,18.4,18.4,27.5,63.4,11.6,44.1,18.7,9.8,7.2,12.4,2.6,2.6,E,D,E,E,-,-,-,-,-,-,-,-,-,-,-,-,-,-
2026-07-30,10:00~12:00,總停等延滯,418564.0,11893.0,7624.0,4269.0,6894.0,3374.0,3520.0,45056.0,23190.0,5717.0,16149.0,203379.0,29824.0,87045.0,55477.0,31033.0,25348.0,2193.0,23155.0,11517.0,11517.0,82578.0,39764.0,18197.0,10943.0,13674.0,26991.0,10135.0,16856.0,4908.0,4908.0,228.6,186.2,202.2,196.1,203.3,203.6,219.4,271.0,1248603.1,109.9,101.0,17.7,44.9,77.8,63.6,118.2,150.5,33.9
2026-07-30,10:00~12:00,通過量,5904.0,1793.0,264.0,1529.0,3226.0,1648.0,1578.0,9327.0,3299.0,3108.0,2920.0,6857.0,484.0,3022.0,1884.0,1467.0,2774.0,1439.0,1335.0,1350.0,1350.0,3272.0,568.0,1404.0,304.0,996.0,3229.0,1589.0,1640.0,1198.0,1198.0,20.5,25.1,17.9,16.5,-,-,-,-,-,-,-,-,-,-,-,-,-,-
2026-07-30,10:00~12:00,平均停等延滯,70.9,6.6,28.9,2.8,2.1,2.0,2.2,4.8,7.0,1.8,5.5,29.7,61.6,28.8,29.4,21.2,9.1,1.5,17.3,8.5,8.5,25.2,70.0,13.0,36.0,13.7,8.4,6.4,10.3,4.1,4.1,D,C,E,E,-,-,-,-,-,-,-,-,-,-,-,-,-,-
2026-07-30,11:00~12:00,總停等延滯,215299.0,7090.0,3445.0,3645.0,3905.0,1922.0,1983.0,20425.0,11293.0,2208.0,6924.0,106524.0,13641.0,50887.0,28320.0,13676.0,16083.0,970.0,15113.0,5331.0,5331.0,39399.0,20804.0,9030.0,4417.0,5148.0,14094.0,3651.0,10443.0,2448.0,2448.0,225.4,179.4,223.0,165.7,198.4,200.9,214.6,258.1,612009.9,120.3,84.5,20.6,34.0,87.2,58.2,78.5,166.7,35.6
2026-07-30,11:00~12:00,通過量,3070.0,933.0,160.0,773.0,1623.0,834.0,789.0,4820.0,1727.0,1604.0,1489.0,3421.0,263.0,1473.0,933.0,752.0,1403.0,731.0,672.0,657.0,657.0,1690.0,283.0,735.0,143.0,529.0,1665.0,807.0,858.0,633.0,633.0,20.8,26.1,16.2,19.6,-,-,-,-,-,-,-,-,-,-,-,-,-,-
2026-07-30,11:00~12:00,平均停等延滯,70.1,7.6,21.5,4.7,2.4,2.3,2.5,4.2,6.5,1.4,4.7,31.1,51.9,34.5,30.4,18.2,11.5,1.3,22.5,8.1,8.1,23.3,73.5,12.3,30.9,9.7,8.5,4.5,12.2,3.9,3.9,D,C,E,E,-,-,-,-,-,-,-,-,-,-,-,-,-,-
2026-07-30,12:00~14:00,總停等延滯,393376.0,12854.0,4077.0,8777.0,10954.0,5200.0,5754.0,39191.0,22680.0,5015.0,11496.0,197587.0,23597.0,95549.0,54868.0,23573.0,16398.0,1689.0,14709.0,16063.0,16063.0,73397.0,42640.0,11874.0,8696.0,10187.0,23026.0,7001.0,16025.0,3906.0,3906.0,263.5,168.5,235.0,227.2,223.6,224.7,237.0,275.6,1355770.8,87.4,154.2,21.9,32.8,78.7,56.6,148.6,162.8,50.3
2026-07-30,12:00~14:00,通過量,5602.0,1893.0,273.0,1620.0,3111.0,1478.0,1633.0,9400.0,3308.0,3138.0,2954.0,6706.0,455.0,3042.0,1754.0,1455.0,2817.0,1465.0,1352.0,1409.0,1409.0,3306.0,586.0,1433.0,241.0,1046.0,3083.0,1560.0,1523.0,1250.0,1250.0,17.8,27.8,15.4,14.3,-,-,-,-,-,-,-,-,-,-,-,-,-,-
2026-07-30,12:00~14:00,平均停等延滯,70.2,6.8,14.9,5.4,3.5,3.5,3.5,4.2,6.9,1.6,3.9,29.5,51.9,31.4,31.3,16.2,5.8,1.2,10.9,11.4,11.4,22.2,72.8,8.3,36.1,9.7,7.5,4.5,10.5,3.1,3.1,E,C,E,E,-,-,-,-,-,-,-,-,-,-,-,-,-,-
2026-07-30,16:30~18:30,總停等延滯,693154.0,13651.0,12365.0,1286.0,47593.0,45265.0,2328.0,73162.0,47564.0,9240.0,16358.0,304596.0,37715.0,161722.0,61127.0,44032.0,43427.0,2733.0,40694.0,17709.0,17709.0,153683.0,58228.0,67834.0,9213.0,18408.0,35979.0,14871.0,21108.0,3354.0,3354.0,303.2,262.5,231.1,243.2,260.0,257.8,280.0,347.5,1883840.6,174.0,110.9,18.3,83.3,93.5,85.7,149.7,179.1,33.3
2026-07-30,16:30~18:30,通過量,6524.0,1870.0,272.0,1598.0,3585.0,1909.0,1676.0,10907.0,4460.0,3450.0,2997.0,8063.0,580.0,4253.0,1779.0,1451.0,3341.0,2093.0,1248.0,1284.0,1284.0,4247.0,803.0,2176.0,376.0,892.0,3753.0,2061.0,1692.0,1187.0,1187.0,15.4,17.8,15.7,13.3,-,-,-,-,-,-,-,-,-,-,-,-,-,-
2026-07-30,16:30~18:30,平均停等延滯,106.2,7.3,45.5,0.8,13.3,23.7,1.4,6.7,10.7,2.7,5.5,37.8,65.0,38.0,34.4,30.3,13.0,1.3,32.6,13.8,13.8,36.2,72.5,31.2,24.5,20.6,9.6,7.2,12.5,2.8,2.8,E,E,E,E,-,-,-,-,-,-,-,-,-,-,-,-,-,-
2026-07-30,17:00~19:00,總停等延滯,645487.0,13367.0,12732.0,635.0,46376.0,43951.0,2425.0,70530.0,48451.0,8439.0,13640.0,290925.0,36049.0,163169.0,54818.0,36889.0,31687.0,2832.0,28855.0,14101.0,14101.0,143912.0,55205.0,64978.0,7774.0,15955.0,31827.0,12628.0,19199.0,2762.0,2762.0,267.4,260.1,188.0,261.5,244.2,245.1,267.3,336.6,1679009.4,153.9,94.4,19.2,83.3,94.2,82.6,167.3,136.8,31.8
2026-07-30,17:00~19:00,通過量,6087.0,1736.0,275.0,1461.0,3441.0,1906.0,1535.0,10281.0,4408.0,3144.0,2729.0,7586.0,553.0,4172.0,1594.0,1267.0,3210.0,2069.0,1141.0,1133.0,1133.0,4038.0,758.0,2191.0,319.0,770.0,3550.0,2044.0,1506.0,1103.0,1103.0,17.5,18.0,19.2,12.4,-,-,-,-,-,-,-,-,-,-,-,-,-,-
2026-07-30,17:00~19:00,平均停等延滯,106.0,7.7,46.3,0.4,13.5,23.1,1.6,6.9,11.0,2.7,5.0,38.4,65.2,39.1,34.4,29.1,9.9,1.4,25.3,12.4,12.4,35.6,72.8,29.7,24.4,20.7,9.0,6.2,12.7,2.5,2.5,E,E,E,E,-,-,-,-,-,-,-,-,-,-,-,-,-,-
2026-07-30,16:30~17:30,總停等延滯,361781.0,6433.0,5512.0,921.0,22412.0,21389.0,1023.0,36995.0,22785.0,4228.0,9982.0,155425.0,18119.0,76093.0,34280.0,26933.0,31349.0,1580.0,29769.0,10540.0,10540.0,77473.0,26251.0,34560.0,6142.0,10520.0,18769.0,8184.0,10585.0,2385.0,2385.0,308.2,213.5,258.6,272.1,263.1,259.5,280.5,344.4,995877.4,195.7,95.8,16.8,37.0,86.7,89.9,185.4,206.3,35.5
2026-07-30,16:30~17:30,通過量,3423.0,975.0,128.0,847.0,1839.0,982.0,857.0,5605.0,2222.0,1807.0,1576.0,4206.0,282.0,2153.0,983.0,788.0,1729.0,1039.0,690.0,708.0,708.0,2191.0,389.0,1072.0,230.0,500.0,1909.0,997.0,912.0,676.0,676.0,15.2,21.9,14.0,11.9,-,-,-,-,-,-,-,-,-,-,-,-,-,-
2026-07-30,16:30~17:30,平均停等延滯,105.7,6.6,43.1,1.1,12.2,21.8,1.2,6.6,10.3,2.3,6.3,37.0,64.3,35.3,34.9,34.2,18.1,1.5,43.1,14.9,14.9,35.4,67.5,32.2,26.7,21.0,9.8,8.2,11.6,3.5,3.5,E,D,E,E,-,-,-,-,-,-,-,-,-,-,-,-,-,-
2026-07-30,17:30~18:30,總停等延滯,331373.0,7218.0,6853.0,365.0,25181.0,23876.0,1305.0,36167.0,24779.0,5012.0,6376.0,149171.0,19596.0,85629.0,26847.0,17099.0,12078.0,1153.0,10925.0,7169.0,7169.0,76210.0,31977.0,33274.0,3071.0,7888.0,17210.0,6687.0,10523.0,969.0,969.0,298.2,311.5,201.6,214.3,256.4,257.0,280.5,351.6,891780.7,152.3,126.0,19.9,129.7,100.2,81.5,114.1,150.0,31.2
2026-07-30,17:30~18:30,通過量,3101.0,895.0,144.0,751.0,1746.0,927.0,819.0,5302.0,2238.0,1643.0,1421.0,3857.0,298.0,2100.0,796.0,663.0,1612.0,1054.0,558.0,576.0,576.0,2056.0,414.0,1104.0,146.0,392.0,1844.0,1064.0,780.0,511.0,511.0,15.7,15.0,17.9,15.1,-,-,-,-,-,-,-,-,-,-,-,-,-,-
2026-07-30,17:30~18:30,平均停等延滯,106.9,8.1,47.6,0.5,14.4,25.8,1.6,6.8,11.1,3.1,4.5,38.7,65.8,40.8,33.7,25.8,7.5,1.1,19.6,12.4,12.4,37.1,77.2,30.1,21.0,20.1,9.3,6.3,13.5,1.9,1.9,E,E,E,E,-,-,-,-,-,-,-,-,-,-,-,-,-,-
